time_s,controller,x,y,vx,vy,yaw,ref_x,ref_y,goal_x,goal_y,ux,uy,alpha,feasible,solve_ms,clearance_m,d_lower_min,c_body,barrier,gamma_ref,recovery_energy,recoverable_margin,h_R,dynamic_reserve,recoverability_delta,pred_min_d_lower,pred_min_c_body,pred_min_gamma,pred_max_recovery_energy,pred_max_dynamic_reserve,pred_min_delta,pred_min_h_R,pred_min_psi0,pred_min_psi1,pred_min_psi2,pred_min_psi0_constraint,pred_min_psi1_constraint,pred_min_psi2_constraint,solver_constraint_margin,max_safety_slack,speed_mps,obstacle_count,guide_points
1780631205.156194,dhocbf_fixed,0.000000,-50.000000,0.000000,0.000000,1.570800,0.000000,-48.400000,0.000000,45.000000,-0.000000,7.999991,-0.171058,1,13.287877,inf,inf,inf,inf,inf,0.016640,inf,inf,0.012000,inf,inf,inf,inf,nan,0.000000,inf,inf,inf,inf,inf,1448.422933,434.419258,86.852992,-0.000000,0.000001,0.000000,0,2
1780631205.260598,dhocbf_fixed,0.000000,-50.000000,0.000000,0.000000,1.570800,0.000000,-48.400000,0.000000,45.000000,1.116419,7.921718,-0.212706,1,9.270080,1.191091,1.181239,1.046753,1.046753,0.690086,0.016640,0.661446,0.661446,0.012000,0.661446,0.498599,0.396020,inf,nan,0.000000,0.396020,0.396020,0.396020,0.078488,-0.006098,0.386468,0.071272,0.000000,-0.000000,0.009873,0.000000,10,2
1780631205.361305,dhocbf_fixed,0.005582,-49.960391,0.111642,0.792172,1.661456,0.000000,-48.360391,0.000000,45.000000,2.900602,5.085487,-0.231627,1,8.593882,1.153305,1.153580,1.037872,1.037872,0.656202,0.017408,0.597194,0.597194,0.041600,0.597194,0.397411,0.292521,inf,nan,0.000000,0.292521,0.292521,0.292521,0.041056,-0.015399,0.291081,0.043382,0.000000,-0.000000,0.011563,0.800000,10,2
1780631205.462422,dhocbf_fixed,0.031249,-49.855747,0.401702,1.300720,1.758515,0.000000,-48.255747,0.000000,45.000000,3.492523,5.211054,-0.245442,1,6.785900,1.097213,1.066217,0.951513,0.951513,0.702882,0.018870,0.619731,0.619731,0.064280,0.619731,0.361162,0.260549,inf,nan,0.000000,0.260549,0.260549,0.260549,0.049207,-0.008502,0.255550,0.044690,0.000000,-0.000000,0.009095,1.361337,10,2
1780631205.565923,dhocbf_fixed,0.088882,-49.699619,0.750954,1.821826,1.836810,0.000000,-48.099619,0.000000,45.000000,-0.045059,4.787906,-0.255939,1,6.536813,0.993630,0.964906,0.850020,0.850020,0.721717,0.021351,0.609684,0.609684,0.090676,0.609690,0.367516,0.267220,inf,nan,0.000000,0.267220,0.267220,0.267220,0.054069,-0.005912,0.271378,0.056972,0.000000,-0.000000,0.007715,1.970528,10,2
1780631205.718927,dhocbf_fixed,0.163752,-49.493497,0.746448,2.300616,1.754029,0.000000,-47.893497,0.000000,45.000000,-2.034615,3.261073,-0.247819,1,4.684015,0.852496,0.831878,0.722841,0.722841,0.746506,0.023834,0.610821,0.610821,0.111279,0.611393,0.428288,0.323393,inf,nan,0.000000,0.323393,0.323393,0.323393,0.055341,-0.001207,0.315671,0.054553,0.000000,-0.000000,0.004373,2.418682,10,0
1780631205.952731,dhocbf_fixed,0.228224,-49.247130,0.542987,2.626724,1.653625,0.025910,-47.659973,0.000000,45.000000,-4.603425,1.009725,-0.233310,1,10.655903,0.717890,0.725138,0.621069,0.621069,0.620000,0.025273,0.470713,0.470713,0.123865,0.470861,0.232549,0.128710,inf,nan,0.000000,0.128710,0.128710,0.128710,0.020495,-0.029602,0.141099,0.025844,0.000000,-0.000000,0.007728,2.682259,10,4
1780631205.976457,dhocbf_fixed,0.228224,-49.247130,0.542987,2.626724,1.653625,0.025910,-47.659973,0.000000,45.000000,-4.670847,0.916306,-0.228146,1,8.787225,0.717890,0.725138,0.621069,0.621069,0.620000,0.025273,0.470713,0.470713,0.123865,0.470861,0.233344,0.129458,inf,nan,0.000000,0.129458,0.129458,0.129458,0.020799,-0.029599,0.141856,0.026138,0.000000,-0.000000,0.007717,2.682259,10,4
1780631205.999703,dhocbf_fixed,0.259506,-48.979409,0.082644,2.727696,1.620250,-0.007171,-47.400456,0.000000,45.000000,-3.673319,-1.685911,-0.221759,1,7.982415,0.592277,0.644836,0.536341,0.536341,0.620000,0.025604,0.465742,0.465742,0.126131,0.468265,0.232097,0.132609,inf,nan,0.000000,0.132609,0.132609,0.132609,0.023543,-0.032387,0.145876,0.027096,0.000000,-0.000000,0.009237,2.728948,10,4
1780631206.060633,dhocbf_fixed,0.249403,-48.715069,-0.284687,2.559105,1.728596,-0.040489,-47.139075,0.000000,45.000000,3.214953,-1.168971,-0.230539,1,11.291047,0.497474,0.584012,0.472260,0.472260,0.620000,0.024647,0.454570,0.454570,0.118696,0.476657,0.157866,0.061779,inf,nan,0.000000,0.061779,0.061779,0.061779,-0.003951,-0.024607,0.071434,0.006043,0.000000,-0.000000,0.016711,2.574891,10,4
1780631206.175063,dhocbf_fixed,0.237009,-48.465004,0.036808,2.442208,1.693780,-0.072053,-46.891453,0.000000,45.000000,-1.901935,0.995880,-0.227466,1,9.960509,0.438940,0.579273,0.463000,0.463000,0.867630,0.023874,0.462998,0.462998,0.112401,0.731355,0.421514,0.321781,inf,nan,0.000000,0.321781,0.321781,0.321781,0.129113,-0.013651,0.313434,0.130755,0.000000,-0.000000,0.000001,2.442485,10,4
1780631206.281012,dhocbf_fixed,0.231181,-48.215803,-0.153386,2.541796,1.710449,-0.103404,-46.645506,0.000000,45.000000,6.959918,-3.944559,-0.227075,1,18.286862,0.344340,0.353118,0.249646,0.249646,0.620000,0.024537,0.249636,0.249636,0.117335,0.478128,0.167662,0.071610,inf,nan,0.000000,0.071610,0.071610,0.071610,-0.028445,-0.008065,0.085834,0.000000,0.000000,-0.000000,0.027035,2.546420,10,4
1780631206.370929,dhocbf_fixed,0.250642,-47.981347,0.542606,2.147340,1.518231,-0.132501,-46.417239,0.000000,45.000000,-5.297161,4.102623,-0.204573,1,5.149104,0.782475,0.880755,0.770244,0.770244,1.498735,0.022743,0.770244,0.770244,0.101783,1.374210,0.754717,0.644941,inf,nan,0.000000,0.644941,0.644941,0.644941,0.255262,0.129699,0.660593,0.256103,0.136060,-0.000000,0.000000,2.214834,10,4
1780631206.473493,dhocbf_fixed,0.278416,-47.746099,0.012890,2.557603,1.493399,-0.161564,-46.189237,0.000000,45.000000,1.629349,-2.112676,-0.194946,1,18.439602,0.343249,0.400474,0.290539,0.290539,0.620000,0.024863,0.290497,0.290497,0.117871,0.477266,0.029779,-0.086689,inf,nan,0.000000,-0.086689,-0.086689,-0.086689,-0.063317,-0.031397,0.000000,0.000000,0.000000,-0.000000,0.085454,2.557635,10,4
1780631206.569328,dhocbf_fixed,0.287852,-47.500903,0.175825,2.346335,1.655397,-0.192169,-45.949144,0.000000,45.000000,3.633092,2.951968,-0.208916,1,7.867254,0.277509,0.328454,0.219775,0.219775,0.620000,0.023793,0.219772,0.219772,0.108192,0.488015,0.150342,0.040733,inf,nan,0.000000,0.040733,0.040733,0.040733,-0.001881,-0.002330,0.038144,-0.000000,0.000000,-0.000000,0.012792,2.352913,10,4
1780631206.679123,dhocbf_fixed,0.323600,-47.251509,0.539134,2.641532,1.852846,-0.222879,-45.708222,0.000000,45.000000,-2.142467,-5.448497,-0.232570,1,20.972105,0.354600,0.343809,0.239539,0.239539,0.620000,0.026144,0.239530,0.239530,0.124530,0.469325,-0.006535,-0.125020,inf,nan,0.000000,-0.125020,-0.125020,-0.125020,-0.072810,-0.038349,-0.000000,-0.000000,0.000000,-0.000000,0.134204,2.695989,10,4
1780631206.765485,dhocbf_fixed,0.366801,-47.014599,0.324887,2.096682,2.036776,-0.251905,-45.480518,0.000000,45.000000,-2.624473,4.943058,-0.257021,1,5.680543,0.327128,0.382646,0.272932,0.272932,0.847277,0.023187,0.272932,0.272932,0.097514,0.726576,0.287128,0.190569,inf,nan,0.000000,0.190569,0.190569,0.190569,0.043029,-0.025712,0.199125,0.062208,0.000000,-0.000000,0.004085,2.121704,10,4
1780631206.892906,dhocbf_fixed,0.386168,-46.780215,0.062440,2.590988,1.969403,-0.280994,-45.252311,0.000000,45.000000,2.350836,-2.870786,-3.003202,0,31.408163,0.334662,0.310504,0.199534,0.199534,0.620000,0.026128,0.199532,0.199532,0.119504,0.474368,-0.130013,-0.219041,inf,nan,0.000000,-0.219041,-0.219041,-0.219041,-0.136577,-0.064100,-0.110361,-0.037924,0.001351,-0.110361,0.239438,2.591740,10,4
1780631206.995396,dhocbf_fixed,0.404166,-46.535470,0.297524,2.303909,1.938919,-0.311405,-45.013737,0.000000,45.000000,7.316850,-3.234765,-0.918170,1,24.130663,0.273045,0.271901,0.159785,0.159785,0.620000,0.024856,0.159785,0.159785,0.106798,0.488346,-0.130298,-0.227706,inf,nan,0.000000,-0.227706,-0.227706,-0.227706,-0.125565,-0.042878,-0.000000,-0.000000,0.025250,-0.000000,0.240000,2.323041,10,4
1780631207.059293,dhocbf_fixed,0.470502,-46.321253,1.029209,1.980433,1.729423,-0.337214,-44.811266,0.000000,45.000000,-5.736652,-5.575915,-0.368192,1,9.840079,0.308924,0.295458,0.190770,0.190770,0.801895,0.025039,0.190770,0.190770,0.102570,0.674287,0.042395,-0.079920,inf,nan,0.000000,-0.079920,-0.079920,-0.079920,-0.073918,-0.039030,-0.000000,-0.000000,0.026654,-0.000000,0.082749,2.231902,10,4
1780631207.170174,dhocbf_fixed,0.544740,-46.151089,0.455544,1.422841,2.073651,-0.357371,-44.653135,0.000000,45.000000,-6.168500,5.094076,-0.265812,1,9.090714,0.632554,0.740392,0.627159,0.627159,1.295168,0.022553,0.627159,0.627159,0.069870,1.202745,0.592861,0.492836,inf,nan,0.000000,0.492836,0.492836,0.492836,0.257681,0.067256,0.489138,0.255611,0.077623,-0.000000,0.000000,1.493987,3,4
1780631207.289065,dhocbf_fixed,0.559452,-45.983335,-0.161306,1.932249,1.896445,-0.378177,-44.489908,0.000000,45.000000,1.014149,-5.002397,-2.469191,0,34.031840,0.301239,0.261587,0.152722,0.152722,0.620000,0.024723,0.152722,0.152722,0.089263,0.506014,-0.111493,-0.206913,inf,nan,0.000000,-0.206913,-0.206913,-0.206913,-0.124244,-0.032795,-0.106964,-0.059159,-0.022196,-0.106964,0.176873,1.938970,7,4
1780631207.362597,dhocbf_fixed,0.548392,-45.815122,-0.059891,1.432009,2.090658,-0.399453,-44.322997,0.000000,45.000000,-6.187127,5.071436,-0.775417,1,15.535741,inf,inf,inf,inf,inf,0.022777,inf,inf,0.067300,inf,inf,inf,inf,nan,0.000000,inf,inf,inf,inf,inf,1445.685272,433.689501,86.729800,-0.000000,0.000000,1.433261,0,4
1780631207.462281,dhocbf_fixed,0.511467,-45.646564,-0.678604,1.939153,1.923757,-0.421186,-44.152502,0.000000,45.000000,6.410148,-4.786439,-0.328812,1,17.868089,0.271117,0.271728,0.168663,0.168663,0.650512,0.025228,0.168663,0.168663,0.094458,0.530826,0.096332,-0.006083,inf,nan,0.000000,-0.006083,-0.006083,-0.006083,-0.047549,-0.011445,0.007561,0.000000,0.000000,-0.000000,0.048358,2.054463,2,4
1780631207.567322,dhocbf_fixed,0.475658,-45.476581,-0.037589,1.460509,1.805548,-0.443080,-43.980746,0.000000,45.000000,-6.065086,5.216774,-0.202175,1,9.956868,0.265390,0.226554,0.117459,0.117459,1.532072,0.022592,0.117459,0.117459,0.068471,1.441009,0.225169,0.130059,inf,nan,0.000000,0.130059,0.130059,0.130059,0.220408,0.154551,0.121313,0.218568,0.154466,-0.000000,0.000000,1.460993,10,4
1780631207.683433,dhocbf_fixed,0.441573,-45.304446,-0.644098,1.982186,1.751153,-0.465216,-43.807088,0.000000,45.000000,-0.483948,-0.234922,-1.882391,0,28.429582,0.463586,0.445931,0.338042,0.338042,0.620000,0.025131,0.337940,0.337940,0.095807,0.499062,-0.065997,-0.180157,inf,nan,0.000000,-0.180157,-0.180157,-0.180157,-0.101183,-0.044888,-0.045551,-0.026620,0.005979,-0.045551,0.149630,2.084208,6,4
1780631207.767618,dhocbf_fixed,0.374744,-45.107402,-0.692493,1.958694,1.951657,-0.491000,-43.604812,0.000000,45.000000,5.656854,-5.656854,-0.593142,1,17.200026,0.277133,0.251916,0.133557,0.133557,0.878683,0.024727,0.133557,0.133557,0.095503,0.758454,0.069276,-0.023625,inf,nan,0.000000,-0.023625,-0.023625,-0.023625,-0.084511,0.013900,0.000000,-0.000000,0.014544,-0.000000,0.076124,2.077505,4,4
1780631207.856069,dhocbf_fixed,0.333779,-44.939817,-0.126807,1.393009,1.842433,-0.512676,-43.434768,0.000000,45.000000,-5.551845,5.759950,-0.255120,1,5.502483,0.289508,0.260594,0.146632,0.146632,1.470116,0.021729,0.146632,0.146632,0.065848,1.382539,0.256991,0.155943,inf,nan,0.000000,0.155943,0.155943,0.155943,0.219031,0.142445,0.164518,0.221670,0.146807,-0.000000,0.000001,1.398769,10,4
1780631207.992431,dhocbf_fixed,0.293339,-44.771716,-0.681992,1.969004,1.773519,-0.534407,-43.264282,0.000000,45.000000,-0.068172,-0.654116,-1.674654,0,33.943742,0.529641,0.504378,0.388805,0.388805,0.644273,0.024434,0.388555,0.388555,0.095787,0.524051,-0.112094,-0.202444,inf,nan,0.000000,-0.202444,-0.202444,-0.202444,-0.210230,-0.110755,-0.184017,-0.108116,-0.007507,-0.184017,0.240000,2.083768,4,4
1780631208.061287,dhocbf_fixed,0.224799,-44.578086,-0.688809,1.903592,1.940029,-0.559790,-43.065151,0.000000,45.000000,5.656854,-5.656854,-0.523774,1,14.289646,0.323021,0.288991,0.177335,0.177335,0.735664,0.023797,0.177335,0.177335,0.093099,0.618768,0.083748,-0.009610,inf,nan,0.000000,-0.009610,-0.009610,-0.009610,-0.080496,-0.011312,0.000000,-0.000000,0.000014,-0.000000,0.081337,2.024382,4,4
1780631208.171568,dhocbf_fixed,0.184202,-44.416012,-0.123123,1.337907,1.801298,-0.580769,-42.900576,0.000000,45.000000,-5.068436,6.189585,-0.217578,1,6.603500,0.528202,0.498542,0.382909,0.382909,1.581375,0.020897,0.382909,0.382909,0.063537,1.496940,0.494164,0.385641,inf,nan,0.000000,0.385641,0.385641,0.385641,0.285458,0.159291,0.381479,0.283007,0.160021,-0.000000,0.000000,1.343560,10,4
1780631208.280520,dhocbf_fixed,0.146548,-44.251273,-0.629967,1.956865,1.744886,-0.602034,-42.733748,0.000000,45.000000,5.656854,-5.656854,-0.133489,1,26.272936,0.372270,0.345149,0.229688,0.229688,0.620000,0.023683,0.229686,0.229686,0.094517,0.501800,0.094804,-0.005669,inf,nan,0.000000,-0.005669,-0.005669,-0.005669,-0.074282,-0.013525,0.000000,-0.000000,0.000567,-0.000000,0.076297,2.055767,5,4
1780631208.368351,dhocbf_fixed,0.111835,-44.083871,-0.064282,1.391180,1.672205,-0.623587,-42.564668,0.000000,45.000000,-5.154692,6.117937,-0.103696,1,7.748508,0.274623,0.236953,0.127333,0.127333,1.478253,0.020845,0.127333,0.127333,0.065592,1.391816,0.253672,0.142381,inf,nan,0.000000,0.142381,0.142381,0.142381,0.214593,0.146695,0.154617,0.220791,0.147863,-0.000000,0.000000,1.392664,10,4
1780631208.481082,dhocbf_fixed,0.079634,-43.914163,-0.579751,2.002973,1.648600,-0.645388,-42.393635,0.000000,45.000000,7.170587,3.547208,-0.093002,1,35.581053,0.276085,0.250097,0.138934,0.138934,0.620000,0.023662,0.138934,0.138934,0.095852,0.500486,-0.095799,-0.196946,inf,nan,0.000000,-0.196946,-0.196946,-0.196946,-0.149537,-0.028961,-0.000000,-0.000000,0.074592,-0.000000,0.239350,2.085189,6,4
1780631208.567417,dhocbf_fixed,0.057511,-43.696130,0.137308,2.357694,1.921623,-0.673090,-42.176313,0.000000,45.000000,-5.842035,-5.465403,-0.119471,1,7.609448,0.765224,0.738565,0.622746,0.622746,0.685123,0.025177,0.549088,0.549088,0.108603,0.551344,0.202261,0.106880,inf,nan,0.000000,0.106880,0.106880,0.106880,-0.008794,-0.002461,0.113694,0.000000,0.001762,-0.000000,0.006815,2.361689,10,4
1780631208.672984,dhocbf_fixed,0.042032,-43.487687,-0.446896,1.811154,2.108695,-0.699483,-41.969261,0.000000,45.000000,-5.060931,5.073523,-0.145693,1,15.114623,0.279378,0.321124,0.213649,0.213649,1.311684,0.022736,0.213649,0.213649,0.085992,1.202955,0.240314,0.129782,inf,nan,0.000000,0.129782,0.129782,0.129782,0.172290,0.112125,0.124323,0.173055,0.120619,-0.000000,0.000000,1.865474,4,4
1780631208.779884,dhocbf_fixed,-0.027962,-43.281204,-0.952989,2.318506,1.922381,-0.726502,-41.757300,0.000000,45.000000,5.656857,-5.656852,-0.131020,1,31.448955,0.348693,0.335222,0.230557,0.230557,0.785398,0.025807,0.230557,0.230557,0.115444,0.644147,0.097392,0.000268,inf,nan,0.000000,0.000268,0.000268,0.000268,-0.080812,0.019217,0.008487,-0.000000,0.033659,-0.000000,0.081112,2.506723,2,4
1780631208.855132,dhocbf_fixed,-0.094977,-43.077638,-0.387303,1.752821,1.754574,-0.753107,-41.548583,0.000000,45.000000,-3.716795,5.412712,-0.108249,1,14.735506,inf,inf,inf,inf,inf,0.021879,inf,inf,0.082884,inf,inf,inf,inf,nan,0.000000,inf,inf,inf,inf,inf,1443.928870,433.145464,86.616097,-0.000000,0.000000,1.795100,0,4
1780631208.983999,dhocbf_fixed,-0.152291,-42.875292,-0.758982,2.294092,1.757153,-0.779404,-41.342284,0.000000,45.000000,-5.656854,-5.656854,-0.102132,1,22.071632,0.330615,0.296360,0.183515,0.183515,0.756428,0.024839,0.183515,0.183515,0.111171,0.620418,-0.012396,-0.110407,inf,nan,0.000000,-0.110407,-0.110407,-0.110407,-0.131649,-0.006649,-0.000000,-0.000000,0.045945,-0.000000,0.132659,2.416384,10,4
1780631209.056430,dhocbf_fixed,-0.256473,-42.674167,-1.324668,1.728407,2.047831,-0.806297,-41.131307,0.000000,45.000000,2.476648,6.628001,-0.131610,1,15.570752,0.306936,0.392981,0.283466,0.283466,1.124192,0.023128,0.283466,0.283466,0.100073,1.000991,0.214162,0.115858,inf,nan,0.000000,0.115858,0.115858,0.115858,-0.004124,0.101434,0.130237,0.000000,0.102558,-0.000000,0.001105,2.177644,2,4
1780631209.164262,dhocbf_fixed,-0.376557,-42.468187,-1.077003,2.391207,2.179437,-0.834053,-40.913557,0.000000,45.000000,0.892309,3.731872,-0.152466,1,14.725612,1.115001,1.182631,1.071829,1.071829,0.920393,0.025324,0.774085,0.774085,0.120984,0.774086,0.734299,0.625334,inf,nan,0.000000,0.625334,0.625334,0.625334,0.127071,0.010899,0.616708,0.124900,0.008802,-0.000000,0.000000,2.622557,2,4
1780631209.253994,dhocbf_fixed,-0.479796,-42.210407,-0.987772,2.764394,2.072337,-0.868038,-40.646949,0.000000,45.000000,0.993778,1.935831,-0.145035,1,13.490130,inf,inf,inf,inf,inf,0.027209,inf,inf,0.136289,inf,inf,inf,inf,nan,0.000000,inf,inf,inf,inf,inf,1443.351469,432.961859,86.573709,-0.000000,0.000000,2.935569,0,4
1780631209.364343,dhocbf_fixed,-0.573604,-41.924288,-0.888394,2.957977,1.954245,-0.905426,-40.353639,0.000000,45.000000,-3.963925,0.735513,-0.129396,1,17.456597,0.286489,0.254315,0.141133,0.141133,0.620000,0.028197,0.141132,0.141132,0.143945,0.447858,0.260936,0.151234,inf,nan,0.000000,0.151234,0.151234,0.151234,0.105258,-0.034326,0.133782,0.108233,-0.000000,-0.000000,0.031144,3.088507,10,4
1780631209.476922,dhocbf_fixed,-0.682263,-41.624813,-1.284787,3.031528,1.797650,-0.944727,-40.045322,0.000000,45.000000,-0.634072,-7.974832,-0.107607,1,17.226905,0.366860,0.341650,0.226112,0.226112,0.620000,0.029673,0.226094,0.226094,0.154341,0.435986,0.334411,0.232493,inf,nan,0.000000,0.232493,0.232493,0.232493,0.045211,-0.052455,0.238178,0.051927,-0.000000,-0.000000,0.062817,3.292543,10,4
1780631209.574268,dhocbf_fixed,-0.813912,-41.361534,-1.348194,2.234045,1.926517,-0.979855,-39.769740,0.000000,45.000000,4.458761,3.660841,-0.115501,1,5.231363,0.369082,0.342880,0.227127,0.227127,1.463492,0.024819,0.227127,0.227127,0.120348,1.318325,0.345837,0.234567,inf,nan,0.000000,0.234567,0.234567,0.234567,0.330696,0.134549,0.247427,0.336753,0.135372,-0.000000,0.000001,2.609327,10,4
1780631209.664189,dhocbf_fixed,-0.926438,-41.119825,-0.902318,2.600129,1.897315,-1.011972,-39.517782,0.000000,45.000000,-1.871200,0.007223,-0.113545,1,9.913970,0.795792,0.796468,0.692173,0.692173,0.620000,0.025820,0.466904,0.466904,0.127266,0.466914,0.147761,0.047678,inf,nan,0.000000,0.047678,0.047678,0.047678,-0.005119,-0.015550,0.055121,0.000001,0.000000,-0.000000,0.009833,2.752245,10,4
1780631209.765315,dhocbf_fixed,-1.026026,-40.859776,-1.089438,2.600852,1.740860,-1.046183,-39.249399,0.000000,45.000000,-2.401681,-2.811203,-0.095303,1,6.648439,0.602978,0.602345,0.496681,0.496681,0.620000,0.026401,0.455358,0.455358,0.130571,0.463028,0.176936,0.069569,inf,nan,0.000000,0.069569,0.069569,0.069569,-0.014287,-0.011117,0.072059,0.000000,0.000371,-0.000000,0.008096,2.819806,10,4
1780631209.859878,dhocbf_fixed,-1.146978,-40.613747,-1.329606,2.319731,1.720508,-1.078976,-38.992133,0.000000,45.000000,2.529726,1.614216,-0.087916,1,4.538482,0.458537,0.454725,0.350784,0.350784,0.728258,0.025701,0.350775,0.350775,0.123454,0.579103,0.203293,0.104029,inf,nan,0.000000,0.104029,0.104029,0.104029,-0.009874,0.004167,0.105804,0.000000,0.002415,-0.000000,0.003699,2.673762,10,4
1780631209.980711,dhocbf_fixed,-1.267290,-40.373703,-1.076633,2.481153,1.653034,-1.111009,-38.740835,0.000000,45.000000,5.624882,3.360112,-0.078159,1,17.270775,0.365635,0.401924,0.295769,0.295769,0.854960,0.026268,0.295769,0.295769,0.124952,0.703740,0.251382,0.149704,inf,nan,0.000000,0.149704,0.149704,0.149704,0.003440,0.028428,0.137896,0.000000,0.020759,-0.000000,0.000000,2.704674,10,4
1780631210.063213,dhocbf_fixed,-1.346829,-40.108787,-0.514145,2.817164,1.705310,-1.145510,-38.470179,0.000000,45.000000,4.394591,1.587519,-0.080911,1,5.333182,0.307948,0.411305,0.305260,0.305260,0.810523,0.027557,0.305260,0.305260,0.132731,0.650234,0.253636,0.155876,inf,nan,0.000000,0.155876,0.155876,0.155876,0.033547,-0.016854,0.144038,0.022088,0.000000,-0.000000,0.000009,2.863697,10,4
1780631210.176950,dhocbf_fixed,-1.376270,-39.819133,-0.074686,2.975916,1.625515,-1.182312,-38.181463,0.000000,45.000000,2.028678,0.301401,-0.072392,1,10.174618,0.296086,0.423257,0.301695,0.301695,0.809015,0.028311,0.301695,0.301695,0.138344,0.642360,0.258469,0.158814,inf,nan,0.000000,0.158814,0.158814,0.158814,0.079993,-0.013276,0.146617,0.087449,0.000000,-0.000000,0.004246,2.976853,10,4
1780631210.264125,dhocbf_fixed,-1.373595,-39.520034,0.128182,3.006056,1.538286,-1.219786,-37.887482,0.000000,45.000000,2.849128,-5.116494,-0.060271,1,7.956043,0.314930,0.408955,0.301375,0.301375,0.809019,0.028341,0.301375,0.301375,0.139940,0.640738,0.290697,0.181907,inf,nan,0.000000,0.181907,0.181907,0.181907,0.066674,-0.014199,0.181920,0.072233,0.000000,-0.000000,0.014988,3.008788,10,4
1780631210.379418,dhocbf_fixed,-1.346532,-39.245011,0.413095,2.494407,1.358202,-1.253850,-37.620251,0.000000,45.000000,-3.825219,-2.684595,-0.037276,1,12.476633,0.448962,0.516167,0.404764,0.404764,1.026410,0.024886,0.404764,0.404764,0.116475,0.885049,0.409602,0.312712,inf,nan,0.000000,0.312712,0.312712,0.312712,0.226754,-0.018284,0.315179,0.233652,0.000000,-0.000000,0.001638,2.528382,10,4
1780631210.457815,dhocbf_fixed,-1.324348,-39.008994,0.030573,2.225947,1.544149,-1.283099,-37.390789,0.000000,45.000000,3.035446,4.791144,-0.051517,1,4.288436,0.572896,0.571068,0.461910,0.461910,0.888900,0.022979,0.461910,0.461910,0.102305,0.763616,0.373594,0.267818,inf,nan,0.000000,0.267818,0.267818,0.267818,0.030474,-0.000263,0.281123,0.036569,0.000000,-0.000000,0.001803,2.226157,10,4
1780631210.565464,dhocbf_fixed,-1.306114,-38.762443,0.334117,2.705062,1.679521,-1.313733,-37.150468,0.000000,45.000000,-1.322362,2.711129,-0.069489,1,4.343226,0.493469,0.510411,0.406122,0.406122,0.909440,0.025805,0.406122,0.406122,0.125969,0.757666,0.331661,0.234480,inf,nan,0.000000,0.234480,0.234480,0.234480,0.003530,0.040845,0.248573,0.009076,0.045646,-0.000000,0.000001,2.725618,10,4
1780631210.652216,dhocbf_fixed,-1.279314,-38.478381,0.201881,2.976175,1.588692,-1.348935,-36.874309,0.000000,45.000000,-1.615832,1.280647,-0.063648,1,3.487039,0.330068,0.413346,0.302188,0.302188,1.020384,0.027434,0.302188,0.302188,0.138651,0.854298,0.256469,0.160455,inf,nan,0.000000,0.160455,0.160455,0.160455,0.022925,0.072599,0.175049,0.028657,0.076342,-0.000000,0.000000,2.983014,10,4
1780631210.771081,dhocbf_fixed,-1.267205,-38.174361,0.040298,3.104239,1.581433,-1.386875,-36.576668,0.000000,45.000000,-0.905430,0.441066,-0.060988,1,4.145194,0.328302,0.452527,0.341753,0.341753,0.945659,0.028251,0.341753,0.341753,0.144752,0.772656,0.288716,0.191973,inf,nan,0.000000,0.191973,0.191973,0.191973,0.149673,-0.005182,0.206475,0.153296,0.000004,-0.000000,0.000001,3.104501,10,4
1780631210.856311,dhocbf_fixed,-1.267702,-37.861731,-0.050245,3.148346,1.612299,-1.426096,-36.268975,0.000000,45.000000,0.275917,-0.166172,-0.063294,1,3.678541,0.356625,0.438149,0.326434,0.326434,0.989400,0.028550,0.326434,0.326434,0.146993,0.813857,0.322086,0.220826,inf,nan,0.000000,0.220826,0.220826,0.220826,0.229356,-0.009767,0.234704,0.234415,0.000001,-0.000000,0.000001,3.148747,10,4
1780631210.983840,dhocbf_fixed,-1.271347,-37.547728,-0.022653,3.131729,1.643480,-1.465541,-35.959535,0.000000,45.000000,-0.030112,0.017566,-0.066860,1,6.146046,0.559945,0.587180,0.480368,0.480368,0.987975,0.028410,0.480368,0.480368,0.146134,0.813430,0.521957,0.412925,inf,nan,0.000000,0.412925,0.412925,0.412925,0.201735,0.010001,0.423481,0.210326,0.000001,-0.000000,0.000001,3.131811,10,4
1780631211.054309,dhocbf_fixed,-1.273763,-37.234467,-0.025664,3.133485,1.670416,-1.504872,-35.650980,0.000000,45.000000,-1.946829,0.196154,-0.070257,1,3.661025,0.728389,0.757304,0.647218,0.647218,1.071612,0.028429,0.647213,0.647213,0.146224,0.896960,0.689181,0.580471,inf,nan,0.000000,0.580471,0.580471,0.580471,0.201805,0.018813,0.586796,0.210888,0.032917,-0.000000,0.000000,3.133590,10,4
1780631211.172150,dhocbf_fixed,-1.286064,-36.920138,-0.220347,3.153101,1.686983,-1.544495,-35.340133,0.000000,45.000000,-5.656867,-5.656842,-0.072459,1,15.420858,0.764799,0.883905,0.757802,0.757802,0.736664,0.028650,0.560382,0.560382,0.147604,0.560410,0.436733,0.339403,inf,nan,0.000000,0.339403,0.339403,0.339403,0.083366,-0.023740,0.339191,0.082193,0.000000,-0.000000,0.021424,3.160791,10,4
1780631211.265324,dhocbf_fixed,-1.336383,-36.633112,-0.786034,2.587417,1.932933,-1.581302,-35.051385,0.000000,45.000000,0.881659,2.177133,-0.099341,1,7.392348,0.772035,0.876269,0.760471,0.760471,1.199326,0.025427,0.760470,0.760470,0.124928,1.048971,0.725874,0.620992,inf,nan,0.000000,0.620992,0.620992,0.620992,0.178942,0.064013,0.612540,0.176201,0.071037,-0.000000,0.000000,2.704177,10,4
1780631211.385496,dhocbf_fixed,-1.410578,-36.363484,-0.697868,2.805130,1.845092,-1.616308,-34.776762,0.000000,45.000000,5.570983,-5.741441,-0.095847,1,15.286313,0.543081,0.598073,0.488967,0.488967,0.620000,0.026667,0.450619,0.450619,0.134062,0.459271,0.086037,-0.010020,inf,nan,0.000000,-0.010020,-0.010020,-0.010020,-0.023333,-0.011880,0.000002,0.000000,0.002864,-0.000000,0.026552,2.890635,10,4
1780631211.459797,dhocbf_fixed,-1.452510,-36.111679,-0.140770,2.230986,1.516262,-1.648563,-34.523723,0.000000,45.000000,-0.701872,3.808425,-0.058569,1,4.526721,0.416075,0.467171,0.358760,0.358760,1.027774,0.022637,0.358760,0.358760,0.102733,0.902405,0.315772,0.214472,inf,nan,0.000000,0.214472,0.214472,0.214472,0.018164,0.055345,0.215980,0.012480,0.054768,-0.000000,0.000000,2.235422,10,4
1780631211.576407,dhocbf_fixed,-1.470096,-35.869538,-0.210957,2.611828,1.592426,-1.679216,-34.283248,0.000000,45.000000,5.656854,-5.656854,-0.057166,1,14.357528,0.321344,0.299998,0.192678,0.192678,0.620000,0.024880,0.192676,0.192676,0.120877,0.474243,0.066651,-0.031844,inf,nan,0.000000,-0.031844,-0.031844,-0.031844,-0.105771,-0.009236,0.000000,-0.000000,0.000000,-0.000000,0.099813,2.620334,10,4
1780631211.655638,dhocbf_fixed,-1.462907,-35.636639,0.354728,2.046143,1.401018,-1.708314,-34.054975,0.000000,45.000000,-3.334485,4.579272,-0.035608,1,4.991086,0.343546,0.442175,0.331027,0.331027,1.250204,0.021827,0.331027,0.331027,0.095465,1.132912,0.303802,0.202163,inf,nan,0.000000,0.202163,0.202163,0.202163,0.064685,0.111844,0.194083,0.073662,0.112852,-0.000000,0.000001,2.076664,10,4
1780631211.777302,dhocbf_fixed,-1.444107,-35.409129,0.021280,2.504070,1.437953,-1.736550,-33.833460,0.000000,45.000000,5.656854,-5.656854,-0.034012,1,15.672206,0.332053,0.338279,0.234897,0.234897,0.679868,0.024219,0.234896,0.234896,0.115323,0.540327,0.112186,0.016907,inf,nan,0.000000,0.016907,0.016907,0.016907,-0.069026,-0.007752,0.021715,-0.000000,0.000299,-0.000000,0.064910,2.504160,10,4
1780631211.857061,dhocbf_fixed,-1.413695,-35.187006,0.586965,1.938385,1.362926,-1.763925,-33.618703,0.000000,45.000000,-5.299048,4.938590,-0.025225,1,5.133983,0.415706,0.503460,0.392962,0.392962,1.472581,0.021707,0.392962,0.392962,0.093140,1.357734,0.376492,0.279583,inf,nan,0.000000,0.279583,0.279583,0.279583,0.195061,0.139251,0.288933,0.200109,0.140044,-0.000000,0.000000,2.025306,10,4
1780631211.979055,dhocbf_fixed,-1.381493,-34.968475,0.057060,2.432244,1.387463,-1.790821,-33.407705,0.000000,45.000000,7.371105,-3.109149,-0.025520,1,15.842008,0.303920,0.361995,0.251992,0.251992,0.856537,0.024026,0.251992,0.251992,0.111950,0.720561,0.188435,0.090219,inf,nan,0.000000,0.090219,0.090219,0.090219,-0.028096,0.036236,0.108420,0.000000,0.033327,-0.000000,0.026944,2.432913,5,4
1780631212.061169,dhocbf_fixed,-1.338932,-34.740796,0.794171,2.121329,1.459071,-1.818699,-33.189005,0.000000,45.000000,-7.934767,-1.019544,-0.033246,1,10.753556,0.335186,0.309579,0.193901,0.193901,0.949001,0.023305,0.193901,0.193901,0.104106,0.821590,0.296060,0.194514,inf,nan,0.000000,0.194514,0.194514,0.194514,0.135066,-0.027229,0.187274,0.159168,0.000000,-0.000000,0.015913,2.265114,10,4
1780631212.165391,dhocbf_fixed,-1.299189,-34.533761,0.000694,2.019374,1.690695,-1.844032,-32.990265,0.000000,45.000000,-5.453587,4.707345,-0.060185,1,10.391126,0.280408,0.380234,0.267661,0.267661,1.129055,0.022308,0.267661,0.267661,0.092873,1.013874,0.245439,0.137195,inf,nan,0.000000,0.137195,0.137195,0.137195,0.096898,0.083872,0.135554,0.105108,0.084961,-0.000000,0.000000,2.019374,6,4
1780631212.279510,dhocbf_fixed,-1.326387,-34.308287,-0.544664,2.490109,1.598637,-1.872749,-32.764985,0.000000,45.000000,0.225758,-5.325777,-0.855052,0,27.272405,0.310391,0.270370,0.161178,0.161178,0.620000,0.025219,0.161178,0.161178,0.117458,0.477324,-0.106348,-0.214499,inf,nan,0.000000,-0.214499,-0.214499,-0.214499,-0.177438,-0.037144,-0.049866,-0.037620,-0.003609,-0.049866,0.240000,2.548980,10,4
1780631212.360571,dhocbf_fixed,-1.379725,-34.085905,-0.522089,1.957531,1.815879,-1.901495,-32.539468,0.000000,45.000000,-2.312928,4.683769,-0.273412,1,6.449179,0.312068,0.331303,0.224941,0.224941,1.105116,0.022240,0.224941,0.224941,0.093170,0.989706,0.274828,0.165198,inf,nan,0.000000,0.165198,0.165198,0.165198,0.047463,0.053113,0.176870,0.053656,0.054996,-0.000000,0.000000,2.025958,10,4
1780631212.460649,dhocbf_fixed,-1.443498,-33.866733,-0.753382,2.425908,1.813248,-1.930006,-32.315801,0.000000,45.000000,7.461288,-2.886033,-0.125940,1,19.519168,0.613678,0.601154,0.495682,0.495682,0.756302,0.024917,0.495236,0.495236,0.117039,0.614347,0.237949,0.136424,inf,nan,0.000000,0.136424,0.136424,0.136424,-0.022487,-0.000439,0.149268,0.000000,0.003301,-0.000000,0.018137,2.540199,1,4
1780631212.574624,dhocbf_fixed,-1.481530,-33.638572,-0.007253,2.137305,1.626087,-1.959232,-32.086518,0.000000,45.000000,-3.660856,4.119526,-0.067902,1,17.710836,0.337051,0.460697,0.350581,0.350581,1.276872,0.022623,0.350581,0.350581,0.098226,1.156023,0.301160,0.202359,inf,nan,0.000000,0.202359,0.202359,0.202359,0.084330,0.116085,0.216913,0.088582,0.117014,-0.000000,0.000000,2.137317,6,4
1780631212.662344,dhocbf_fixed,-1.500560,-33.404244,-0.373338,2.549257,1.632171,-1.988929,-31.853550,0.000000,45.000000,6.132203,-5.137712,-0.053599,1,10.248884,0.309269,0.328627,0.224292,0.224292,0.746599,0.025146,0.224292,0.224292,0.118771,0.602682,0.111444,0.017937,inf,nan,0.000000,0.017937,0.017937,0.017937,-0.047640,-0.008655,0.027220,0.000000,0.004225,-0.000000,0.044105,2.576450,10,4
1780631212.767555,dhocbf_fixed,-1.507232,-33.175007,0.239882,2.035486,1.513804,-2.017789,-31.627141,0.000000,45.000000,-5.150599,4.364624,-0.036811,1,9.566546,0.320023,0.397788,0.284221,0.284221,1.445361,0.022309,0.284221,0.284221,0.094237,1.328816,0.283006,0.185320,inf,nan,0.000000,0.185320,0.185320,0.185320,0.188691,0.136480,0.199890,0.194209,0.137475,-0.000000,0.000000,2.049572,2,4
1780631212.868309,dhocbf_fixed,-1.508997,-32.949635,-0.275178,2.471948,1.527739,-2.046086,-31.405151,0.000000,45.000000,7.456912,1.417486,-0.033875,1,11.019258,0.274357,0.351060,0.238669,0.238669,0.886363,0.024804,0.238669,0.238669,0.114518,0.747041,0.171124,0.069566,inf,nan,0.000000,0.069566,0.069566,0.069566,-0.026352,0.062232,0.089166,0.000000,0.063928,-0.000000,0.016212,2.487218,10,4
1780631212.973115,dhocbf_fixed,-1.499230,-32.695353,0.470513,2.613697,1.744169,-2.077825,-31.156160,0.000000,45.000000,-6.680616,2.214371,-0.056510,1,5.833813,0.432181,0.402966,0.288248,0.288248,1.416752,0.026039,0.288248,0.288248,0.122582,1.268132,0.393459,0.295191,inf,nan,0.000000,0.295191,0.295191,0.295191,0.335668,0.083075,0.309093,0.337888,0.085056,-0.000000,0.000000,2.655710,10,4
1780631213.062880,dhocbf_fixed,-1.485582,-32.422911,-0.197548,2.835134,1.671366,-2.111779,-30.889786,0.000000,45.000000,-5.203756,1.237377,-0.053861,1,4.056727,0.300411,0.360208,0.249746,0.249746,1.147371,0.027519,0.249746,0.249746,0.131663,0.988189,0.259721,0.164478,inf,nan,0.000000,0.164478,0.164478,0.164478,0.226899,0.008379,0.172201,0.223367,0.023477,-0.000000,0.000000,2.842008,10,4
1780631213.176206,dhocbf_fixed,-1.531356,-32.133211,-0.717924,2.958872,1.728942,-2.148849,-30.598976,0.000000,45.000000,-2.705088,0.624415,-0.059124,1,5.203214,0.371172,0.392458,0.288532,0.288532,1.217657,0.028903,0.288532,0.288532,0.141741,1.047013,0.353079,0.242627,inf,nan,0.000000,0.242627,0.242627,0.242627,0.290362,0.008850,0.254940,0.295864,0.021243,-0.000000,0.000000,3.044723,10,4
1780631213.258955,dhocbf_fixed,-1.616674,-31.834202,-0.988433,3.021313,1.820266,-2.187718,-30.294046,0.000000,45.000000,-0.902435,0.353821,-0.070005,1,3.717308,0.485584,0.547636,0.443016,0.443016,1.528461,0.029665,0.443016,0.443016,0.148524,1.350272,0.516552,0.418974,inf,nan,0.000000,0.418974,0.418974,0.418974,0.387342,0.138951,0.434831,0.392211,0.139091,-0.000000,0.000000,3.178889,10,4
1780631213.371919,dhocbf_fixed,-1.720029,-31.530301,-1.078676,3.056695,1.873582,-2.227489,-29.982041,0.000000,45.000000,0.200258,0.248573,-0.078083,1,5.137717,0.772306,0.807446,0.699327,0.699327,1.557072,0.029863,0.699327,0.699327,0.151718,1.375491,0.788202,0.688549,inf,nan,0.000000,0.688549,0.688549,0.688549,0.494589,0.114463,0.704351,0.498448,0.121209,-0.000000,0.000000,3.241439,10,4
1780631213.465933,dhocbf_fixed,-1.826895,-31.223389,-1.058650,3.081553,1.881737,-2.267694,-29.666631,0.000000,45.000000,-5.656854,-5.656854,-0.080507,1,16.897244,1.089639,1.096838,0.984322,0.984322,0.620000,0.029756,0.437661,0.437661,0.152583,0.437661,0.403618,0.307198,inf,nan,0.000000,0.307198,0.307198,0.307198,0.043169,-0.145847,0.323520,0.048220,-0.000000,-0.000000,0.141775,3.258329,10,4
1780631213.564972,dhocbf_fixed,-1.961045,-30.943518,-1.624336,2.515867,2.043814,-2.304944,-29.374408,0.000000,45.000000,3.721224,2.382355,-0.098244,1,4.988893,1.337891,1.374076,1.262632,1.262632,1.568037,0.027534,1.262410,1.262410,0.139234,1.401269,1.298422,1.195913,inf,nan,0.000000,1.195913,1.195913,1.195913,0.366262,0.111315,1.189658,0.367431,0.125368,-0.000000,0.000001,2.994671,10,4
1780631213.666028,dhocbf_fixed,-2.104872,-30.680019,-1.252213,2.754103,1.941364,-2.340295,-29.097082,0.000000,45.000000,1.355537,-4.489860,-0.090894,1,13.008499,0.886424,0.867903,0.759887,0.759887,0.620000,0.027631,0.451596,0.451596,0.140772,0.451597,0.156729,0.044128,inf,nan,0.000000,0.044128,0.044128,0.044128,-0.007938,-0.012943,0.039711,0.000000,0.000000,-0.000000,0.003462,3.025412,10,4
1780631213.790335,dhocbf_fixed,-2.223316,-30.427058,-1.116660,2.305117,1.808411,-2.373918,-28.833309,0.000000,45.000000,-3.122961,-7.365264,-0.073998,1,32.438627,0.751601,0.713399,0.602458,0.602458,0.620000,0.024530,0.477064,0.477064,0.118048,0.477421,0.123754,0.029142,inf,nan,0.000000,0.029142,0.029142,0.029142,-0.012492,-0.009832,0.037295,0.000000,0.002765,-0.000000,0.012628,2.561346,10,4
1780631213.863246,dhocbf_fixed,-2.350597,-30.233373,-1.428956,1.568590,1.976793,-2.400247,-28.626756,0.000000,45.000000,-5.747214,-2.172587,-0.087634,1,9.531982,0.554421,0.531048,0.420335,0.420335,0.620000,0.022197,0.418645,0.418645,0.097522,0.500281,0.125919,0.031354,inf,nan,0.000000,0.031354,0.031354,0.031354,-0.009398,-0.005687,0.038631,0.000000,0.002921,-0.000000,0.007527,2.121884,10,4
1780631213.966374,dhocbf_fixed,-2.522228,-30.087377,-2.003677,1.351332,1.815629,-2.414118,-28.461101,0.000000,45.000000,-1.886760,3.337119,-0.072933,1,6.944824,0.412535,0.393756,0.287515,0.287515,0.642459,0.024276,0.287502,0.287502,0.111189,0.506994,0.128546,0.034472,inf,nan,0.000000,0.034472,0.034472,0.034472,-0.013852,-0.019602,0.037834,0.000000,0.000000,-0.000000,0.008425,2.416779,10,4
1780631214.060136,dhocbf_fixed,-2.732030,-29.935558,-2.192353,1.685044,1.587068,-2.414547,-28.283972,0.000000,45.000000,4.361495,2.426529,-0.043835,1,6.923262,0.347963,0.320555,0.205188,0.205188,0.731300,0.027560,0.205188,0.205188,0.127893,0.575846,0.162229,0.061189,inf,nan,0.000000,0.061189,0.061189,0.061189,-0.012307,0.006210,0.053626,0.000000,0.003835,-0.000000,0.010039,2.765101,10,4
1780631214.183194,dhocbf_fixed,-2.929458,-29.754921,-1.756204,1.927696,1.576512,-2.415041,-28.079822,0.000000,45.000000,5.222918,6.059796,-0.035199,1,7.231446,0.390200,0.374166,0.268542,0.268542,0.754241,0.028119,0.268542,0.268542,0.120271,0.605851,0.206426,0.105598,inf,nan,0.000000,0.105598,0.105598,0.105598,-0.008431,0.003345,0.117359,0.004832,0.000000,-0.000000,0.005414,2.607732,10,4
1780631214.257533,dhocbf_fixed,-3.078963,-29.531853,-1.233912,2.533676,1.655618,-2.415623,-27.839640,0.000000,45.000000,7.408357,3.019311,-0.041427,1,5.868330,0.371381,0.508884,0.395416,0.395416,0.655457,0.031004,0.394523,0.394523,0.130491,0.493962,0.385861,0.285985,inf,nan,0.000000,0.285985,0.285985,0.285985,0.078417,-0.003691,0.299132,0.086992,0.000000,-0.000000,0.000001,2.818165,10,4
1780631214.385651,dhocbf_fixed,-3.165313,-29.263388,-0.493076,2.835607,1.602110,-2.416294,-27.562413,0.000000,45.000000,7.965167,0.745731,-0.036893,1,9.650139,0.267291,0.391362,0.274425,0.274425,0.620000,0.032394,0.274372,0.274372,0.133445,0.454161,0.227291,0.128764,inf,nan,0.000000,0.128764,0.128764,0.128764,0.075705,-0.008736,0.120493,0.080246,0.000000,-0.000000,0.004271,2.878158,10,4
1780631214.459939,dhocbf_fixed,-3.174794,-28.976099,0.303441,2.910180,1.475895,-2.416987,-27.276231,0.000000,45.000000,7.498058,-1.346956,-0.021737,1,8.455293,0.288321,0.398113,0.292355,0.292355,0.620000,0.032788,0.292246,0.292246,0.135812,0.451400,0.263810,0.154995,inf,nan,0.000000,0.154995,0.154995,0.154995,0.046394,-0.018563,0.154675,0.048716,0.000000,-0.000000,0.008653,2.925957,10,4
1780631214.575145,dhocbf_fixed,-3.106960,-28.691816,1.053247,2.775485,1.333345,-2.417649,-27.002808,0.000000,45.000000,5.920362,-5.380457,-0.002330,1,10.291817,0.364695,0.439164,0.325943,0.325943,0.620000,0.032206,0.325571,0.325571,0.137933,0.449861,0.289791,0.190950,inf,nan,0.000000,0.190950,0.190950,0.190950,0.025638,-0.023345,0.190446,0.027055,0.000000,-0.000000,0.014347,2.968610,10,4
1780631214.660550,dhocbf_fixed,-2.972034,-28.441170,1.645283,2.237439,1.093423,-2.418044,-26.839823,0.000000,45.000000,-1.923068,3.926236,0.028660,1,5.138043,0.453041,0.504711,0.396255,0.396255,1.477862,0.027919,0.396255,0.396255,0.128486,1.321457,0.422082,0.317946,inf,nan,0.000000,0.317946,0.317946,0.317946,0.257028,0.140140,0.327462,0.260046,0.139431,-0.000000,0.000000,2.777245,10,4
1780631214.784385,dhocbf_fixed,-2.817121,-28.197795,1.452976,2.630063,1.084446,-2.418632,-26.596825,0.000000,45.000000,4.632210,-6.522471,0.037201,1,19.764000,0.576796,0.582240,0.470140,0.470140,0.620000,0.028526,0.439678,0.439678,0.139736,0.451737,0.127131,0.033391,inf,nan,0.000000,0.033391,0.033391,0.033391,-0.010072,-0.013292,0.047022,0.000000,-0.000000,-0.000000,0.021284,3.004724,10,4
1780631214.854827,dhocbf_fixed,-2.648662,-27.967401,1.916197,1.977815,1.007279,-2.419189,-26.366840,0.000000,45.000000,-6.113149,4.985691,0.047501,1,4.686461,0.811531,0.802155,0.696961,0.696961,1.725483,0.026094,0.696961,0.696961,0.127343,1.572046,0.779706,0.673534,inf,nan,0.000000,0.673534,0.673534,0.673534,0.422491,0.169092,0.678218,0.414042,0.168602,-0.000000,0.000000,2.753827,10,4
1780631214.985148,dhocbf_fixed,-2.487608,-27.744691,1.304882,2.476385,1.106103,-2.419728,-26.144522,0.000000,45.000000,1.005833,-2.905364,0.039037,1,12.123939,0.348296,0.403543,0.294223,0.294223,0.620000,0.026076,0.294149,0.294149,0.129558,0.464366,0.196150,0.088968,inf,nan,0.000000,0.088968,0.088968,0.088968,-0.017134,-0.015796,0.100102,0.000000,0.000000,-0.000000,0.018343,2.799142,10,4
1780631215.057128,dhocbf_fixed,-2.352091,-27.511579,1.405465,2.185848,1.295080,-2.420291,-25.911739,0.000000,45.000000,-7.576629,-2.568012,0.016069,1,9.359427,0.315875,0.404901,0.296373,0.296373,0.620000,0.024771,0.296319,0.296319,0.119838,0.475391,0.136921,0.042116,inf,nan,0.000000,0.042116,0.042116,0.042116,-0.007415,-0.020795,0.053505,0.000000,0.000000,-0.000000,0.024101,2.598704,10,4
1780631215.171665,dhocbf_fixed,-2.249427,-27.305834,0.647802,1.929047,1.630750,-2.420789,-25.706244,0.000000,45.000000,-4.584659,4.159543,-0.026326,1,10.356664,0.326607,0.426933,0.320349,0.320349,0.839312,0.021791,0.320349,0.320349,0.093574,0.723946,0.294216,0.192634,inf,nan,0.000000,0.192634,0.192634,0.192634,0.088890,-0.005202,0.206399,0.094377,0.000000,-0.000000,0.002363,2.034913,10,4
1780631215.261499,dhocbf_fixed,-2.207570,-27.092132,0.189336,2.345001,1.490089,-2.421306,-25.492645,0.000000,45.000000,5.656854,-5.656854,-0.021411,1,11.105359,0.338197,0.381503,0.263624,0.263624,0.660596,0.023568,0.263621,0.263621,0.108179,0.528849,0.107049,0.012889,inf,nan,0.000000,0.012889,0.012889,0.012889,-0.035417,-0.001843,0.026834,0.000000,0.000005,-0.000000,0.038708,2.352632,10,4
1780631215.383750,dhocbf_fixed,-2.160353,-26.885916,0.755022,1.779316,1.358889,-2.421805,-25.286544,0.000000,45.000000,-5.254290,5.921421,-0.005789,1,8.712998,0.329374,0.353526,0.248917,0.248917,1.290523,0.021554,0.248917,0.248917,0.088991,1.179978,0.291896,0.194515,inf,nan,0.000000,0.194515,0.194515,0.194515,0.216266,0.112333,0.209357,0.222311,0.112402,-0.000000,0.000000,1.932879,10,4
1780631215.454187,dhocbf_fixed,-2.111122,-26.678377,0.229593,2.371458,1.318458,-2.422308,-25.079126,0.000000,45.000000,5.656854,-5.656854,0.002581,1,14.571952,0.278307,0.282703,0.179556,0.179556,0.780568,0.024066,0.179556,0.179556,0.109580,0.646922,0.078877,-0.014383,inf,nan,0.000000,-0.014383,-0.014383,-0.014383,-0.081272,0.014221,0.000000,-0.000000,0.021887,-0.000000,0.080682,2.382546,4,4
1780631215.583094,dhocbf_fixed,-2.059878,-26.469516,0.795278,1.805772,1.318987,-2.422813,-24.870390,0.000000,45.000000,-5.900491,5.402241,0.004575,1,14.368245,0.476121,0.450528,0.336404,0.336404,1.452960,0.022150,0.336404,0.336404,0.090793,1.340017,0.447709,0.340562,inf,nan,0.000000,0.340562,0.340562,0.340562,0.304891,0.138185,0.348520,0.306541,0.136453,-0.000000,0.000000,1.973140,10,4
1780631215.662054,dhocbf_fixed,-2.009853,-26.261927,0.205229,2.345997,1.339882,-2.423315,-24.662924,0.000000,45.000000,-5.038085,4.235505,0.002769,1,18.237746,0.318192,0.440259,0.331283,0.331283,0.953721,0.024385,0.331283,0.331283,0.108288,0.821048,0.236346,0.141017,inf,nan,0.000000,0.141017,0.141017,0.141017,0.011436,0.064944,0.151011,0.014219,0.057765,-0.000000,0.000000,2.354956,2,4
1780631215.771345,dhocbf_fixed,-2.014520,-26.006150,-0.298579,2.769547,1.428249,-2.423935,-24.407137,0.000000,45.000000,-1.062030,1.280875,-0.007322,1,16.300230,1.797147,1.820661,1.715526,1.715526,0.884196,0.027020,0.728281,0.728281,0.128895,0.728281,0.584447,0.486858,inf,nan,0.000000,0.486858,0.486858,0.486858,0.104336,-0.006809,0.502826,0.109746,0.000000,-0.000000,0.000476,2.785595,3,4
1780631215.863783,dhocbf_fixed,-2.049688,-25.722791,-0.404782,2.897635,1.631024,-2.424621,-24.123694,0.000000,45.000000,-0.013472,0.047866,-0.031857,1,15.168748,0.294620,0.268382,0.154575,0.154575,0.703933,0.027807,0.154575,0.154575,0.135802,0.540324,0.254511,0.157070,inf,nan,0.000000,0.157070,0.157070,0.157070,0.077557,-0.015246,0.168965,0.080998,0.000000,-0.000000,0.010889,2.925771,10,4
1780631215.972627,dhocbf_fixed,-2.090234,-25.432788,-0.406129,2.902421,1.724564,-2.425324,-23.833595,0.000000,45.000000,-0.010363,-3.867589,-0.047913,1,10.845489,0.275185,0.302274,0.197354,0.197354,0.690317,0.027660,0.197354,0.197354,0.136047,0.526611,0.247333,0.142616,inf,nan,0.000000,0.142616,0.142616,0.142616,0.043245,-0.018616,0.151631,0.049708,0.000000,-0.000000,0.018409,2.930698,10,4
1780631216.071583,dhocbf_fixed,-2.130899,-25.161884,-0.407166,2.515662,1.781667,-2.425980,-23.562594,0.000000,45.000000,-5.656854,-5.656854,-0.057917,1,20.644448,0.449563,0.425060,0.307935,0.307935,0.733663,0.024984,0.307934,0.307934,0.117430,0.591248,0.347768,0.246229,inf,nan,0.000000,0.246229,0.246229,0.246229,0.041713,-0.083139,0.260685,0.053694,-0.000000,-0.000000,0.071855,2.548400,10,4
1780631216.171391,dhocbf_fixed,-2.199900,-24.938602,-0.972851,1.949977,1.974021,-2.426521,-23.339146,0.000000,45.000000,6.641829,-4.459384,-0.080991,1,6.331789,0.658676,0.647397,0.542030,0.542030,1.054276,0.022661,0.542030,0.542030,0.100144,0.931471,0.620719,0.521458,inf,nan,0.000000,0.521458,0.521458,0.521458,0.210492,-0.028617,0.531348,0.228306,0.000000,-0.000000,0.010489,2.179185,10,4
1780631216.261497,dhocbf_fixed,-2.263976,-24.765901,-0.308668,1.504038,1.578954,-2.426940,-23.166291,0.000000,45.000000,-3.596808,6.353592,-0.043225,1,5.323145,0.558812,0.581387,0.475605,0.475605,0.855618,0.019633,0.475604,0.475604,0.071632,0.764352,0.325975,0.222255,inf,nan,0.000000,0.222255,0.222255,0.222255,0.013544,-0.004508,0.236239,0.021631,0.000000,-0.000000,0.003093,1.535385,10,4
1780631216.373229,dhocbf_fixed,-2.312826,-24.583730,-0.668349,2.139398,1.434808,-2.427381,-22.984002,0.000000,45.000000,0.598127,2.175632,-0.017774,1,9.653275,0.459733,0.500522,0.393182,0.393182,0.620000,0.022748,0.392363,0.392363,0.103007,0.494245,0.138780,0.036633,inf,nan,0.000000,0.036633,0.036633,0.036633,-0.006340,-0.010580,0.044627,0.000000,0.000000,-0.000000,0.005618,2.241364,10,4
1780631216.456853,dhocbf_fixed,-2.376671,-24.358912,-0.608536,2.356961,1.561419,-2.427926,-22.759031,0.000000,45.000000,3.392075,0.110835,-0.025120,1,7.350219,0.371527,0.455035,0.350074,0.350074,0.620000,0.023765,0.349814,0.349814,0.112013,0.484222,0.192094,0.095585,inf,nan,0.000000,0.095585,0.095585,0.095585,0.006854,-0.017891,0.105895,0.008582,0.000000,-0.000000,0.010639,2.434252,10,4
1780631216.572808,dhocbf_fixed,-2.420564,-24.122661,-0.269329,2.368044,1.586254,-2.428498,-22.522676,0.000000,45.000000,-1.924341,-5.115854,-0.029499,1,11.860836,0.355832,0.442813,0.332713,0.332713,0.620000,0.023456,0.332584,0.332584,0.109616,0.486927,0.112832,0.016140,inf,nan,0.000000,0.016140,0.016140,0.016140,-0.013117,-0.017358,0.026226,0.000000,0.000000,-0.000000,0.014229,2.383311,10,4
1780631216.656772,dhocbf_fixed,-2.457119,-23.911436,-0.461763,1.856459,1.680810,-2.429010,-22.311363,0.000000,45.000000,-6.647951,3.497754,-0.040701,1,5.966416,0.284267,0.365819,0.250051,0.250051,0.786383,0.021038,0.250051,0.250051,0.088105,0.677240,0.168742,0.072757,inf,nan,0.000000,0.072757,0.072757,0.072757,-0.012397,-0.027368,0.082896,0.005649,0.000000,-0.000000,0.009501,1.913025,10,4
1780631216.791463,dhocbf_fixed,-2.536535,-23.708302,-1.126558,2.206234,1.435693,-2.429502,-22.108038,0.000000,45.000000,3.042416,-1.320777,-0.334393,0,30.528029,0.522307,0.482098,0.372504,0.372504,0.620000,0.024084,0.371889,0.371889,0.114044,0.481872,-0.117511,-0.228849,inf,nan,0.000000,-0.228849,-0.228849,-0.228849,-0.185930,-0.084616,-0.043082,-0.024092,0.032894,-0.043082,0.240000,2.477217,10,4
1780631216.876582,dhocbf_fixed,-2.633978,-23.494282,-0.822317,2.074157,1.442956,-2.430021,-21.893783,0.000000,45.000000,4.447438,-6.047422,-0.316645,0,21.138396,0.336119,0.302819,0.190610,0.190610,0.718097,0.022895,0.190610,0.190610,0.102538,0.592663,-0.115519,-0.241328,inf,nan,0.000000,-0.241328,-0.241328,-0.241328,-0.165629,-0.065956,-0.073383,0.010005,0.129982,-0.073383,0.240000,2.231217,10,4
1780631216.968452,dhocbf_fixed,-2.693973,-23.317103,-0.377573,1.469414,1.218377,-2.430450,-21.716461,0.000000,45.000000,3.975250,6.942434,-0.057703,1,7.405566,0.293594,0.296388,0.193227,0.193227,0.991235,0.019867,0.193227,0.193227,0.070855,0.900514,0.180707,0.082211,inf,nan,0.000000,0.082211,0.082211,0.082211,-0.002290,0.007699,0.094602,0.000001,0.010083,-0.000000,0.000001,1.517149,10,4
1780631217.079718,dhocbf_fixed,-2.711854,-23.135450,0.019952,2.163658,1.485393,-2.430890,-21.534765,0.000000,45.000000,-5.656854,-5.656854,-0.021672,1,26.511438,0.269015,0.232054,0.121974,0.121974,0.783293,0.022786,0.121974,0.121974,0.099436,0.661072,0.052736,-0.047804,inf,nan,0.000000,-0.047804,-0.047804,-0.047804,-0.114987,-0.007935,-0.000000,-0.000000,0.000000,-0.000000,0.109420,2.163750,5,4
1780631217.173753,dhocbf_fixed,-2.738143,-22.947368,-0.545733,1.597972,1.689367,-2.431346,-21.346621,0.000000,45.000000,4.595588,6.548326,-0.034734,1,7.402103,0.335533,0.408728,0.295517,0.295517,1.381402,0.020689,0.295517,0.295517,0.078229,1.282484,0.295206,0.199371,inf,nan,0.000000,0.199371,0.199371,0.199371,0.159537,0.136205,0.202163,0.149886,0.136445,-0.000000,0.000000,1.688591,10,4
1780631217.253433,dhocbf_fixed,-2.769738,-22.754829,-0.086174,2.252805,1.767404,-2.431812,-21.154006,0.000000,45.000000,3.738540,4.751685,-0.046275,1,13.507570,inf,inf,inf,inf,inf,0.023498,inf,inf,0.103612,inf,inf,inf,inf,nan,0.000000,inf,inf,inf,inf,inf,1430.457206,429.057966,85.781123,-0.000000,0.000000,2.254453,0,4
1780631217.357906,dhocbf_fixed,-2.759663,-22.505791,0.287680,2.727973,1.704050,-2.432415,-20.904993,0.000000,45.000000,1.919363,2.506901,-0.041965,1,12.189583,inf,inf,inf,inf,inf,0.026382,inf,inf,0.126820,inf,inf,inf,inf,nan,0.000000,inf,inf,inf,inf,inf,1430.266624,429.011426,85.772102,-0.000000,0.000000,2.743100,0,4
1780631217.466980,dhocbf_fixed,-2.721298,-22.220459,0.479616,2.978664,1.566719,-2.433106,-20.619756,0.000000,45.000000,4.868086,-6.348365,-0.025641,1,15.959760,0.325013,0.336829,0.230971,0.230971,0.620000,0.028117,0.230958,0.230958,0.140352,0.451530,0.240697,0.139652,inf,nan,0.000000,0.139652,0.139652,0.139652,0.014385,-0.020114,0.152287,0.019517,0.000000,-0.000000,0.015198,3.017030,10,4
1780631217.565737,dhocbf_fixed,-2.648996,-21.954334,0.966424,2.343827,1.222808,-2.433750,-20.353808,0.000000,45.000000,-2.006103,3.373786,0.016026,1,6.072185,0.287256,0.268629,0.162831,0.162831,1.443501,0.024665,0.162831,0.162831,0.116803,1.302033,0.252987,0.153424,inf,nan,0.000000,0.153424,0.153424,0.153424,0.288923,0.135158,0.166214,0.292456,0.135565,-0.000000,0.000000,2.535252,8,4
1780631217.663233,dhocbf_fixed,-2.562384,-21.703083,0.765814,2.681206,1.266403,-2.434358,-20.102768,0.000000,45.000000,5.656853,-5.656856,0.021620,1,16.051375,0.620696,0.677793,0.559114,0.559114,0.620000,0.026083,0.463846,0.463846,0.129033,0.464883,0.136257,0.029362,inf,nan,0.000000,0.029362,0.029362,0.029362,-0.015954,-0.021384,0.036537,0.000000,0.000000,-0.000000,0.025955,2.788429,10,4
1780631217.762372,dhocbf_fixed,-2.457519,-21.463246,1.331499,2.115520,1.178376,-2.434938,-19.863187,0.000000,45.000000,-5.283350,4.435152,0.032438,1,5.537772,0.722892,0.790056,0.673013,0.673013,1.306247,0.024143,0.673013,0.673013,0.115109,1.166995,0.671594,0.571727,inf,nan,0.000000,0.571727,0.571727,0.571727,0.162841,0.044462,0.574791,0.166971,0.054786,-0.000000,0.000000,2.499663,10,4
1780631217.862575,dhocbf_fixed,-2.350786,-21.229518,0.803164,2.559035,1.233458,-2.435504,-19.629719,0.000000,45.000000,5.656854,-5.656854,0.028938,1,13.559383,0.329767,0.316673,0.212246,0.212246,0.699434,0.025315,0.212245,0.212245,0.123858,0.550260,0.083864,-0.009675,inf,nan,0.000000,-0.009675,-0.009675,-0.009675,-0.093097,0.026333,0.002878,-0.000000,0.025646,-0.000000,0.090389,2.682114,7,4
1780631217.956273,dhocbf_fixed,-2.242185,-21.001899,1.368850,1.993350,1.223396,-2.436054,-19.402364,0.000000,45.000000,-6.633591,4.471630,0.028973,1,5.551137,0.643695,0.746776,0.637430,0.637430,1.359947,0.023891,0.637430,0.637430,0.111251,1.224804,0.574429,0.461519,inf,nan,0.000000,0.461519,0.461519,0.461519,0.106887,0.105604,0.457518,0.098942,0.119719,-0.000000,0.000000,2.418097,10,4
1780631218.051390,dhocbf_fixed,-2.138468,-20.780206,0.705491,2.440513,1.296673,-2.436590,-19.180923,0.000000,45.000000,-6.312058,3.897962,0.020845,1,4.214297,0.351817,0.476064,0.365394,0.365394,0.739157,0.024947,0.365386,0.365386,0.117050,0.597160,0.304971,0.207652,inf,nan,0.000000,0.207652,0.207652,0.207652,0.054957,-0.005745,0.205080,0.047975,0.000001,-0.000000,0.000001,2.540437,8,4
1780631218.166775,dhocbf_fixed,-2.099479,-20.516665,0.074285,2.830309,1.375049,-2.437228,-18.917478,0.000000,45.000000,-3.813441,1.974009,0.010118,1,7.817057,0.310935,0.412929,0.294866,0.294866,0.822892,0.026984,0.294866,0.294866,0.131135,0.664773,0.231962,0.134799,inf,nan,0.000000,0.134799,0.134799,0.134799,0.020074,0.015056,0.145244,0.031933,0.023589,-0.000000,0.000000,2.831284,10,4
1780631218.257357,dhocbf_fixed,-2.111118,-20.223764,-0.307059,3.027710,1.526528,-2.437938,-18.624551,0.000000,45.000000,-1.097382,-0.646375,-0.009123,1,8.263001,0.290003,0.281919,0.178282,0.178282,0.810846,0.028431,0.178282,0.178282,0.141667,0.640748,0.260180,0.145561,inf,nan,0.000000,0.145561,0.145561,0.145561,0.088846,-0.015480,0.136480,0.099522,0.000000,-0.000000,0.000011,3.043241,10,4
1780631218.365159,dhocbf_fixed,-2.147311,-19.924225,-0.416797,2.963072,1.668183,-2.438663,-18.324926,0.000000,45.000000,-0.827583,1.043454,-0.029275,1,5.360254,0.318605,0.401311,0.288663,0.288663,1.077124,0.027921,0.288663,0.288663,0.139112,0.910090,0.281752,0.182733,inf,nan,0.000000,0.182733,0.182733,0.182733,0.117256,0.083115,0.183855,0.125542,0.087731,-0.000000,0.000001,2.992243,10,4
1780631218.454594,dhocbf_fixed,-2.193128,-19.622700,-0.499556,3.067418,1.705734,-2.439394,-18.023292,0.000000,45.000000,1.781875,0.020852,-0.038238,1,5.087238,0.313295,0.302768,0.198862,0.198862,0.942148,0.028612,0.198862,0.198862,0.144921,0.768615,0.276634,0.175779,inf,nan,0.000000,0.175779,0.175779,0.175779,0.152243,-0.006414,0.174041,0.157650,0.000000,-0.000000,0.000347,3.107830,10,4
1780631218.566109,dhocbf_fixed,-2.234174,-19.315854,-0.321368,3.069503,1.711333,-2.440137,-17.716348,0.000000,45.000000,-0.273622,0.623135,-0.040821,1,4.223954,0.506075,0.544622,0.427351,0.427351,1.105959,0.028336,0.427351,0.427351,0.143833,0.933791,0.468312,0.349067,inf,nan,0.000000,0.349067,0.349067,0.349067,0.192618,-0.004454,0.351495,0.204074,0.003748,-0.000000,0.000000,3.086280,10,4
1780631218.652957,dhocbf_fixed,-2.267679,-19.005788,-0.348730,3.131817,1.703191,-2.440888,-17.406203,0.000000,45.000000,-0.256847,0.289399,-0.040319,1,4.221107,0.572574,0.683894,0.569174,0.569174,0.944781,0.028742,0.569148,0.569148,0.147116,0.768923,0.532574,0.435315,inf,nan,0.000000,0.435315,0.435315,0.435315,0.143157,-0.003163,0.449230,0.148915,0.000006,-0.000000,0.000000,3.151172,10,4
1780631218.786011,dhocbf_fixed,-2.303836,-18.691160,-0.374415,3.160756,1.688969,-2.441650,-17.091489,0.000000,45.000000,-6.618979,-3.013431,-0.038409,1,9.564326,0.575431,0.682137,0.573263,0.573263,0.774294,0.028913,0.562825,0.562825,0.148726,0.596654,0.550330,0.439296,inf,nan,0.000000,0.439296,0.439296,0.439296,0.117930,-0.008399,0.454683,0.127262,0.000000,-0.000000,0.004278,3.182855,10,4
1780631218.850266,dhocbf_fixed,-2.374373,-18.390151,-1.036313,2.859413,1.782843,-2.442379,-16.790311,0.000000,45.000000,3.495958,1.330154,-0.047906,1,3.458128,0.535216,0.660031,0.547197,0.547197,1.430700,0.027767,0.547197,0.547197,0.141575,1.261358,0.535254,0.437694,inf,nan,0.000000,0.437694,0.437694,0.437694,0.257747,0.126766,0.454630,0.262602,0.127974,-0.000000,0.000000,3.041412,10,4
1780631218.965155,dhocbf_fixed,-2.460524,-18.097559,-0.686717,2.992429,1.719695,-2.443088,-16.497512,0.000000,45.000000,-1.575459,-2.947380,-0.043075,1,9.284421,0.420587,0.538446,0.428776,0.428776,0.783667,0.027954,0.428730,0.428730,0.143023,0.612690,0.391557,0.284697,inf,nan,0.000000,0.284697,0.284697,0.284697,0.087481,-0.018447,0.298860,0.098599,0.000000,-0.000000,0.005952,3.070213,10,4
1780631219.054066,dhocbf_fixed,-2.537073,-17.813053,-0.844263,2.697691,1.682079,-2.443778,-16.212822,0.000000,45.000000,6.119280,1.816707,-0.037518,1,4.601766,0.690980,0.815285,0.697753,0.697753,1.083703,0.026290,0.697743,0.697743,0.130911,0.926503,0.655380,0.553931,inf,nan,0.000000,0.553931,0.553931,0.553931,0.163916,-0.002490,0.564754,0.169387,0.000000,-0.000000,0.000000,2.826714,10,4
1780631219.162868,dhocbf_fixed,-2.590903,-17.534201,-0.232335,2.879361,1.667067,-2.444453,-15.933841,0.000000,45.000000,2.796549,1.609977,-0.034231,1,4.068296,0.407501,0.490988,0.378980,0.378980,1.009119,0.026801,0.378980,0.378980,0.133967,0.848351,0.293612,0.197082,inf,nan,0.000000,0.197082,0.197082,0.197082,0.006784,0.077568,0.211219,0.015636,0.077833,-0.000000,0.000000,2.888720,10,4
1780631219.252036,dhocbf_fixed,-2.600154,-17.238214,0.047320,3.040359,1.607617,-2.445170,-15.637834,0.000000,45.000000,1.380993,0.879925,-0.026716,1,3.767483,0.360740,0.488304,0.374761,0.374761,1.145914,0.027899,0.374761,0.374761,0.141541,0.976474,0.321076,0.224109,inf,nan,0.000000,0.224109,0.224109,0.224109,0.094302,0.089001,0.237073,0.098743,0.088985,-0.000000,0.000000,3.040727,10,4
1780631219.364528,dhocbf_fixed,-2.588517,-16.929779,0.185419,3.128352,1.547075,-2.445917,-15.329429,0.000000,45.000000,0.551082,0.434080,-0.018073,1,4.149165,0.448289,0.541935,0.432806,0.432806,1.260729,0.028565,0.432806,0.432806,0.146237,1.085928,0.424911,0.313423,inf,nan,0.000000,0.313423,0.313423,0.313423,0.221782,0.099458,0.326306,0.228595,0.101284,-0.000000,0.000000,3.133842,10,4
1780631219.457019,dhocbf_fixed,-2.567220,-16.614773,0.240528,3.171760,1.513780,-2.446680,-15.014477,0.000000,45.000000,6.791866,-4.227358,-0.012196,1,8.866686,0.665210,0.709693,0.602322,0.602322,0.901425,0.028882,0.601920,0.601920,0.148625,0.723918,0.624203,0.525974,inf,nan,0.000000,0.525974,0.525974,0.525974,0.187428,-0.005751,0.536519,0.193755,0.000000,-0.000000,0.004142,3.180867,10,4
1780631219.560519,dhocbf_fixed,-2.509208,-16.318734,0.919714,2.749024,1.323651,-2.447396,-14.718580,0.000000,45.000000,-3.020543,1.731540,0.010107,1,3.780337,0.661039,0.719650,0.614189,0.614189,1.593441,0.026752,0.614189,0.614189,0.134465,1.432224,0.659736,0.552105,inf,nan,0.000000,0.552105,0.552105,0.552105,0.359555,0.147642,0.568305,0.365442,0.148768,-0.000000,0.000001,2.898794,10,4
1780631219.656111,dhocbf_fixed,-2.432339,-16.035174,0.617660,2.922178,1.398472,-2.448082,-14.435208,0.000000,45.000000,-3.659593,1.333672,0.007418,1,5.786005,0.810954,0.892927,0.778619,0.778619,0.660962,0.027346,0.494777,0.494777,0.138838,0.494779,0.361229,0.265036,inf,nan,0.000000,0.265036,0.265036,0.265036,0.046862,-0.008909,0.277450,0.051833,0.000000,-0.000000,0.004027,2.986742,10,4
1780631219.764316,dhocbf_fixed,-2.388871,-15.736288,0.251701,3.055545,1.462383,-2.448806,-14.136428,0.000000,45.000000,-3.769398,-1.719606,-0.000261,1,6.520155,0.734371,0.841199,0.730472,0.730472,0.636680,0.027940,0.465932,0.465932,0.142806,0.465935,0.312752,0.202142,inf,nan,0.000000,0.202142,0.202142,0.202142,0.037363,-0.011263,0.213945,0.040441,0.000000,-0.000000,0.008254,3.065894,10,4
1780631219.856884,dhocbf_fixed,-2.382548,-15.439332,-0.125239,2.883584,1.604312,-2.449525,-13.839489,0.000000,45.000000,-3.135888,-4.989682,-0.017633,1,7.939464,0.681397,0.775993,0.662485,0.662485,0.633223,0.026663,0.472676,0.472676,0.133847,0.472713,0.254069,0.157951,inf,nan,0.000000,0.157951,0.157951,0.157951,0.023756,-0.008211,0.164827,0.029161,0.000000,-0.000000,0.011664,2.886303,10,4
1780631219.961010,dhocbf_fixed,-2.410751,-15.175922,-0.438828,2.384616,1.758803,-2.450163,-13.576012,0.000000,45.000000,1.360748,3.289552,-0.038684,1,4.722244,0.624502,0.696887,0.585234,0.585234,1.125735,0.023703,0.585234,0.585234,0.111560,0.990471,0.517097,0.420013,inf,nan,0.000000,0.420013,0.420013,0.420013,0.083726,0.070975,0.429109,0.097094,0.068353,-0.000000,0.000000,2.424658,10,4
1780631220.063442,dhocbf_fixed,-2.447830,-14.921012,-0.302753,2.713571,1.722157,-2.450780,-13.321015,0.000000,45.000000,6.449571,-4.733184,-0.039687,1,14.512105,0.547545,0.556362,0.443100,0.443100,0.620000,0.025586,0.433177,0.433177,0.126202,0.468212,0.121774,0.028111,inf,nan,0.000000,0.028111,0.028111,0.028111,-0.028412,-0.018708,0.038124,0.000000,0.000000,-0.000000,0.017241,2.730408,10,4
1780631220.158091,dhocbf_fixed,-2.445858,-14.673321,0.342204,2.240253,1.407521,-2.451380,-13.073330,0.000000,45.000000,-1.082518,3.950421,-0.005447,1,4.994596,0.516905,0.590266,0.477458,0.477458,1.311786,0.022803,0.477458,0.477458,0.104158,1.184825,0.488058,0.380360,inf,nan,0.000000,0.380360,0.380360,0.380360,0.231177,0.119771,0.388688,0.238648,0.120933,-0.000000,0.000000,2.266238,10,4
1780631220.284526,dhocbf_fixed,-2.417050,-14.429544,0.233952,2.635295,1.445519,-2.451970,-12.829623,0.000000,45.000000,4.167690,-4.949621,-0.241283,0,34.348402,0.282224,0.326890,0.220184,0.220184,0.620000,0.025046,0.220180,0.220180,0.122097,0.472857,-0.108834,-0.236182,inf,nan,0.000000,-0.236182,-0.236182,-0.236182,-0.128336,-0.075883,-0.226779,-0.126179,-0.051285,-0.226779,0.094435,2.645659,9,4
1780631220.380422,dhocbf_fixed,-2.372816,-14.190762,0.650721,2.140333,1.347341,-2.452548,-12.590951,0.000000,45.000000,2.028253,-6.846278,-0.052664,0,31.400457,0.266594,0.245468,0.138890,0.138890,0.712180,0.022683,0.138890,0.138890,0.102808,0.586689,-0.106591,-0.213749,inf,nan,0.000000,-0.213749,-0.213749,-0.213749,-0.170459,-0.124481,-0.012116,-0.003964,0.025789,-0.012116,0.240000,2.237066,10,4
1780631220.449699,dhocbf_fixed,-2.297603,-14.010960,0.853546,1.455705,1.334505,-2.452983,-12.411332,0.000000,45.000000,-3.811440,7.033699,0.001181,1,4.819106,0.300211,0.380753,0.245700,0.245700,0.914475,0.020206,0.245700,0.245700,0.078181,0.816087,0.213036,0.118124,inf,nan,0.000000,0.118124,0.118124,0.118124,0.024243,-0.001161,0.132782,0.031030,0.000000,-0.000000,0.000002,1.687489,10,4
1780631220.570461,dhocbf_fixed,-2.231306,-13.830221,0.472402,2.159075,1.271646,-2.453421,-12.230754,0.000000,45.000000,5.656854,-5.656854,0.021505,1,12.162742,0.332845,0.328696,0.225215,0.225215,0.707948,0.022811,0.225215,0.225215,0.101567,0.583569,0.113259,0.019390,inf,nan,0.000000,0.019390,0.019390,0.019390,-0.052123,-0.010955,0.020189,-0.000000,0.002166,-0.000000,0.051525,2.210151,4,4
1780631220.677542,dhocbf_fixed,-2.155781,-13.642598,1.038088,1.593390,1.275450,-2.453874,-12.043315,0.000000,45.000000,-3.665638,-4.762573,0.072247,0,30.036768,0.267189,0.234161,0.121394,0.121394,0.862377,0.021542,0.121394,0.121394,0.087601,0.753233,-0.136093,-0.233859,inf,nan,0.000000,-0.233859,-0.233859,-0.233859,-0.137424,-0.054500,-0.065389,-0.036053,0.040312,-0.065389,0.240000,1.901714,10,4
1780631220.754049,dhocbf_fixed,-2.070300,-13.507072,0.671524,1.117132,1.696008,-2.454202,-11.907997,0.000000,45.000000,-5.125868,6.142107,-0.007563,1,5.269540,0.330454,0.440463,0.321411,0.321411,1.095860,0.019617,0.321411,0.321411,0.061867,1.014375,0.290454,0.188386,inf,nan,0.000000,0.188386,0.188386,0.188386,0.104025,0.030998,0.191727,0.111168,0.032549,-0.000000,0.000000,1.303430,10,4
1780631220.849445,dhocbf_fixed,-2.028777,-13.364648,0.158937,1.731343,1.516540,-2.454547,-11.765674,0.000000,45.000000,6.268383,2.101643,-0.007901,1,8.094751,0.263363,0.294875,0.191128,0.191128,0.854101,0.021424,0.191128,0.191128,0.080409,0.752268,0.125312,0.026240,inf,nan,0.000000,0.026240,0.026240,0.026240,-0.025775,0.004392,0.034231,0.000000,0.012443,-0.000000,0.016268,1.738623,3,4
1780631220.961622,dhocbf_fixed,-1.981542,-13.181006,0.785775,1.941507,1.752519,-2.454991,-11.582147,0.000000,45.000000,-5.656854,-5.656854,-0.033656,1,17.490351,0.299495,0.299211,0.196019,0.196019,0.970548,0.023338,0.196019,0.196019,0.096274,0.850936,0.064980,-0.032460,inf,nan,0.000000,-0.032460,-0.032460,-0.032460,-0.098121,0.033565,0.000000,-0.000000,0.060609,-0.000000,0.099359,2.094491,2,4
1780631221.051053,dhocbf_fixed,-1.931248,-13.015139,0.220090,1.375822,2.007066,-2.455393,-11.416404,0.000000,45.000000,-4.950793,6.284079,-0.067595,1,4.799891,0.290651,0.376347,0.262670,0.262670,1.135206,0.020729,0.262670,0.262670,0.065619,1.048857,0.250651,0.141710,inf,nan,0.000000,0.141710,0.141710,0.141710,0.083343,0.047338,0.143952,0.088303,0.053436,-0.000000,0.000000,1.393315,10,4
1780631221.144398,dhocbf_fixed,-1.933993,-12.846137,-0.274989,2.004230,1.766873,-2.455802,-11.247395,0.000000,45.000000,-3.799953,5.816655,-0.049494,1,4.888237,inf,inf,inf,inf,inf,0.023295,inf,inf,0.093037,inf,inf,inf,inf,nan,0.000000,inf,inf,inf,inf,inf,1423.427156,426.989757,85.381981,-0.000000,0.000000,2.023007,0,4
1780631221.245692,dhocbf_fixed,-1.980492,-12.616630,-0.654985,2.585895,1.691572,-2.456358,-11.017778,0.000000,45.000000,-1.617288,3.200458,-0.036453,1,7.153951,inf,inf,inf,inf,inf,0.026627,inf,inf,0.123154,inf,inf,inf,inf,nan,0.000000,inf,inf,inf,inf,inf,1423.261163,426.940054,85.371103,-0.000000,0.000000,2.667557,0,4
1780631221.361991,dhocbf_fixed,-2.054077,-12.342038,-0.816713,2.905941,1.751919,-2.457023,-10.743010,0.000000,45.000000,-2.833030,-0.143782,-0.039529,1,8.657610,0.323536,0.299962,0.185633,0.185633,0.668208,0.028609,0.185632,0.185632,0.140427,0.499171,0.205016,0.106107,inf,nan,0.000000,0.106107,0.106107,0.106107,-0.008575,-0.019947,0.109996,0.000000,0.000000,-0.000000,0.003679,3.018529,10,4
1780631221.459542,dhocbf_fixed,-2.149914,-12.052163,-1.100016,2.891563,1.775405,-2.457726,-10.452904,0.000000,45.000000,1.927851,1.398369,-0.042560,1,3.142581,0.280259,0.277418,0.155428,0.155428,1.096859,0.028726,0.155428,0.155428,0.144209,0.923925,0.242839,0.113072,inf,nan,0.000000,0.113072,0.113072,0.113072,0.128345,0.072901,0.111872,0.122171,0.085278,-0.000000,0.000001,3.093731,10,4
1780631221.596062,dhocbf_fixed,-2.250276,-11.756015,-0.907231,3.031400,1.788819,-2.458443,-10.156515,0.000000,45.000000,-2.146011,-0.058325,-0.781354,0,30.415305,0.352629,0.442021,0.326448,0.326448,0.620000,0.028926,0.325973,0.325973,0.147780,0.443294,-0.106227,-0.215538,inf,nan,0.000000,-0.215538,-0.215538,-0.215538,-0.193209,-0.121688,-0.052288,-0.026447,-0.014456,-0.052288,0.240000,3.164246,10,4
1780631221.671082,dhocbf_fixed,-2.351729,-11.453167,-1.121832,3.025567,1.733660,-2.459177,-9.853422,0.000000,45.000000,-5.656854,-5.656854,-0.218243,1,18.377435,0.519334,0.574564,0.442998,0.442998,0.620000,0.029205,0.421563,0.421563,0.150971,0.439824,0.072605,-0.026233,inf,nan,0.000000,-0.026233,-0.026233,-0.026233,-0.132670,-0.065527,0.000000,-0.000000,0.003073,-0.000000,0.133721,3.226851,10,4
1780631221.773783,dhocbf_fixed,-2.492197,-11.178894,-1.687518,2.459882,1.908223,-2.459842,-9.578811,0.000000,45.000000,7.352973,2.906754,-0.095066,1,6.777514,0.736414,0.739458,0.635323,0.635323,1.500417,0.027327,0.635323,0.635323,0.138654,1.334435,0.699223,0.598957,inf,nan,0.000000,0.598957,0.598957,0.598957,0.428550,0.131468,0.604066,0.432985,0.132364,-0.000000,0.000001,2.983075,10,4
1780631221.878385,dhocbf_fixed,-2.624184,-10.918372,-0.952221,2.750557,1.802775,-2.460474,-9.317971,0.000000,45.000000,-5.656854,-5.656854,-0.052155,1,21.438231,0.269501,0.257805,0.145574,0.145574,0.620000,0.026989,0.145574,0.145574,0.135056,0.457955,0.044555,-0.048827,inf,nan,0.000000,-0.048827,-0.048827,-0.048827,-0.125697,-0.005444,0.000000,-0.000000,0.000001,-0.000000,0.118867,2.910720,10,4
1780631221.956914,dhocbf_fixed,-2.747690,-10.671601,-1.517906,2.184872,1.857404,-2.461072,-9.070902,0.000000,45.000000,7.107526,3.671931,-0.047067,1,14.420112,inf,inf,inf,inf,inf,0.025682,inf,inf,0.122808,inf,inf,inf,inf,nan,0.000000,inf,inf,inf,inf,inf,1421.913346,426.474971,85.268139,-0.000000,0.000000,2.660395,0,4
1780631222.050730,dhocbf_fixed,-2.863943,-10.434754,-0.807153,2.552065,1.768689,-2.461646,-8.833775,0.000000,45.000000,7.404254,3.029361,-0.035833,1,6.340121,0.370982,0.463879,0.353294,0.353294,0.767467,0.026310,0.353291,0.353291,0.123595,0.617562,0.278546,0.171757,inf,nan,0.000000,0.171757,0.171757,0.171757,0.014430,0.001180,0.165002,0.013698,0.000001,-0.000000,0.000000,2.676664,6,4
1780631222.168877,dhocbf_fixed,-2.907637,-10.164401,-0.066728,2.855001,1.687403,-2.462301,-8.563318,0.000000,45.000000,-1.823374,-1.483520,-0.023916,1,8.391684,0.349235,0.427329,0.313404,0.313404,0.620000,0.027738,0.313235,0.313235,0.132341,0.459921,0.230434,0.131993,inf,nan,0.000000,0.131993,0.131993,0.131993,-0.017142,-0.011946,0.150575,0.000000,0.000000,-0.000000,0.012914,2.855781,10,4
1780631222.277843,dhocbf_fixed,-2.923427,-9.886318,-0.249065,2.706649,1.502005,-2.462975,-8.285199,0.000000,45.000000,5.218650,-5.976967,-0.000625,1,20.222622,0.274531,0.250525,0.135159,0.135159,0.620000,0.026907,0.135158,0.135158,0.125603,0.467490,0.164439,0.060917,inf,nan,0.000000,0.060917,0.060917,0.060917,-0.003383,-0.027848,0.071448,0.005913,-0.000000,-0.000000,0.025086,2.718084,10,4
1780631222.374214,dhocbf_fixed,-2.922240,-9.645538,0.272800,2.108952,1.162554,-2.463558,-8.044423,0.000000,45.000000,3.267570,4.449607,0.042163,1,6.147340,0.307047,0.387612,0.275193,0.275193,1.142461,0.023457,0.275193,0.275193,0.097734,1.021270,0.284938,0.168846,inf,nan,0.000000,0.168846,0.168846,0.168846,0.120185,0.047702,0.169157,0.134165,0.058687,-0.000000,0.000000,2.126523,10,4
1780631222.461188,dhocbf_fixed,-2.878622,-9.412395,0.599557,2.553913,1.319692,-2.464122,-7.811386,0.000000,45.000000,-5.656855,-5.656854,0.035480,1,20.348007,0.406441,0.387550,0.281000,0.281000,0.836549,0.026036,0.281000,0.281000,0.121022,0.689491,0.126767,0.028502,inf,nan,0.000000,0.028502,0.028502,0.028502,-0.075106,0.022614,0.039647,-0.000000,0.027108,-0.000000,0.070837,2.623345,1,4
1780631222.564767,dhocbf_fixed,-2.846951,-9.185288,0.033871,1.988228,1.562346,-2.464672,-7.584357,0.000000,45.000000,2.828634,5.007956,0.007161,1,14.057532,0.636878,0.616470,0.508208,0.508208,1.569745,0.022354,0.508208,0.508208,0.091484,1.455907,0.600704,0.499738,inf,nan,0.000000,0.499738,0.499738,0.499738,0.345735,0.152652,0.516467,0.351955,0.153831,-0.000000,0.000000,1.988516,8,4
1780631222.666293,dhocbf_fixed,-2.829420,-8.961425,0.316734,2.489023,1.551176,-2.465214,-7.360539,0.000000,45.000000,-5.656854,-5.656854,0.001281,1,24.773786,0.273245,0.262744,0.154833,0.154833,0.744555,0.025075,0.154833,0.154833,0.115557,0.603923,0.039898,-0.053533,inf,nan,0.000000,-0.053533,-0.053533,-0.053533,-0.103558,0.009831,0.000000,-0.000000,0.011432,-0.000000,0.101378,2.509095,6,4
1780631222.758924,dhocbf_fixed,-2.826031,-8.740807,-0.248951,1.923338,1.691518,-2.465748,-7.139930,0.000000,45.000000,3.888153,5.295523,-0.015508,1,11.616066,1.813794,1.833374,1.728472,1.728472,2.187561,0.022015,1.728472,1.728472,0.089281,2.076265,1.776694,1.673651,inf,nan,0.000000,1.673651,1.673651,1.673651,0.659458,0.225918,1.680728,0.661707,0.226214,-0.000000,0.000000,1.939383,10,4
1780631222.852000,dhocbf_fixed,-2.831486,-8.521996,0.139864,2.452890,1.681583,-2.466278,-6.921107,0.000000,45.000000,2.924886,3.769759,-0.018524,1,12.752761,inf,inf,inf,inf,inf,0.024769,inf,inf,0.113081,inf,inf,inf,inf,nan,0.000000,inf,inf,inf,inf,inf,1420.353517,426.030589,85.175684,-0.000000,0.000000,2.456874,0,4
1780631222.963510,dhocbf_fixed,-2.802875,-8.257858,0.432353,2.829866,1.598804,-2.466918,-6.657040,0.000000,45.000000,-7.780254,1.862162,-0.010117,1,17.840283,0.320900,0.398276,0.284706,0.284706,0.975733,0.027225,0.284706,0.284706,0.132682,0.815826,0.201854,0.107090,inf,nan,0.000000,0.107090,0.107090,0.107090,-0.023181,0.074831,0.127852,0.000000,0.074819,-0.000000,0.012284,2.862703,4,4
1780631223.067788,dhocbf_fixed,-2.798541,-7.965561,-0.345672,3.016082,1.416444,-2.467625,-6.364755,0.000000,45.000000,4.904104,-2.755426,0.011876,1,9.106262,1.777853,1.743742,1.630573,1.630573,0.673759,0.028428,0.504037,0.504037,0.141295,0.504037,0.405289,0.299119,inf,nan,0.000000,0.299119,0.299119,0.299119,0.037561,-0.006997,0.313457,0.041578,0.000000,-0.000000,0.004310,3.035826,10,4
1780631223.163439,dhocbf_fixed,-2.808587,-7.677730,0.144738,2.740540,1.311308,-2.468322,-6.076901,0.000000,45.000000,2.757595,1.886067,0.028746,1,8.542453,0.304402,0.294608,0.188547,0.188547,1.283952,0.026448,0.188547,0.188547,0.126881,1.130623,0.274402,0.160215,inf,nan,0.000000,0.160215,0.160215,0.160215,0.224007,0.111094,0.150283,0.236578,0.110625,-0.000000,0.000000,2.744359,10,4
1780631223.281075,dhocbf_fixed,-2.780326,-7.394245,0.420498,2.929146,1.393741,-2.469009,-5.793487,0.000000,45.000000,5.745106,-5.486588,0.023834,1,21.938503,0.351804,0.412392,0.301977,0.301977,0.620000,0.027794,0.301841,0.301841,0.137463,0.454743,0.312877,0.216371,inf,nan,0.000000,0.216371,0.216371,0.216371,0.046178,-0.016920,0.227939,0.049350,0.000000,-0.000000,0.012173,2.959175,10,4
1780631223.362202,dhocbf_fixed,-2.709550,-7.128764,0.995008,2.380487,1.182731,-2.469651,-5.528178,0.000000,45.000000,-1.847353,3.276483,0.045399,1,7.214208,0.447860,0.492654,0.386183,0.386183,1.484807,0.025014,0.386183,0.386183,0.118944,1.340848,0.424470,0.318661,inf,nan,0.000000,0.318661,0.318661,0.318661,0.283104,0.138403,0.333492,0.289989,0.139536,-0.000000,0.000000,2.580070,10,4
1780631223.506350,dhocbf_fixed,-2.619286,-6.874332,0.810273,2.708136,1.245731,-2.470267,-5.273967,0.000000,45.000000,-0.388757,-1.256171,0.241117,0,39.993646,0.589958,0.667973,0.541947,0.541947,0.620000,0.026381,0.460976,0.460976,0.130913,0.462707,0.085488,-0.007697,inf,nan,0.000000,-0.007697,-0.007697,-0.007697,-0.058572,-0.058185,0.005762,-0.003846,0.004001,-0.003846,0.072000,2.826754,10,4
1780631223.571619,dhocbf_fixed,-2.540203,-6.609800,0.771397,2.582518,1.375288,-2.470907,-5.009627,0.000000,45.000000,5.656854,-5.656855,0.076920,1,15.836873,0.434904,0.394885,0.285217,0.285217,0.632764,0.025392,0.285189,0.285189,0.124495,0.482877,0.054922,-0.037959,inf,nan,0.000000,-0.037959,-0.037959,-0.037959,-0.128586,-0.004770,0.000000,-0.000000,0.000000,-0.000000,0.134364,2.695265,10,4
1780631223.657519,dhocbf_fixed,-2.434779,-6.379832,1.337082,2.016833,1.232084,-2.471463,-4.779916,0.000000,45.000000,-5.836005,4.871939,0.050970,1,5.799716,1.104713,1.083535,0.973763,0.973763,1.756968,0.023673,0.973763,0.973763,0.111331,1.621963,1.069328,0.966280,inf,nan,0.000000,0.966280,0.966280,0.966280,0.505050,0.105480,0.983993,0.509968,0.098228,-0.000000,0.000001,2.419794,10,4
1780631223.758892,dhocbf_fixed,-2.330251,-6.153789,0.753482,2.504027,1.245101,-2.472010,-4.554128,0.000000,45.000000,-4.122462,3.305855,0.042737,1,6.010626,0.303892,0.408934,0.303036,0.303036,0.892146,0.024969,0.303036,0.303036,0.120617,0.746559,0.228383,0.127317,inf,nan,0.000000,0.127317,0.127317,0.127317,0.009175,0.038891,0.121567,0.000000,0.049426,-0.000000,0.000000,2.614935,8,4
1780631223.843626,dhocbf_fixed,-2.275515,-5.886857,0.341236,2.834612,1.362791,-2.472656,-4.287330,0.000000,45.000000,-3.581132,1.913330,0.027619,1,5.988543,inf,inf,inf,inf,inf,0.026665,inf,inf,0.132306,inf,inf,inf,inf,nan,0.000000,inf,inf,inf,inf,inf,1418.483052,425.506329,85.080727,-0.000000,0.000000,2.855078,0,4
1780631223.994103,dhocbf_fixed,-2.259297,-5.593829,-0.016877,3.025945,1.484257,-2.473365,-3.994343,0.000000,45.000000,1.608043,-1.154407,-0.203920,0,36.434363,0.319692,0.430673,0.324234,0.324234,0.620000,0.027915,0.323902,0.323902,0.140801,0.451284,-0.116402,-0.225474,inf,nan,0.000000,-0.225474,-0.225474,-0.225474,-0.210734,-0.130766,-0.036229,-0.019184,-0.001615,-0.036229,0.240000,3.025993,10,4
1780631224.080526,dhocbf_fixed,-2.252944,-5.297007,0.143927,2.910505,1.585793,-2.474084,-3.697538,0.000000,45.000000,0.625652,-2.392062,-0.358179,0,34.702685,0.345329,0.384981,0.257490,0.257490,0.643006,0.027137,0.257478,0.257478,0.135222,0.480647,-0.131960,-0.243432,inf,nan,0.000000,-0.243432,-0.243432,-0.243432,-0.255481,-0.154500,-0.047751,-0.025361,0.045239,-0.047751,0.240000,2.914061,10,4
1780631224.192659,dhocbf_fixed,-2.235423,-5.017917,0.206492,2.671299,1.642304,-2.474760,-3.418492,0.000000,45.000000,0.369203,-6.432526,-0.422011,0,24.036524,0.276199,0.239596,0.118880,0.118880,0.751498,0.025615,0.118880,0.118880,0.123721,0.602163,-0.117699,-0.235655,inf,nan,0.000000,-0.235655,-0.235655,-0.235655,-0.191145,-0.008735,-0.080186,-0.001582,0.151507,-0.080186,0.240000,2.679268,10,4
1780631224.263149,dhocbf_fixed,-2.212928,-4.782949,0.243412,2.028046,1.709020,-2.475329,-3.183580,0.000000,45.000000,5.656854,-5.656854,-0.120172,1,9.554506,0.269150,0.229968,0.120635,0.120635,0.801067,0.022081,0.120635,0.120635,0.093922,0.685064,0.069079,-0.027469,inf,nan,0.000000,-0.027469,-0.027469,-0.027469,-0.084121,-0.007460,0.000000,-0.000000,0.001279,-0.000000,0.077999,2.042601,10,4
1780631224.380152,dhocbf_fixed,-2.160303,-4.608429,0.809098,1.462361,1.470172,-2.475751,-3.009188,0.000000,45.000000,-7.458834,2.892369,-0.017932,1,8.174259,0.735760,0.695876,0.583749,0.583749,1.054454,0.020623,0.583749,0.583749,0.077477,0.956354,0.578253,0.476683,inf,nan,0.000000,0.476683,0.476683,0.476683,0.098141,-0.006752,0.492142,0.119981,-0.000000,-0.000000,0.016971,1.671268,10,4
1780631224.456814,dhocbf_fixed,-2.116687,-4.447731,0.063214,1.751597,1.470627,-2.476140,-2.848597,0.000000,45.000000,-0.420680,6.176487,0.007694,1,11.282545,0.299644,0.387404,0.278577,0.278577,0.958976,0.021148,0.278577,0.278577,0.081026,0.856802,0.205749,0.108223,inf,nan,0.000000,0.108223,0.108223,0.108223,-0.007232,0.042169,0.123821,0.000000,0.043245,-0.000000,0.003497,1.752738,1,4
1780631224.581142,dhocbf_fixed,-2.112469,-4.241689,0.021146,2.369246,1.650730,-2.476639,-2.642566,0.000000,45.000000,-0.570240,4.044464,-0.005558,1,15.198605,0.279787,0.354727,0.240931,0.240931,0.660362,0.024220,0.240929,0.240929,0.108961,0.527180,0.190295,0.095723,inf,nan,0.000000,0.095723,0.095723,0.095723,-0.006944,-0.007199,0.111577,0.000000,0.000000,-0.000000,0.005089,2.369340,10,4
1780631224.662056,dhocbf_fixed,-2.113206,-3.984542,-0.035878,2.773693,1.733227,-2.477261,-2.385419,0.000000,45.000000,-3.889251,-0.210319,-0.017758,1,9.720344,0.273995,0.238762,0.127644,0.127644,0.620000,0.026717,0.127644,0.127644,0.128324,0.464959,0.233801,0.118253,inf,nan,0.000000,0.118253,0.118253,0.118253,0.070207,-0.012078,0.127411,0.071415,0.000000,-0.000000,0.006394,2.773925,10,4
1780631224.770334,dhocbf_fixed,-2.136240,-3.708224,-0.424803,2.752661,1.747819,-2.477931,-2.109047,0.000000,45.000000,-1.450661,2.009207,-0.022267,1,4.324685,0.290994,0.252611,0.142198,0.142198,1.075550,0.026691,0.142198,0.142198,0.128878,0.919981,0.251814,0.138369,inf,nan,0.000000,0.138369,0.138369,0.138369,0.255172,0.026621,0.133189,0.249710,0.024731,-0.000000,0.000001,2.785246,10,4
1780631224.859001,dhocbf_fixed,-2.185973,-3.422912,-0.569869,2.953581,1.742277,-2.478622,-1.823616,0.000000,45.000000,-0.186271,1.285533,-0.022697,1,3.574838,0.470933,0.450153,0.338865,0.338865,1.345261,0.028040,0.338865,0.338865,0.139903,1.177318,0.436076,0.321521,inf,nan,0.000000,0.321521,0.321521,0.321521,0.302882,0.103176,0.311463,0.295329,0.115834,-0.000000,0.000000,3.008055,10,4
1780631224.984240,dhocbf_fixed,-2.243891,-3.121127,-0.588496,3.082135,1.748080,-2.479353,-1.521692,0.000000,45.000000,-5.656854,-5.656855,-0.023319,1,11.563603,0.659608,0.634209,0.512831,0.512831,0.633394,0.028804,0.454221,0.454221,0.146438,0.458152,0.166526,0.070276,inf,nan,0.000000,0.070276,0.070276,0.070276,-0.071842,-0.000134,0.062792,-0.000000,0.003257,-0.000000,0.063781,3.137815,10,4
1780631225.057184,dhocbf_fixed,-2.331025,-2.841197,-1.154181,2.516449,1.947422,-2.480031,-1.241554,0.000000,45.000000,3.370157,2.651743,-0.045030,1,4.823230,0.888457,0.891847,0.777644,0.777644,1.353188,0.025974,0.777644,0.777644,0.128059,1.199154,0.835502,0.729680,inf,nan,0.000000,0.729680,0.729680,0.729680,0.215127,0.120413,0.736327,0.225471,0.106643,-0.000000,0.000000,2.768511,10,4
1780631225.184812,dhocbf_fixed,-2.429593,-2.576294,-0.817166,2.781623,1.855754,-2.480673,-0.976413,0.000000,45.000000,-5.656857,-5.656851,-0.040160,1,15.799351,0.306730,0.327507,0.223264,0.223264,0.842703,0.026741,0.223264,0.223264,0.134484,0.681479,0.170639,0.076368,inf,nan,0.000000,0.076368,0.076368,0.076368,-0.044896,0.040448,0.119252,0.000000,0.043354,-0.000000,0.035877,2.899170,10,4
1780631225.256932,dhocbf_fixed,-2.539593,-2.326416,-1.382851,2.215938,1.936305,-2.481279,-0.726270,0.000000,45.000000,6.231829,3.990170,-0.047484,1,4.339997,0.804728,0.890462,0.776399,0.776399,1.559704,0.024852,0.776399,0.776399,0.120477,1.414374,0.765696,0.666926,inf,nan,0.000000,0.666926,0.666926,0.666926,0.297063,0.146371,0.661469,0.282217,0.146374,-0.000000,0.000000,2.612022,10,4
1780631225.380558,dhocbf_fixed,-2.646719,-2.084871,-0.759668,2.614955,1.859627,-2.481865,-0.484467,0.000000,45.000000,5.890609,1.308088,-0.040662,1,15.184915,0.364769,0.455289,0.346262,0.346262,0.620000,0.025723,0.345867,0.345867,0.125845,0.468432,0.324769,0.228752,inf,nan,0.000000,0.228752,0.228752,0.228752,0.066980,-0.015852,0.240892,0.072577,0.000000,-0.000000,0.005340,2.723066,10,4
1780631225.460064,dhocbf_fixed,-2.693233,-1.816835,-0.170608,2.745764,1.683825,-2.482514,-0.216320,0.000000,45.000000,7.228035,-0.694961,-0.019554,1,5.672371,0.276278,0.359877,0.248024,0.248024,0.670664,0.026021,0.248021,0.248021,0.127208,0.517435,0.251028,0.142879,inf,nan,0.000000,0.142879,0.142879,0.142879,0.068930,-0.020495,0.139929,0.073510,0.000000,-0.000000,0.003588,2.751059,10,4
1780631225.568336,dhocbf_fixed,-2.674154,-1.545733,0.552196,2.676268,1.523232,-2.483170,0.054734,0.000000,45.000000,-0.205762,2.323302,0.003390,1,5.791388,0.386259,0.425296,0.318779,0.318779,1.312519,0.025848,0.318779,0.318779,0.126311,1.160361,0.346666,0.250357,inf,nan,0.000000,0.250357,0.250357,0.250357,0.243683,0.091570,0.255838,0.244774,0.102153,-0.000000,0.000001,2.732642,10,4
1780631225.694992,dhocbf_fixed,-2.619963,-1.266490,0.531620,2.908598,1.474372,-2.483846,0.333844,0.000000,45.000000,-1.584715,-0.576601,-0.061509,0,32.520865,0.516431,0.479802,0.362163,0.362163,0.620000,0.027258,0.361090,0.361090,0.137344,0.455398,-0.033089,-0.127082,inf,nan,0.000000,-0.127082,-0.127082,-0.127082,-0.140553,-0.030824,-0.008775,-0.005245,0.021913,-0.008775,0.183169,2.956783,10,4
1780631225.802871,dhocbf_fixed,-2.574725,-0.978513,0.373148,2.850938,1.491860,-2.484543,0.621710,0.000000,45.000000,5.656854,-5.656854,-0.003364,1,26.148105,0.309765,0.274320,0.161883,0.161883,0.656748,0.026618,0.161883,0.161883,0.133302,0.496829,-0.143642,-0.232746,inf,nan,0.000000,-0.232746,-0.232746,-0.232746,-0.200851,-0.014948,-0.000000,-0.000000,0.035003,-0.000000,0.234328,2.875254,10,4
1780631225.858655,dhocbf_fixed,-2.509126,-0.721704,0.938834,2.285253,1.268983,-2.485165,0.878359,0.000000,45.000000,4.312434,-0.416241,0.035460,1,5.455583,0.263856,0.322325,0.212136,0.212136,0.620000,0.023970,0.212133,0.212133,0.113730,0.482300,0.177969,0.078320,inf,nan,0.000000,0.078320,0.078320,0.078320,-0.007493,-0.004730,0.083063,0.000000,0.000000,-0.000000,0.012394,2.470585,10,4
1780631225.964965,dhocbf_fixed,-2.393680,-0.495260,1.370077,2.243629,1.434555,-2.485713,1.104522,0.000000,45.000000,-6.576697,4.258664,0.026911,1,15.468906,inf,inf,inf,inf,inf,0.024984,inf,inf,0.121288,inf,inf,inf,inf,nan,0.000000,inf,inf,inf,inf,inf,1414.673537,424.363874,84.849167,-0.000000,0.000000,2.628874,0,4
1780631226.059798,dhocbf_fixed,-2.289556,-0.249603,0.712407,2.669495,1.350351,-2.486307,1.349925,0.000000,45.000000,1.723636,0.498887,0.033803,1,17.429720,0.307155,0.380643,0.267408,0.267408,0.860060,0.026042,0.267408,0.267408,0.127787,0.706231,0.227011,0.121043,inf,nan,0.000000,0.121043,0.121043,0.121043,0.000569,0.060236,0.122708,0.000000,0.066519,-0.000000,0.009589,2.762920,2,4
1780631226.174224,dhocbf_fixed,-2.209697,0.019840,0.884771,2.719384,1.548459,-2.486959,1.619174,0.000000,45.000000,5.342246,-5.954864,0.013705,1,14.490916,0.266599,0.250870,0.146091,0.146091,0.821588,0.026939,0.146091,0.146091,0.132534,0.662115,0.131248,0.037474,inf,nan,0.000000,0.037474,0.037474,0.037474,-0.047026,0.029043,0.077198,-0.000000,0.031489,-0.000000,0.027696,2.859697,10,4
1780631226.258403,dhocbf_fixed,-2.094509,0.262005,1.418996,2.123897,1.402633,-2.487545,1.861057,0.000000,45.000000,-7.022083,3.832800,0.024471,1,5.642649,0.323320,0.283398,0.174531,0.174531,1.267540,0.025454,0.174531,0.174531,0.117712,1.124374,0.285616,0.176174,inf,nan,0.000000,0.176174,0.176174,0.176174,0.283114,0.096650,0.183735,0.285354,0.102204,-0.000000,0.000000,2.554308,10,4
1780631226.373429,dhocbf_fixed,-1.987719,0.493558,0.716787,2.507177,1.428468,-2.488105,2.092351,0.000000,45.000000,-7.362585,3.129271,0.024224,1,6.253555,0.347100,0.349985,0.246586,0.246586,1.015381,0.026402,0.246586,0.246586,0.120266,0.868713,0.308679,0.202126,inf,nan,0.000000,0.202126,0.202126,0.202126,0.202442,0.051140,0.204264,0.209674,0.057072,-0.000000,0.000000,2.607628,10,4
1780631226.460505,dhocbf_fixed,-1.952854,0.759922,-0.019471,2.820104,1.488990,-2.488749,2.358629,0.000000,45.000000,-5.326708,1.993071,0.017386,1,5.663400,0.277914,0.339198,0.228278,0.228278,0.967086,0.028024,0.228278,0.228278,0.130589,0.808473,0.243140,0.143472,inf,nan,0.000000,0.143472,0.143472,0.143472,0.192958,-0.006692,0.155075,0.195291,0.000000,-0.000000,0.000001,2.820172,10,4
1780631226.576850,dhocbf_fixed,-1.981434,1.051898,-0.552142,3.019411,1.599975,-2.489457,2.650673,0.000000,45.000000,-2.475201,0.987455,0.003510,1,4.547106,0.273655,0.335227,0.224364,0.224364,1.228380,0.029598,0.224364,0.224364,0.142986,1.055796,0.234050,0.138544,inf,nan,0.000000,0.138544,0.138544,0.138544,0.206092,0.080945,0.141210,0.201756,0.089336,-0.000000,0.000000,3.069480,10,4
1780631226.655099,dhocbf_fixed,-2.049024,1.358777,-0.799662,3.118157,1.721490,-2.490200,2.957713,0.000000,45.000000,-0.566326,0.474836,-0.013214,1,3.555658,0.537854,0.557940,0.451619,0.451619,1.351150,0.030318,0.451619,0.451619,0.150573,1.170259,0.501934,0.399710,inf,nan,0.000000,0.399710,0.399710,0.399710,0.322453,0.095899,0.398384,0.332557,0.101126,-0.000000,0.000000,3.219062,10,4
1780631226.772109,dhocbf_fixed,-2.131822,1.672966,-0.856295,3.165641,1.783934,-2.490961,3.272101,0.000000,45.000000,0.559523,0.227224,-0.024110,1,5.129100,0.841115,0.823824,0.716281,0.716281,1.458895,0.030366,0.716281,0.716281,0.153666,1.274864,0.800990,0.690464,inf,nan,0.000000,0.690464,0.690464,0.690464,0.358319,0.126088,0.696880,0.368159,0.127185,-0.000000,0.000000,3.279409,10,4
1780631226.866760,dhocbf_fixed,-2.214654,1.990667,-0.800342,3.188363,1.788838,-2.491731,3.590000,0.000000,45.000000,-7.431246,-2.962529,-0.027214,1,8.208212,0.965161,1.058750,0.947006,0.947006,0.967154,0.030093,0.782899,0.782899,0.154070,0.782991,0.957991,0.853330,inf,nan,0.000000,0.853330,0.853330,0.853330,0.246755,-0.013486,0.868096,0.251807,0.000000,-0.000000,0.010816,3.287279,10,4
1780631226.977299,dhocbf_fixed,-2.331845,2.294690,-1.543467,2.892110,1.837157,-2.492468,3.894306,0.000000,45.000000,7.995694,-0.262441,-0.033104,1,5.712710,1.068782,1.048360,0.938769,0.938769,0.801427,0.029696,0.618127,0.618127,0.153603,0.618128,0.340115,0.244060,inf,nan,0.000000,0.244060,0.244060,0.244060,-0.001946,0.003613,0.256392,0.000034,0.000000,-0.000000,0.003203,3.278199,10,4
1780631227.057403,dhocbf_fixed,-2.446213,2.582589,-0.743898,2.865866,1.663792,-2.493166,4.182480,0.000000,45.000000,3.486013,1.509120,-0.015440,1,3.672873,1.007536,1.072325,0.961657,0.961657,1.011757,0.027172,0.846527,0.846527,0.137546,0.847039,0.824416,0.725820,inf,nan,0.000000,0.725820,0.725820,0.725820,0.194358,0.035853,0.735526,0.193229,0.034896,-0.000000,0.000001,2.960840,10,4
1780631227.176938,dhocbf_fixed,-2.503173,2.876721,-0.395296,3.016778,1.671545,-2.493879,4.476748,0.000000,45.000000,6.928971,-1.463162,-0.011787,1,9.120993,0.564357,0.597333,0.490750,0.490750,0.620000,0.027750,0.444346,0.444346,0.141633,0.450617,0.326741,0.220901,inf,nan,0.000000,0.220901,0.220901,0.220901,-0.005945,-0.011701,0.234660,0.000000,0.000000,-0.000000,0.011349,3.042566,10,4
1780631227.259357,dhocbf_fixed,-2.508057,3.171083,0.297601,2.870462,1.529057,-2.494591,4.771121,0.000000,45.000000,-0.679299,1.399614,0.004686,1,5.000194,0.862287,0.971551,0.855076,0.855076,1.203592,0.026636,0.855036,0.855036,0.133825,1.043132,0.772649,0.673613,inf,nan,0.000000,0.673613,0.673613,0.673613,0.167151,0.071338,0.675012,0.167659,0.082244,-0.000000,0.000000,2.885848,10,4
1780631227.393463,dhocbf_fixed,-2.481694,3.465127,0.229671,3.010423,1.537185,-2.495303,5.065099,0.000000,45.000000,-5.656853,-5.656855,0.007920,1,21.506805,0.325065,0.454694,0.340615,0.340615,0.620000,0.027579,0.340041,0.340041,0.140459,0.451961,0.080413,-0.013177,inf,nan,0.000000,-0.013177,-0.013177,-0.013177,-0.061003,-0.074988,0.000001,0.000000,-0.000000,-0.000000,0.089221,3.019171,10,4
1780631227.464096,dhocbf_fixed,-2.487011,3.737885,-0.336014,2.444738,1.806438,-2.495964,5.337868,0.000000,45.000000,5.656854,-5.656854,-0.020670,1,12.427728,0.351378,0.395950,0.278169,0.278169,0.620000,0.023948,0.278147,0.278147,0.113594,0.482458,0.063766,-0.038421,inf,nan,0.000000,-0.038421,-0.038421,-0.038421,-0.087816,-0.038264,-0.000000,-0.000000,0.000000,-0.000000,0.097449,2.467721,10,4
1780631227.559225,dhocbf_fixed,-2.492328,3.954075,0.229671,1.879052,1.427464,-2.496487,5.554070,0.000000,45.000000,-0.630547,5.484245,0.013579,1,6.609660,0.801350,0.807077,0.702891,0.702891,1.522000,0.020940,0.702891,0.702891,0.087215,1.413844,0.761325,0.660805,inf,nan,0.000000,0.660805,0.660805,0.660805,0.331340,0.114561,0.675284,0.331561,0.120811,-0.000000,0.000000,1.893036,10,4
1780631227.662034,dhocbf_fixed,-2.472514,4.169401,0.166616,2.427477,1.453162,-2.497009,5.769347,0.000000,45.000000,5.656855,-5.656854,0.019256,1,15.072606,0.339926,0.420422,0.298224,0.298224,0.700959,0.023747,0.298221,0.298221,0.111963,0.565249,0.122833,0.027371,inf,nan,0.000000,0.027371,0.027371,0.027371,-0.021583,-0.012163,0.039740,-0.000000,0.000000,-0.000000,0.019184,2.433188,2,4
1780631227.783690,dhocbf_fixed,-2.427568,4.383865,0.732302,1.861791,1.287409,-2.497528,5.983700,0.000000,45.000000,-3.447796,5.559446,0.038600,1,10.742337,1.020642,1.053602,0.938243,0.938243,1.709665,0.021471,0.938243,0.938243,0.092028,1.596165,0.979577,0.875606,inf,nan,0.000000,0.875606,0.875606,0.875606,0.360104,0.165468,0.889340,0.367811,0.166533,-0.000000,0.000000,2.000633,10,4
1780631227.863370,dhocbf_fixed,-2.371577,4.597841,0.387522,2.417736,1.284547,-2.498046,6.197540,0.000000,45.000000,5.656856,-5.656853,0.043535,1,22.891405,0.284049,0.312950,0.207713,0.207713,0.832182,0.023932,0.207713,0.207713,0.112690,0.695560,0.147401,0.048837,inf,nan,0.000000,0.048837,0.048837,0.048837,-0.052302,0.010538,0.058729,0.000000,0.016011,-0.000000,0.047223,2.448595,1,4
1780631227.965796,dhocbf_fixed,-2.304540,4.811330,0.953208,1.852051,1.253384,-2.498562,6.410865,0.000000,45.000000,-5.533418,5.600008,0.047849,1,10.181052,1.280228,1.331680,1.225113,1.225113,1.945035,0.022081,1.225113,1.225113,0.095750,1.827204,1.259621,1.152488,inf,nan,0.000000,1.152488,1.152488,1.152488,0.475568,0.194235,1.169798,0.481251,0.195413,-0.000000,0.000000,2.082954,10,4
1780631228.066156,dhocbf_fixed,-2.236887,5.024536,0.399866,2.412051,1.264929,-2.499078,6.623905,0.000000,45.000000,-3.728479,3.038964,0.047396,1,20.798032,0.271279,0.407374,0.290759,0.290759,0.620000,0.024247,0.290725,0.290725,0.112519,0.483234,0.184655,0.083617,inf,nan,0.000000,0.083617,0.083617,0.083617,0.010221,-0.016441,0.089887,0.016661,0.000000,-0.000000,0.002943,2.444971,6,4
1780631228.170391,dhocbf_fixed,-2.215542,5.280936,0.027018,2.715948,1.423295,-2.499699,6.880252,0.000000,45.000000,-2.499397,1.553536,0.029750,1,17.132819,0.265398,0.311422,0.201810,0.201810,0.620000,0.026003,0.201808,0.201808,0.125506,0.468491,0.147150,0.051075,inf,nan,0.000000,0.051075,0.051075,0.051075,-0.003948,-0.011098,0.063604,0.000000,0.000000,-0.000000,0.003789,2.716082,5,4
1780631228.260786,dhocbf_fixed,-2.225338,5.560298,-0.222922,2.871301,1.562033,-2.500375,7.159637,0.000000,45.000000,-5.897624,-1.315420,0.010047,1,12.771515,0.310332,0.322450,0.217289,0.217289,0.620000,0.027071,0.217283,0.217283,0.133533,0.459396,0.165405,0.070929,inf,nan,0.000000,0.070929,0.070929,0.070929,0.007343,-0.013626,0.084962,0.000003,0.000000,-0.000000,0.006787,2.879942,10,4
1780631228.367477,dhocbf_fixed,-2.277118,5.840851,-0.812684,2.739759,1.696003,-2.501055,7.440313,0.000000,45.000000,1.168747,1.985807,-0.009506,1,8.402774,0.300876,0.426055,0.302616,0.302616,1.136340,0.026755,0.302616,0.302616,0.132438,0.977147,0.260876,0.160190,inf,nan,0.000000,0.160190,0.160190,0.160190,0.054918,0.095860,0.149354,0.061652,0.097575,-0.000000,0.000001,2.857750,6,4
1780631228.474589,dhocbf_fixed,-2.352543,6.124756,-0.695809,2.938340,1.729929,-2.501743,7.724399,0.000000,45.000000,-5.656854,-5.656854,-0.018077,1,16.914853,0.293337,0.342445,0.234062,0.234062,0.645478,0.027719,0.234057,0.234057,0.140481,0.477278,0.202345,0.099200,inf,nan,0.000000,0.099200,0.099200,0.099200,-0.007705,-0.043826,0.143263,0.048164,-0.000000,-0.000000,0.051983,3.019602,10,4
1780631228.593614,dhocbf_fixed,-2.450408,6.390306,-1.261495,2.372655,1.918242,-2.502387,7.990185,0.000000,45.000000,4.710746,3.292134,-0.040635,1,14.454322,0.386926,0.443476,0.334026,0.334026,1.426060,0.025320,0.334026,0.334026,0.124103,1.276637,0.359221,0.252738,inf,nan,0.000000,0.252738,0.252738,0.252738,0.237273,0.133821,0.254858,0.234101,0.133574,-0.000000,0.000000,2.687166,10,4
1780631228.656926,dhocbf_fixed,-2.553004,6.644032,-0.790420,2.701868,1.847249,-2.503002,8.244158,0.000000,45.000000,4.308769,2.506890,-0.038285,1,3.624448,0.540427,0.552687,0.448712,0.448712,1.547980,0.026169,0.448712,0.448712,0.130341,1.391470,0.515425,0.416805,inf,nan,0.000000,0.416805,0.416805,0.416805,0.367172,0.145049,0.413351,0.360578,0.144992,-0.000000,0.000000,2.815112,10,4
1780631228.760090,dhocbf_fixed,-2.610502,6.926753,-0.359543,2.952557,1.757052,-2.503686,8.527016,0.000000,45.000000,2.871889,1.336167,-0.027604,1,11.959244,inf,inf,inf,inf,inf,0.027336,inf,inf,0.138220,inf,inf,inf,inf,nan,0.000000,inf,inf,inf,inf,inf,1409.474260,422.781092,84.530034,-0.000000,0.000000,2.974368,0,4
1780631228.850297,dhocbf_fixed,-2.632097,7.228690,-0.072354,3.086174,1.651544,-2.504418,8.829004,0.000000,45.000000,1.674676,0.655329,-0.013267,1,5.646038,1.685015,1.770236,1.662897,1.662897,1.043719,0.028188,0.871660,0.871660,0.143870,0.871660,0.950946,0.849818,inf,nan,0.000000,0.849818,0.849818,0.849818,0.229158,0.005801,0.830052,0.227619,0.022754,-0.000000,0.000000,3.087022,8,4
1780631228.988812,dhocbf_fixed,-2.630959,7.540584,0.095113,3.151707,1.574627,-2.505173,9.140893,0.000000,45.000000,5.656857,-5.656852,-0.001222,1,20.147048,0.291311,0.267669,0.159356,0.159356,0.633629,0.028680,0.159356,0.159356,0.147216,0.457733,0.252573,0.155778,inf,nan,0.000000,0.155778,0.155778,0.155778,0.051130,-0.031139,0.170257,0.059301,0.000000,-0.000000,0.030047,3.153141,10,4
1780631229.059705,dhocbf_fixed,-2.593163,7.827470,0.660799,2.586021,1.290037,-2.505868,9.427686,0.000000,45.000000,5.578358,-5.734276,0.032755,1,7.026674,0.310318,0.327407,0.223497,0.223497,0.652617,0.025243,0.223495,0.223495,0.123229,0.504145,0.278407,0.176724,inf,nan,0.000000,0.176724,0.176724,0.176724,0.060158,-0.013905,0.189075,0.065865,0.000000,-0.000000,0.016958,2.669113,10,4
1780631229.174838,dhocbf_fixed,-2.499191,8.057401,1.218635,2.012594,1.194036,-2.506424,9.657388,0.000000,45.000000,-5.053806,4.885559,0.051492,1,5.028778,0.492617,0.505977,0.402199,0.402199,1.301332,0.023283,0.402199,0.402199,0.108187,1.169863,0.463206,0.355508,inf,nan,0.000000,0.355508,0.355508,0.355508,0.265680,0.031881,0.347826,0.275797,0.037711,-0.000000,0.000000,2.352787,10,4
1780631229.276386,dhocbf_fixed,-2.402597,8.283088,0.713254,2.501150,1.227759,-2.506970,9.882840,0.000000,45.000000,5.656854,-5.656854,0.052175,1,15.475744,0.316248,0.297187,0.190982,0.190982,0.704741,0.024823,0.190982,0.190982,0.119941,0.559977,0.068630,-0.024642,inf,nan,0.000000,-0.024642,-0.024642,-0.024642,-0.114175,-0.007477,0.000000,-0.000000,0.000001,-0.000000,0.108095,2.600862,10,4
1780631229.376108,dhocbf_fixed,-2.302987,8.504919,1.278940,1.935464,1.226704,-2.507506,10.104428,0.000000,45.000000,-6.432637,4.756173,0.052127,1,6.502672,0.649648,0.751309,0.635366,0.635366,1.225035,0.023360,0.635366,0.635366,0.106649,1.095026,0.558293,0.455765,inf,nan,0.000000,0.455765,0.455765,0.455765,0.093285,0.061492,0.450241,0.089609,0.076049,-0.000000,0.000000,2.319851,10,4
1780631229.455856,dhocbf_fixed,-2.207256,8.722246,0.635676,2.411082,1.287970,-2.508032,10.321522,0.000000,45.000000,-5.981340,3.331150,0.045143,1,6.612003,0.332158,0.458997,0.339875,0.339875,0.820428,0.024674,0.339875,0.339875,0.114815,0.680939,0.283987,0.188331,inf,nan,0.000000,0.188331,0.188331,0.188331,0.051714,0.016299,0.188721,0.055888,0.000001,-0.000000,0.000001,2.493471,10,4
1780631229.575070,dhocbf_fixed,-2.173596,8.980010,0.037542,2.744197,1.401575,-2.508656,10.579203,0.000000,45.000000,-7.946890,-0.920293,0.030705,1,10.052340,0.359073,0.455599,0.345116,0.345116,0.664810,0.026391,0.345031,0.345031,0.126886,0.511533,0.319073,0.219092,inf,nan,0.000000,0.219092,0.219092,0.219092,0.065562,-0.003581,0.210583,0.070895,0.000000,-0.000000,0.001937,2.744453,10,4
1780631229.660081,dhocbf_fixed,-2.209576,9.249828,-0.757147,2.652167,1.639310,-2.509310,10.849107,0.000000,45.000000,0.092749,2.402738,0.001048,1,5.646222,0.353984,0.445631,0.333815,0.333815,1.222315,0.026338,0.333815,0.333815,0.127553,1.068424,0.326488,0.214604,inf,nan,0.000000,0.214604,0.214604,0.214604,0.125816,0.088604,0.207288,0.135387,0.084028,-0.000000,0.000001,2.758127,10,4
1780631229.774400,dhocbf_fixed,-2.284827,9.527059,-0.747872,2.892441,1.713620,-2.509981,11.126518,0.000000,45.000000,1.321199,1.588048,-0.014472,1,4.590690,0.419627,0.475296,0.360901,0.360901,0.953995,0.027669,0.360901,0.360901,0.138878,0.787448,0.302087,0.205711,inf,nan,0.000000,0.205711,0.205711,0.205711,0.039347,0.006632,0.220851,0.044620,0.007061,-0.000000,0.000000,2.987562,10,4
1780631229.856492,dhocbf_fixed,-2.353008,9.824243,-0.615752,3.051246,1.733562,-2.510701,11.423866,0.000000,45.000000,1.428188,0.823203,-0.020431,1,3.797972,0.377484,0.466738,0.357111,0.357111,1.076371,0.028421,0.357111,0.357111,0.145170,0.902780,0.302878,0.206659,inf,nan,0.000000,0.206659,0.206659,0.206659,0.037122,0.083290,0.221857,0.042330,0.084530,-0.000000,0.000000,3.112756,10,4
1780631229.990423,dhocbf_fixed,-2.407442,10.133484,-0.472934,3.133566,1.707910,-2.511451,11.733236,0.000000,45.000000,-6.787382,4.234554,-0.019024,1,17.997830,0.347742,0.475349,0.362138,0.362138,0.620000,0.028757,0.360512,0.360512,0.148024,0.443219,0.307742,0.211201,inf,nan,0.000000,0.211201,0.211201,0.211201,0.053300,-0.042663,0.219477,0.079965,-0.000000,-0.000000,0.034017,3.169054,10,4
1780631230.063060,dhocbf_fixed,-2.488673,10.468013,-1.151672,3.557022,1.445085,-2.512261,12.067960,0.000000,45.000000,1.820119,-7.790197,0.010066,1,13.145338,0.441360,0.565971,0.453788,0.453788,0.620000,0.033417,0.403404,0.403404,0.177805,0.408778,0.126999,0.002188,inf,nan,0.000000,0.002188,0.002188,0.002188,-0.044516,-0.112397,0.004575,-0.000000,-0.000000,-0.000000,0.109696,3.738817,10,4
1780631230.180975,dhocbf_fixed,-2.594739,10.784764,-0.969660,2.778002,1.356426,-2.513029,12.384967,0.000000,45.000000,5.169150,1.335041,0.026929,1,9.656250,0.688714,0.782600,0.666458,0.666458,1.459095,0.027077,0.666458,0.666458,0.136627,1.295392,0.655881,0.550246,inf,nan,0.000000,0.550246,0.550246,0.550246,0.365219,0.125242,0.537267,0.369733,0.125152,-0.000000,0.000001,2.942369,10,4
1780631230.261393,dhocbf_fixed,-2.665859,11.069239,-0.452745,2.911506,1.526985,-2.513718,12.669613,0.000000,45.000000,-7.336278,-3.190458,0.012401,1,13.420077,0.261657,0.295263,0.191905,0.191905,0.620000,0.027216,0.191903,0.191903,0.136832,0.455952,0.093643,0.000437,inf,nan,0.000000,0.000437,0.000437,0.000437,-0.021897,-0.012448,0.015084,0.000000,0.000000,-0.000000,0.014793,2.946497,10,4
1780631230.354385,dhocbf_fixed,-2.747815,11.344438,-1.186373,2.592460,1.676769,-2.514385,12.945008,0.000000,45.000000,6.792965,2.508316,-0.007620,1,9.594176,inf,inf,inf,inf,inf,0.026760,inf,inf,0.132107,inf,inf,inf,inf,nan,0.000000,inf,inf,inf,inf,inf,1406.403377,421.835940,84.342883,-0.000000,0.000000,2.851023,0,4
1780631230.454602,dhocbf_fixed,-2.832488,11.616225,-0.507076,2.843292,1.667688,-2.515044,13.216999,0.000000,45.000000,5.589897,1.825864,-0.011559,1,9.528069,0.278406,0.365462,0.251317,0.251317,0.945086,0.027321,0.251317,0.251317,0.133939,0.783827,0.190445,0.095938,inf,nan,0.000000,0.095938,0.095938,0.095938,0.006365,0.033012,0.107796,0.017059,0.038782,-0.000000,0.000000,2.888154,3,4
1780631230.572212,dhocbf_fixed,-2.855246,11.909684,0.051913,3.025878,1.601038,-2.515754,13.510511,0.000000,45.000000,1.713382,-1.035973,-0.005242,1,15.007335,0.276686,0.390508,0.284536,0.284536,0.917415,0.028397,0.284536,0.284536,0.140818,0.748200,0.240373,0.142518,inf,nan,0.000000,0.142518,0.142518,0.142518,0.131822,-0.000184,0.156426,0.137659,0.000000,-0.000000,0.000441,3.026323,5,4
1780631230.651482,dhocbf_fixed,-2.841488,12.207092,0.223252,2.922281,1.453849,-2.516474,13.807884,0.000000,45.000000,1.632108,0.804972,0.012430,1,8.789886,0.285419,0.354400,0.242242,0.242242,1.060545,0.027651,0.242242,0.242242,0.136052,0.896843,0.245127,0.149429,inf,nan,0.000000,0.149429,0.149429,0.149429,0.226175,0.019864,0.151724,0.234402,0.000002,-0.000000,0.000001,2.930796,6,4
1780631230.774568,dhocbf_fixed,-2.811002,12.503345,0.386463,3.002778,1.423952,-2.517192,14.104061,0.000000,45.000000,-5.387611,-0.581013,0.020024,1,9.071552,0.283280,0.270798,0.166881,0.166881,1.070329,0.028215,0.166881,0.166881,0.140879,0.901234,0.244665,0.147683,inf,nan,0.000000,0.147683,0.147683,0.147683,0.232818,-0.015986,0.157335,0.247854,0.000000,-0.000000,0.003347,3.027545,10,4
1780631230.853072,dhocbf_fixed,-2.799294,12.800717,-0.152299,2.944677,1.466718,-2.517912,14.401404,0.000000,45.000000,2.776613,1.142379,0.017158,1,4.639864,0.245992,0.220863,0.105063,0.105063,1.402081,0.027602,0.105063,0.105063,0.136937,1.237541,0.210216,0.107272,inf,nan,0.000000,0.107272,0.107272,0.107272,0.317653,0.124157,0.096388,0.311219,0.125745,-0.000000,0.000001,2.948613,10,4
1780631230.972980,dhocbf_fixed,-2.800641,13.100897,0.125363,3.058915,1.466634,-2.518639,14.701585,0.000000,45.000000,2.164420,0.765087,0.016319,1,7.149220,0.332362,0.396805,0.276457,0.276457,1.118974,0.028418,0.276457,0.276457,0.142584,0.947972,0.293839,0.193210,inf,nan,0.000000,0.193210,0.193210,0.193210,0.075544,0.089948,0.182277,0.085114,0.090222,-0.000000,0.000000,3.061482,10,4
1780631231.073841,dhocbf_fixed,-2.777282,13.410614,0.341805,3.135423,1.449633,-2.519388,15.011243,0.000000,45.000000,0.942813,0.396530,0.017855,1,10.089280,0.360244,0.465846,0.359204,0.359204,1.275511,0.029023,0.359204,0.359204,0.147259,1.099229,0.336021,0.226540,inf,nan,0.000000,0.226540,0.226540,0.226540,0.192100,0.107571,0.226543,0.198528,0.107390,-0.000000,0.000000,3.153999,10,4
1780631231.180985,dhocbf_fixed,-2.738388,13.726139,0.436086,3.175076,1.433179,-2.520152,15.326672,0.000000,45.000000,5.656881,-5.656827,0.019918,1,15.446728,0.571876,0.602059,0.489104,0.489104,0.639225,0.029286,0.451257,0.451257,0.149849,0.460089,0.219634,0.124781,inf,nan,0.000000,0.124781,0.124781,0.124781,-0.015516,-0.011950,0.139569,0.005382,0.000000,-0.000000,0.018867,3.204884,10,4
1780631231.253845,dhocbf_fixed,-2.666495,14.015362,1.001774,2.609394,1.212563,-2.520852,15.615720,0.000000,45.000000,-2.723583,2.245523,0.044296,1,4.597071,0.626303,0.658772,0.553114,0.553114,1.574791,0.026160,0.553114,0.553114,0.129359,1.419272,0.597131,0.489690,inf,nan,0.000000,0.489690,0.489690,0.489690,0.347123,0.146637,0.498734,0.349217,0.146834,-0.000000,0.000000,2.795083,10,4
1780631231.374923,dhocbf_fixed,-2.579935,14.287529,0.729416,2.833946,1.311611,-2.521511,15.887676,0.000000,45.000000,-4.325833,-3.824765,0.039354,1,9.479919,0.372985,0.496236,0.382105,0.382105,0.620000,0.026941,0.380115,0.380115,0.135829,0.457230,0.204933,0.104427,inf,nan,0.000000,0.104427,0.104427,0.104427,0.002060,-0.008904,0.106938,0.003900,0.000000,-0.000000,0.009554,2.926311,10,4
1780631231.456195,dhocbf_fixed,-2.528623,14.551800,0.296833,2.451469,1.582543,-2.522150,16.151821,0.000000,45.000000,4.046837,-4.972103,0.008334,1,7.134720,0.336438,0.423771,0.313985,0.313985,0.672886,0.023958,0.313972,0.313972,0.113673,0.535255,0.223405,0.126158,inf,nan,0.000000,0.126158,0.126158,0.126158,0.029349,-0.015279,0.124496,0.021738,0.000000,-0.000000,0.010473,2.469375,10,4
1780631231.571252,dhocbf_fixed,-2.478705,14.772087,0.701516,1.954259,1.396778,-2.522683,16.371985,0.000000,45.000000,-3.200984,5.201113,0.020752,1,5.046842,0.541370,0.582641,0.475781,0.475781,1.106202,0.021824,0.475781,0.475781,0.095451,0.988927,0.356795,0.257565,inf,nan,0.000000,0.257565,0.257565,0.257565,0.003623,0.053847,0.272479,0.007745,0.055202,-0.000000,0.000000,2.076356,10,4
1780631231.654651,dhocbf_fixed,-2.424559,14.993518,0.381418,2.474370,1.346946,-2.523219,16.593284,0.000000,45.000000,3.255446,1.967883,0.029183,1,5.249349,0.292215,0.375564,0.260328,0.260328,0.863070,0.024220,0.260328,0.260328,0.115296,0.723555,0.206541,0.105714,inf,nan,0.000000,0.105714,0.105714,0.105714,-0.000890,0.051321,0.106941,0.000000,0.062021,-0.000000,0.007773,2.503595,10,4
1780631231.776410,dhocbf_fixed,-2.370140,15.250795,0.706962,2.671159,1.568128,-2.523842,16.850427,0.000000,45.000000,-4.261995,2.539094,0.007075,1,6.912476,0.266265,0.373991,0.259096,0.259096,0.992429,0.025948,0.259096,0.259096,0.127797,0.838684,0.235457,0.128598,inf,nan,0.000000,0.128598,0.128598,0.128598,0.058495,0.073932,0.114666,0.057995,0.079813,-0.000000,0.000001,2.763130,10,4
1780631231.855530,dhocbf_fixed,-2.320753,15.530606,0.280763,2.925068,1.522084,-2.524519,17.130117,0.000000,45.000000,-3.598042,1.225707,0.006459,1,4.566015,0.283640,0.388330,0.275826,0.275826,0.931014,0.027262,0.275826,0.275826,0.136435,0.767317,0.243640,0.142595,inf,nan,0.000000,0.142595,0.142595,0.142595,0.118219,-0.008853,0.137439,0.127734,0.000001,-0.000000,0.000003,2.938512,10,4
1780631231.973751,dhocbf_fixed,-2.310667,15.829241,-0.079041,3.047639,1.573122,-2.525242,17.428726,0.000000,45.000000,-2.710977,0.030864,0.000706,1,4.699539,0.333917,0.410511,0.296673,0.296673,1.041665,0.028082,0.296673,0.296673,0.141939,0.871645,0.299064,0.198674,inf,nan,0.000000,0.198674,0.198674,0.198674,0.219454,-0.011469,0.204246,0.226246,0.000002,-0.000000,0.000001,3.048664,10,4
1780631232.054658,dhocbf_fixed,-2.332126,16.134159,-0.350139,3.050725,1.639118,-2.525981,17.733695,0.000000,45.000000,-0.376578,0.707464,-0.007925,1,3.804130,0.494526,0.513787,0.409400,0.409400,1.436341,0.028190,0.409400,0.409400,0.143050,1.265101,0.458378,0.357662,inf,nan,0.000000,0.357662,0.357662,0.357662,0.328605,0.128974,0.368325,0.331843,0.127386,-0.000000,0.000000,3.070753,10,4
1780631232.173319,dhocbf_fixed,-2.369023,16.442769,-0.387797,3.121472,1.665515,-2.526728,18.042392,0.000000,45.000000,-6.933465,-3.990873,-0.012905,1,8.908202,0.720062,0.712364,0.607457,0.607457,1.046373,0.028667,0.607454,0.607454,0.146826,0.870880,0.688827,0.583205,inf,nan,0.000000,0.583205,0.583205,0.583205,0.286911,-0.020959,0.593449,0.299908,0.000000,-0.000000,0.004602,3.145468,10,4
1780631232.253318,dhocbf_fixed,-2.442470,16.734962,-1.081143,2.722384,1.827470,-2.527436,18.334761,0.000000,45.000000,3.520212,1.864445,-0.031731,1,3.613306,0.958218,0.948889,0.843374,0.843374,1.748106,0.026979,0.843374,0.843374,0.135973,1.585154,0.918722,0.819835,inf,nan,0.000000,0.819835,0.819835,0.819835,0.485047,0.161300,0.827308,0.479242,0.164669,-0.000000,0.000000,2.929206,10,4
1780631232.382243,dhocbf_fixed,-2.532983,17.016523,-0.729122,2.908829,1.761023,-2.528119,18.616539,0.000000,45.000000,3.212563,-7.326625,-0.028972,1,18.379600,0.936382,1.060910,0.944188,0.944188,0.620000,0.027432,0.453127,0.453127,0.139441,0.453127,0.372850,0.275056,inf,nan,0.000000,0.275056,0.275056,0.275056,0.043374,-0.028379,0.277143,0.041439,0.000000,-0.000000,0.024373,2.998817,10,4
1780631232.458021,dhocbf_fixed,-2.589833,17.270773,-0.407866,2.176166,1.466352,-2.528735,18.870925,0.000000,45.000000,2.596631,4.041030,0.003961,1,5.151210,0.935237,1.057274,0.946222,0.946222,1.324727,0.022550,0.946218,0.946218,0.101747,1.200430,0.915886,0.816419,inf,nan,0.000000,0.816419,0.816419,0.816419,0.272209,0.090086,0.825378,0.279348,0.090073,-0.000000,0.000000,2.214058,10,4
1780631232.586462,dhocbf_fixed,-2.617636,17.508594,-0.148203,2.580269,1.598626,-2.529311,19.108813,0.000000,45.000000,-3.554233,-2.217008,-0.002233,1,15.034574,0.711275,0.696296,0.589894,0.589894,0.620000,0.024711,0.475603,0.475603,0.119158,0.476131,0.155703,0.035636,inf,nan,0.000000,0.035636,0.035636,0.035636,-0.009394,-0.003021,0.034217,0.000000,0.000000,-0.000000,0.006231,2.584522,10,4
1780631232.658325,dhocbf_fixed,-2.650228,17.755536,-0.503626,2.358569,1.626778,-2.529909,19.355832,0.000000,45.000000,0.213161,-1.134023,-0.006833,1,8.715706,0.586682,0.582167,0.477961,0.477961,0.620000,0.023720,0.461603,0.461603,0.110952,0.485328,0.112270,0.018477,inf,nan,0.000000,0.018477,0.018477,0.018477,-0.008638,-0.013533,0.022699,0.000000,0.000000,-0.000000,0.003430,2.411739,10,4
1780631232.771922,dhocbf_fixed,-2.699524,17.985723,-0.482310,2.245166,1.551992,-2.530467,19.586137,0.000000,45.000000,4.154320,-0.592032,0.000253,1,11.387595,0.436222,0.460127,0.355470,0.355470,0.620000,0.023162,0.355225,0.355225,0.105557,0.491280,0.106801,0.010616,inf,nan,0.000000,0.010616,0.010616,0.010616,-0.009867,-0.014719,0.018416,0.000000,0.000000,-0.000000,0.013082,2.296387,10,4
1780631232.861052,dhocbf_fixed,-2.726984,18.207279,-0.066878,2.185963,1.492832,-2.531003,19.807759,0.000000,45.000000,-4.363454,-5.751251,0.008416,1,12.010527,0.316299,0.406026,0.297678,0.297678,0.620000,0.022639,0.297651,0.297651,0.100502,0.496859,0.127498,0.027839,inf,nan,0.000000,0.027839,0.027839,0.027839,-0.009237,-0.013824,0.036378,0.000000,0.000000,-0.000000,0.021000,2.186986,10,4
1780631232.975560,dhocbf_fixed,-2.755489,18.397119,-0.503223,1.610838,1.675881,-2.531463,19.997667,0.000000,45.000000,-7.744394,-2.006082,-0.009529,1,9.040968,0.307562,0.327852,0.215883,0.215883,0.709220,0.020395,0.215883,0.215883,0.078186,0.610638,0.124306,0.029345,inf,nan,0.000000,0.029345,0.029345,0.029345,-0.007273,-0.009997,0.030422,0.000000,0.000009,-0.000000,0.011175,1.687612,10,4
1780631233.056363,dhocbf_fixed,-2.844533,18.548173,-1.277663,1.410230,1.651702,-2.531830,20.148935,0.000000,45.000000,-0.665405,5.257569,-0.011321,1,5.373092,0.262569,0.255116,0.151748,0.151748,0.749554,0.021637,0.151748,0.151748,0.087656,0.640262,0.126547,0.031294,inf,nan,0.000000,0.031294,0.031294,0.031294,-0.010676,-0.011151,0.039463,0.000000,0.003485,-0.000000,0.006777,1.902937,10,4
1780631233.178344,dhocbf_fixed,-2.975626,18.715484,-1.344203,1.935987,1.446016,-2.532235,20.316562,0.000000,45.000000,3.508445,3.759760,0.010699,1,5.664560,0.349747,0.328421,0.221105,0.221105,0.800812,0.024606,0.221105,0.221105,0.108378,0.667827,0.170971,0.070351,inf,nan,0.000000,0.070351,0.070351,0.070351,-0.011790,0.004666,0.080655,0.000000,0.003550,-0.000000,0.005956,2.356889,10,4
1780631233.253922,dhocbf_fixed,-3.092504,18.927881,-0.993359,2.311963,1.479327,-2.532750,20.529241,0.000000,45.000000,7.142731,3.602970,0.012509,1,4.893031,0.294480,0.315617,0.211322,0.211322,0.899837,0.026303,0.211322,0.211322,0.115902,0.757632,0.191764,0.090464,inf,nan,0.000000,0.090464,0.090464,0.090464,-0.003455,0.017724,0.100364,0.000000,0.020418,-0.000000,0.001529,2.516333,10,4
1780631233.371528,dhocbf_fixed,-3.156127,19.177092,-0.279085,2.672260,1.575439,-2.533354,20.778605,0.000000,45.000000,7.323718,2.674096,0.002447,1,5.472867,0.285637,0.381925,0.268729,0.268729,1.009358,0.027855,0.268729,0.268729,0.124085,0.857418,0.219446,0.121356,inf,nan,0.000000,0.121356,0.121356,0.121356,0.017205,0.068318,0.125787,0.029135,0.062776,-0.000000,0.000000,2.686794,10,4
1780631233.463455,dhocbf_fixed,-3.147417,19.457689,0.453286,2.939669,1.560248,-2.534034,21.059179,0.000000,45.000000,4.002839,1.416914,0.001568,1,4.198115,0.277121,0.366095,0.257552,0.257552,1.060539,0.029733,0.257552,0.257552,0.138222,0.892583,0.250851,0.144320,inf,nan,0.000000,0.144320,0.144320,0.144320,0.100285,0.043793,0.141911,0.090846,0.069236,-0.000000,0.000000,2.974412,10,4
1780631233.584504,dhocbf_fixed,-3.082074,19.758740,0.853570,3.081361,1.438023,-2.534762,21.360070,0.000000,45.000000,2.013083,0.365642,0.014617,1,15.435709,0.331352,0.377374,0.269575,0.269575,0.620000,0.030883,0.269501,0.269501,0.149467,0.439650,0.293326,0.193738,inf,nan,0.000000,0.193738,0.193738,0.193738,0.086249,-0.015544,0.184083,0.090499,0.000000,-0.000000,0.008983,3.197400,10,4
1780631233.656639,dhocbf_fixed,-2.986651,20.068705,1.054879,3.117925,1.345587,-2.535512,21.669802,0.000000,45.000000,4.200668,-6.429309,0.027851,1,7.518381,0.465854,0.503696,0.395340,0.395340,0.620000,0.030987,0.388919,0.388919,0.154289,0.434724,0.413919,0.315099,inf,nan,0.000000,0.315099,0.315099,0.315099,0.053691,-0.011949,0.318485,0.057792,0.000000,-0.000000,0.012340,3.291538,10,4
1780631233.773834,dhocbf_fixed,-2.860160,20.348351,1.474945,2.474994,1.093247,-2.536189,21.949140,0.000000,45.000000,-3.345245,2.787790,0.058457,1,5.699668,0.631571,0.683613,0.576827,0.576827,1.548731,0.027300,0.576827,0.576827,0.133593,1.387838,0.605293,0.494525,inf,nan,0.000000,0.494525,0.494525,0.494525,0.306787,0.144501,0.490433,0.318964,0.145493,-0.000000,0.000000,2.881156,10,4
1780631233.859813,dhocbf_fixed,-2.729392,20.609789,1.140421,2.753773,1.189314,-2.536821,22.210260,0.000000,45.000000,4.462235,-6.639914,0.055307,1,9.278259,0.710947,0.689760,0.580968,0.580968,0.620000,0.027551,0.453586,0.453586,0.138530,0.453919,0.173148,0.076996,inf,nan,0.000000,0.076996,0.076996,0.076996,-0.032589,-0.001774,0.080673,0.000000,0.000929,-0.000000,0.026696,2.980575,10,4
1780631233.974936,dhocbf_fixed,-2.593039,20.851967,1.586644,2.089782,1.094294,-2.528560,22.451622,0.000000,45.000000,-5.662334,5.651370,0.064478,1,10.114344,0.993010,0.998426,0.894088,0.894088,1.245185,0.024921,0.894067,0.894067,0.121047,1.099217,0.952629,0.854174,inf,nan,0.000000,0.854174,0.854174,0.854174,0.289700,-0.011266,0.862614,0.300240,0.000000,-0.000000,0.004059,2.623857,10,4
1780631234.063312,dhocbf_fixed,-2.462686,21.089202,1.020411,2.654919,1.137355,-2.502158,22.687065,0.000000,45.000000,5.542136,-5.225971,0.061669,1,8.972678,0.357653,0.405686,0.297693,0.297693,0.693344,0.026314,0.297686,0.297686,0.131774,0.535257,0.227106,0.132191,inf,nan,0.000000,0.132191,0.132191,0.132191,-0.024323,0.010017,0.157529,-0.000000,0.020644,-0.000000,0.019355,2.844263,10,4
1780631234.178833,dhocbf_fixed,-2.332934,21.328564,1.574624,2.132322,1.198357,-2.475518,22.924623,0.000000,45.000000,-6.993027,3.885560,0.053930,1,8.781955,1.246046,1.271044,1.165894,1.165894,1.360058,0.025122,1.160803,1.160803,0.122340,1.212596,0.972977,0.872533,inf,nan,0.000000,0.872533,0.872533,0.872533,0.167179,0.079315,0.867341,0.162199,0.079236,-0.000000,0.000000,2.650705,10,4
1780631234.260115,dhocbf_fixed,-2.210437,21.561224,0.875322,2.520878,1.304535,-2.449624,23.155539,0.000000,45.000000,-6.542587,3.303235,0.040088,1,5.983290,0.326700,0.446848,0.338361,0.338361,0.921946,0.025439,0.338361,0.338361,0.123201,0.773306,0.291527,0.193037,inf,nan,0.000000,0.193037,0.193037,0.193037,0.060849,0.062669,0.203959,0.062622,0.058020,-0.000000,0.000000,2.668522,10,4
1780631234.372721,dhocbf_fixed,-2.155618,21.829828,0.221063,2.851201,1.389038,-2.419705,23.422337,0.000000,45.000000,-3.826223,1.777002,0.027200,1,6.067873,0.313498,0.413039,0.306676,0.306676,1.014846,0.026752,0.306676,0.306676,0.132537,0.855557,0.273498,0.177291,inf,nan,0.000000,0.177291,0.177291,0.177291,0.119040,0.068112,0.184994,0.110494,0.081211,-0.000000,0.000000,2.859758,10,4
1780631234.461703,dhocbf_fixed,-2.152642,22.123833,-0.161559,3.028901,1.517090,-2.386942,23.714503,0.000000,45.000000,-2.113324,-0.777230,0.009859,1,9.883527,0.331067,0.379185,0.271061,0.271061,0.620000,0.027844,0.271009,0.271009,0.141163,0.450993,0.292559,0.193041,inf,nan,0.000000,0.193041,0.193041,0.193041,0.071595,-0.010771,0.194100,0.070672,0.000000,-0.000000,0.005581,3.033207,10,4
1780631234.568311,dhocbf_fixed,-2.179365,22.422837,-0.372892,2.951178,1.641120,-2.349106,24.051900,0.000000,45.000000,-6.598278,-4.019240,-0.008073,1,7.407758,0.473076,0.519304,0.411572,0.411572,0.644804,0.028055,0.408952,0.408952,0.138234,0.478515,0.432782,0.334870,inf,nan,0.000000,0.334870,0.334870,0.334870,0.067580,-0.026789,0.335571,0.072630,0.000000,-0.000000,0.008256,2.974643,10,4
1780631234.652628,dhocbf_fixed,-2.249645,22.697858,-1.032719,2.549254,1.822520,-2.319521,24.315723,0.000000,45.000000,3.464916,2.791738,-0.032256,1,4.183645,0.624790,0.668362,0.561260,0.561260,1.418917,0.026124,0.561260,0.561260,0.127180,1.265614,0.590966,0.487378,inf,nan,0.000000,0.487378,0.487378,0.487378,0.294267,0.046297,0.481610,0.293441,0.059478,-0.000000,0.000000,2.750492,10,4
1780631234.794188,dhocbf_fixed,-2.335593,22.966742,-0.686228,2.828428,1.786703,-2.290811,24.571749,0.000000,45.000000,1.031385,-0.559995,-0.671760,0,29.074477,0.688932,0.699958,0.592106,0.592106,0.620000,0.026922,0.457773,0.457773,0.135044,0.458033,-0.118364,-0.222929,inf,nan,0.000000,-0.222929,-0.222929,-0.222929,-0.217682,-0.130319,-0.014809,-0.004080,-0.006269,-0.014809,0.240000,2.910484,10,4
1780631234.886301,dhocbf_fixed,-2.399059,23.246785,-0.583089,2.772429,1.646108,-2.260585,24.841286,0.000000,45.000000,0.393531,-1.864345,-0.372290,0,30.799990,0.549516,0.524819,0.412782,0.412782,0.620000,0.026282,0.408161,0.408161,0.131224,0.462494,-0.126952,-0.227432,inf,nan,0.000000,-0.227432,-0.227432,-0.227432,-0.212682,-0.125842,-0.022609,0.000024,0.042024,-0.022609,0.239998,2.833082,10,4
1780631234.974223,dhocbf_fixed,-2.455400,23.514706,-0.543736,2.585994,1.548945,-2.231613,25.099640,0.000000,45.000000,-5.656854,-5.656854,-0.086630,1,11.370104,0.303871,0.282608,0.174858,0.174858,0.754775,0.025033,0.174858,0.174858,0.121946,0.607796,0.081639,-0.011981,inf,nan,0.000000,-0.011981,-0.011981,-0.011981,-0.085230,0.024821,0.000000,-0.000000,0.024052,-0.000000,0.087799,2.642540,10,4
1780631235.062529,dhocbf_fixed,-2.538058,23.745022,-1.109422,2.020309,1.735633,-2.207133,25.317941,0.000000,45.000000,6.799470,4.215117,-0.034983,1,5.376927,1.271677,1.344525,1.229053,1.229053,1.640621,0.023168,1.229052,1.229052,0.105952,1.511500,1.221392,1.109949,inf,nan,0.000000,1.109949,1.109949,1.109949,0.317916,0.139013,1.103933,0.314069,0.145792,-0.000000,0.000001,2.304878,10,4
1780631235.170695,dhocbf_fixed,-2.615003,23.968128,-0.429475,2.441820,1.740069,-2.183381,25.529755,0.000000,45.000000,6.262952,3.387831,-0.022331,1,11.427372,0.294942,0.411471,0.304654,0.304654,0.995940,0.024439,0.304654,0.304654,0.114143,0.857359,0.238000,0.141840,inf,nan,0.000000,0.141840,0.141840,0.141840,0.028359,0.066106,0.155315,0.036063,0.064843,-0.000000,0.000000,2.479301,6,4
1780631235.253434,dhocbf_fixed,-2.626635,24.229249,0.196820,2.780604,1.671019,-2.154607,25.786345,0.000000,45.000000,3.802350,1.781323,-0.011476,1,11.269692,0.307336,0.415606,0.309630,0.309630,1.130149,0.026532,0.309630,0.309630,0.128991,0.974625,0.267954,0.171336,inf,nan,0.000000,0.171336,0.171336,0.171336,0.101177,0.094667,0.183690,0.105863,0.095294,-0.000000,0.000000,2.787561,2,4
1780631235.368525,dhocbf_fixed,-2.587942,24.516216,0.577055,2.958736,1.526464,-2.122346,26.074033,0.000000,45.000000,-0.873079,-3.439638,0.007021,1,18.455424,1.602781,1.577626,1.461783,1.461783,0.620000,0.028088,0.451688,0.451688,0.140225,0.451688,0.321723,0.223675,inf,nan,0.000000,0.223675,0.223675,0.223675,0.021923,-0.007058,0.238697,0.026496,0.000000,-0.000000,0.007649,3.014483,5,4
1780631235.460767,dhocbf_fixed,-2.534601,24.794892,0.489748,2.614772,1.400112,-2.090821,26.355155,0.000000,45.000000,1.924538,1.989340,0.025358,1,11.381755,0.293611,0.326618,0.220906,0.220906,1.066218,0.025596,0.220906,0.220906,0.122801,0.917822,0.263544,0.160435,inf,nan,0.000000,0.160435,0.160435,0.160435,0.213114,-0.008203,0.172382,0.218125,0.000000,-0.000000,0.000000,2.660242,10,4
1780631235.600582,dhocbf_fixed,-2.476004,25.066316,0.682201,2.813706,1.376003,-2.060034,26.629698,0.000000,45.000000,2.543958,-7.584740,0.032405,1,27.644128,0.471797,0.459407,0.354399,0.354399,0.620000,0.027071,0.353664,0.353664,0.134289,0.458641,0.156994,0.058617,inf,nan,0.000000,0.058617,0.058617,0.058617,-0.003805,-0.082218,0.069614,0.000000,-0.000000,-0.000000,0.074318,2.895227,10,4
1780631235.659358,dhocbf_fixed,-2.395064,25.309762,0.936597,2.055232,1.093484,-2.032068,26.879085,0.000000,45.000000,-6.737171,-1.037037,0.064722,1,9.475680,0.613365,0.678916,0.548289,0.548289,0.620000,0.022986,0.489330,0.489330,0.103803,0.493211,0.130224,0.018944,inf,nan,0.000000,0.018944,0.018944,0.018944,-0.016302,-0.014590,0.005944,0.000000,-0.000000,-0.000000,0.020108,2.258582,10,4
1780631235.778589,dhocbf_fixed,-2.335090,25.510100,0.262880,1.951528,1.376488,-2.009136,27.083577,0.000000,45.000000,-3.089559,-5.479674,0.041572,1,11.488295,0.444097,0.501462,0.377174,0.377174,0.620000,0.021437,0.376882,0.376882,0.090614,0.507949,0.073443,-0.047282,inf,nan,0.000000,-0.047282,-0.047282,-0.047282,-0.049746,-0.021167,-0.000000,-0.000000,0.006935,-0.000000,0.057399,1.969154,10,4
1780631235.857542,dhocbf_fixed,-2.324250,25.677855,-0.046076,1.403561,1.486839,-1.990423,27.250449,0.000000,45.000000,-7.142463,-3.603502,0.023502,1,7.577870,0.373331,0.345267,0.230631,0.230631,0.681626,0.019166,0.230631,0.230631,0.066081,0.596379,0.132372,0.032181,inf,nan,0.000000,0.032181,0.032181,0.032181,-0.018574,-0.001033,0.025475,-0.000000,0.002848,-0.000000,0.019680,1.404317,10,4
1780631235.959145,dhocbf_fixed,-2.364570,25.800193,-0.760322,1.043211,1.633229,-1.977375,27.366802,0.000000,45.000000,6.538719,4.609247,0.002895,1,6.665766,0.278019,0.353663,0.241105,0.241105,1.060562,0.018927,0.241105,0.241105,0.061347,0.980288,0.176435,0.073898,inf,nan,0.000000,0.073898,0.073898,0.073898,-0.023733,0.048347,0.083183,-0.000000,0.077200,-0.000000,0.029249,1.290883,10,4
1780631236.050270,dhocbf_fixed,-2.407908,25.927561,-0.106450,1.504135,1.701001,-1.963808,27.487788,0.000000,45.000000,-6.677832,2.811284,-0.009655,1,6.202936,0.325086,0.368784,0.260559,0.260559,0.783717,0.019833,0.260559,0.260559,0.070461,0.693422,0.138456,0.044246,inf,nan,0.000000,0.044246,0.044246,0.044246,-0.010995,-0.005265,0.053733,-0.000000,0.005051,-0.000000,0.014941,1.507898,6,4
1780631236.154756,dhocbf_fixed,-2.451943,26.092031,-0.774233,1.785264,1.372830,-1.946140,27.645339,0.000000,45.000000,5.656858,-5.656851,0.023001,1,8.660032,0.264396,0.354308,0.246381,0.246381,1.076852,0.021890,0.246381,0.246381,0.089574,0.965389,0.129532,0.030270,inf,nan,0.000000,0.030270,0.030270,0.030270,-0.051241,0.043520,0.013084,-0.000000,0.076246,-0.000000,0.061575,1.945920,10,4
1780631236.255332,dhocbf_fixed,-2.501082,26.242273,-0.208548,1.219579,1.118619,-1.930112,27.788273,0.000000,45.000000,5.041979,6.211155,0.058698,1,6.130682,0.315649,0.370416,0.260956,0.260956,1.063010,0.019492,0.260956,0.260956,0.059132,0.984386,0.269373,0.171378,inf,nan,0.000000,0.171378,0.171378,0.171378,0.045407,0.023921,0.185707,0.049401,0.024994,-0.000000,0.000000,1.237281,10,4
1780631236.389611,dhocbf_fixed,-2.496727,26.395287,0.295650,1.840694,1.341360,-1.913112,27.939869,0.000000,45.000000,-5.656855,-5.656854,0.042993,1,25.479743,0.276817,0.256194,0.145177,0.145177,0.806411,0.021892,0.145177,0.145177,0.085939,0.698580,0.087935,-0.006515,inf,nan,0.000000,-0.006515,-0.006515,-0.006515,-0.052589,0.008269,0.000000,-0.000000,0.014879,-0.000000,0.057684,1.864287,10,4
1780631236.456473,dhocbf_fixed,-2.495446,26.551072,-0.270035,1.275009,1.504157,-1.895843,28.093861,0.000000,45.000000,4.993337,6.250327,0.021066,1,12.178065,0.275206,0.374090,0.259527,0.259527,0.992206,0.019846,0.259527,0.259527,0.061862,0.910498,0.218837,0.123615,inf,nan,0.000000,0.123615,0.123615,0.123615,0.027646,0.000603,0.136412,0.037471,0.000638,-0.000000,0.000000,1.303291,10,4
1780631236.581772,dhocbf_fixed,-2.497483,26.709824,0.229298,1.900042,1.562206,-1.878287,28.250417,0.000000,45.000000,4.987911,5.400090,0.009159,1,10.283639,0.293325,0.416057,0.307012,0.307012,0.975194,0.022315,0.307012,0.307012,0.088141,0.864738,0.254935,0.158016,inf,nan,0.000000,0.158016,0.158016,0.158016,0.062049,-0.007287,0.172487,0.065714,0.000002,-0.000000,0.000001,1.913828,10,4
1780631236.658961,dhocbf_fixed,-2.449613,26.926829,0.728090,2.440051,1.568349,-1.853660,28.470028,0.000000,45.000000,2.278422,3.023035,0.005424,1,6.215645,0.307499,0.307100,0.203758,0.203758,0.941454,0.025569,0.203758,0.203758,0.117333,0.798553,0.270069,0.162792,inf,nan,0.000000,0.162792,0.162792,0.162792,0.160986,-0.009309,0.159836,0.172501,0.000000,-0.000000,0.000823,2.546362,10,4
1780631236.786653,dhocbf_fixed,-2.365412,27.185949,0.955932,2.742354,1.423103,-1.823918,28.735255,0.000000,45.000000,0.751379,1.854242,0.020301,1,6.487128,0.371035,0.397289,0.293411,0.293411,1.285111,0.027629,0.293411,0.293411,0.134732,1.122750,0.358070,0.248213,inf,nan,0.000000,0.248213,0.248213,0.248213,0.271251,0.081238,0.259815,0.278934,0.086516,-0.000000,0.000000,2.904189,10,4
1780631236.872658,dhocbf_fixed,-2.266062,27.469456,1.031070,2.927778,1.324903,-1.791287,29.026243,0.000000,45.000000,3.475754,4.821114,0.034552,1,13.048358,0.603226,0.594692,0.489932,0.489932,0.933327,0.028780,0.489930,0.489930,0.144728,0.759818,0.563851,0.465926,inf,nan,0.000000,0.465926,0.465926,0.465926,0.199232,-0.013019,0.480571,0.204764,0.000000,-0.000000,0.011252,3.104028,10,4
1780631236.997764,dhocbf_fixed,-2.145576,27.786339,1.378645,3.409890,1.410701,-1.754697,29.352535,0.000000,45.000000,6.246267,-3.477684,0.028551,1,20.137237,0.881772,0.857282,0.744634,0.744634,0.947842,0.033171,0.722483,0.722483,0.174552,0.740120,0.842552,0.738797,inf,nan,0.000000,0.738797,0.738797,0.738797,0.203549,-0.009429,0.746836,0.210393,0.000000,-0.000000,0.012150,3.678044,10,4
1780631237.058201,dhocbf_fixed,-1.976481,28.109940,2.003272,3.062121,1.262995,-1.716759,29.690843,0.000000,45.000000,-6.108686,0.226710,0.042951,1,4.620702,0.920626,0.992626,0.884524,0.884524,0.983502,0.032751,0.776544,0.776544,0.173546,0.777204,0.826165,0.718363,inf,nan,0.000000,0.718363,0.718363,0.718363,0.176394,0.045757,0.733686,0.182069,0.051701,-0.000000,0.000000,3.659192,10,4
1780631237.164168,dhocbf_fixed,-1.806697,28.417285,1.392403,3.084792,1.395412,-1.680613,30.013175,0.000000,45.000000,-5.517786,0.538512,0.031889,1,3.488759,0.886870,0.972662,0.859338,0.859338,1.021001,0.030404,0.822353,0.822353,0.159094,0.831504,0.842402,0.732870,inf,nan,0.000000,0.732870,0.732870,0.732870,0.204001,0.017430,0.747870,0.207189,0.025087,-0.000000,0.000000,3.384484,10,4
1780631237.276753,dhocbf_fixed,-1.695045,28.728457,0.840624,3.138643,1.454569,-1.644765,30.332847,0.000000,45.000000,-6.735778,-4.316167,0.022446,1,14.986884,0.855208,0.969462,0.858760,0.858760,0.620000,0.029417,0.438464,0.438464,0.152119,0.438464,0.370271,0.266773,inf,nan,0.000000,0.266773,0.266773,0.266773,0.044624,-0.023231,0.265773,0.040280,0.000000,-0.000000,0.009886,3.249266,10,4
1780631237.380731,dhocbf_fixed,-1.644662,29.020741,0.167047,2.707027,1.720940,-1.611770,30.627081,0.000000,45.000000,-0.955790,1.966384,-0.009061,1,5.592795,0.863713,0.966098,0.855461,0.855461,1.277991,0.025606,0.855459,0.855459,0.125316,1.127069,0.823713,0.725288,inf,nan,0.000000,0.725288,0.725288,0.725288,0.247893,0.081639,0.738868,0.244057,0.094223,-0.000000,0.000000,2.712176,10,4
1780631237.466252,dhocbf_fixed,-1.632736,29.301275,0.071468,2.903665,1.609515,-1.580553,30.905452,0.000000,45.000000,-7.479145,-2.839436,-0.004748,1,8.133251,0.880878,0.884193,0.770724,0.770724,0.620000,0.026868,0.458381,0.458381,0.134750,0.458382,0.228422,0.127796,inf,nan,0.000000,0.127796,0.127796,0.127796,0.004137,-0.011313,0.139722,0.017237,0.000000,-0.000000,0.010403,2.904545,10,4
1780631237.575724,dhocbf_fixed,-1.662985,29.577445,-0.676447,2.619722,1.709331,-1.550344,31.174842,0.000000,45.000000,3.442795,2.385482,-0.014508,1,8.956020,0.899307,0.962043,0.847287,0.847287,1.230038,0.025453,0.847279,0.847279,0.124999,1.079586,0.741140,0.640735,inf,nan,0.000000,0.640735,0.640735,0.640735,0.125936,0.081943,0.658168,0.144624,0.072599,-0.000000,0.000000,2.705646,10,4
1780631237.655097,dhocbf_fixed,-1.713416,29.851344,-0.332167,2.858270,1.668701,-1.520637,31.439755,0.000000,45.000000,-6.430501,-4.194687,-0.012431,1,6.655817,0.483502,0.498155,0.394285,0.394285,0.693400,0.026577,0.394067,0.394067,0.133413,0.533410,0.223350,0.126670,inf,nan,0.000000,0.126670,0.126670,0.126670,-0.023463,-0.006856,0.137607,-0.000000,0.000000,-0.000000,0.016200,2.877506,10,4
1780631237.782147,dhocbf_fixed,-1.778785,30.116198,-0.975217,2.438801,1.747542,-1.492117,31.694080,0.000000,45.000000,6.398062,2.912697,-0.020417,1,6.114192,0.579742,0.740708,0.626250,0.626250,1.338370,0.024996,0.626250,0.626250,0.121176,1.192197,0.566332,0.461341,inf,nan,0.000000,0.461341,0.461341,0.461341,0.116998,0.124663,0.461540,0.121616,0.125548,-0.000000,0.000000,2.626557,10,4
1780631237.883243,dhocbf_fixed,-1.844316,30.374641,-0.335411,2.730071,1.691836,-1.464309,31.942056,0.000000,45.000000,6.733084,-3.035010,-0.016188,1,22.549427,0.349810,0.439279,0.324655,0.324655,0.620000,0.025987,0.324458,0.324458,0.127185,0.466828,0.094042,-0.000398,inf,nan,0.000000,-0.000398,-0.000398,-0.000398,-0.019059,-0.009144,0.000000,0.000000,0.000004,-0.000000,0.020222,2.750598,10,4
1780631237.966942,dhocbf_fixed,-1.844192,30.632473,0.337897,2.426570,1.374079,-1.435754,32.196700,0.000000,45.000000,2.645122,2.932700,0.019542,1,5.946626,0.282317,0.367610,0.257132,0.257132,1.051442,0.024191,0.257132,0.257132,0.112755,0.914495,0.210739,0.107603,inf,nan,0.000000,0.107603,0.107603,0.107603,0.004733,0.086562,0.113133,0.015196,0.085986,-0.000000,0.000000,2.449983,10,4
1780631238.072395,dhocbf_fixed,-1.797177,30.889794,0.602409,2.719840,1.407940,-1.406672,32.456032,0.000000,45.000000,5.656854,-5.656854,0.024663,1,16.281103,0.286624,0.386792,0.279757,0.279757,0.620000,0.026249,0.279713,0.279713,0.128902,0.464849,0.189849,0.095347,inf,nan,0.000000,0.095347,0.095347,0.095347,-0.003848,-0.052235,0.109835,0.019819,-0.000000,-0.000000,0.044972,2.785754,10,4
1780631238.166208,dhocbf_fixed,-1.708652,31.133493,1.168095,2.154154,1.158310,-1.378584,32.706509,0.000000,45.000000,-1.819188,4.022773,0.052966,1,6.789090,0.332378,0.430131,0.323079,0.323079,1.346590,0.023997,0.323079,0.323079,0.112779,1.209814,0.293150,0.197062,inf,nan,0.000000,0.197062,0.197062,0.197062,0.166982,0.123115,0.200001,0.167452,0.123349,-0.000000,0.000000,2.450475,10,4
1780631238.290895,dhocbf_fixed,-1.600938,31.369023,0.986176,2.556432,1.179203,-1.351162,32.951042,0.000000,45.000000,0.900740,-5.904427,0.419563,0,32.596392,0.302293,0.305535,0.191413,0.191413,0.620000,0.025683,0.191411,0.191411,0.126672,0.467645,-0.097475,-0.198401,inf,nan,0.000000,-0.198401,-0.198401,-0.198401,-0.134727,-0.031288,-0.182044,-0.136128,-0.034835,-0.182044,0.045085,2.740052,10,4
1780631238.366619,dhocbf_fixed,-1.497817,31.595144,1.076250,1.965989,1.180175,-1.324839,33.185775,0.000000,45.000000,-3.168871,4.996295,0.146288,1,8.619840,0.263107,0.307291,0.197793,0.197793,1.054394,0.022668,0.197793,0.197793,0.103004,0.928721,0.230256,0.107495,inf,nan,0.000000,0.107495,0.107495,0.107495,0.087915,0.073527,0.094811,0.099305,0.068352,-0.000000,0.000000,2.241300,10,4
1780631238.456590,dhocbf_fixed,-1.406036,31.816724,0.759363,2.465618,1.183265,-1.299160,33.414768,0.000000,45.000000,-1.010293,3.092674,0.076692,1,11.498596,0.357074,0.448176,0.339329,0.339329,0.888125,0.024661,0.339329,0.339329,0.118936,0.744528,0.264477,0.154137,inf,nan,0.000000,0.154137,0.154137,0.154137,-0.001024,0.066200,0.165253,0.000000,0.066540,-0.000000,0.000448,2.579904,4,4
1780631238.579815,dhocbf_fixed,-1.335151,32.078749,0.658334,2.774886,1.313106,-1.269262,33.681389,0.000000,45.000000,-5.656854,-5.656854,0.044663,1,29.182255,0.265039,0.239489,0.124006,0.124006,0.873069,0.026483,0.124006,0.124006,0.132150,0.714435,-0.010980,-0.109906,inf,nan,0.000000,-0.109906,-0.109906,-0.109906,-0.161476,0.044705,-0.000000,-0.000000,0.050759,-0.000000,0.163695,2.851911,1,4
1780631238.656983,dhocbf_fixed,-1.297602,32.327954,0.092648,2.209200,1.684758,-1.241197,33.931657,0.000000,45.000000,-0.334854,4.051768,-0.004098,1,10.753042,0.341390,0.393981,0.287622,0.287622,1.333192,0.022605,0.287622,0.287622,0.101613,1.208974,0.305315,0.203326,inf,nan,0.000000,0.203326,0.203326,0.203326,0.206928,0.123925,0.199712,0.217012,0.124960,-0.000000,0.000000,2.211142,2,4
1780631238.788099,dhocbf_fixed,-1.290012,32.569132,0.059163,2.614377,1.594068,-1.214393,34.170681,0.000000,45.000000,0.013289,2.515823,-0.006388,1,15.447227,0.290648,0.360299,0.244762,0.244762,0.771469,0.024916,0.244762,0.244762,0.120623,0.625930,0.255101,0.146536,inf,nan,0.000000,0.146536,0.146536,0.146536,0.130623,-0.003861,0.142921,0.132273,0.000000,-0.000000,0.001029,2.615046,10,4
1780631238.856833,dhocbf_fixed,-1.284029,32.843149,0.060492,2.865959,1.554647,-1.183972,34.441958,0.000000,45.000000,0.623704,1.708295,-0.002599,1,4.435813,0.294494,0.272188,0.163663,0.163663,1.213148,0.026541,0.163663,0.163663,0.132874,1.053732,0.257767,0.136836,inf,nan,0.000000,0.136836,0.136836,0.136836,0.236007,0.091979,0.132631,0.234858,0.100085,-0.000000,0.000000,2.866598,10,4
1780631238.975192,dhocbf_fixed,-1.274861,33.138287,0.122862,3.036789,1.539082,-1.151173,34.734445,0.000000,45.000000,0.603297,0.865570,0.000060,1,4.783688,0.321230,0.287167,0.175497,0.175497,1.361813,0.027744,0.175497,0.175497,0.141468,1.192601,0.286658,0.185048,inf,nan,0.000000,0.185048,0.185048,0.185048,0.353712,0.116809,0.185683,0.343286,0.121085,-0.000000,0.000000,3.039273,10,4
1780631239.059017,dhocbf_fixed,-1.259558,33.446293,0.183192,3.123346,1.519148,-1.116872,35.040321,0.000000,45.000000,0.503175,0.398906,0.002895,1,3.690099,0.528776,0.490993,0.379936,0.379936,1.503427,0.028395,0.379936,0.379936,0.145977,1.329055,0.496193,0.391804,inf,nan,0.000000,0.391804,0.391804,0.391804,0.424164,0.136273,0.398526,0.420729,0.137105,-0.000000,0.000000,3.128714,10,4
1780631239.200262,dhocbf_fixed,-1.238723,33.760623,0.233509,3.163237,1.500587,-1.081802,35.353054,0.000000,45.000000,-6.448513,-4.734625,0.005607,1,15.336455,0.799556,0.794514,0.670536,0.670536,0.620000,0.028716,0.443108,0.443108,0.148166,0.443118,0.166150,0.071086,inf,nan,0.000000,0.071086,0.071086,0.071086,-0.018381,-0.020830,0.081418,0.000000,0.000721,-0.000000,0.006782,3.171844,10,4
1780631239.261109,dhocbf_fixed,-1.247615,34.053273,-0.411342,2.689774,1.720512,-1.049503,35.641086,0.000000,45.000000,-5.188337,-4.143108,-0.017726,1,7.261693,0.599926,0.589853,0.484898,0.484898,0.702712,0.025527,0.482242,0.482242,0.125747,0.551438,0.205744,0.107811,inf,nan,0.000000,0.107811,0.107811,0.107811,-0.024845,0.005354,0.120775,0.000000,0.003744,-0.000000,0.011620,2.721045,10,4
1780631239.383990,dhocbf_fixed,-1.314691,34.301535,-0.930176,2.275463,1.743092,-1.022841,35.878836,0.000000,45.000000,5.656854,-5.656854,-0.025905,1,9.390270,1.375676,1.336581,1.225445,1.225445,1.387342,0.023976,1.215423,1.215423,0.113146,1.250219,1.343769,1.236111,inf,nan,0.000000,1.236111,1.236111,1.236111,0.388428,-0.038884,1.241416,0.400776,-0.000000,-0.000000,0.021154,2.458243,10,4
1780631239.460250,dhocbf_fixed,-1.379424,34.500797,-0.364490,1.709778,1.305729,-1.001578,36.068454,0.000000,45.000000,4.401452,5.704552,0.019838,1,5.932470,0.328229,0.336588,0.233168,0.233168,0.932213,0.020569,0.233168,0.233168,0.080827,0.830816,0.180124,0.083303,inf,nan,0.000000,0.083303,0.083303,0.083303,-0.006203,-0.001104,0.094040,0.000000,0.001195,-0.000000,0.000000,1.748197,10,4
1780631239.613319,dhocbf_fixed,-1.393866,34.700298,0.075655,2.280233,1.500859,-0.979663,36.263878,0.000000,45.000000,-2.556925,-1.133480,-0.186553,0,32.739047,0.307491,0.384988,0.271532,0.271532,0.620000,0.023252,0.271519,0.271519,0.104865,0.491882,-0.140530,-0.241392,inf,nan,0.000000,-0.241392,-0.241392,-0.241392,-0.195848,-0.098959,-0.043641,-0.021300,-0.018147,-0.043641,0.240000,2.281488,10,4
1780631239.662405,dhocbf_fixed,-1.399085,34.922654,-0.180038,2.166885,1.432570,-0.955103,36.482894,0.000000,45.000000,6.568041,-4.567366,-0.033068,1,14.843090,0.302838,0.425185,0.316350,0.316350,0.620000,0.022778,0.316299,0.316299,0.099922,0.497300,0.128775,0.031503,inf,nan,0.000000,0.031503,0.031503,0.031503,-0.003552,-0.015353,0.023284,0.000000,-0.000000,-0.000000,0.015100,2.174352,10,4
1780631239.786670,dhocbf_fixed,-1.384249,35.116505,0.476767,1.710149,1.206966,-0.933450,36.675982,0.000000,45.000000,-5.803754,-0.861951,0.030081,1,12.107891,0.308677,0.438554,0.324520,0.324520,0.826998,0.020911,0.324520,0.324520,0.082017,0.724069,0.286867,0.175493,inf,nan,0.000000,0.175493,0.175493,0.175493,0.040936,-0.012919,0.187350,0.052838,0.000000,-0.000000,0.010412,1.775363,10,4
1780631239.867339,dhocbf_fixed,-1.365591,35.283210,-0.103609,1.623953,1.363707,-0.914756,36.842683,0.000000,45.000000,-7.988731,-0.424477,0.028610,1,12.710325,0.298424,0.342220,0.219455,0.219455,0.667612,0.020306,0.219455,0.219455,0.075574,0.571732,0.116125,0.022497,inf,nan,0.000000,0.022497,0.022497,0.022497,-0.009938,-0.024518,0.021241,0.000000,-0.000000,-0.000000,0.019950,1.627255,10,4
1780631239.982704,dhocbf_fixed,-1.415895,35.443483,-0.902482,1.581506,1.439666,-0.897631,36.995394,0.000000,45.000000,6.104177,5.170979,0.019788,1,7.640483,1.181379,1.296941,1.172768,1.172768,1.458913,0.021379,1.172717,1.172717,0.084020,1.353514,1.061632,0.960252,inf,nan,0.000000,0.960252,0.960252,0.960252,0.234157,0.106594,0.955130,0.233802,0.103628,-0.000000,0.000000,1.820888,10,4
1780631240.058977,dhocbf_fixed,-1.475623,35.627489,-0.292064,2.098604,1.586725,-0.877995,37.170500,0.000000,45.000000,-5.387164,-2.108914,0.001443,1,10.494359,0.294863,0.304588,0.201181,0.201181,0.824933,0.023185,0.201181,0.201181,0.097383,0.704366,0.143543,0.035325,inf,nan,0.000000,0.035325,0.035325,0.035325,-0.032944,0.002712,0.044362,-0.000000,0.000014,-0.000000,0.021292,2.118830,6,4
1780631240.182085,dhocbf_fixed,-1.531765,35.826805,-0.830781,1.887712,1.500898,-0.856619,37.361123,0.000000,45.000000,6.735105,4.317217,0.006193,1,6.663845,0.326051,0.461353,0.343144,0.343144,1.093488,0.023369,0.343144,0.343144,0.094819,0.975300,0.286051,0.190158,inf,nan,0.000000,0.190158,0.190158,0.190158,0.142569,0.052033,0.205039,0.146176,0.055732,-0.000000,0.000000,2.062439,10,4
1780631240.246175,dhocbf_fixed,-1.581167,36.037162,-0.157270,2.319434,1.560608,-0.833936,37.563397,0.000000,45.000000,7.265267,3.349015,0.000839,1,6.585153,0.350788,0.463313,0.356373,0.356373,1.132894,0.025256,0.356373,0.356373,0.106878,1.000761,0.316864,0.216402,inf,nan,0.000000,0.216402,0.216402,0.216402,0.126506,0.082433,0.230623,0.131975,0.082785,-0.000000,0.000000,2.324760,2,4
1780631240.347571,dhocbf_fixed,-1.560568,36.285850,0.569257,2.654335,1.545349,-0.806139,37.811278,0.000000,45.000000,4.623275,1.862897,0.001186,1,3.976947,0.264141,0.365275,0.259755,0.259755,1.117657,0.027668,0.259755,0.259755,0.125438,0.964551,0.239496,0.131160,inf,nan,0.000000,0.131160,0.131160,0.131160,0.098803,0.000920,0.141983,0.105872,0.000001,-0.000000,0.000001,2.714691,5,4
1780631240.461063,dhocbf_fixed,-1.480526,36.560598,1.031584,2.840625,1.413168,-0.774717,38.091478,0.000000,45.000000,3.671832,5.117708,0.015659,1,16.800601,0.320482,0.394896,0.281215,0.281215,0.635418,0.029431,0.281170,0.281170,0.140608,0.465378,0.279244,0.183824,inf,nan,0.000000,0.183824,0.183824,0.183824,0.116275,-0.035836,0.198801,0.116357,0.000000,-0.000000,0.034379,3.022138,10,4
1780631240.558579,dhocbf_fixed,-1.359008,36.870249,1.398767,3.352396,1.378435,-0.738915,38.410741,0.000000,45.000000,3.959830,-6.951241,0.022928,1,7.512454,0.581137,0.598471,0.494182,0.494182,0.620000,0.033759,0.412433,0.412433,0.172126,0.414116,0.498497,0.401050,inf,nan,0.000000,0.401050,0.401050,0.401050,0.067842,-0.044670,0.417676,0.073070,-0.000000,-0.000000,0.046720,3.632507,10,4
1780631240.649433,dhocbf_fixed,-1.199333,37.170733,1.794750,2.657272,1.032668,-0.703655,38.725177,0.000000,45.000000,-3.253578,1.526558,0.062247,1,5.146202,0.507374,0.488316,0.381125,0.381125,1.556190,0.029642,0.381125,0.381125,0.149936,1.376612,0.480087,0.371805,inf,nan,0.000000,0.371805,0.371805,0.371805,0.399042,0.093348,0.384606,0.402535,0.100846,-0.000000,0.000000,3.206590,10,4
1780631240.761834,dhocbf_fixed,-1.036125,37.444093,1.469392,2.809928,1.155690,-0.671354,39.013216,0.000000,45.000000,5.135136,-6.134361,0.058283,1,13.603506,0.899158,0.871066,0.754286,0.754286,0.620000,0.028935,0.442945,0.442945,0.148120,0.442946,0.173066,0.076376,inf,nan,0.000000,0.076376,0.076376,0.076376,0.001078,-0.021964,0.081910,0.002227,-0.000000,-0.000000,0.033690,3.170932,10,4
1780631240.856916,dhocbf_fixed,-0.863511,37.694414,1.982906,2.196492,1.057846,-0.641488,39.279545,0.000000,45.000000,-6.437765,3.906797,0.067572,1,4.890869,1.106199,1.110810,0.989469,0.989469,1.124472,0.027160,0.951178,0.951178,0.137461,0.959851,0.758382,0.655666,inf,nan,0.000000,0.655666,0.655666,0.655666,0.124472,0.009129,0.656012,0.134616,0.013769,-0.000000,0.000000,2.959137,10,4
1780631240.982558,dhocbf_fixed,-0.697409,37.933597,1.339129,2.587171,1.176769,-0.612937,39.534153,0.000000,45.000000,5.656832,-5.656877,0.056545,1,18.082712,0.519184,0.506166,0.400803,0.400803,0.620000,0.026882,0.397176,0.397176,0.135179,0.457939,0.127559,0.010056,inf,nan,0.000000,0.010056,0.010056,0.010056,-0.041473,-0.002060,0.011056,-0.000000,0.000379,-0.000000,0.053397,2.913198,10,4
1780631241.051641,dhocbf_fixed,-0.535212,38.164030,1.904813,2.021484,1.159320,-0.585403,39.779687,0.000000,45.000000,-6.787212,4.234827,0.055294,1,4.922764,0.784002,0.860282,0.747416,0.747416,1.254694,0.026241,0.747416,0.747416,0.128501,1.099952,0.560587,0.460761,inf,nan,0.000000,0.460761,0.460761,0.460761,0.069498,0.039957,0.470040,0.060566,0.060759,-0.000000,0.000000,2.777536,10,4
1780631241.179209,dhocbf_fixed,-0.378666,38.387352,1.226091,2.444966,1.254641,-0.558726,40.017573,0.000000,45.000000,0.498621,1.233235,0.044280,1,15.402624,0.319891,0.404628,0.294122,0.294122,0.620000,0.026463,0.294055,0.294055,0.126434,0.467103,0.155186,0.059898,inf,nan,0.000000,0.059898,0.059898,0.059898,-0.017783,-0.043778,0.069770,0.010015,0.000000,-0.000000,0.010819,2.735171,10,4
1780631241.288501,dhocbf_fixed,-0.253564,38.638015,1.275954,2.568290,1.494260,-0.529412,40.278977,0.000000,45.000000,-1.728071,-7.597820,-0.197953,0,32.851703,0.316863,0.298396,0.186042,0.186042,0.725389,0.027867,0.186042,0.186042,0.132933,0.564590,-0.086956,-0.202777,inf,nan,0.000000,-0.202777,-0.202777,-0.202777,-0.167942,-0.039758,-0.075988,-0.045639,0.030358,-0.075988,0.240000,2.867781,10,4
1780631241.372190,dhocbf_fixed,-0.134609,38.856855,1.103146,1.808508,1.787128,-0.503699,40.508273,0.000000,45.000000,-6.220711,5.030185,-0.076061,1,13.455047,0.286798,0.290233,0.186996,0.186996,0.933030,0.023997,0.186996,0.186996,0.097363,0.811669,0.197608,0.100406,inf,nan,0.000000,0.100406,0.100406,0.100406,0.016339,0.002242,0.113442,0.022771,0.000000,-0.000000,0.000000,2.118403,10,4
1780631241.453560,dhocbf_fixed,-0.055398,39.062856,0.481075,2.311526,1.536575,-0.479902,40.720489,0.000000,45.000000,-4.883044,4.679976,-0.017819,1,4.073070,0.276566,0.366811,0.255635,0.255635,0.930780,0.025721,0.255635,0.255635,0.108573,0.796485,0.188735,0.082701,inf,nan,0.000000,0.082701,0.082701,0.082701,-0.001642,0.015012,0.089314,0.000000,0.022116,-0.000000,0.000123,2.361056,4,4
1780631241.560194,dhocbf_fixed,-0.031706,39.317409,-0.007229,2.779524,1.499733,-0.451417,40.974504,0.000000,45.000000,-2.163652,2.877786,0.000898,1,8.330238,0.324336,0.419996,0.312664,0.312664,0.989652,0.028265,0.312664,0.312664,0.128598,0.832789,0.230084,0.134366,inf,nan,0.000000,0.134366,0.134366,0.134366,0.000671,0.083552,0.136432,0.000000,0.083397,-0.000000,0.000720,2.779533,2,4
1780631241.646343,dhocbf_fixed,-0.043247,39.609750,-0.223594,3.067302,1.617833,-0.419184,41.261936,0.000000,45.000000,-2.518911,1.317227,-0.007289,1,7.631422,inf,inf,inf,inf,inf,0.030012,inf,inf,0.143286,inf,inf,inf,inf,nan,0.000000,inf,inf,inf,inf,inf,1385.141201,415.508442,83.083266,-0.000000,0.000000,3.075441,0,4
1780631241.773022,dhocbf_fixed,-0.078201,39.923067,-0.475485,3.199025,1.677176,-0.384919,41.567491,0.000000,45.000000,-1.333235,-1.149662,-0.015779,1,10.548624,0.275641,0.251565,0.141934,0.141934,0.911263,0.030740,0.141934,0.141934,0.151346,0.729178,0.241702,0.136244,inf,nan,0.000000,0.136244,0.136244,0.136244,0.127188,-0.013597,0.126948,0.137973,0.000000,-0.000000,0.000094,3.234169,10,4
1780631241.858024,dhocbf_fixed,-0.132416,40.237221,-0.608809,3.084059,1.734314,-0.350801,41.871739,0.000000,45.000000,0.656890,0.782194,-0.023994,1,8.982879,0.285706,0.352160,0.222700,0.222700,1.210736,0.029534,0.222700,0.222700,0.146730,1.034472,0.245651,0.127699,inf,nan,0.000000,0.127699,0.127699,0.127699,0.136320,0.099987,0.133180,0.144235,0.101174,-0.000000,0.000001,3.143576,10,4
1780631241.977949,dhocbf_fixed,-0.190012,40.549538,-0.543120,3.162278,1.722792,-0.316928,42.173799,0.000000,45.000000,-0.501965,-0.596350,-0.024667,1,8.337800,0.337860,0.418426,0.296367,0.296367,0.999788,0.029607,0.296367,0.296367,0.150038,0.820143,0.309124,0.201957,inf,nan,0.000000,0.201957,0.201957,0.201957,0.193524,0.014345,0.213488,0.194899,0.000000,-0.000000,0.000011,3.208580,10,4
1780631242.059767,dhocbf_fixed,-0.246834,40.862784,-0.593316,3.102643,1.685232,-0.282943,42.476862,0.000000,45.000000,2.274265,0.559303,-0.020561,1,4.063315,0.372091,0.445337,0.339174,0.339174,1.110546,0.028917,0.339174,0.339174,0.147506,0.934123,0.371930,0.273219,inf,nan,0.000000,0.273219,0.273219,0.273219,0.199340,0.074577,0.280977,0.202171,0.067930,-0.000000,0.000000,3.158864,10,4
1780631242.184307,dhocbf_fixed,-0.294794,41.175845,-0.365890,3.158574,1.643992,-0.248868,42.780723,0.000000,45.000000,5.656857,-5.656852,-0.014939,1,13.333780,0.289209,0.313422,0.208801,0.208801,0.806170,0.028888,0.208801,0.208801,0.148565,0.628717,0.249079,0.153825,inf,nan,0.000000,0.153825,0.153825,0.153825,0.121372,-0.015114,0.162485,0.133137,0.000000,-0.000000,0.012088,3.179695,10,4
1780631242.258470,dhocbf_fixed,-0.303099,41.463418,0.199796,2.592888,1.341196,-0.217124,43.063805,0.000000,45.000000,0.312607,2.331985,0.019532,1,5.117882,0.351463,0.395586,0.288222,0.288222,1.157939,0.024812,0.288222,0.288222,0.119928,1.013199,0.319673,0.217177,inf,nan,0.000000,0.217177,0.217177,0.217177,0.271704,-0.023885,0.230231,0.275960,0.000010,-0.000000,0.000000,2.600575,10,4
1780631242.394774,dhocbf_fixed,-0.281556,41.734367,0.231057,2.826087,1.437982,-0.186849,43.333775,0.000000,45.000000,-0.138152,-2.248426,-0.068204,0,28.273542,0.476296,0.492356,0.380359,0.380359,0.620000,0.026334,0.378781,0.378781,0.131343,0.462322,-0.145019,-0.241558,inf,nan,0.000000,-0.241558,-0.241558,-0.241558,-0.224932,-0.157476,-0.017447,-0.008110,0.038371,-0.017447,0.240000,2.835517,10,4
1780631242.485542,dhocbf_fixed,-0.259141,42.005733,0.217241,2.601244,1.476867,-0.156518,43.604254,0.000000,45.000000,-0.989940,-6.682340,-0.128170,0,32.327743,0.290392,0.284197,0.180786,0.180786,0.628011,0.024854,0.180785,0.180785,0.120395,0.482762,-0.145309,-0.241458,inf,nan,0.000000,-0.241458,-0.241458,-0.241458,-0.160693,-0.077697,-0.040595,-0.002607,0.048035,-0.040595,0.239958,2.610300,10,4
1780631242.564617,dhocbf_fixed,-0.242367,42.232446,0.118247,1.933010,1.526117,-0.131202,43.830009,0.000000,45.000000,0.390709,5.145843,-0.027775,1,7.733058,0.305676,0.404226,0.296180,0.296180,1.020507,0.021170,0.296180,0.296180,0.089158,0.910178,0.240225,0.142905,inf,nan,0.000000,0.142905,0.142905,0.142905,0.023974,0.078636,0.155116,0.030069,0.076018,-0.000000,0.000001,1.936624,10,4
1780631242.658123,dhocbf_fixed,-0.228589,42.451476,0.157318,2.447595,1.517323,-0.106774,44.047845,0.000000,45.000000,6.408811,1.055599,-0.001513,1,17.680570,0.424101,0.457674,0.351930,0.351930,0.914747,0.023880,0.351930,0.351930,0.112881,0.777986,0.304856,0.199984,inf,nan,0.000000,0.199984,0.199984,0.199984,-0.001709,0.065726,0.201601,0.000000,0.073558,-0.000000,0.008146,2.452645,2,4
1780631242.764663,dhocbf_fixed,-0.180813,42.701514,0.798199,2.553155,1.573346,-0.078490,44.300068,0.000000,45.000000,-2.952842,1.832984,-0.001068,1,11.067613,0.292419,0.373372,0.262071,0.262071,1.047206,0.025265,0.262071,0.262071,0.123515,0.898427,0.260917,0.158455,inf,nan,0.000000,0.158455,0.158455,0.158455,0.141853,-0.004348,0.171607,0.147705,0.000000,-0.000000,0.000000,2.675018,10,4
1780631242.852080,dhocbf_fixed,-0.115757,42.965994,0.502915,2.736453,1.487190,-0.048392,44.568468,0.000000,45.000000,-1.854760,2.264389,0.008460,1,12.310473,inf,inf,inf,inf,inf,0.026010,inf,inf,0.128733,inf,inf,inf,inf,nan,0.000000,inf,inf,inf,inf,inf,1382.582917,414.723650,82.921312,-0.000000,0.000000,2.782283,0,4
1780631243.017658,dhocbf_fixed,-0.074739,43.250961,0.317439,2.962892,1.467378,-0.016323,44.854439,0.000000,45.000000,-0.075512,-0.736380,-0.098533,0,39.358066,0.330871,0.337345,0.233910,0.233910,0.620000,0.027390,0.233897,0.233897,0.138493,0.454117,-0.134433,-0.237274,inf,nan,0.000000,-0.237274,-0.237274,-0.237274,-0.165618,-0.162164,-0.108593,-0.051064,-0.046625,-0.108593,0.240000,2.979848,10,4
1780631243.081793,dhocbf_fixed,-0.043373,43.543569,0.309888,2.889254,1.504433,0.000000,45.000000,0.000000,45.000000,-0.909480,-3.678411,-0.152659,0,35.117331,0.308791,0.271317,0.154015,0.154015,0.620000,0.023933,0.154014,0.154014,0.134813,0.461254,-0.122863,-0.215500,inf,nan,0.000000,-0.215500,-0.215500,-0.215500,-0.189478,-0.087823,-0.156220,-0.011923,0.070558,-0.156220,0.239884,2.905825,10,4
1780631243.177359,dhocbf_fixed,-0.016932,43.814102,0.218940,2.521413,1.552967,0.000000,45.000000,0.000000,45.000000,-0.889574,-0.906562,-0.035071,1,8.140590,0.286739,0.324722,0.208463,0.208463,0.887456,0.016830,0.208463,0.208463,0.116595,0.754031,0.178603,0.084234,inf,nan,0.000000,0.084234,0.084234,0.084234,-0.007508,0.053668,0.098212,0.009511,0.054994,-0.000000,0.000001,2.530900,10,4
1780631243.268562,dhocbf_fixed,0.000514,44.061710,0.129982,2.430757,1.563242,0.000000,45.000000,0.000000,45.000000,-5.656854,-5.656855,-0.006571,1,22.336902,0.278428,0.403430,0.280721,0.280721,0.620000,0.012833,0.280705,0.280705,0.112012,0.495155,0.134212,0.037798,inf,nan,0.000000,0.037798,0.037798,0.037798,-0.005607,-0.034616,0.044034,0.006548,-0.000000,-0.000000,0.029184,2.434230,10,4
1780631243.392057,dhocbf_fixed,-0.014772,44.276502,-0.435703,1.865071,1.812964,0.000000,45.000000,0.000000,45.000000,1.639639,-2.260718,-0.026594,1,14.574203,0.883853,0.869380,0.762646,0.762646,1.285541,0.007806,0.762646,0.762646,0.088206,1.189530,0.843835,0.745621,inf,nan,0.000000,0.745621,0.745621,0.745621,0.380590,0.095752,0.743424,0.384156,0.095937,-0.000000,0.000000,1.915288,10,4
1780631243.455343,dhocbf_fixed,-0.050144,44.451705,-0.271739,1.638999,1.633866,0.000000,45.000000,0.000000,45.000000,1.776350,-2.561993,-0.011929,1,6.728502,1.037580,1.011542,0.896074,0.896074,1.277713,0.005283,0.896073,0.896073,0.077048,1.195382,0.996910,0.898127,inf,nan,0.000000,0.898127,0.898127,0.898127,0.411156,0.091638,0.903269,0.414454,0.092015,-0.000000,0.000000,1.661373,10,4
1780631243.569861,dhocbf_fixed,-0.068436,44.602795,-0.094104,1.382800,1.502561,0.000000,45.000000,0.000000,45.000000,1.161045,-2.793189,0.006111,1,12.913541,0.299538,0.406238,0.282138,0.282138,0.669331,0.003361,0.282137,0.282137,0.065312,0.600658,0.256657,0.161220,inf,nan,0.000000,0.161220,0.161220,0.161220,0.046369,0.008859,0.174319,0.053766,0.009755,-0.000000,0.000000,1.385998,3,4
1780631243.652921,dhocbf_fixed,-0.072041,44.727109,0.022000,1.103481,1.406201,0.000000,45.000000,0.000000,45.000000,0.631436,-2.677990,0.021074,1,11.133026,0.319680,0.413457,0.294485,0.294485,0.684606,0.001980,0.294485,0.294485,0.053675,0.628951,0.278060,0.177328,inf,nan,0.000000,0.177328,0.177328,0.177328,0.049765,0.008607,0.186881,0.052642,0.009169,-0.000000,0.000000,1.103700,3,4
1780631243.767707,dhocbf_fixed,-0.066684,44.824067,0.085144,0.835682,1.324474,0.000000,45.000000,0.000000,45.000000,0.187643,-2.335646,0.033578,1,11.786273,0.285788,0.284477,0.179485,0.179485,0.665663,0.001077,0.179485,0.179485,0.043164,0.621422,0.202499,0.103138,inf,nan,0.000000,0.103138,0.103138,0.103138,0.027079,-0.003367,0.105857,0.027855,0.000002,-0.000000,0.000000,0.840008,6,4
1780631243.845143,dhocbf_fixed,-0.057231,44.895957,0.103908,0.602118,1.240740,0.000000,45.000000,0.000000,45.000000,0.062612,-1.921942,0.045607,1,5.200820,0.281667,0.305626,0.198718,0.198718,0.668200,0.000540,0.198718,0.198718,0.034319,0.633341,0.210607,0.106628,inf,nan,0.000000,0.106628,0.106628,0.106628,0.029037,0.003724,0.108017,0.029392,0.003810,-0.000000,0.000000,0.611018,7,4
1780631243.956951,dhocbf_fixed,-0.046527,44.946560,0.110170,0.409923,1.130529,0.000000,45.000000,0.000000,45.000000,-0.069936,-1.488361,0.060322,1,6.860546,0.264518,0.322422,0.208843,0.208843,0.660601,0.000249,0.208843,0.208843,0.027307,0.633045,0.200055,0.095429,inf,nan,0.000000,0.095429,0.095429,0.095429,0.026347,0.004190,0.098350,0.027166,0.004285,-0.000000,0.000000,0.424470,5,4
1780631244.044913,dhocbf_fixed,-0.035860,44.980110,0.103176,0.261087,0.968496,0.000000,45.000000,0.000000,45.000000,-0.143870,-1.093861,0.081257,1,5.211041,0.267094,0.315755,0.206105,0.206105,0.669560,0.000106,0.206105,0.206105,0.022023,0.647432,0.227554,0.130369,inf,nan,0.000000,0.130369,0.130369,0.130369,0.037772,0.005267,0.122140,0.034274,0.005733,-0.000000,0.000000,0.280735,7,4
1780631244.156784,dhocbf_fixed,-0.026262,45.000750,0.088789,0.151701,0.708092,0.000000,45.000000,0.000000,45.000000,-0.171075,-0.762429,0.114324,1,7.364254,0.270428,0.301934,0.191023,0.191023,0.623163,0.000042,0.191023,0.191023,0.018229,0.604892,0.221134,0.105580,inf,nan,0.000000,0.105580,0.105580,0.105580,0.030144,0.004773,0.101172,0.028708,0.004738,-0.000000,0.000000,0.175775,7,4
1780631244.245640,dhocbf_fixed,-0.018238,45.012107,0.071681,0.075458,0.355194,0.000000,45.000000,0.000000,45.000000,-0.168644,-0.500192,0.160284,1,6.536820,0.274517,0.295197,0.187748,0.187748,0.620000,0.000016,0.187748,0.187748,0.015670,0.604314,0.218452,0.113581,inf,nan,0.000000,0.113581,0.113581,0.113581,0.032471,0.005875,0.105936,0.030206,0.005429,-0.000000,0.000000,0.104078,6,4
1780631244.354352,dhocbf_fixed,-0.011913,45.017152,0.054817,0.025439,0.004306,0.000000,45.000000,0.000000,45.000000,-0.149939,-0.303359,0.208956,1,6.190830,0.300645,0.278997,0.172027,0.172027,0.628262,0.000007,0.172027,0.172027,0.014124,0.614130,0.248038,0.147417,inf,nan,0.000000,0.147417,0.147417,0.147417,0.043541,0.008303,0.160699,0.047484,0.009081,-0.000000,0.000000,0.060432,1,4
1780631244.444934,dhocbf_fixed,-0.007181,45.018179,0.039823,-0.004897,-0.345828,0.000000,45.000000,0.000000,45.000000,-0.124126,-0.163022,0.257912,1,6.438978,0.270729,0.233954,0.123717,0.123717,0.620000,0.000004,0.123717,0.123717,0.013408,0.606587,0.220940,0.121780,inf,nan,0.000000,0.121780,0.121780,0.121780,0.036096,0.006903,0.134923,0.040003,0.007673,-0.000000,0.000000,0.040123,1,4
1780631244.565256,dhocbf_fixed,-0.003820,45.016875,0.027411,-0.021199,-0.695808,0.000000,45.000000,0.000000,45.000000,-0.097026,-0.068468,0.306614,1,12.544909,0.267943,0.238720,0.124547,0.124547,0.620000,0.000003,0.124547,0.124547,0.013216,0.606781,0.223447,0.122788,inf,nan,0.000000,0.122788,0.122788,0.122788,0.036590,0.007108,0.135589,0.040430,0.007859,-0.000000,0.000000,0.034652,1,4
1780631244.650716,dhocbf_fixed,-0.001564,45.014412,0.017708,-0.028046,-1.045795,0.000000,45.000000,0.000000,45.000000,-0.071984,-0.009035,0.354963,1,10.371229,inf,inf,inf,inf,inf,0.000003,inf,inf,0.013164,inf,inf,inf,inf,nan,0.000000,inf,inf,inf,inf,inf,1382.285157,414.686495,82.937840,-0.000000,0.000000,0.033168,0,4
1780631244.769698,dhocbf_fixed,-0.000153,45.011563,0.010510,-0.028949,-1.275116,0.000000,45.000000,0.000000,45.000000,-0.050735,0.024846,0.457883,1,11.162502,0.273199,0.289461,0.185664,0.185664,0.625715,0.000002,0.185664,0.185664,0.013080,0.612633,0.232087,0.133483,inf,nan,0.000000,0.133483,0.133483,0.133483,0.039750,0.007909,0.147004,0.043816,0.008711,-0.000000,0.000000,0.030798,1,4
1780631244.854912,dhocbf_fixed,0.000645,45.008792,0.005436,-0.026465,-1.430489,0.000000,45.000000,0.000000,45.000000,-0.033692,0.041036,0.900712,1,14.489895,inf,inf,inf,inf,inf,0.000001,inf,inf,0.012947,inf,inf,inf,inf,nan,0.000000,inf,inf,inf,inf,inf,1382.287442,414.687647,82.937727,-0.000000,0.000000,0.027017,0,4
1780631244.964912,dhocbf_fixed,0.001020,45.006351,0.002067,-0.022361,-1.547919,0.000000,45.000000,0.000000,45.000000,-0.020794,0.045784,1.137500,1,12.842684,inf,inf,inf,inf,inf,0.000001,inf,inf,0.012787,inf,inf,inf,inf,nan,0.000000,inf,inf,inf,inf,inf,1382.288857,414.687969,82.937690,-0.000000,0.000000,0.022456,0,4
1780631245.051585,dhocbf_fixed,0.001122,45.004344,-0.000013,-0.017783,-1.648072,0.000000,45.000000,0.000000,45.000000,-0.011507,0.043696,1.210393,1,11.203831,inf,inf,inf,inf,inf,0.000001,inf,inf,0.012623,inf,inf,inf,inf,nan,0.000000,inf,inf,inf,inf,inf,1382.290169,414.688171,82.937665,-0.000000,0.000000,0.017783,0,4
1780631245.168121,dhocbf_fixed,0.001064,45.002784,-0.001163,-0.013413,-1.744658,0.000000,45.000000,0.000000,45.000000,-0.005197,0.038046,1.222476,1,15.279344,0.285653,0.380284,0.273326,0.273326,0.672536,0.000000,0.273326,0.273326,0.012472,0.660064,0.249197,0.150715,inf,nan,0.000000,0.150715,0.150715,0.150715,0.045032,0.009074,0.164571,0.049180,0.009904,-0.000000,0.000000,0.013463,1,4
1780631245.250841,dhocbf_fixed,0.000921,45.001633,-0.001683,-0.009608,-1.849765,0.000000,45.000000,0.000000,45.000000,-0.001147,0.030985,1.251609,1,9.548418,0.286844,0.396382,0.290681,0.290681,0.682467,0.000000,0.290681,0.290681,0.012342,0.670126,0.250951,0.152239,inf,nan,0.000000,0.152239,0.152239,0.152239,0.045558,0.009173,0.166054,0.049695,0.010001,-0.000000,0.000000,0.009755,1,4
1780631245.363029,dhocbf_fixed,0.000747,45.000827,-0.001798,-0.006510,-1.978893,0.000000,45.000000,0.000000,45.000000,0.001217,0.023876,1.361408,1,9.493909,0.291560,0.424081,0.308753,0.308753,0.696079,0.000000,0.308753,0.308753,0.012236,0.683843,0.257166,0.156674,inf,nan,0.000000,0.156674,0.156674,0.156674,0.046961,0.009441,0.170147,0.050995,0.010249,-0.000000,0.000000,0.006754,1,4
1780631245.450102,dhocbf_fixed,0.000574,45.000295,-0.001676,-0.004122,-2.158656,0.000000,45.000000,0.000000,45.000000,0.002347,0.017503,1.634906,1,9.654353,0.279242,0.394142,0.287714,0.287714,0.696709,0.000000,0.287714,0.287714,0.012156,0.684553,0.245306,0.144528,inf,nan,0.000000,0.144528,0.144528,0.144528,0.043370,0.008709,0.157726,0.047323,0.009502,-0.000000,0.000000,0.004450,1,4
1780631245.566497,dhocbf_fixed,0.000418,44.999970,-0.001441,-0.002372,-2.437905,0.000000,45.000000,0.000000,45.000000,0.002784,0.012146,2.214092,1,14.162506,0.289035,0.372703,0.262442,0.262442,0.693188,0.000000,0.262442,0.262442,0.012097,0.681091,0.253395,0.154654,inf,nan,0.000000,0.154654,0.154654,0.154654,0.046436,0.009313,0.168509,0.050589,0.010145,-0.000000,0.000000,0.002776,1,4
1780631245.654125,dhocbf_fixed,0.000288,44.999794,-0.001163,-0.001157,-2.787905,0.000000,45.000000,0.000000,45.000000,0.002734,0.007922,2.932283,1,12.708806,0.278008,0.291995,0.188300,0.188300,0.651672,0.000000,0.188300,0.188300,0.012057,0.639615,0.245129,0.143738,inf,nan,0.000000,0.143738,0.143738,0.143738,0.043184,0.008652,0.156802,0.047103,0.009437,-0.000000,0.000000,0.001641,1,4
1780631245.792380,dhocbf_fixed,0.000185,44.999718,-0.000889,-0.000365,-3.137906,0.000000,45.000000,0.000000,45.000000,-1.922344,0.976492,6.000000,0,40.126429,0.280545,0.260385,0.154146,0.154146,0.632172,0.000000,0.154146,0.154146,0.012034,0.620139,0.245084,0.146253,inf,nan,0.000000,0.146253,0.146253,0.146253,0.044495,0.010002,0.291854,0.187115,0.157568,-0.014048,0.166659,0.000961,1,4
1780631245.852216,dhocbf_fixed,0.000185,44.999718,-0.000889,-0.000365,-3.137906,0.000000,45.000000,0.000000,45.000000,-0.142466,0.077671,2.536865,1,11.318088,inf,inf,inf,inf,inf,0.000000,inf,inf,0.012034,inf,inf,inf,inf,nan,0.000000,inf,inf,inf,inf,inf,1382.294042,414.688120,82.937567,-0.000000,0.000000,0.000961,0,4
1780631245.951552,dhocbf_fixed,-0.000616,45.000070,-0.015136,0.007402,2.795321,0.000000,45.000000,0.000000,45.000000,0.061949,-0.027628,0.345508,1,6.277252,inf,inf,inf,inf,inf,0.000000,inf,inf,0.012590,inf,inf,inf,inf,nan,0.000000,inf,inf,inf,inf,inf,1382.294136,414.688099,82.937574,-0.000000,0.000000,0.016849,0,4
1780631246.051427,dhocbf_fixed,-0.001820,45.000672,-0.008941,0.004639,2.445308,0.000000,45.000000,0.000000,45.000000,0.060567,-0.028656,-0.166447,1,11.251767,inf,inf,inf,inf,inf,0.000000,inf,inf,0.012353,inf,inf,inf,inf,nan,0.000000,inf,inf,inf,inf,inf,1382.294053,414.688098,82.937585,-0.000000,0.000000,0.010073,0,4
1780631246.164609,dhocbf_fixed,-0.002411,45.000992,-0.002884,0.001773,2.095287,0.000000,45.000000,0.000000,45.000000,0.038844,-0.018869,-0.255258,1,12.575863,inf,inf,inf,inf,inf,0.000000,inf,inf,0.012119,inf,inf,inf,inf,nan,0.000000,inf,inf,inf,inf,inf,1382.293999,414.688107,82.937593,-0.000000,0.000000,0.003386,0,4
1780631246.249678,dhocbf_fixed,-0.002506,45.001075,0.001000,-0.000113,1.745277,0.000000,45.000000,0.000000,45.000000,0.020804,-0.010496,-0.237713,1,9.521563,inf,inf,inf,inf,inf,0.000000,inf,inf,0.012035,inf,inf,inf,inf,nan,0.000000,inf,inf,inf,inf,inf,1382.293967,414.688121,82.937597,-0.000000,0.000000,0.001006,0,4
1780631246.364082,dhocbf_fixed,-0.002302,45.001012,0.003080,-0.001163,1.395276,0.000000,45.000000,0.000000,45.000000,0.008372,-0.004626,-0.193693,1,11.157490,0.275105,0.371531,0.265136,0.265136,0.666553,0.000000,0.265136,0.265136,0.012115,0.654437,0.237118,0.138348,inf,nan,0.000000,0.138348,0.138348,0.138348,0.041372,0.008215,0.151912,0.045440,0.009028,-0.000000,0.000000,0.003293,1,4
1780631246.451687,dhocbf_fixed,-0.001952,45.000872,0.003918,-0.001626,1.045276,0.000000,45.000000,0.000000,45.000000,0.000625,-0.000900,-0.143337,1,12.746877,inf,inf,inf,inf,inf,0.000000,inf,inf,0.012148,inf,inf,inf,inf,nan,0.000000,inf,inf,inf,inf,inf,1382.293945,414.688151,82.937612,-0.000000,0.000000,0.004242,0,4
1780631246.563396,dhocbf_fixed,-0.001557,45.000705,0.003980,-0.001716,0.695276,0.000000,45.000000,0.000000,45.000000,-0.003753,0.001268,-0.091720,1,11.191897,inf,inf,inf,inf,inf,0.000000,inf,inf,0.012152,inf,inf,inf,inf,nan,0.000000,inf,inf,inf,inf,inf,1382.293946,414.688163,82.937619,-0.000000,0.000000,0.004334,0,4
1780631246.651653,dhocbf_fixed,-0.001178,45.000540,0.003605,-0.001589,0.345276,0.000000,45.000000,0.000000,45.000000,-0.005795,0.002340,-0.040118,1,11.497771,inf,inf,inf,inf,inf,0.000000,inf,inf,0.012138,inf,inf,inf,inf,nan,0.000000,inf,inf,inf,inf,inf,1382.293949,414.688173,82.937625,-0.000000,0.000000,0.003939,0,4
1780631246.764019,dhocbf_fixed,-0.000846,45.000393,0.003025,-0.001355,-0.004724,0.000000,45.000000,0.000000,45.000000,-0.006353,0.002705,0.011149,1,10.705062,0.261452,0.241125,0.134941,0.134941,0.622662,0.000000,0.134941,0.134941,0.012116,0.610546,0.224944,0.126480,inf,nan,0.000000,0.126480,0.126480,0.126480,0.037917,0.007568,0.139913,0.041946,0.008373,-0.000000,0.000000,0.003315,1,4
1780631246.849231,dhocbf_fixed,-0.000575,45.000271,0.002390,-0.001084,-0.241075,0.000000,45.000000,0.000000,45.000000,-0.005963,0.002606,0.049630,1,9.382229,inf,inf,inf,inf,inf,0.000000,inf,inf,0.012092,inf,inf,inf,inf,nan,0.000000,inf,inf,inf,inf,inf,1382.293960,414.688175,82.937633,-0.000000,0.000000,0.002624,0,4
1780631246.970712,dhocbf_fixed,-0.000366,45.000175,0.001794,-0.000824,-0.350325,0.000000,45.000000,0.000000,45.000000,-0.005150,0.002291,0.070828,1,17.872348,inf,inf,inf,inf,inf,0.000000,inf,inf,0.012069,inf,inf,inf,inf,nan,0.000000,inf,inf,inf,inf,inf,1382.293964,414.688175,82.937636,-0.000000,0.000000,0.001974,0,4
1780631247.053344,dhocbf_fixed,-0.000213,45.000104,0.001279,-0.000595,-0.403176,0.000000,45.000000,0.000000,45.000000,-0.004195,0.001894,0.081429,1,12.204610,0.261405,0.221891,0.113004,0.113004,0.620000,0.000000,0.113004,0.113004,0.012049,0.607951,0.225597,0.127147,inf,nan,0.000000,0.127147,0.127147,0.127147,0.038109,0.007627,0.140596,0.042143,0.008434,-0.000000,0.000000,0.001410,1,4
1780631247.164535,dhocbf_fixed,-0.000106,45.000054,0.000859,-0.000405,-0.432449,0.000000,45.000000,0.000000,45.000000,-0.003189,0.001457,0.086745,1,12.795776,inf,inf,inf,inf,inf,0.000000,inf,inf,0.012033,inf,inf,inf,inf,nan,0.000000,inf,inf,inf,inf,inf,1382.293964,414.688178,82.937639,-0.000000,0.000000,0.000950,0,4
1780631247.255172,dhocbf_fixed,-0.000036,45.000021,0.000540,-0.000259,-0.456022,0.000000,45.000000,0.000000,45.000000,-0.002321,0.001073,0.090085,1,15.060713,inf,inf,inf,inf,inf,0.000000,inf,inf,0.012021,inf,inf,inf,inf,nan,0.000000,inf,inf,inf,inf,inf,1382.293963,414.688181,82.937639,-0.000000,0.000000,0.000599,0,4
1780631247.357587,dhocbf_fixed,0.000007,45.000001,0.000308,-0.000152,-0.499549,0.000000,45.000000,0.000000,45.000000,-0.001603,0.000751,0.095082,1,9.393906,inf,inf,inf,inf,inf,0.000000,inf,inf,0.012012,inf,inf,inf,inf,nan,0.000000,inf,inf,inf,inf,inf,1382.293963,414.688184,82.937640,-0.000000,0.000000,0.000344,0,4
1780631247.455054,dhocbf_fixed,0.000030,44.999989,0.000148,-0.000077,-0.849549,0.000000,45.000000,0.000000,45.000000,-0.001062,0.000506,0.133831,1,13.733800,0.280434,0.255854,0.145913,0.145913,0.620000,0.000000,0.145913,0.145913,0.012006,0.607994,0.244824,0.146157,inf,nan,0.000000,0.146157,0.146157,0.146157,0.043840,0.008774,0.159889,0.047959,0.009598,-0.000000,0.000000,0.000167,1,4
1780631247.556296,dhocbf_fixed,0.000039,44.999984,0.000042,-0.000026,-1.199549,0.000000,45.000000,0.000000,45.000000,-0.000634,0.000308,0.180772,1,7.993225,0.284112,0.296128,0.192557,0.192557,0.629946,0.000000,0.192557,0.192557,0.012002,0.617944,0.250636,0.149528,inf,nan,0.000000,0.149528,0.149528,0.149528,0.044857,0.008976,0.162751,0.048824,0.009770,-0.000000,0.000000,0.000049,1,4
1780631247.642931,dhocbf_fixed,0.000040,44.999983,-0.000022,0.000004,-1.549549,0.000000,45.000000,0.000000,45.000000,-0.000329,0.000167,0.229460,1,3.512909,0.280539,0.350377,0.237728,0.237728,0.653572,0.000000,0.237728,0.237728,0.012001,0.641571,0.244861,0.146285,inf,nan,0.000000,0.146285,0.146285,0.146285,0.043889,0.008781,0.160043,0.048017,0.009607,-0.000000,0.000000,0.000022,1,4
1780631247.756124,dhocbf_fixed,0.000036,44.999984,-0.000055,0.000021,-1.899549,0.000000,45.000000,0.000000,45.000000,-0.000105,0.000060,0.278274,1,8.830590,inf,inf,inf,inf,inf,0.000000,inf,inf,0.012002,inf,inf,inf,inf,nan,0.000000,inf,inf,inf,inf,inf,1382.293965,414.688192,82.937639,-0.000000,0.000000,0.000059,0,4
1780631247.848527,dhocbf_fixed,0.000030,44.999987,-0.000065,0.000027,-2.249549,0.000000,45.000000,0.000000,45.000000,-0.000010,0.000014,0.326811,1,8.430056,0.281446,0.382712,0.276984,0.276984,0.695175,0.000000,0.276984,0.276984,0.012002,0.683172,0.248331,0.147040,inf,nan,0.000000,0.147040,0.147040,0.147040,0.044119,0.008825,0.160183,0.048062,0.009614,-0.000000,0.000000,0.000071,1,4
1780631247.963674,dhocbf_fixed,0.000024,44.999989,-0.000066,0.000029,-2.599549,0.000000,45.000000,0.000000,45.000000,0.000059,-0.000019,0.374976,1,11.459296,0.269281,0.325053,0.215281,0.215281,0.669547,0.000000,0.215281,0.215281,0.012003,0.657545,0.234127,0.135094,inf,nan,0.000000,0.135094,0.135094,0.135094,0.040535,0.008108,0.148527,0.044565,0.008914,-0.000000,0.000000,0.000072,1,4
1780631248.051751,dhocbf_fixed,0.000017,44.999992,-0.000060,0.000027,-2.949549,0.000000,45.000000,0.000000,45.000000,0.000096,-0.000039,0.422784,1,10.861853,0.288265,0.280923,0.177554,0.177554,0.644180,0.000000,0.177554,0.177554,0.012002,0.632178,0.254332,0.153443,inf,nan,0.000000,0.153443,0.153443,0.153443,0.046039,0.009208,0.166779,0.050040,0.010008,-0.000000,0.000000,0.000066,1,4
1780631248.161340,dhocbf_fixed,0.000012,44.999995,-0.000051,0.000023,2.992592,0.000000,45.000000,0.000000,45.000000,0.000104,-0.000045,-0.215124,1,9.944776,0.276448,0.249779,0.134866,0.134866,0.620000,0.000000,0.134866,0.134866,0.012002,0.607998,0.242636,0.141821,inf,nan,0.000000,0.141821,0.141821,0.141821,0.042551,0.008510,0.154961,0.046493,0.009299,-0.000000,0.000000,0.000055,1,4
1780631248.260448,dhocbf_fixed,0.000007,44.999997,-0.000040,0.000018,2.836744,0.000000,45.000000,0.000000,45.000000,0.000100,-0.000043,-0.356230,1,16.122146,0.280696,0.245862,0.134565,0.134565,0.620000,0.000000,0.134565,0.134565,0.012002,0.607998,0.245104,0.146427,inf,nan,0.000000,0.146427,0.146427,0.146427,0.043932,0.008786,0.160159,0.048052,0.009610,-0.000000,0.000000,0.000044,1,4
1780631248.365173,dhocbf_fixed,0.000004,44.999998,-0.000030,0.000014,2.763567,0.000000,45.000000,0.000000,45.000000,0.000087,-0.000039,-0.381250,1,13.866091,0.287300,0.246554,0.137772,0.137772,0.620000,0.000000,0.137772,0.137772,0.012001,0.607999,0.254228,0.152837,inf,nan,0.000000,0.152837,0.152837,0.152837,0.045854,0.009171,0.166068,0.049823,0.009965,-0.000000,0.000000,0.000033,1,4
1780631248.447132,dhocbf_fixed,0.000001,44.999999,-0.000021,0.000010,2.725869,0.000000,45.000000,0.000000,45.000000,0.000091,-0.000042,-0.380954,1,8.006546,inf,inf,inf,inf,inf,0.000000,inf,inf,0.012001,inf,inf,inf,inf,nan,0.000000,inf,inf,inf,inf,inf,1382.293980,414.688194,82.937639,-0.000000,0.000000,0.000024,0,4
1780631248.554692,dhocbf_fixed,-0.000000,45.000000,-0.000012,0.000006,2.693664,0.000000,45.000000,0.000000,45.000000,0.000066,-0.000030,-0.374930,1,9.941998,inf,inf,inf,inf,inf,0.000000,inf,inf,0.012000,inf,inf,inf,inf,nan,0.000000,inf,inf,inf,inf,inf,1382.293980,414.688194,82.937639,-0.000000,0.000000,0.000014,0,4
1780631248.652867,dhocbf_fixed,-0.000001,45.000001,-0.000006,0.000003,2.343664,0.000000,45.000000,0.000000,45.000000,0.000043,-0.000020,-0.332901,1,12.570122,inf,inf,inf,inf,inf,0.000000,inf,inf,0.012000,inf,inf,inf,inf,nan,0.000000,inf,inf,inf,inf,inf,1382.293980,414.688194,82.937639,-0.000000,0.000000,0.000006,0,4
1780631248.762495,dhocbf_fixed,-0.000002,45.000001,-0.000001,0.000001,1.993664,0.000000,45.000000,0.000000,45.000000,0.000025,-0.000012,-0.282146,1,13.628538,inf,inf,inf,inf,inf,0.000000,inf,inf,0.012000,inf,inf,inf,inf,nan,0.000000,inf,inf,inf,inf,inf,1382.293980,414.688194,82.937639,-0.000000,0.000000,0.000002,0,4
1780631248.851315,dhocbf_fixed,-0.000002,45.000001,0.000001,-0.000000,1.643664,0.000000,45.000000,0.000000,45.000000,0.000013,-0.000006,-0.229538,1,11.226883,inf,inf,inf,inf,inf,0.000000,inf,inf,0.012000,inf,inf,inf,inf,nan,0.000000,inf,inf,inf,inf,inf,1382.293980,414.688194,82.937639,-0.000000,0.000000,0.000001,0,4
1780631248.963361,dhocbf_fixed,-0.000002,45.000001,0.000002,-0.000001,1.293664,0.000000,45.000000,0.000000,45.000000,0.000005,-0.000002,-0.176804,1,11.509439,inf,inf,inf,inf,inf,0.000000,inf,inf,0.012000,inf,inf,inf,inf,nan,0.000000,inf,inf,inf,inf,inf,1382.293980,414.688194,82.937639,-0.000000,0.000000,0.000003,0,4
1780631249.052283,dhocbf_fixed,-0.000001,45.000001,0.000003,-0.000001,0.943664,0.000000,45.000000,0.000000,45.000000,-0.000000,-0.000000,-0.124378,1,12.941384,inf,inf,inf,inf,inf,0.000000,inf,inf,0.012000,inf,inf,inf,inf,nan,0.000000,inf,inf,inf,inf,inf,1382.293980,414.688194,82.937639,-0.000000,0.000000,0.000003,0,4
1780631249.162505,dhocbf_fixed,-0.000001,45.000000,0.000003,-0.000001,0.593664,0.000000,45.000000,0.000000,45.000000,-0.000003,0.000001,-0.072365,1,11.660940,inf,inf,inf,inf,inf,0.000000,inf,inf,0.012000,inf,inf,inf,inf,nan,0.000000,inf,inf,inf,inf,inf,1382.293980,414.688194,82.937639,-0.000000,0.000000,0.000003,0,4
1780631249.255883,dhocbf_fixed,-0.000001,45.000000,0.000002,-0.000001,0.243664,0.000000,45.000000,0.000000,45.000000,-0.000004,0.000002,-0.020788,1,15.604372,inf,inf,inf,inf,inf,0.000000,inf,inf,0.012000,inf,inf,inf,inf,nan,0.000000,inf,inf,inf,inf,inf,1382.293980,414.688194,82.937639,-0.000000,0.000000,0.000003,0,4
1780631249.365053,dhocbf_fixed,-0.000001,45.000000,0.000002,-0.000001,-0.106336,0.000000,45.000000,0.000000,45.000000,-0.000004,0.000002,0.030349,1,12.130034,inf,inf,inf,inf,inf,0.000000,inf,inf,0.012000,inf,inf,inf,inf,nan,0.000000,inf,inf,inf,inf,inf,1382.293980,414.688194,82.937639,-0.000000,0.000000,0.000002,0,4
1780631249.451761,dhocbf_fixed,-0.000000,45.000000,0.000002,-0.000001,-0.284197,0.000000,45.000000,0.000000,45.000000,-0.000004,0.000002,0.062306,1,10.999968,inf,inf,inf,inf,inf,0.000000,inf,inf,0.012000,inf,inf,inf,inf,nan,0.000000,inf,inf,inf,inf,inf,1382.293980,414.688194,82.937639,-0.000000,0.000000,0.000002,0,4
1780631249.564906,dhocbf_fixed,-0.000000,45.000000,0.000001,-0.000001,-0.365145,0.000000,45.000000,0.000000,45.000000,-0.000004,0.000002,0.078710,1,13.552054,inf,inf,inf,inf,inf,0.000000,inf,inf,0.012000,inf,inf,inf,inf,nan,0.000000,inf,inf,inf,inf,inf,1382.293980,414.688194,82.937639,-0.000000,0.000000,0.000001,0,4
1780631249.653042,dhocbf_fixed,-0.000000,45.000000,0.000001,-0.000000,-0.402704,0.000000,45.000000,0.000000,45.000000,-0.000003,0.000001,0.086396,1,12.832118,inf,inf,inf,inf,inf,0.000000,inf,inf,0.012000,inf,inf,inf,inf,nan,0.000000,inf,inf,inf,inf,inf,1382.293980,414.688194,82.937639,-0.000000,0.000000,0.000001,0,4
1780631249.762784,dhocbf_fixed,-0.000000,45.000000,0.000001,-0.000000,-0.421257,0.000000,45.000000,0.000000,45.000000,-0.000002,0.000001,0.089785,1,13.481157,inf,inf,inf,inf,inf,0.000000,inf,inf,0.012000,inf,inf,inf,inf,nan,0.000000,inf,inf,inf,inf,inf,1382.293980,414.688194,82.937639,-0.000000,0.000000,0.000001,0,4
1780631249.848686,dhocbf_fixed,-0.000000,45.000000,0.000000,-0.000000,-0.432758,0.000000,45.000000,0.000000,45.000000,-0.000002,0.000001,0.091309,1,8.895859,inf,inf,inf,inf,inf,0.000000,inf,inf,0.012000,inf,inf,inf,inf,nan,0.000000,inf,inf,inf,inf,inf,1382.293980,414.688194,82.937639,-0.000000,0.000000,0.000000,0,4
1780631249.968951,dhocbf_fixed,0.000000,45.000000,0.000000,-0.000000,-0.449876,0.000000,45.000000,0.000000,45.000000,-0.000023,0.000012,0.092969,1,14.323819,0.271461,0.230976,0.122483,0.122483,0.620000,0.000000,0.122483,0.122483,0.012000,0.608000,0.235976,0.137311,inf,nan,0.000000,0.137311,0.137311,0.137311,0.041193,0.008239,0.150885,0.045266,0.009054,-0.000000,0.000000,0.000000,1,4
1780631250.057209,dhocbf_fixed,-0.000000,45.000000,-0.000002,0.000001,-0.799876,0.000000,45.000000,0.000000,45.000000,-0.000014,0.000006,0.130897,1,15.090620,0.276996,0.251829,0.141930,0.141930,0.620000,0.000000,0.141930,0.141930,0.012000,0.608000,0.244433,0.142859,inf,nan,0.000000,0.142859,0.142859,0.142859,0.042858,0.008572,0.155873,0.046762,0.009353,-0.000000,0.000000,0.000002,1,4
1780631250.157880,dhocbf_fixed,-0.000000,45.000000,-0.000003,0.000002,-0.626365,0.000000,45.000000,0.000000,45.000000,-0.000004,0.000003,0.120649,1,10.972955,0.276015,0.240305,0.129462,0.129462,0.620000,0.000000,0.129462,0.129462,0.012000,0.608000,0.240427,0.141814,inf,nan,0.000000,0.141814,0.141814,0.141814,0.042545,0.008509,0.155484,0.046646,0.009329,-0.000000,0.000000,0.000004,1,4
1780631250.254852,dhocbf_fixed,-0.000001,45.000000,-0.000004,0.000002,-0.535062,0.000000,45.000000,0.000000,45.000000,0.000023,-0.000011,0.107372,1,14.552264,inf,inf,inf,inf,inf,0.000000,inf,inf,0.012000,inf,inf,inf,inf,nan,0.000000,inf,inf,inf,inf,inf,1382.293980,414.688194,82.937639,-0.000000,0.000000,0.000004,0,4
1780631250.366822,dhocbf_fixed,-0.000001,45.000000,-0.000002,0.000001,-0.490791,0.000000,45.000000,0.000000,45.000000,0.000017,-0.000009,0.098544,1,15.923449,inf,inf,inf,inf,inf,0.000000,inf,inf,0.012000,inf,inf,inf,inf,nan,0.000000,inf,inf,inf,inf,inf,1382.293980,414.688194,82.937639,-0.000000,0.000000,0.000002,0,4
1780631250.447430,dhocbf_fixed,-0.000001,45.000001,0.000000,-0.000000,-0.471175,0.000000,45.000000,0.000000,45.000000,0.000010,-0.000005,0.093570,1,8.248430,inf,inf,inf,inf,inf,0.000000,inf,inf,0.012000,inf,inf,inf,inf,nan,0.000000,inf,inf,inf,inf,inf,1382.293980,414.688194,82.937639,-0.000000,0.000000,0.000000,0,4
1780631250.562225,dhocbf_fixed,-0.000001,45.000000,0.000001,-0.000001,-0.462569,0.000000,45.000000,0.000000,45.000000,0.000004,-0.000002,0.090790,1,10.675711,inf,inf,inf,inf,inf,0.000000,inf,inf,0.012000,inf,inf,inf,inf,nan,0.000000,inf,inf,inf,inf,inf,1382.293980,414.688194,82.937639,-0.000000,0.000000,0.000001,0,4
1780631250.647618,dhocbf_fixed,-0.000001,45.000000,0.000002,-0.000001,-0.458822,0.000000,45.000000,0.000000,45.000000,-0.000022,0.000011,0.089105,1,7.854665,0.271420,0.230927,0.122459,0.122459,0.620000,0.000000,0.122459,0.122459,0.012000,0.608000,0.235852,0.137284,inf,nan,0.000000,0.137284,0.137284,0.137284,0.041185,0.008237,0.150886,0.045266,0.009054,-0.000000,0.000000,0.000002,1,4
1780631250.760626,dhocbf_fixed,-0.000001,45.000000,-0.000001,0.000000,-0.457208,0.000000,45.000000,0.000000,45.000000,0.000008,-0.000004,0.087937,1,10.942762,inf,inf,inf,inf,inf,0.000000,inf,inf,0.012000,inf,inf,inf,inf,nan,0.000000,inf,inf,inf,inf,inf,1382.293980,414.688194,82.937639,-0.000000,0.000000,0.000001,0,4
1780631250.848845,dhocbf_fixed,-0.000001,45.000000,0.000000,-0.000000,-0.457821,0.000000,45.000000,0.000000,45.000000,-0.000017,0.000009,0.087149,1,8.733077,0.262158,0.221638,0.113231,0.113231,0.620000,0.000000,0.113231,0.113231,0.012000,0.608000,0.226675,0.128151,inf,nan,0.000000,0.128151,0.128151,0.128151,0.038445,0.007689,0.141597,0.042479,0.008496,-0.000000,0.000000,0.000000,1,4
1780631250.958518,dhocbf_fixed,-0.000001,45.000000,-0.000001,0.000001,-0.460107,0.000000,45.000000,0.000000,45.000000,-0.000011,0.000006,0.086642,1,12.989530,0.262105,0.221634,0.113227,0.113227,0.620000,0.000000,0.113227,0.113227,0.012000,0.608000,0.226525,0.128114,inf,nan,0.000000,0.128114,0.128114,0.128114,0.038434,0.007687,0.141593,0.042478,0.008496,-0.000000,0.000000,0.000002,1,4
1780631251.054281,dhocbf_fixed,-0.000001,45.000001,-0.000003,0.000001,-0.462999,0.000000,45.000000,0.000000,45.000000,0.000020,-0.000010,0.086275,1,13.955927,inf,inf,inf,inf,inf,0.000000,inf,inf,0.012000,inf,inf,inf,inf,nan,0.000000,inf,inf,inf,inf,inf,1382.293980,414.688194,82.937639,-0.000000,0.000000,0.000003,0,4
1780631251.166069,dhocbf_fixed,-0.000001,45.000001,-0.000001,0.000000,-0.466066,0.000000,45.000000,0.000000,45.000000,0.000015,-0.000008,0.085964,1,14.898791,inf,inf,inf,inf,inf,0.000000,inf,inf,0.012000,inf,inf,inf,inf,nan,0.000000,inf,inf,inf,inf,inf,1382.293980,414.688194,82.937639,-0.000000,0.000000,0.000001,0,4
1780631251.251427,dhocbf_fixed,-0.000001,45.000001,0.000001,-0.000000,-0.468497,0.000000,45.000000,0.000000,45.000000,0.000008,-0.000004,0.085601,1,11.157641,inf,inf,inf,inf,inf,0.000000,inf,inf,0.012000,inf,inf,inf,inf,nan,0.000000,inf,inf,inf,inf,inf,1382.293980,414.688194,82.937639,-0.000000,0.000000,0.000001,0,4
1780631251.365333,dhocbf_fixed,-0.000001,45.000001,0.000002,-0.000001,-0.470130,0.000000,45.000000,0.000000,45.000000,0.000003,-0.000001,0.085139,1,13.778420,inf,inf,inf,inf,inf,0.000000,inf,inf,0.012000,inf,inf,inf,inf,nan,0.000000,inf,inf,inf,inf,inf,1382.293980,414.688194,82.937639,-0.000000,0.000000,0.000002,0,4
1780631251.453201,dhocbf_fixed,-0.000001,45.000000,0.000002,-0.000001,-0.471195,0.000000,45.000000,0.000000,45.000000,-0.000001,0.000000,0.084594,1,13.263401,inf,inf,inf,inf,inf,0.000000,inf,inf,0.012000,inf,inf,inf,inf,nan,0.000000,inf,inf,inf,inf,inf,1382.293980,414.688194,82.937639,-0.000000,0.000000,0.000002,0,4
1780631251.564878,dhocbf_fixed,-0.000001,45.000000,0.000002,-0.000001,-0.471907,0.000000,45.000000,0.000000,45.000000,-0.000025,0.000013,0.083994,1,13.278218,0.271439,0.230886,0.122438,0.122438,0.620000,0.000000,0.122438,0.122438,0.012000,0.608000,0.235908,0.137297,inf,nan,0.000000,0.137297,0.137297,0.137297,0.041189,0.008238,0.150886,0.045266,0.009054,-0.000000,0.000000,0.000002,1,4
1780631251.653647,dhocbf_fixed,-0.000001,45.000000,-0.000001,0.000000,-0.472405,0.000000,45.000000,0.000000,45.000000,-0.000017,0.000009,0.083359,1,12.609087,0.262138,0.221591,0.113204,0.113204,0.620000,0.000000,0.113204,0.113204,0.012000,0.608000,0.226629,0.128136,inf,nan,0.000000,0.128136,0.128136,0.128136,0.038441,0.007688,0.141591,0.042478,0.008496,-0.000000,0.000000,0.000001,1,4
1780631251.758063,dhocbf_fixed,-0.000001,45.000000,-0.000002,0.000001,-0.472667,0.000000,45.000000,0.000000,45.000000,-0.000008,0.000004,0.082695,1,11.186990,0.262134,0.221592,0.113205,0.113205,0.620000,0.000000,0.113205,0.113205,0.012000,0.608000,0.226614,0.128133,inf,nan,0.000000,0.128133,0.128133,0.128133,0.038440,0.007688,0.141592,0.042478,0.008496,-0.000000,0.000000,0.000003,1,4
1780631251.850494,dhocbf_fixed,-0.000001,45.000001,-0.000003,0.000002,-0.472675,0.000000,45.000000,0.000000,45.000000,0.000022,-0.000011,0.082000,1,9.752040,inf,inf,inf,inf,inf,0.000000,inf,inf,0.012000,inf,inf,inf,inf,nan,0.000000,inf,inf,inf,inf,inf,1382.293980,414.688194,82.937639,-0.000000,0.000000,0.000003,0,4
