time_s,controller,x,y,vx,vy,yaw,ref_x,ref_y,goal_x,goal_y,ux,uy,alpha,feasible,solve_ms,clearance_m,d_lower_min,c_body,barrier,gamma_ref,recovery_energy,recoverable_margin,h_R,dynamic_reserve,recoverability_delta,pred_min_d_lower,pred_min_c_body,pred_min_gamma,pred_max_recovery_energy,pred_max_dynamic_reserve,pred_min_delta,pred_min_h_R,pred_min_psi0,pred_min_psi1,pred_min_psi2,pred_min_psi0_constraint,pred_min_psi1_constraint,pred_min_psi2_constraint,solver_constraint_margin,max_safety_slack,speed_mps,obstacle_count,guide_points
1780630853.137846,proposed,0.000000,-50.000000,0.000000,0.000000,1.570800,0.000000,-48.400000,0.000000,45.000000,0.000000,7.999991,-0.171058,1,16.108200,inf,inf,inf,inf,inf,0.016640,inf,inf,0.012000,inf,inf,inf,inf,0.016640,0.117688,inf,inf,inf,inf,inf,753.568813,339.093843,237.363617,-0.000000,0.000001,0.000000,0,2
1780630853.245250,proposed,0.000000,-50.000000,0.000000,0.000000,1.570800,0.000000,-48.400000,0.000000,45.000000,0.000000,7.999992,-0.212728,1,15.763357,inf,inf,inf,inf,inf,0.016640,inf,inf,0.012000,inf,inf,inf,inf,0.016640,0.117688,inf,inf,inf,inf,inf,753.568310,339.093602,237.363431,-0.000000,0.000001,0.000000,0,2
1780630853.352073,proposed,0.000000,-50.000000,0.000000,0.000000,1.570800,0.000000,-48.400000,0.000000,45.000000,0.000000,7.999992,-0.221782,1,28.606868,inf,inf,inf,inf,inf,0.016640,inf,inf,0.012000,inf,inf,inf,inf,0.016640,0.117688,inf,inf,inf,inf,inf,753.567796,339.093357,237.363242,-0.000000,0.000001,0.000000,0,2
1780630853.452439,proposed,0.000000,-49.960000,0.000000,0.799999,1.570799,0.000000,-48.360000,0.000000,45.000000,0.000000,7.999980,-0.222623,1,24.570980,inf,inf,inf,inf,inf,0.017408,inf,inf,0.041600,inf,inf,inf,inf,0.017408,0.115913,inf,inf,inf,inf,inf,753.557918,339.088573,237.359336,-0.000000,0.000000,0.799999,0,2
1780630853.540272,proposed,0.000000,-49.840000,0.000000,1.599997,1.570798,0.000000,-48.240000,0.000000,45.000000,0.000000,7.751393,-0.221388,1,17.029840,inf,inf,inf,inf,inf,0.019712,inf,inf,0.074400,inf,inf,inf,inf,0.019712,0.121923,inf,inf,inf,inf,inf,753.508411,339.064925,237.354005,-0.000000,0.000000,1.599997,0,2
1780630853.765365,proposed,0.000000,-49.641244,0.000000,2.375137,1.570798,0.000000,-48.041244,0.000000,45.000000,0.000000,4.291929,-0.219660,1,11.588176,inf,inf,inf,inf,inf,0.023410,inf,inf,0.109233,inf,inf,inf,inf,0.023410,0.129812,inf,inf,inf,inf,inf,753.425696,339.030163,237.335500,-0.000000,0.000000,2.375137,0,2
1780630853.778610,proposed,0.000000,-49.641244,0.000000,2.375137,1.570798,0.000000,-48.041244,0.000000,45.000000,0.000000,4.031392,-0.217839,1,10.813886,inf,inf,inf,inf,inf,0.023410,inf,inf,0.109233,inf,inf,inf,inf,0.023410,0.128747,inf,inf,inf,inf,inf,753.426623,339.031461,237.334938,-0.000000,0.000000,2.375137,0,2
1780630853.845194,proposed,0.000000,-49.383573,0.000000,2.778276,1.570797,0.000000,-47.783573,0.000000,45.000000,0.000000,2.222268,-0.215970,1,18.361964,inf,inf,inf,inf,inf,0.025903,inf,inf,0.128537,inf,inf,inf,inf,0.025903,0.139525,inf,inf,inf,inf,inf,753.317943,338.987711,237.306994,-0.000000,0.000000,2.778276,0,2
1780630853.946050,proposed,0.000000,-49.094634,0.000000,3.000503,1.570797,0.000000,-47.494634,0.000000,45.000000,0.000000,1.099559,-0.214136,1,24.355443,inf,inf,inf,inf,inf,0.027444,inf,inf,0.139525,inf,inf,inf,inf,0.027444,0.145053,inf,inf,inf,inf,inf,753.203081,338.939515,237.273926,-0.000000,0.000000,3.000503,0,2
1780630854.064136,proposed,0.000000,-48.789086,0.000000,3.110458,1.570796,-0.003985,-47.189446,0.000000,45.000000,-0.035486,0.523711,-0.212362,1,11.749672,1.289490,1.250700,1.131218,1.131218,0.933996,0.028243,0.760700,0.760700,0.145053,0.760700,0.828115,0.718073,0.933996,0.028243,0.147708,0.760700,0.717996,0.717996,0.307556,0.213445,0.701996,0.299557,0.213446,-0.000000,0.000000,3.110458,10,2
1780630854.156365,proposed,-0.000177,-48.475422,-0.003549,3.162830,1.571977,-0.004295,-46.875306,0.000000,45.000000,-0.023583,0.252107,-0.210623,1,11.422771,1.273135,1.238860,1.118112,1.118112,0.917659,0.028647,0.741304,0.741304,0.147708,0.741304,0.763103,0.652051,0.902329,0.028647,0.148991,0.741304,0.652027,0.652027,0.280780,0.193363,0.635273,0.272448,0.193136,-0.000000,0.000000,3.162832,10,2
1780630854.268630,proposed,-0.000650,-48.157878,-0.005907,3.188040,1.572682,-0.002114,-46.557475,0.000000,45.000000,0.011371,0.122297,-0.208700,1,12.343742,1.282191,1.242403,1.130505,1.130505,0.681357,0.028845,0.503522,0.503522,0.148991,0.503522,0.323680,0.216532,0.650805,0.028845,0.149614,0.503522,0.216532,0.216532,0.080258,0.041877,0.200532,0.072259,0.042085,-0.000000,0.000000,3.188046,10,2
1780630854.361928,proposed,-0.001184,-47.838463,-0.004770,3.200270,1.572163,0.000924,-46.239463,0.000000,45.000000,-0.584825,-0.356236,1.075341,1,17.706370,1.201132,1.162477,1.057309,1.057309,0.620000,0.028909,0.441477,0.441477,0.149614,0.441477,0.184186,0.082285,0.620000,0.028909,0.149614,0.441477,0.082285,0.082285,0.020021,-0.007413,0.065866,0.014555,0.000000,-0.000000,0.000000,3.200274,10,2
1780630854.479013,proposed,-0.004585,-47.520217,-0.063252,3.164646,1.572848,0.014848,-45.944312,0.000000,45.000000,-0.944219,-2.495154,2.534044,1,27.470630,1.007603,0.967570,0.860904,0.860904,0.620000,0.028168,0.444000,0.444000,0.147832,0.444000,0.154700,0.037343,0.620000,0.028168,0.147832,0.444000,0.037343,0.037343,0.006379,-0.008853,0.016198,0.000000,0.000000,-0.000000,0.000266,3.165278,10,2
1780630854.573570,proposed,-0.015631,-47.216228,-0.157674,2.915131,1.588921,0.027041,-45.714212,0.000000,45.000000,-2.037885,-3.086108,2.022352,1,31.568462,0.827488,0.791053,0.677546,0.677546,0.620000,0.024904,0.459597,0.459597,0.135486,0.459611,0.139313,0.035241,0.620000,0.024904,0.135486,0.459611,0.035241,0.035241,0.003289,-0.007265,0.010518,0.000000,0.000000,-0.000000,0.001741,2.919392,10,2
1780630854.701820,proposed,-0.041588,-46.940145,-0.361463,2.606520,1.625672,0.010774,-45.549158,0.000000,45.000000,-3.177255,-3.161216,0.265389,1,42.999398,0.631092,0.595393,0.488391,0.488391,0.620000,0.020904,0.462734,0.462734,0.121413,0.477683,0.122731,0.022163,0.620000,0.020904,0.121413,0.477683,0.022163,0.022163,-0.002938,-0.010289,0.005738,0.000000,0.000000,-0.000000,0.002039,2.631464,10,2
1780630854.770228,proposed,-0.093621,-46.695299,-0.679188,2.290399,1.669071,-0.071053,-45.428020,0.000000,45.000000,-2.286816,-1.996170,-1.110233,1,39.195081,0.460337,0.429384,0.316978,0.316978,0.620000,0.017291,0.316917,0.316917,0.109882,0.492827,0.127723,0.025490,0.620000,0.017291,0.109882,0.492827,0.025490,0.025490,-0.004767,-0.008210,0.011187,0.000000,0.000000,-0.000000,0.001677,2.388979,10,2
1780630854.889391,proposed,-0.172974,-46.476240,-0.907870,2.090782,1.649607,-0.175829,-45.235523,0.000000,45.000000,-1.220189,-2.300979,-0.461355,1,35.454241,0.321507,0.284232,0.179614,0.179614,0.620000,0.016241,0.179614,0.179614,0.104767,0.498992,0.140554,0.029469,0.620000,0.016241,0.104767,0.498992,0.029469,0.029469,-0.009217,-0.010285,0.018912,0.000000,0.000000,-0.000000,0.009128,2.279385,10,2
1780630854.945061,proposed,-0.269862,-46.278667,-1.029889,1.860684,1.637595,-0.240912,-44.778557,0.000000,45.000000,4.737586,4.928832,-0.305055,1,12.292739,0.348941,0.310552,0.202396,0.202396,0.929370,0.020060,0.202396,0.202396,0.097741,0.811569,0.310552,0.202396,0.914192,0.020060,0.115749,0.794673,0.202396,0.202396,0.115947,0.079725,0.201728,0.113911,0.079677,-0.000000,0.000000,2.126691,10,2
1780630855.069402,proposed,-0.349163,-46.067955,-0.556130,2.353567,1.783531,-0.025265,-44.305406,0.000000,45.000000,5.700323,5.613048,-0.279936,1,12.941665,0.522495,0.516275,0.402523,0.402523,1.250910,0.027893,0.402523,0.402523,0.111265,1.111753,0.516275,0.402523,1.238069,0.027893,0.141289,1.085147,0.402523,0.402523,0.209581,0.209501,0.397534,0.210375,0.209297,-0.000000,0.000000,2.418379,10,2
1780630855.155202,proposed,-0.376274,-45.804533,0.013902,2.914872,1.811060,-0.285237,-43.991772,0.000000,45.000000,1.178424,3.630103,-0.274855,1,11.476097,0.366644,0.330243,0.219739,0.219739,1.363054,0.031610,0.219739,0.219739,0.135263,1.196181,0.330243,0.219739,1.350418,0.031610,0.153723,1.180071,0.219739,0.219739,0.179777,0.283531,0.219390,0.178722,0.283335,-0.000000,0.000000,2.914905,10,2
1780630855.291638,proposed,-0.368992,-45.494895,0.131745,3.277882,1.703897,-0.178139,-43.719052,0.000000,45.000000,5.283115,-3.943890,-4.125460,1,40.862368,0.390655,0.350612,0.247116,0.247116,0.620000,0.033650,0.247073,0.247073,0.153723,0.432627,0.148170,0.039776,0.620000,0.033650,0.153723,0.432627,0.039776,0.039776,0.007849,-0.006225,0.023777,0.000001,0.000000,-0.000000,0.006230,3.280529,10,2
1780630855.402925,proposed,-0.329402,-45.186826,0.660056,2.883493,1.405113,-0.167423,-43.352709,0.000000,45.000000,4.703864,-4.098717,-2.149770,1,69.129089,0.352065,0.312355,0.209106,0.209106,0.620000,0.032537,0.209100,0.209100,0.137408,0.450055,0.147298,0.034561,0.620000,0.032537,0.137408,0.450055,0.034561,0.034561,0.003863,-0.003036,0.020013,0.000000,0.000000,-0.000000,0.003326,2.958075,10,2
1780630855.469079,proposed,-0.239877,-44.918970,1.130443,2.473621,1.301823,-0.033614,-43.292604,0.000000,45.000000,0.298835,0.908826,-0.103533,1,40.025593,0.511259,0.474447,0.365316,0.365316,0.620000,0.026346,0.364541,0.364541,0.125681,0.467974,0.140785,0.027394,0.620000,0.026346,0.137448,0.459830,0.027394,0.027394,0.004354,0.000159,0.009951,0.000000,0.000000,-0.000000,0.000532,2.719688,10,2
1780630855.566366,proposed,-0.125338,-44.667064,1.160326,2.564504,1.381575,0.064684,-43.285956,0.000000,45.000000,-0.733716,-0.009527,-0.366973,1,24.321370,0.382770,0.345342,0.240609,0.240609,0.620000,0.022141,0.240599,0.240599,0.130325,0.467534,0.146490,0.029375,0.620000,0.022141,0.133617,0.467534,0.029375,0.029375,0.001915,-0.001126,0.014442,0.000000,0.000000,-0.000000,0.000002,2.814789,10,2
1780630855.676119,proposed,-0.012974,-44.410661,1.086955,2.563551,1.411393,0.206170,-43.153435,0.000000,45.000000,0.648155,-4.322684,-0.468634,1,22.564940,0.382733,0.352684,0.237965,0.237965,0.620000,0.019890,0.237957,0.237957,0.128840,0.471270,0.159527,0.032049,0.620000,0.019890,0.128840,0.471270,0.032049,0.032049,-0.013046,-0.003273,0.011740,0.000000,0.000001,-0.000000,0.007411,2.784469,10,2
1780630855.768736,proposed,0.098962,-44.175920,1.151770,2.131283,1.346638,0.254459,-42.884547,0.000000,45.000000,-2.731304,0.007949,1.221076,1,28.649253,0.325677,0.287513,0.183422,0.183422,0.620000,0.018040,0.183421,0.183421,0.111463,0.490497,0.146109,0.023044,0.620000,0.018040,0.111463,0.490497,0.023044,0.023044,0.004533,-0.003170,0.002015,0.000000,0.000001,-0.000000,0.003573,2.422590,10,2
1780630855.905294,proposed,0.200483,-43.962752,0.878640,2.132078,1.415639,0.326378,-42.594004,0.000000,45.000000,-2.263937,-0.259686,0.972841,1,42.193915,0.416475,0.376523,0.264408,0.264408,0.620000,0.018662,0.264399,0.264399,0.106005,0.495333,0.141135,0.018471,0.620000,0.018662,0.106005,0.495333,0.018471,0.018471,0.000435,-0.007000,0.000000,0.000000,0.000000,-0.000000,0.007677,2.306028,10,2
1780630855.967089,proposed,0.200483,-43.962752,0.878640,2.132078,1.415639,0.326378,-42.594004,0.000000,45.000000,-2.188798,-0.275322,0.713185,1,38.810531,0.416475,0.376523,0.264408,0.264408,0.620000,0.018662,0.264399,0.264399,0.106005,0.495333,0.141175,0.018437,0.620000,0.018662,0.106005,0.495333,0.018437,0.018437,0.000353,-0.007134,0.000000,0.000000,0.000001,-0.000000,0.007727,2.306028,10,2
1780630856.105567,proposed,0.277403,-43.750920,0.659760,2.104546,1.461927,0.334791,-42.369816,0.000000,45.000000,-1.749958,-1.615013,0.468596,1,52.065779,0.379805,0.341512,0.234978,0.234978,0.620000,0.018257,0.234975,0.234975,0.101355,0.500388,0.138152,0.015854,0.620000,0.018257,0.101355,0.500388,0.015854,0.015854,0.000675,-0.003850,0.000000,0.000000,0.000000,-0.000000,0.011782,2.205538,10,2
1780630856.171996,proposed,0.334629,-43.548541,0.484764,1.943044,1.527627,0.388361,-41.852751,0.000000,45.000000,-5.305936,2.219779,1.874597,1,42.287077,0.371674,0.333044,0.223741,0.223741,0.620000,0.023523,0.223740,0.223740,0.092117,0.504360,0.147208,0.040523,0.620000,0.023523,0.109703,0.493144,0.040523,0.040523,0.001208,-0.005666,0.026091,0.000001,0.000000,-0.000000,0.003970,2.002603,10,2
1780630856.267376,proposed,0.356576,-43.343138,-0.045829,2.165022,1.447060,0.264339,-41.677685,0.000000,45.000000,-6.760386,0.912360,4.111053,1,21.474727,0.387059,0.346564,0.239236,0.239236,0.706631,0.023712,0.239235,0.239235,0.099516,0.583403,0.184913,0.078240,0.679190,0.023712,0.114648,0.569234,0.078240,0.078240,0.001389,-0.006650,0.067502,0.004469,0.000000,-0.000000,0.004093,2.165507,10,2
1780630856.357533,proposed,0.318191,-43.122074,-0.721868,2.256258,1.510161,0.102882,-41.427124,0.000000,45.000000,-1.390475,5.259435,2.445271,1,13.139201,0.353627,0.315430,0.199664,0.199664,0.854096,0.025709,0.199664,0.199664,0.108942,0.719445,0.196931,0.087274,0.828135,0.025709,0.137263,0.690026,0.087274,0.087274,0.006966,-0.003894,0.082259,0.008444,0.000000,-0.000000,0.000005,2.368923,10,2
1780630856.476705,proposed,0.239051,-42.870151,-0.860916,2.782202,1.549412,-0.249626,-41.275319,0.000000,45.000000,-2.680014,0.100178,1.164857,1,19.305766,0.317365,0.282941,0.161419,0.161419,0.818955,0.028263,0.161419,0.161419,0.135137,0.655555,0.162401,0.048573,0.789334,0.028263,0.144160,0.646137,0.048573,0.048573,-0.004704,-0.007130,0.043764,0.000000,0.004089,-0.000000,0.003114,2.912357,10,2
1780630856.556053,proposed,0.139560,-42.591430,-1.128917,2.792220,1.711669,-0.368911,-41.009013,0.000000,45.000000,-5.640338,-1.143300,3.676707,1,13.218020,0.313499,0.279172,0.172167,0.172167,0.928880,0.028842,0.172167,0.172167,0.140090,0.759948,0.199678,0.086901,0.913006,0.028842,0.147978,0.752345,0.086901,0.086901,-0.007791,0.068209,0.093127,0.000000,0.068211,-0.000000,0.008235,3.011801,10,2
1780630856.674327,proposed,-0.001534,-42.317924,-1.692951,2.677890,1.796370,-0.369087,-40.563733,0.000000,45.000000,3.816356,3.651585,0.657297,1,15.779655,0.421889,0.385362,0.274200,0.274200,1.410884,0.032924,0.274200,0.274200,0.147978,1.229982,0.385362,0.274200,1.402230,0.032924,0.155424,1.224309,0.274200,0.274200,0.290100,0.330155,0.269769,0.287368,0.328183,-0.000000,0.000000,3.168150,10,2
1780630856.755319,proposed,-0.151747,-42.031877,-1.311315,3.043048,1.892145,-0.155636,-40.346952,0.000000,45.000000,6.073634,1.774787,-0.112237,1,11.659514,0.472415,0.466638,0.362297,0.362297,1.406978,0.031629,0.362297,0.362297,0.155424,1.219925,0.466638,0.362297,1.404471,0.031629,0.155424,1.219925,0.362297,0.362297,0.363300,0.368623,0.361705,0.362146,0.368410,-0.000000,0.000000,3.313561,10,2
1780630856.867109,proposed,-0.252510,-41.718698,-0.703952,3.220527,1.757087,-0.204023,-40.009785,0.000000,45.000000,4.014073,1.059293,-0.289262,1,13.143528,0.417429,0.378255,0.271263,0.271263,1.376406,0.032039,0.271263,0.271263,0.154548,1.189819,0.378255,0.271263,1.371978,0.032039,0.156799,1.189819,0.271263,0.271263,0.287863,0.336813,0.271239,0.286871,0.336811,-0.000000,0.000000,3.296565,10,2
1780630856.955857,proposed,-0.302835,-41.391349,-0.302545,3.326456,1.667359,-0.059416,-39.735368,0.000000,45.000000,3.813417,0.063714,-0.321885,1,11.041955,0.605638,0.566483,0.462621,0.462621,1.491961,0.031598,0.462621,0.462621,0.156799,1.303565,0.566483,0.462621,1.487593,0.031598,0.156799,1.303565,0.462621,0.462621,0.429062,0.423450,0.462615,0.428062,0.423449,-0.000000,0.000000,3.340186,10,2
1780630857.077177,proposed,-0.314022,-41.058385,0.078797,3.332828,1.541007,-0.013407,-39.439858,0.000000,45.000000,2.614999,-0.373151,-0.314211,1,14.664295,0.851412,0.813486,0.708527,0.708527,1.638225,0.030952,0.708527,0.708527,0.156466,1.450807,0.813486,0.708527,1.631054,0.030952,0.156466,1.450807,0.708527,0.708527,0.563582,0.490086,0.708523,0.562581,0.490085,-0.000000,0.000000,3.333759,10,2
1780630857.152677,proposed,-0.293068,-40.726968,0.340297,3.295512,1.454538,-0.001339,-39.124533,0.000000,45.000000,1.284810,-0.383746,-0.300859,1,11.267264,1.149839,1.112965,1.006925,1.006925,1.810557,0.030415,1.006925,1.006925,0.155397,1.624744,1.112965,1.006925,1.800179,0.030415,0.155397,1.624744,1.006925,1.006925,0.709425,0.529391,1.005721,0.708811,0.529373,-0.000000,0.000000,3.313036,10,2
1780630857.261146,proposed,-0.252614,-40.399336,0.468778,3.257138,1.416915,0.000000,-38.799336,0.000000,45.000000,0.265919,-0.235887,-0.291494,1,11.909898,1.419930,1.385299,1.277315,1.277315,1.977476,0.030049,1.277315,1.277315,0.154246,1.793180,1.385299,1.277315,1.965992,0.030049,0.154246,1.793180,1.277315,1.277315,0.845934,0.568075,1.276978,0.845000,0.568070,-0.000000,0.000000,3.290699,10,2
1780630857.356544,proposed,-0.204407,-40.074801,0.495370,3.233549,1.414827,0.000000,-38.474801,0.000000,45.000000,-0.358238,-0.120043,-0.287057,1,11.330314,1.701395,1.669016,1.558342,1.558342,2.143812,0.029753,1.558342,1.558342,0.153248,1.960811,1.669016,1.558342,2.132606,0.029753,0.153248,1.960811,1.558342,1.558342,0.918002,0.627056,1.558209,0.914995,0.627043,-0.000000,0.000000,3.271274,10,2
1780630857.454256,proposed,-0.156661,-39.752046,0.459546,3.221545,1.431318,0.000000,-38.152046,0.000000,45.000000,-0.671496,-0.058033,-0.285903,1,13.314923,1.993835,1.963478,1.849648,1.849648,2.309215,0.029507,1.849646,1.849646,0.152369,2.127339,1.963478,1.849648,2.298965,0.029507,0.152369,2.127339,1.849646,1.849646,0.985393,0.655572,1.849575,0.983392,0.655568,-0.000000,0.000000,3.254156,10,2
1780630857.557982,proposed,-0.114064,-39.430182,0.392397,3.215742,1.455278,0.000000,-37.830182,0.000000,45.000000,-0.776428,-0.027602,-0.286392,1,11.862004,2.294820,2.265680,2.149544,2.149544,2.474388,0.029319,2.149359,2.149359,0.151623,2.293446,2.265680,2.149544,2.465257,0.029319,0.151623,2.293446,2.149359,2.149359,1.052431,0.717971,2.149311,1.050424,0.717961,-0.000000,0.000000,3.239594,10,2
1780630857.654276,proposed,-0.078706,-39.108746,0.314754,3.212981,1.480453,0.000000,-37.508746,0.000000,45.000000,-0.754609,-0.013058,-0.287421,1,13.186257,2.601859,2.570290,2.455918,2.455918,2.639658,0.029187,2.437812,2.437812,0.151048,2.459423,2.570290,2.455918,2.631550,0.029187,0.151048,2.459423,2.437812,2.437812,1.122383,0.790414,2.437784,1.121382,0.790407,-0.000000,0.000000,3.228362,10,2
1780630857.755113,proposed,-0.051004,-38.787513,0.239293,3.211676,1.503607,0.000000,-37.187513,0.000000,45.000000,-0.664745,-0.006166,-0.288358,1,11.283268,2.913657,2.880110,2.766892,2.766892,2.805139,0.029103,2.625184,2.625184,0.150651,2.625385,2.880110,2.766892,2.797848,0.029103,0.150651,2.625385,2.625184,2.625184,1.185352,0.846304,2.625167,1.184345,0.846299,-0.000000,0.000000,3.220578,10,2
1780630857.861141,proposed,-0.030398,-38.466376,0.172818,3.211059,1.523295,0.000000,-36.866376,0.000000,45.000000,-0.546435,-0.002910,-0.288888,1,11.859008,3.228618,3.193505,3.081023,3.081023,2.970843,0.029055,2.791385,2.791385,0.150402,2.791386,3.193505,3.081023,2.964135,0.029055,0.150402,2.791386,2.791385,2.791385,1.260013,0.898713,2.791369,1.259006,0.898709,-0.000000,0.000000,3.215706,10,2
1780630857.953874,proposed,-0.015848,-38.145285,0.118175,3.210768,1.539088,0.000000,-36.545285,0.000000,45.000000,-0.424560,-0.001373,-0.288889,1,11.274776,3.545627,3.509300,3.397278,3.397278,3.136744,0.029029,2.957454,2.957454,0.150260,2.957454,3.509300,3.397278,3.130397,0.029029,0.150260,2.957454,2.957454,2.957454,1.334818,0.951107,2.957438,1.333811,0.951102,-0.000000,0.000000,3.212942,10,2
1780630858.067608,proposed,-0.006154,-37.824215,0.075719,3.210631,1.551123,0.135456,-36.022307,0.000000,45.000000,0.893207,1.797737,-0.288933,1,13.349019,0.291424,0.253554,0.149709,0.149709,0.620000,0.033612,0.149707,0.149707,0.150188,0.436200,0.253554,0.149709,0.620000,0.033612,0.159610,0.433940,0.149707,0.149707,0.027727,0.006699,0.139572,0.019675,0.006747,-0.000000,0.000000,3.211523,10,2
1780630858.156859,proposed,0.005884,-37.494163,0.165040,3.390404,1.534020,0.088260,-35.638427,0.000000,45.000000,0.068260,1.614678,-0.285192,1,13.239854,0.379703,0.355382,0.243141,0.243141,0.644418,0.036255,0.243120,0.243120,0.159610,0.448553,0.225971,0.122987,0.620000,0.036255,0.168074,0.438906,0.122987,0.122987,0.034073,0.014262,0.106968,0.027093,0.014635,-0.000000,0.000001,3.394419,10,2
1780630858.265328,proposed,0.022729,-37.147050,0.171866,3.551872,1.529884,0.077480,-35.287823,0.000000,45.000000,-0.270247,0.915260,-0.281525,1,13.127076,0.438840,0.405673,0.293618,0.293618,0.719031,0.037663,0.293605,0.293605,0.168074,0.513294,0.285405,0.174606,0.684152,0.037663,0.172858,0.509667,0.174606,0.174606,0.050492,0.009775,0.164575,0.045522,0.010236,-0.000000,0.000000,3.556028,10,2
1780630858.355944,proposed,0.038565,-36.787286,0.144841,3.643398,1.533352,-0.043007,-35.180191,0.000000,45.000000,-1.389883,-1.789443,-0.279074,1,11.463125,0.794709,0.758325,0.632436,0.632436,0.802487,0.032786,0.589618,0.589618,0.172858,0.596844,0.357899,0.246508,0.767634,0.032786,0.172858,0.596844,0.246508,0.246508,0.060670,0.034260,0.238481,0.058973,0.034264,-0.000000,0.000000,3.646276,10,2
1780630858.458444,proposed,0.046099,-36.431893,0.005853,3.464454,1.607342,-0.167052,-34.928788,0.000000,45.000000,-2.029248,-2.125050,-0.284798,1,12.445658,0.560979,0.520809,0.416792,0.416792,0.935503,0.029384,0.416792,0.416792,0.163262,0.742857,0.384271,0.278557,0.907121,0.029384,0.163262,0.742857,0.278557,0.278557,0.065928,0.096439,0.274488,0.065230,0.096326,-0.000000,0.000000,3.464459,10,2
1780630858.554872,proposed,0.036538,-36.096073,-0.197072,3.251949,1.707021,-0.319270,-34.582488,0.000000,45.000000,-2.447255,-1.113671,-0.295233,1,11.687835,0.451388,0.411604,0.304291,0.304291,1.119379,0.028451,0.304291,0.304291,0.152562,0.938366,0.385769,0.280001,1.097080,0.028451,0.152562,0.938366,0.280001,0.280001,0.112641,0.138275,0.277936,0.111629,0.138297,-0.000000,0.000001,3.257915,10,2
1780630858.667823,proposed,0.004595,-35.776447,-0.441798,3.140582,1.775233,-0.325335,-34.136846,0.000000,45.000000,-1.161896,0.579269,-0.303364,1,13.051538,0.427621,0.387384,0.281489,0.281489,1.310235,0.030252,0.281489,0.281489,0.148149,1.131835,0.387384,0.281489,1.293497,0.030252,0.151993,1.130758,0.281489,0.281489,0.177895,0.274119,0.281424,0.176914,0.274110,-0.000000,0.000001,3.171504,10,2
1780630858.750752,proposed,-0.045394,-35.459492,-0.557987,3.198509,1.763584,-0.149850,-33.781959,0.000000,45.000000,1.458986,0.787492,-0.302177,1,12.871422,0.491087,0.451370,0.345702,0.345702,1.430406,0.031013,0.345702,0.345702,0.151993,1.247400,0.451370,0.345702,1.416704,0.031013,0.154883,1.247400,0.345702,0.345702,0.332717,0.368019,0.345684,0.331714,0.368011,-0.000000,0.000000,3.246815,10,2
1780630858.862784,proposed,-0.093898,-35.135704,-0.412089,3.277258,1.701251,-0.043577,-33.496716,0.000000,45.000000,2.387328,0.110275,-0.293151,1,16.869101,0.681799,0.643130,0.538987,0.538987,1.547715,0.030570,0.538987,0.538987,0.154883,1.362262,0.643130,0.538987,1.534278,0.030570,0.154883,1.362262,0.538987,0.538987,0.476675,0.453025,0.538974,0.475666,0.453018,-0.000000,0.000000,3.303065,10,2
1780630858.949151,proposed,-0.123170,-34.807427,-0.173356,3.288285,1.612863,-0.009262,-33.195405,0.000000,45.000000,1.963887,-0.229868,-0.279345,1,16.004003,0.932083,0.895006,0.789237,0.789237,1.041538,0.029987,0.786704,0.786704,0.154357,0.857194,0.895006,0.789237,1.041538,0.029987,0.154357,0.857194,0.786704,0.786704,0.393642,0.261866,0.786689,0.385643,0.261866,-0.000000,0.000000,3.292852,10,2
1780630859.053686,proposed,-0.130687,-34.479748,0.023033,3.265299,1.547169,-0.000300,-32.879236,0.000000,45.000000,1.207011,-0.255974,-0.266934,1,19.035161,1.201190,1.166186,1.058657,1.058657,0.932464,0.029556,0.749962,0.749962,0.152945,0.749963,0.866680,0.755564,0.932464,0.029556,0.152945,0.749963,0.749962,0.749962,0.312476,0.212152,0.739333,0.304468,0.212147,-0.000000,0.000000,3.265380,10,2
1780630859.155700,proposed,-0.122348,-34.154498,0.143734,3.239701,1.513096,0.000000,-32.554498,0.000000,45.000000,0.542631,-0.148864,-0.258462,1,11.347054,3.223139,3.252636,3.141574,3.141574,3.004373,0.029357,2.823223,2.823223,0.151792,2.823224,3.252636,3.141574,2.994314,0.029357,0.151792,2.823224,2.823223,2.823223,1.275589,0.909645,2.820805,1.273508,0.908892,-0.000000,0.000000,3.242888,5,2
1780630859.286315,proposed,-0.105262,-33.831272,0.197997,3.224815,1.502216,0.000000,-32.231272,0.000000,45.000000,0.099536,-0.074718,-0.253503,1,16.818921,3.546543,3.576151,3.465021,3.465021,3.172472,0.029238,2.992056,2.992056,0.151178,2.992056,3.576151,3.465021,3.161753,0.029238,0.151178,2.992056,2.992056,2.992056,1.351202,0.962520,2.989629,1.349116,0.961762,-0.000000,0.000000,3.230887,5,2
1780630859.349933,proposed,-0.084964,-33.509164,0.207951,3.217343,1.503730,0.000000,-31.909164,0.000000,45.000000,-0.158806,-0.035967,-0.250803,1,11.093610,3.868953,3.898472,3.787345,3.787345,3.339941,0.029160,3.159952,3.159952,0.150828,3.159952,3.898472,3.787345,3.328898,0.029160,0.150828,3.159952,3.159952,3.159952,1.426614,1.015267,3.157518,1.424524,1.014506,-0.000000,0.000000,3.224056,5,2
1780630859.459826,proposed,-0.064963,-33.187609,0.192070,3.213746,1.511511,0.000000,-31.587609,0.000000,45.000000,-0.285919,-0.017083,-0.249368,1,12.035504,4.190702,4.220229,4.109128,4.109128,3.507097,0.029105,3.327397,3.327397,0.150594,3.327397,4.220229,4.109128,3.495883,0.029105,0.150594,3.327397,3.327397,3.327397,1.501901,1.067938,3.324959,1.499809,1.067175,-0.000000,0.000000,3.219481,5,2
1780630859.558201,proposed,-0.047186,-32.866320,0.163478,3.212038,1.521891,0.000000,-31.266320,0.000000,45.000000,-0.326918,-0.008078,-0.248542,1,12.261768,4.512196,4.541727,4.430647,4.430647,3.674114,0.029067,3.494620,3.494620,0.150427,3.494620,4.541727,4.430647,3.662785,0.029067,0.150427,3.494620,3.494620,3.494620,1.577115,1.120568,3.492177,1.575020,1.119803,-0.000000,0.000000,3.216195,5,2
1780630859.669623,proposed,-0.032473,-32.545157,0.130786,3.211230,1.532643,0.000000,-30.945157,0.000000,45.000000,-0.315940,-0.003814,-0.247913,1,11.584498,4.833555,4.863088,4.752015,4.752015,3.841074,0.029042,3.661723,3.661723,0.150309,3.661723,4.863088,4.752015,3.829639,0.029042,0.150309,3.661723,3.661723,3.661723,1.652286,1.173176,3.659277,1.650189,1.172410,-0.000000,0.000000,3.213892,5,2
1780630859.756387,proposed,-0.020974,-32.224053,0.099193,3.210849,1.542509,0.000000,-30.624053,0.000000,45.000000,-0.277291,-0.001800,-0.247241,1,11.327285,5.154823,5.184356,5.073277,5.073277,4.008014,0.029026,3.828757,3.828757,0.150232,3.828757,5.184356,5.073277,3.996462,0.029026,0.150232,3.828757,3.828757,3.828757,1.727434,1.225772,3.826307,1.725335,1.225004,-0.000000,0.000000,3.212381,5,2
1780630859.861966,proposed,-0.012441,-31.902977,0.071463,3.210669,1.550879,0.000000,-30.302977,0.000000,45.000000,-0.227294,-0.000849,-0.246400,1,12.216084,5.476015,5.505548,5.394454,5.394454,4.174950,0.029017,3.995748,3.995748,0.150185,3.995748,5.505548,5.394454,4.163265,0.029017,0.150185,3.995748,3.995748,3.995748,1.802569,1.278361,3.993296,1.800469,1.277591,-0.000000,0.000000,3.211464,5,2
1780630859.939837,proposed,-0.006431,-31.581914,0.048734,3.210584,1.557566,0.000000,-29.981914,0.000000,45.000000,-0.176164,-0.000401,-0.245339,1,11.507843,5.797141,5.826674,5.715564,5.715564,4.341886,0.029013,4.162715,4.162715,0.150159,4.162715,5.826674,5.715564,4.330058,0.029013,0.150159,4.162715,4.162715,4.162715,1.877697,1.330945,4.160259,1.875595,1.330174,-0.000000,0.000000,3.210954,5,2
1780630860.040203,proposed,-0.002438,-31.260858,0.031118,3.210544,1.562635,-0.032826,-29.614093,0.000000,45.000000,-0.422061,0.416359,-0.244060,1,11.482406,0.561590,0.638113,0.532477,0.532477,1.620279,0.030003,0.532477,0.532477,0.150146,1.440130,0.638113,0.532477,1.605055,0.030003,0.152269,1.440130,0.532477,0.532477,0.503390,0.471319,0.532466,0.502368,0.471046,-0.000000,0.000000,3.210695,10,2
1780630860.148618,proposed,-0.001437,-30.937722,-0.011088,3.252180,1.575445,-0.005623,-29.325815,0.000000,45.000000,-0.019850,-0.047575,-0.243517,1,13.738960,0.851000,0.910406,0.799677,0.799677,0.949326,0.029581,0.759457,0.759457,0.152269,0.767476,0.784738,0.680367,0.941377,0.029581,0.152269,0.767476,0.680350,0.680350,0.263518,0.175415,0.664351,0.255518,0.175415,-0.000000,0.000000,3.252199,10,2
1780630860.258515,proposed,-0.002645,-30.612742,-0.013073,3.247422,1.574326,0.000000,-29.012742,0.000000,45.000000,0.080086,-0.167456,-0.241659,1,13.270623,1.159689,1.208377,1.093554,1.093554,0.818833,0.029295,0.637512,0.637512,0.152026,0.637512,0.559044,0.454008,0.810724,0.029295,0.152026,0.637512,0.454008,0.454008,0.165295,0.107798,0.413858,0.147847,0.102592,-0.000000,0.000000,3.247449,10,2
1780630860.355745,proposed,-0.003552,-30.288837,-0.005065,3.230677,1.571336,0.000000,-28.688837,0.000000,45.000000,0.060124,-0.102157,-0.239221,1,12.340678,1.474290,1.512957,1.397373,1.397373,0.703213,0.029165,0.522881,0.522881,0.151167,0.522881,0.367523,0.260294,0.694195,0.029165,0.151167,0.522881,0.260294,0.260294,0.089379,0.059197,0.237177,0.080381,0.058618,-0.000000,0.000000,3.230681,10,2
1780630860.461164,proposed,-0.003758,-29.966280,0.000947,3.220461,1.569754,0.000000,-28.366280,0.000000,45.000000,0.033724,-0.051898,-0.236842,1,12.670074,1.435635,1.405182,1.291745,1.291745,0.638926,0.029086,0.459196,0.459196,0.150645,0.459196,0.299910,0.195039,0.629203,0.029086,0.150645,0.459196,0.195039,0.195039,0.068714,0.035660,0.176337,0.064465,0.028904,-0.000000,0.000000,3.220461,10,2
1780630860.557275,proposed,-0.003494,-29.644493,0.004320,3.215271,1.569017,-0.001034,-28.046529,0.000000,45.000000,0.003188,-0.044078,-0.232278,1,13.954952,1.147905,1.115198,1.005218,1.005218,0.639947,0.029003,0.460564,0.460564,0.150380,0.460564,0.298216,0.190981,0.626275,0.029003,0.150380,0.460564,0.190981,0.190981,0.048454,0.003885,0.173205,0.046885,0.000234,-0.000000,0.000000,3.215274,10,2
1780630860.668350,proposed,-0.003046,-29.323187,0.004639,3.210863,1.569148,-0.030827,-27.769593,0.000000,45.000000,-1.330507,-0.735569,0.603997,1,13.041048,0.881669,0.845271,0.739090,0.739090,0.690549,0.028065,0.512319,0.512319,0.150154,0.512329,0.339779,0.234081,0.670827,0.028065,0.150154,0.512329,0.234081,0.234081,0.059176,-0.005485,0.221759,0.057244,0.000001,-0.000000,0.000001,3.210867,10,2
1780630860.754827,proposed,-0.009235,-29.005778,-0.128412,3.137306,1.589776,-0.114465,-27.527208,0.000000,45.000000,-0.467538,-0.812030,-0.029422,1,13.186524,0.663654,0.625910,0.518817,0.518817,0.801335,0.026113,0.518212,0.518212,0.146546,0.628676,0.366368,0.259467,0.785264,0.026113,0.146546,0.628676,0.259467,0.259467,0.047359,0.062452,0.252520,0.051761,0.063095,-0.000000,0.000000,3.139933,10,2
1780630860.868842,proposed,-0.024414,-28.696108,-0.175166,3.056103,1.622557,-0.300552,-27.285702,0.000000,45.000000,-1.717273,-1.064476,-0.191134,1,16.411682,0.483965,0.444201,0.338659,0.338659,0.956550,0.024670,0.338659,0.338659,0.142565,0.789314,0.378960,0.272933,0.941705,0.024670,0.142565,0.789314,0.272933,0.272933,0.086671,0.114161,0.267918,0.087837,0.112336,-0.000000,0.000000,3.061119,10,2
1780630860.939258,proposed,-0.050517,-28.395820,-0.346893,2.949656,1.715855,-0.393961,-26.865063,0.000000,45.000000,-1.648581,0.461003,-0.240405,1,10.898914,0.489478,0.453650,0.344694,0.344694,1.009172,0.026583,0.344694,0.344694,0.138001,0.844588,0.451934,0.343145,0.998346,0.026583,0.141461,0.844588,0.343145,0.343145,0.153563,0.196286,0.330598,0.149562,0.196806,-0.000000,0.000001,2.969984,10,2
1780630861.077673,proposed,-0.093449,-28.098549,-0.511751,2.995756,1.745627,-0.294124,-26.449632,0.000000,45.000000,0.360051,1.423697,-0.254360,1,13.406599,0.483787,0.444170,0.336004,0.336004,0.815872,0.029019,0.336003,0.336003,0.141461,0.645392,0.444170,0.336004,0.803584,0.029019,0.148275,0.642524,0.336003,0.336003,0.197146,0.134586,0.334564,0.189015,0.134979,-0.000000,0.000001,3.039152,10,2
1780630861.152915,proposed,-0.142824,-27.791855,-0.475746,3.138126,1.723995,-0.157687,-26.108671,0.000000,45.000000,2.006512,1.169429,-0.253813,1,11.526011,0.472303,0.487702,0.381799,0.381799,0.681404,0.030506,0.381386,0.381386,0.148275,0.502624,0.378425,0.270950,0.667482,0.030506,0.153011,0.502172,0.270950,0.270950,0.106458,0.058183,0.254418,0.098227,0.058982,-0.000000,0.000000,3.173983,10,2
1780630861.287013,proposed,-0.180366,-27.472195,-0.275095,3.255069,1.665760,-0.054324,-25.824339,0.000000,45.000000,0.741697,-1.310566,1.269723,1,36.285516,0.556445,0.669210,0.565133,0.565133,0.620000,0.030559,0.436115,0.436115,0.153011,0.436430,0.159010,0.045481,0.620000,0.030559,0.153011,0.436430,0.045481,0.045481,0.007017,-0.002286,0.029428,0.000000,0.000000,-0.000000,0.001059,3.266672,10,2
1780630861.356108,proposed,-0.180366,-27.472195,-0.275095,3.255069,1.665760,-0.054324,-25.824339,0.000000,45.000000,0.716436,-1.483714,1.192794,1,21.550224,0.556445,0.669210,0.565133,0.565133,0.620000,0.030559,0.436115,0.436115,0.153011,0.436430,0.159832,0.045920,0.620000,0.030559,0.153011,0.436430,0.045920,0.045920,0.007025,-0.002090,0.029862,0.000000,0.000000,-0.000000,0.000903,3.266672,10,2
1780630861.493922,proposed,-0.204293,-27.154107,-0.203451,3.106697,1.512865,-0.018420,-25.553844,0.000000,45.000000,-1.763672,-2.655164,0.497179,1,35.749305,0.793558,0.918669,0.813188,0.813188,0.620000,0.028502,0.446299,0.446299,0.145200,0.446299,0.137150,0.036415,0.620000,0.028502,0.145200,0.446299,0.036415,0.036415,0.006211,-0.004114,0.020412,0.000000,0.000000,-0.000000,0.003137,3.113352,10,2
1780630861.557162,proposed,-0.233457,-26.856713,-0.379819,2.841181,1.524381,-0.046927,-25.322132,0.000000,45.000000,-2.699607,-3.749084,-0.353388,1,23.944389,0.806734,0.774225,0.661143,0.661143,0.620000,0.025393,0.461713,0.461713,0.132867,0.461739,0.142793,0.034120,0.620000,0.025393,0.132867,0.461739,0.034120,0.034120,0.006128,-0.005852,0.020118,0.000002,0.000000,-0.000000,0.004853,2.866456,10,2
1780630861.680688,proposed,-0.284937,-26.591340,-0.649779,2.466273,1.575410,-0.113110,-25.114759,0.000000,45.000000,0.686772,-0.832980,-3.200551,1,25.295947,0.578693,0.547537,0.436175,0.436175,0.620000,0.022169,0.430648,0.430648,0.117527,0.480304,0.148752,0.032351,0.620000,0.022169,0.117527,0.480304,0.032351,0.032351,0.004400,-0.001503,0.005857,0.000001,0.000000,-0.000000,0.001630,2.550434,10,2
1780630861.764103,proposed,-0.346481,-26.348878,-0.581102,2.382975,1.503137,-0.210114,-24.928158,0.000000,45.000000,2.745741,-1.206727,-3.738379,1,25.405442,0.404190,0.368341,0.262511,0.262511,0.620000,0.020460,0.262499,0.262499,0.112889,0.486651,0.146353,0.031265,0.620000,0.020460,0.112889,0.486651,0.031265,0.031265,0.000570,0.000323,0.007576,0.000000,0.000000,-0.000000,0.000939,2.452804,10,2
1780630861.907398,proposed,-0.390862,-26.116614,-0.306528,2.262302,1.461164,-0.343887,-24.702240,0.000000,45.000000,2.373419,-2.744000,-4.691192,1,48.248710,0.352096,0.312306,0.207329,0.207329,0.620000,0.019272,0.207328,0.207328,0.104934,0.495794,0.129298,0.023697,0.620000,0.019272,0.104934,0.495794,0.023697,0.023697,0.005945,-0.001577,0.007500,0.000000,0.000000,-0.000000,0.000883,2.282974,10,2
1780630861.967542,proposed,-0.409648,-25.904104,-0.069186,1.987902,1.439121,-0.180266,-24.385333,0.000000,45.000000,-0.166101,-3.729088,-4.373094,1,40.063714,0.538309,0.585994,0.467920,0.467920,0.620000,0.020083,0.461718,0.461718,0.091510,0.508407,0.118298,0.016881,0.620000,0.020083,0.091510,0.508407,0.016881,0.016881,0.002043,-0.000601,0.000782,0.000000,0.000000,-0.000000,0.002739,1.989105,10,2
1780630862.108394,proposed,-0.417397,-25.723959,-0.085796,1.614993,1.415107,-0.390434,-24.203581,0.000000,45.000000,-6.277057,-2.278045,4.811000,1,52.823961,0.425228,0.401423,0.284057,0.284057,0.620000,0.018168,0.284051,0.284051,0.075143,0.526688,0.154807,0.049202,0.620000,0.018168,0.098967,0.510309,0.049202,0.049202,0.000312,-0.009111,0.040917,0.000000,0.000000,-0.000000,0.008961,1.617270,10,2
1780630862.220196,proposed,-0.417397,-25.723959,-0.085796,1.614993,1.415107,-0.390434,-24.203581,0.000000,45.000000,-6.342177,-2.123831,4.754670,1,86.572438,0.425228,0.401423,0.284057,0.284057,0.620000,0.018168,0.284051,0.284051,0.075143,0.526688,0.156167,0.049565,0.620000,0.018168,0.098582,0.510590,0.049565,0.049565,0.000725,-0.008753,0.040644,0.000000,0.000000,-0.000000,0.008660,1.617270,10,2
1780630862.259034,proposed,-0.457362,-25.573850,-0.713502,1.387188,1.616950,-0.340201,-24.130696,0.000000,45.000000,-2.650102,3.722619,2.359364,1,28.297779,0.393699,0.365066,0.243625,0.243625,0.620000,0.016547,0.243624,0.243624,0.072681,0.530772,0.158272,0.036262,0.620000,0.016713,0.108277,0.498002,0.036262,0.036262,-0.002228,-0.004151,0.025417,0.000000,0.000000,-0.000000,0.004242,1.559928,10,2
1780630862.390527,proposed,-0.541963,-25.416518,-0.978512,1.759450,1.450567,-0.292027,-24.089869,0.000000,45.000000,1.532426,-0.194018,-1.465130,1,45.376930,0.309399,0.280375,0.166672,0.166672,0.620000,0.016710,0.166672,0.166672,0.092596,0.510694,0.126191,0.009564,0.620000,0.016710,0.092596,0.510694,0.009564,0.009564,-0.005811,0.000031,0.000000,0.000000,0.001695,-0.000000,0.007420,2.013244,10,2
1780630862.490711,proposed,-0.632152,-25.241543,-0.825269,1.740049,1.415016,-0.169021,-23.820561,0.000000,45.000000,5.475921,0.747813,-4.266654,1,49.872960,0.411298,0.406807,0.303292,0.303292,0.620000,0.018970,0.303273,0.303273,0.088676,0.512354,0.127933,0.016374,0.620000,0.018970,0.093833,0.512354,0.016374,0.016374,-0.019411,-0.024570,0.000514,0.000000,0.000000,-0.000000,0.021372,1.925834,10,2
1780630862.565857,proposed,-0.687299,-25.063799,-0.277677,1.814830,1.412998,-0.163695,-23.749545,0.000000,45.000000,5.295934,-1.316296,-3.123049,1,31.304975,0.435529,0.416356,0.307164,0.307164,0.620000,0.017054,0.307146,0.307146,0.084685,0.518261,0.128719,0.015300,0.620000,0.017054,0.084685,0.518261,0.015300,0.015300,-0.015647,-0.019643,0.000046,-0.000000,0.000000,-0.000000,0.020722,1.835950,10,2
1780630862.690361,proposed,-0.688587,-24.888898,0.251916,1.683200,1.299762,-0.112764,-23.672674,0.000000,45.000000,4.057725,-2.022610,-0.729611,1,32.788374,0.403809,0.363311,0.253190,0.253190,0.620000,0.015246,0.253188,0.253188,0.078810,0.525944,0.124995,0.015994,0.620000,0.015246,0.079570,0.525944,0.015994,0.015994,-0.016286,-0.017741,0.001143,0.000000,0.000000,-0.000000,0.018323,1.701947,10,2
1780630862.805144,proposed,-0.688587,-24.888898,0.251916,1.683200,1.299762,-0.112764,-23.672674,0.000000,45.000000,0.001808,-1.435077,-0.968531,1,70.175744,0.403809,0.363311,0.253190,0.253190,0.620000,0.015246,0.253188,0.253188,0.078810,0.525944,-0.034110,-0.160515,0.620000,0.019217,0.188603,0.412180,-0.160515,-0.160515,-0.122306,-0.103642,-0.000000,-0.000000,0.000584,-0.000000,0.180045,1.701947,10,2
1780630862.854156,proposed,-0.643107,-24.730691,0.657689,1.480939,1.188566,-0.035810,-23.529085,0.000000,45.000000,4.111549,-1.203748,-0.818242,1,24.848370,0.397918,0.362969,0.237208,0.237208,0.634960,0.014933,0.237207,0.237207,0.075279,0.544748,0.133187,0.029185,0.620000,0.014933,0.093917,0.516702,0.029185,0.029185,-0.013192,-0.013910,0.018283,-0.000000,0.000000,-0.000000,0.015057,1.620412,10,2
1780630862.964091,proposed,-0.556780,-24.588616,1.068844,1.360564,1.164360,0.028692,-23.387585,0.000000,45.000000,2.524316,0.963382,-0.472122,1,19.112315,0.315117,0.282079,0.173200,0.173200,0.700329,0.015196,0.173200,0.173200,0.080041,0.605092,0.138866,0.036348,0.678268,0.015196,0.104111,0.570616,0.036348,0.036348,-0.003859,-0.000604,0.028218,0.000000,0.000002,-0.000000,0.004133,1.730191,10,2
1780630863.067158,proposed,-0.437275,-24.447742,1.321275,1.456903,1.175052,0.311320,-23.098899,0.000000,45.000000,0.992911,5.619627,-0.161604,1,16.016965,0.346409,0.306281,0.196390,0.196390,0.920128,0.020111,0.196390,0.196390,0.090509,0.809508,0.276065,0.172140,0.895780,0.020111,0.119893,0.769950,0.172140,0.172140,0.067958,0.042407,0.166041,0.065112,0.042604,-0.000000,0.000001,1.966808,10,2
1780630863.148225,proposed,-0.300182,-24.273954,1.420566,2.018865,1.025993,-0.118715,-22.480799,0.000000,45.000000,-4.219574,6.796705,-0.066772,1,12.063205,0.388407,0.354185,0.240565,0.240565,1.415819,0.028427,0.240565,0.240565,0.113634,1.273758,0.354185,0.240565,1.407372,0.028427,0.141618,1.245441,0.240565,0.240565,0.247648,0.355490,0.240566,0.246649,0.355491,-0.000000,0.000001,2.468568,10,2
1780630863.268466,proposed,-0.179224,-24.038084,0.998609,2.698536,1.035577,-0.136716,-22.070390,0.000000,45.000000,-4.371931,6.059534,-0.043677,1,12.982319,0.363607,0.326898,0.216793,0.216793,1.558198,0.035114,0.216793,0.216793,0.133407,1.389678,0.326898,0.216793,1.554072,0.035114,0.159510,1.366373,0.216793,0.216793,0.327048,0.422138,0.203269,0.329399,0.420838,-0.000000,0.000000,2.877380,10,2
1780630863.354955,proposed,-0.101222,-23.737933,0.561416,3.304489,1.108599,-0.007898,-21.996710,0.000000,45.000000,-1.990093,1.297041,-0.045570,1,12.543513,0.489698,0.466246,0.359972,0.359972,1.622890,0.033245,0.359972,0.359972,0.157402,1.432244,0.466246,0.359972,1.622890,0.033245,0.162677,1.432244,0.359972,0.359972,0.499766,0.477122,0.358854,0.498329,0.477099,-0.000000,0.000000,3.351841,10,2
1780630863.479481,proposed,-0.055031,-23.400998,0.362407,3.434193,1.315797,-0.000109,-21.767446,0.000000,45.000000,-1.269377,-0.596385,-0.068311,1,19.803836,0.819255,0.788949,0.674375,0.674375,1.727921,0.031675,0.674375,0.674375,0.162677,1.533569,0.788949,0.674375,1.717730,0.031675,0.162677,1.533569,0.674375,0.674375,0.646859,0.492521,0.673351,0.645407,0.492510,-0.000000,0.000000,3.453263,10,2
1780630863.549908,proposed,-0.025138,-23.060561,0.235469,3.374555,1.446754,0.000020,-21.459127,0.000000,45.000000,-0.916747,-0.760334,-0.087816,1,12.298390,1.158055,1.120531,1.009427,1.009427,1.861919,0.030406,1.009427,1.009427,0.159004,1.672509,1.120531,1.009427,1.845675,0.030406,0.159004,1.672509,1.009427,1.009427,0.788830,0.537963,1.008423,0.787361,0.537689,-0.000000,0.000000,3.382760,10,2
1780630863.675063,proposed,-0.006174,-22.726907,0.143794,3.298521,1.513654,0.000000,-21.126907,0.000000,45.000000,-0.652338,-0.447947,-0.099414,1,16.982909,1.492849,1.452849,1.342220,1.342220,2.006782,0.029721,1.342220,1.342220,0.154810,1.822251,1.452849,1.342220,1.990281,0.029721,0.154810,1.822251,1.342220,1.342220,0.853623,0.576501,1.341214,0.850522,0.576393,-0.000000,0.000000,3.301654,10,2
1780630863.748660,proposed,0.004943,-22.399295,0.078560,3.253727,1.546050,0.000000,-20.799295,0.000000,45.000000,-0.441882,-0.225580,-0.105204,1,11.953391,1.820450,1.780450,1.669768,1.669768,2.153540,0.029352,1.669767,1.669767,0.152396,1.971793,1.780450,1.669768,2.137920,0.029352,0.152396,1.971793,1.669767,1.669767,0.910805,0.597932,1.668606,0.909424,0.598825,-0.000000,0.000000,3.254675,10,2
1780630863.865105,proposed,0.010590,-22.075050,0.034372,3.231169,1.562409,0.000000,-20.475050,0.000000,45.000000,-0.280179,-0.108700,-0.107759,1,11.721610,2.144767,2.104767,1.993986,1.993986,2.302198,0.029171,1.993662,1.993662,0.151201,2.121826,2.104767,1.993986,2.287847,0.029171,0.151201,2.121826,1.993662,1.993662,0.971599,0.663830,1.990802,0.969585,0.663391,-0.000000,0.000000,3.231352,10,2
1780630863.955409,proposed,0.012626,-21.752477,0.006354,3.220299,1.570979,0.000000,-20.152477,0.000000,45.000000,-0.161769,-0.051647,-0.108640,1,13.025277,2.390818,2.427340,2.315954,2.315954,2.452949,0.029085,2.267449,2.267449,0.150637,2.273227,2.427340,2.315954,2.439955,0.029085,0.150637,2.273227,2.267449,2.267449,1.026690,0.731790,2.264489,1.027257,0.731306,-0.000000,0.000000,3.220305,10,2
1780630864.071830,proposed,0.012453,-21.430705,-0.009823,3.215134,1.575305,0.000000,-19.830705,0.000000,45.000000,-0.079498,-0.024424,-0.108635,1,25.344032,2.276933,2.716429,2.607493,2.607493,2.605677,0.029046,2.426208,2.426208,0.150373,2.426258,2.716429,2.607493,2.594022,0.029046,0.150373,2.426258,2.426208,2.426208,1.092529,0.781184,2.424913,1.091539,0.781174,-0.000000,0.000000,3.215149,10,2
1780630864.155171,proposed,0.011073,-21.109314,-0.017772,3.212692,1.577126,0.000000,-19.509314,0.000000,45.000000,-0.025724,-0.011532,-0.108138,1,12.178414,2.461248,2.430131,2.317429,2.317429,2.514397,0.029027,2.305123,2.305123,0.150250,2.335120,2.430131,2.317429,2.508086,0.029027,0.150250,2.335120,2.305123,2.305123,1.069529,0.749405,2.295653,1.067567,0.747665,-0.000000,0.000000,3.212741,8,2
1780630864.270909,proposed,0.009167,-20.788102,-0.020345,3.211538,1.577454,0.000000,-19.188102,0.000000,45.000000,0.006720,-0.005442,-0.107356,1,12.609288,2.754880,2.724801,2.610311,2.610311,2.676104,0.029018,2.496359,2.496359,0.150192,2.496894,2.724801,2.610311,2.670496,0.029018,0.150192,2.496894,2.496359,2.496359,1.126299,0.805463,2.494609,1.124743,0.805013,-0.000000,0.000000,3.211603,8,2
1780630864.352956,proposed,0.007166,-20.466976,-0.019673,3.210994,1.576943,0.000000,-18.866976,0.000000,45.000000,0.024002,-0.002568,-0.106416,1,11.705765,3.053649,3.024499,2.908383,2.908383,2.838480,0.029013,2.659297,2.659297,0.150164,2.659302,3.024499,2.908383,2.833373,0.029013,0.150164,2.659302,2.659297,2.659297,1.199268,0.856943,2.657882,1.197690,0.856562,-0.000000,0.000000,3.211054,8,2
1780630864.449710,proposed,0.005319,-20.145889,-0.017273,3.210737,1.576025,0.000000,-18.545889,0.000000,45.000000,0.031103,-0.001212,-0.105399,1,17.975704,3.355951,3.326376,3.210461,3.210461,3.001420,0.029011,2.822258,2.822258,0.150150,2.822258,3.326376,3.210461,2.996691,0.029011,0.150150,2.822258,2.822258,2.822258,1.272765,0.908497,2.820979,1.271239,0.908150,-0.000000,0.000000,3.210784,8,2
1780630864.549428,proposed,0.003747,-19.824821,-0.014162,3.210616,1.574977,0.000000,-18.224821,0.000000,45.000000,0.031831,-0.000572,-0.104355,1,11.890195,3.661424,3.630805,3.515664,3.515664,3.164834,0.029010,2.985681,2.985681,0.150143,2.985681,3.630805,3.515664,3.160452,0.029010,0.150143,2.985681,2.985681,2.985681,1.346461,0.960182,2.984511,1.344978,0.959861,-0.000000,0.000000,3.210647,8,2
1780630864.658365,proposed,0.002490,-19.503763,-0.010979,3.210559,1.573966,0.000000,-17.903763,0.000000,45.000000,0.028953,-0.000270,-0.103315,1,15.743571,3.969377,3.937863,3.823328,3.823328,3.328649,0.029009,3.149500,3.149500,0.150140,3.149500,3.937863,3.823328,3.324582,0.029009,0.150140,3.149500,3.149500,3.149500,1.420323,1.011975,3.148418,1.418874,1.011676,-0.000000,0.000000,3.210578,8,2
1780630864.755893,proposed,0.001537,-19.182708,-0.008084,3.210532,1.573078,0.000000,-17.582708,0.000000,45.000000,0.024374,-0.000127,-0.102296,1,12.165873,4.279289,4.247003,4.132950,4.132950,3.492803,0.029009,3.313656,3.313656,0.150138,3.313656,4.247003,4.132950,3.489023,0.029009,0.150138,3.313656,3.313656,3.313656,1.494323,1.063858,3.312647,1.492903,1.063578,-0.000000,0.000000,3.210542,8,2
1780630864.854567,proposed,0.000851,-18.861656,-0.005647,3.210519,1.572352,0.000000,-17.261656,0.000000,45.000000,0.019325,-0.000060,-0.101306,1,11.602585,4.590765,4.557811,4.444143,4.444143,3.657245,0.029009,3.478099,3.478099,0.150137,3.478099,4.557811,4.444143,3.653726,0.029009,0.150137,3.478099,3.478099,3.478099,1.568441,1.115818,3.477152,1.567044,1.115553,-0.000000,0.000000,3.210524,8,2
1780630864.944219,proposed,0.000382,-18.540604,-0.003714,3.210513,1.571789,0.000000,-16.940604,0.000000,45.000000,0.014535,-0.000028,-0.100348,1,12.324358,4.903503,4.869967,4.756610,4.756610,3.821934,0.029009,3.642789,3.642789,0.150137,3.642789,4.869967,4.756610,3.818654,0.029009,0.150137,3.642789,3.642789,3.642789,1.642658,1.167843,3.641893,1.641282,1.167591,-0.000000,0.000000,3.210515,8,2
1780630865.071749,proposed,0.000084,-18.219553,-0.002261,3.210511,1.571374,0.000000,-16.619553,0.000000,45.000000,0.010383,-0.000013,-0.099420,1,14.958112,0.517584,5.183222,5.070121,5.070121,3.986835,0.029009,3.807690,3.807690,0.150136,3.807690,5.183222,5.070121,3.983774,0.029009,0.150136,3.807690,3.807690,3.807690,1.716961,1.219923,3.806839,1.715603,1.219682,-0.000000,0.000000,3.210511,6,2
1780630865.163455,proposed,-0.000090,-17.898502,-0.001222,3.210509,1.571085,0.335749,-16.081079,0.000000,45.000000,2.997562,1.936600,-0.098524,1,11.666644,0.441747,0.403001,0.293500,0.293500,1.449266,0.034572,0.293500,0.293500,0.150136,1.264558,0.403001,0.293500,1.436135,0.034572,0.160797,1.253047,0.293500,0.293500,0.231305,0.339410,0.272820,0.226511,0.335161,-0.000000,0.000001,3.210509,10,2
1780630865.267635,proposed,0.014775,-17.567768,0.298534,3.404169,1.530177,0.168358,-15.773655,0.000000,45.000000,0.268531,1.015164,-0.093216,1,13.630893,0.521260,0.481150,0.377255,0.377255,1.551425,0.035089,0.377255,0.377255,0.160797,1.355539,0.481150,0.377255,1.545452,0.035089,0.166216,1.352569,0.377255,0.377255,0.404521,0.439653,0.369661,0.400233,0.436484,-0.000000,0.000000,3.417234,10,2
1780630865.356467,proposed,0.045971,-17.222275,0.325387,3.505686,1.507714,0.045847,-15.553056,0.000000,45.000000,-1.425261,-0.617279,-0.088845,1,12.178688,0.768871,0.733131,0.626565,0.626565,1.643908,0.032986,0.626565,0.626565,0.166216,1.444707,0.733131,0.626565,1.640568,0.032986,0.166216,1.444707,0.626565,0.626565,0.566283,0.499494,0.619116,0.561169,0.495533,-0.000000,0.000000,3.520754,10,2
1780630865.469188,proposed,0.071384,-16.874793,0.182861,3.443958,1.551888,0.004016,-15.267373,0.000000,45.000000,-1.519096,-1.016671,-0.091993,1,13.695396,1.069510,1.036599,0.926928,0.926928,1.784902,0.031097,0.926928,0.926928,0.162444,1.591361,1.036599,0.926928,1.781421,0.031097,0.162444,1.591361,0.926928,0.926928,0.709471,0.528419,0.918843,0.703612,0.523156,-0.000000,0.000000,3.448809,10,2
1780630865.555758,proposed,0.082074,-16.535480,0.030951,3.342291,1.600826,0.000000,-14.935480,0.000000,45.000000,-0.982832,-0.661540,-0.097518,1,12.930306,1.377180,1.345489,1.234002,1.234002,1.954788,0.030090,1.234002,1.234002,0.156915,1.767783,1.345489,1.234002,1.949496,0.030090,0.156915,1.767783,1.234002,1.234002,0.843559,0.560462,1.224926,0.831195,0.554247,-0.000000,0.000000,3.342434,10,2
1780630865.659733,proposed,0.080255,-16.204559,-0.067332,3.276137,1.618947,0.000000,-14.604559,0.000000,45.000000,-0.489970,-0.341141,-0.100246,1,12.675068,1.682158,1.651753,1.538116,1.538116,2.121897,0.029567,1.538116,1.538116,0.153533,1.938797,1.651753,1.538116,2.111862,0.029567,0.153533,1.938797,1.538116,1.538116,0.908241,0.622428,1.527622,0.898796,0.618840,-0.000000,0.000000,3.276828,10,2
1780630865.756503,proposed,0.071072,-15.878651,-0.116329,3.242022,1.621693,0.000000,-14.278651,0.000000,45.000000,-0.153565,-0.165582,-0.100585,1,13.226440,1.987188,1.958039,1.842115,1.842115,2.281879,0.029302,1.842112,1.842112,0.151854,2.100723,1.958039,1.842115,2.271032,0.029302,0.151854,2.100723,1.842112,1.842112,0.967152,0.642564,1.829523,0.960252,0.639973,-0.000000,0.000000,3.244109,10,2
1780630865.866349,proposed,0.058671,-15.555277,-0.131685,3.225464,1.618380,0.000000,-13.955277,0.000000,45.000000,0.050390,-0.078860,-0.099664,1,12.714126,2.293518,2.263544,2.148074,2.148074,2.440253,0.029168,2.147512,2.147512,0.151038,2.260048,2.263544,2.148074,2.430677,0.029168,0.151038,2.260048,2.147512,2.147512,1.035198,0.711192,2.131797,1.029151,0.707837,-0.000000,0.000000,3.228151,10,2
1780630865.948763,proposed,0.045755,-15.233125,-0.126646,3.217578,1.612329,0.000000,-13.633125,0.000000,45.000000,0.158430,-0.037323,-0.098135,1,11.936586,2.602501,2.570955,2.456568,2.456568,2.599415,0.029096,2.412751,2.412751,0.150625,2.419694,2.570955,2.456568,2.591073,0.029096,0.150625,2.419694,2.412751,2.412751,1.093976,0.779156,2.400540,1.090976,0.776498,-0.000000,0.000000,3.220070,10,2
1780630866.064594,proposed,0.033882,-14.911554,-0.110803,3.213846,1.605140,0.000000,-13.311554,0.000000,45.000000,0.201989,-0.017628,-0.096341,1,17.410127,1.531998,2.881075,2.767487,2.767487,2.759431,0.029057,2.579930,2.579930,0.150404,2.579970,2.881075,2.767487,2.752253,0.029057,0.150404,2.579970,2.579930,2.579930,1.162545,0.831130,2.572208,1.158658,0.829302,-0.000000,0.000000,3.215755,10,2
1780630866.157177,proposed,0.023812,-14.590257,-0.090604,3.212083,1.597848,0.000000,-12.990257,0.000000,45.000000,0.205299,-0.008317,-0.094449,1,11.461394,1.362841,1.326862,1.212542,1.212542,1.205430,0.029035,1.026072,1.026072,0.150282,1.026114,1.200457,1.088759,1.182832,0.029035,0.150282,1.026114,1.026072,1.026072,0.478347,0.344839,1.025656,0.476038,0.342462,-0.000000,0.000000,3.213361,10,2
1780630866.261320,proposed,0.015778,-14.269090,-0.070075,3.211251,1.591128,-0.001261,-12.669314,0.000000,45.000000,0.174746,-0.005920,-0.092645,1,13.096746,1.317216,1.280188,1.162162,1.162162,1.294233,0.029018,1.109986,1.109986,0.150213,1.115002,1.227857,1.115789,1.292679,0.029018,0.150213,1.115002,1.102803,1.102803,0.492311,0.366551,1.094724,0.487833,0.368413,-0.000000,0.000000,3.212016,10,2
1780630866.358709,proposed,0.009644,-13.947995,-0.052600,3.210659,1.585788,-0.003276,-12.348127,0.000000,45.000000,0.131565,-0.002291,-0.091026,1,12.673767,1.289948,1.251874,1.135894,1.135894,1.403933,0.029012,1.134647,1.134647,0.150166,1.224755,1.251874,1.135894,1.403933,0.029012,0.150166,1.224755,1.134647,1.134647,0.521204,0.425020,1.121471,0.522729,0.424994,-0.000000,0.000000,3.211090,10,2
1780630866.459178,proposed,0.005042,-13.626940,-0.039443,3.210430,1.581979,-0.001953,-12.026688,0.000000,45.000000,0.122687,0.002418,-0.089627,1,11.635984,1.294028,1.253846,1.141427,1.141427,1.526403,0.029016,1.141406,1.141406,0.150145,1.347243,1.253846,1.141427,1.526403,0.029016,0.150150,1.347243,1.141406,1.141406,0.582338,0.466666,1.134586,0.582770,0.466644,-0.000000,0.000000,3.210673,10,2
1780630866.556043,proposed,0.001711,-13.305885,-0.027175,3.210672,1.578235,0.000000,-11.705885,0.000000,45.000000,0.114623,-0.000546,-0.088297,1,11.267020,1.339543,1.303834,1.189866,1.189866,1.657710,0.029011,1.189865,1.189865,0.150150,1.478549,1.303834,1.189866,1.657710,0.029011,0.150150,1.478549,1.189865,1.189865,0.663075,0.510173,1.187411,0.662445,0.510154,-0.000000,0.000000,3.210787,10,2
1780630866.668588,proposed,-0.000433,-12.984821,-0.015712,3.210618,1.574731,0.000000,-11.384821,0.000000,45.000000,0.082235,-0.000527,-0.087018,1,12.959279,1.442106,1.402588,1.295091,1.295091,1.795891,0.029010,1.295090,1.295090,0.150144,1.616738,1.402588,1.295091,1.795891,0.029010,0.150144,1.616738,1.295090,1.295090,0.759879,0.539653,1.294129,0.758924,0.539630,-0.000000,0.000000,3.210656,10,2
1780630866.754650,proposed,-0.001593,-12.663762,-0.007489,3.210565,1.572417,0.000000,-11.063762,0.000000,45.000000,0.053626,-0.000292,-0.085890,1,11.076969,1.596085,1.555832,1.450835,1.450835,1.938467,0.029009,1.450835,1.450835,0.150140,1.759318,1.555832,1.450835,1.938467,0.029009,0.150140,1.759318,1.450835,1.450835,0.848569,0.583208,1.450366,0.845544,0.583156,-0.000000,0.000000,3.210574,10,2
1780630866.864657,proposed,-0.002074,-12.342707,-0.002126,3.210536,1.570978,0.000000,-10.742707,0.000000,45.000000,0.031949,-0.000145,-0.084902,1,13.219930,1.789661,1.750735,1.646036,1.646036,2.084542,0.029009,1.646033,1.646033,0.150138,1.905395,1.750735,1.646036,2.084542,0.029009,0.150138,1.905395,1.646033,1.646033,0.912702,0.620428,1.645752,0.910161,0.620465,-0.000000,0.000000,3.210536,10,2
1780630866.957535,proposed,-0.002127,-12.021654,0.001069,3.210521,1.570165,0.000000,-10.421654,0.000000,45.000000,0.016606,-0.000069,-0.084023,1,12.101557,2.013959,1.976088,1.870530,1.870530,2.233535,0.029009,1.870485,1.870485,0.150137,2.054389,1.976088,1.870530,2.233535,0.029009,0.150137,2.054389,1.870485,1.870485,0.959811,0.649390,1.870289,0.957793,0.649357,-0.000000,0.000000,3.210521,10,2
1780630867.075126,proposed,-0.001937,-11.700602,0.002729,3.210514,1.569781,0.000000,-10.100602,0.000000,45.000000,0.006388,-0.000033,-0.083223,1,18.229023,1.222566,2.223379,2.116417,2.116417,2.384988,0.029009,2.115195,2.115195,0.150137,2.205843,2.223379,2.116417,2.384988,0.029009,0.150137,2.205843,2.115195,2.115195,1.026038,0.709884,2.115047,1.024016,0.709853,-0.000000,0.000000,3.210515,10,2
1780630867.150273,proposed,-0.001632,-11.379551,0.003368,3.210511,1.569674,-0.045319,-9.800403,0.000000,45.000000,-0.403615,-0.185740,-0.082431,1,11.845313,0.993905,0.956249,0.845647,0.845647,1.074795,0.028590,0.841131,0.841131,0.150136,0.896068,0.828174,0.715028,1.069859,0.028590,0.150136,0.896068,0.715020,0.715020,0.289099,0.214843,0.691044,0.267083,0.219722,-0.000000,0.000000,3.210513,10,2
1780630867.256546,proposed,-0.003313,-11.059428,-0.036994,3.191937,1.586262,-0.079025,-9.476472,0.000000,45.000000,-0.540566,-0.083350,-0.083534,1,12.785676,0.934639,0.897227,0.782383,0.782383,1.198667,0.028552,0.782376,0.782376,0.149200,1.020915,0.859128,0.749005,1.198667,0.028552,0.149200,1.020915,0.749004,0.749004,0.318697,0.289049,0.725597,0.314209,0.287230,-0.000000,0.000000,3.192151,10,2
1780630867.349269,proposed,-0.009715,-10.740651,-0.091050,3.183602,1.604411,-0.086864,-9.137087,0.000000,45.000000,-0.323714,0.144905,-0.085261,1,12.036161,0.917392,0.888926,0.765829,0.765829,1.177565,0.028925,0.765821,0.765821,0.148831,0.999810,0.888926,0.765829,1.096098,0.028925,0.149624,0.999810,0.765821,0.765821,0.381300,0.321071,0.738034,0.377367,0.321684,-0.000000,0.000000,3.184904,10,2
1780630867.470107,proposed,-0.020439,-10.421567,-0.123422,3.198093,1.611841,-0.059778,-8.803534,0.000000,45.000000,0.173091,0.226645,-0.085951,1,14.217232,0.932226,0.894422,0.782508,0.782508,1.189403,0.029319,0.782498,0.782498,0.149624,1.010460,0.894422,0.782508,1.135516,0.029319,0.150749,1.010460,0.782498,0.782498,0.463321,0.338393,0.762927,0.460552,0.338422,-0.000000,0.000000,3.200473,10,2
1780630867.549457,proposed,-0.031916,-10.100624,-0.106112,3.220757,1.603050,-0.025941,-8.485880,0.000000,45.000000,0.537280,0.102898,-0.084615,1,11.823446,1.018019,0.978713,0.870845,0.870845,1.232376,0.029410,0.870795,0.870795,0.150749,1.052217,0.978713,0.870845,1.203721,0.029410,0.151208,1.052217,0.870795,0.870795,0.514979,0.358603,0.858270,0.506947,0.358581,-0.000000,0.000000,3.222505,10,2
1780630867.646112,proposed,-0.039841,-9.778034,-0.052384,3.231047,1.583813,-0.002765,-8.175796,0.000000,45.000000,0.603233,-0.063487,-0.081645,1,16.187588,1.173685,1.133539,1.028807,1.028807,1.141817,0.029226,0.958805,0.958805,0.151208,0.961383,1.047352,0.936103,1.052648,0.029226,0.151208,0.960636,0.933638,0.933638,0.411063,0.284854,0.917638,0.404064,0.284855,-0.000000,0.000000,3.231471,10,2
1780630867.750113,proposed,-0.042063,-9.455247,0.007939,3.224698,1.563558,0.000000,-7.855247,0.000000,45.000000,0.384853,-0.067771,-0.078181,1,12.459192,1.359931,1.321345,1.197660,1.197660,1.151031,0.029130,0.971030,0.971030,0.150862,0.971040,1.071098,0.957691,1.063932,0.029130,0.150862,0.962963,0.953522,0.953522,0.422021,0.289302,0.941194,0.416910,0.289212,-0.000000,0.000000,3.224708,10,2
1780630867.872474,proposed,-0.039345,-9.133116,0.046424,3.217921,1.552839,0.000000,-7.533116,0.000000,45.000000,0.173362,-0.038009,-0.075652,1,15.180465,1.363236,1.323438,1.207297,1.207297,1.176945,0.029079,0.997316,0.997316,0.150532,0.997335,1.094543,0.989845,1.106394,0.029079,0.150532,0.987594,0.981979,0.981979,0.435019,0.300485,0.973626,0.430862,0.300365,-0.000000,0.000000,3.218256,10,2
1780630867.954979,proposed,-0.033835,-8.811514,0.063760,3.214120,1.549131,0.000000,-7.211514,0.000000,45.000000,0.030879,-0.016801,0.060394,1,15.847926,1.317713,1.280583,1.166410,1.166410,0.620000,0.029049,0.440598,0.440598,0.150353,0.440598,0.303733,0.178153,0.620000,0.029049,0.150353,0.440598,0.178153,0.178153,0.033947,0.013262,0.142181,0.010970,0.000015,-0.000000,0.000000,3.214753,10,2
1780630868.073230,proposed,-0.027305,-8.490186,0.066848,3.212440,1.549413,0.002172,-6.890654,0.000000,45.000000,0.039902,-0.598878,0.573442,1,23.761009,1.249648,1.242230,1.130390,1.130390,0.620000,0.029025,0.440705,0.440705,0.150270,0.440705,0.180781,0.068531,0.620000,0.029025,0.150270,0.440705,0.068531,0.068531,0.013086,-0.001310,0.034330,0.000000,0.000001,-0.000000,0.000000,3.213136,10,2
1780630868.169333,proposed,-0.020421,-8.171936,0.070838,3.152552,1.550717,0.005570,-6.572945,0.000000,45.000000,0.680776,-3.144195,-0.683234,1,27.383238,1.177887,1.148865,1.031576,1.031576,0.620000,0.028556,0.444218,0.444218,0.147226,0.444218,0.169374,0.050847,0.620000,0.028556,0.147226,0.444218,0.050847,0.050847,0.014053,-0.000264,0.018232,0.000000,0.000000,-0.000000,0.000199,3.153348,10,2
1780630868.284460,proposed,-0.009933,-7.872402,0.138916,2.838133,1.528925,0.016304,-6.326407,0.000000,45.000000,1.016004,-4.444345,-1.287465,1,31.117365,0.901516,0.870472,0.757889,0.757889,0.620000,0.025229,0.463130,0.463130,0.131639,0.463131,0.148057,0.034479,0.620000,0.025229,0.131639,0.463131,0.034479,0.034479,0.009907,-0.001063,0.008311,0.000000,0.000000,-0.000000,0.001521,2.841530,10,2
1780630868.373052,proposed,0.009039,-7.610810,0.240516,2.393698,1.490937,0.045489,-6.175974,0.000000,45.000000,0.521032,-4.372649,-1.092340,1,35.865340,0.673643,0.636766,0.522144,0.522144,0.620000,0.020336,0.481205,0.481205,0.110670,0.488994,0.138243,0.022088,0.620000,0.020336,0.110670,0.488994,0.022088,0.022088,0.006352,-0.003265,0.002513,0.000000,0.000000,-0.000000,0.001943,2.405751,10,2
1780630868.502896,proposed,0.035695,-7.393304,0.292620,1.956433,1.487709,0.115902,-6.137238,0.000000,45.000000,0.943034,-4.525244,-1.029493,1,38.988335,0.458036,0.423841,0.312282,0.312282,0.620000,0.014993,0.312257,0.312257,0.091020,0.513987,0.129116,0.018995,0.620000,0.014993,0.091020,0.513987,0.018995,0.018995,-0.004163,-0.002343,0.000418,0.000000,0.002502,-0.000000,0.002641,1.978196,10,2
1780630868.619672,proposed,0.069673,-7.220286,0.386923,1.503909,1.440669,0.148419,-5.991732,0.000000,45.000000,3.674101,-3.731322,3.694769,1,83.698151,0.297754,0.270088,0.154667,0.154667,0.620000,0.012745,0.154667,0.154667,0.072380,0.534876,0.115772,0.013678,0.620000,0.012745,0.081770,0.529732,0.013678,0.013678,-0.003680,-0.003646,0.000202,0.000000,0.002248,-0.000000,0.004876,1.552885,10,2
1780630868.692410,proposed,0.069673,-7.220286,0.386923,1.503909,1.440669,0.148419,-5.991732,0.000000,45.000000,-0.440343,-1.204181,-0.588769,1,60.925323,0.297754,0.270088,0.154667,0.154667,0.620000,0.012745,0.154667,0.154667,0.072380,0.534876,-0.041413,-0.149095,0.620000,0.017095,0.175927,0.426978,-0.149095,-0.149095,-0.114632,-0.093848,-0.000000,-0.000000,0.008611,-0.000000,0.161291,1.552885,10,2
1780630868.764389,proposed,0.106163,-7.075917,0.342889,1.383491,1.443061,0.208569,-5.817236,0.000000,45.000000,-2.146441,-1.801849,1.213626,1,32.978884,0.303740,0.275921,0.159643,0.159643,0.661184,0.012804,0.159643,0.159643,0.066966,0.581414,0.067721,-0.051748,0.647947,0.012804,0.120804,0.539060,-0.051748,-0.051748,-0.046724,-0.035092,-0.000000,-0.000000,0.011606,-0.000000,0.059095,1.425349,10,2
1780630868.870869,proposed,0.129720,-6.946577,0.128245,1.203306,1.507957,0.366568,-5.506665,0.000000,45.000000,1.378723,7.348272,0.247153,1,20.618852,0.399888,0.365389,0.252039,0.252039,0.831042,0.015599,0.252039,0.252039,0.058015,0.757428,0.325411,0.211912,0.803849,0.015599,0.106642,0.688936,0.211912,0.211912,0.067640,0.030533,0.203685,0.064513,0.030286,-0.000000,0.000000,1.210121,10,2
1780630868.953065,proposed,0.149438,-6.789505,0.266117,1.938133,1.491913,0.395209,-5.251229,0.000000,45.000000,1.111648,5.651626,0.005665,1,12.336054,0.449963,0.413389,0.306269,0.306269,0.733328,0.020366,0.306269,0.306269,0.090039,0.622923,0.385042,0.276593,0.699264,0.020366,0.122377,0.574275,0.276593,0.276593,0.077874,0.046191,0.236264,0.059512,0.039393,-0.000000,0.000000,1.956317,10,2
1780630869.066446,proposed,0.181608,-6.567433,0.377282,2.503296,1.472756,0.395286,-4.906205,0.000000,45.000000,0.312146,4.110242,-0.052614,1,15.676095,0.463205,0.423297,0.317240,0.317240,0.678699,0.025925,0.317226,0.317226,0.116627,0.536147,0.225965,0.117362,0.620000,0.025925,0.136649,0.493234,0.117362,0.117362,0.027794,0.016740,0.093724,0.018054,0.010287,-0.000000,0.000000,2.531567,10,2
1780630869.155585,proposed,0.220897,-6.296553,0.408496,2.914320,1.449485,0.251208,-4.555273,0.000000,45.000000,-1.519822,2.882700,-0.064313,1,11.836013,0.416895,0.378010,0.270057,0.270057,0.778252,0.030106,0.270057,0.270057,0.136649,0.611497,0.378010,0.270057,0.687155,0.030106,0.150256,0.602400,0.270057,0.270057,0.090610,0.031939,0.265612,0.088216,0.037178,-0.000000,0.000000,2.942810,10,2
1780630869.273162,proposed,0.254147,-5.990707,0.256514,3.202590,1.458870,0.221798,-4.074961,0.000000,45.000000,-1.541313,3.064621,-0.067746,1,13.743757,0.362390,0.330174,0.220910,0.220910,0.869343,0.036249,0.220910,0.220910,0.150256,0.682838,0.330174,0.220910,0.850176,0.036249,0.165679,0.682838,0.220910,0.220910,0.083180,0.018105,0.217557,0.082578,0.022277,-0.000000,0.000001,3.212846,10,2
1780630869.355436,proposed,0.272092,-5.655125,0.102383,3.509052,1.479205,0.016151,-3.858820,0.000000,45.000000,-2.850251,0.654083,-0.070488,1,11.695460,0.446278,0.413660,0.301267,0.301267,1.019896,0.036188,0.301267,0.301267,0.165679,0.818029,0.413660,0.301267,1.003056,0.036188,0.169295,0.818029,0.301267,0.301267,0.123581,0.016277,0.300215,0.123713,0.020501,-0.000000,0.000000,3.510545,10,2
1780630869.471016,proposed,0.268079,-5.300949,-0.182642,3.574460,1.586842,-0.085033,-3.713255,0.000000,45.000000,-2.549105,-1.675905,-0.082453,1,12.836017,0.674593,0.670461,0.562230,0.562230,1.100562,0.032568,0.562230,0.562230,0.169295,0.898700,0.573148,0.460887,1.092909,0.032568,0.169295,0.898700,0.460887,0.460887,0.151661,0.206377,0.456960,0.152384,0.205927,-0.000000,0.000000,3.579123,10,2
1780630869.553226,proposed,0.237069,-4.951883,-0.437553,3.406870,1.733787,-0.170909,-3.395827,0.000000,45.000000,-1.883589,-1.389255,-0.100910,1,11.637792,0.629789,0.619779,0.510187,0.510187,1.233792,0.030978,0.510187,0.510187,0.161715,1.041099,0.619779,0.510187,1.233792,0.030978,0.161715,1.041099,0.510187,0.510187,0.250310,0.283936,0.507245,0.249298,0.283769,-0.000000,0.000000,3.434853,10,2
1780630869.670076,proposed,0.183896,-4.618142,-0.625912,3.267944,1.805482,-0.163975,-3.008032,0.000000,45.000000,-0.461973,-0.269522,-0.112691,1,13.350264,0.628046,0.613703,0.502498,0.502498,1.346334,0.030923,0.502498,0.502498,0.156135,1.159276,0.613703,0.502498,1.346334,0.030923,0.156135,1.159276,0.502498,0.502498,0.343743,0.374751,0.500649,0.342801,0.373734,-0.000000,0.000001,3.327345,10,2
1780630869.753239,proposed,0.118995,-4.292695,-0.672109,3.240992,1.794288,-0.090116,-2.662624,0.000000,45.000000,1.086099,0.112233,-0.113697,1,11.614702,0.743790,0.703853,0.598179,0.598179,1.447963,0.030702,0.598179,0.598179,0.155238,1.262023,0.703853,0.598179,1.447963,0.030702,0.155238,1.262023,0.598179,0.598179,0.473086,0.447889,0.597241,0.470972,0.447776,-0.000000,0.000000,3.309949,10,2
1780630869.872000,proposed,0.057215,-3.968035,-0.563499,3.252215,1.740712,-0.031227,-2.350470,0.000000,45.000000,1.795388,-0.020235,-0.107372,1,14.256127,0.932288,0.893137,0.788890,0.788890,1.303007,0.030132,0.788890,0.788890,0.154760,1.118116,0.893137,0.788890,1.235375,0.030132,0.154760,1.118116,0.788890,0.788890,0.530490,0.361561,0.787197,0.522491,0.360554,-0.000000,0.000000,3.300672,10,2
1780630869.953153,proposed,0.009842,-3.642915,-0.383960,3.250192,1.673509,-0.003068,-2.040553,0.000000,45.000000,1.724602,-0.156643,-0.097787,1,12.069565,1.168201,1.130222,1.025078,1.025078,1.320260,0.029544,1.024523,1.024523,0.153326,1.137390,1.130222,1.025078,1.235091,0.029544,0.153326,1.137390,1.024523,1.024523,0.525273,0.350953,1.015243,0.523102,0.349556,-0.000000,0.000000,3.272793,10,2
1780630870.056174,proposed,-0.019931,-3.318679,-0.211500,3.234528,1.617226,0.000000,-1.718679,0.000000,45.000000,1.246245,-0.118418,-0.088655,1,11.582065,2.725831,2.693289,2.582103,2.582103,2.713852,0.029251,2.528189,2.528189,0.151717,2.532884,2.693289,2.582103,2.713852,0.029251,0.151717,2.532884,2.528189,2.528189,1.149492,0.821922,2.510931,1.143245,0.816902,-0.000000,0.000000,3.241435,2,2
1780630870.169677,proposed,-0.034850,-2.995818,-0.086876,3.222686,1.583105,0.000000,-1.395818,0.000000,45.000000,0.789901,-0.062974,-0.082087,1,21.191939,3.047850,3.016749,2.905398,2.905398,2.881405,0.029120,2.701444,2.701444,0.150818,2.701467,3.016749,2.905398,2.881405,0.029120,0.150818,2.701467,2.701444,2.701444,1.222686,0.875973,2.686644,1.215049,0.871301,-0.000000,0.000000,3.223856,2,2
1780630870.259519,proposed,-0.039588,-2.673864,-0.007886,3.216388,1.563884,0.000000,-1.073864,0.000000,45.000000,0.447104,-0.030845,-0.077825,1,13.821516,3.368439,3.338592,3.227026,3.227026,3.048502,0.029064,2.869001,2.869001,0.150437,2.869001,3.338592,3.227026,3.048502,0.029064,0.150437,2.869001,2.869001,2.869001,1.298096,0.928860,2.854251,1.290401,0.924210,-0.000000,0.000000,3.216398,2,2
1780630870.363292,proposed,-0.038141,-2.352380,0.036825,3.213304,1.553972,0.000000,-0.752380,0.000000,45.000000,0.209933,-0.014733,-0.075181,1,11.218750,3.688334,3.659521,3.547765,3.547765,3.215356,0.029041,3.036025,3.036025,0.150290,3.036025,3.659521,3.547765,3.215356,0.029041,0.150290,3.036025,3.036025,3.036025,1.373290,0.981568,3.021313,1.365583,0.976911,-0.000000,0.000000,3.213515,2,2
1780630870.467101,proposed,-0.033409,-2.031123,0.057818,3.211830,1.550094,0.000000,-0.431123,0.000000,45.000000,0.056734,-0.006980,-0.073616,1,12.216073,4.008033,3.979461,3.867848,3.867848,3.382080,0.029030,3.202820,3.202820,0.150230,3.202820,3.979461,3.867848,3.382080,0.029030,0.150230,3.202820,3.202820,3.202820,1.448331,1.034186,3.188158,1.440650,1.029487,-0.000000,0.000000,3.212351,2,2
1780630870.556083,proposed,-0.027344,-1.709975,0.063491,3.211132,1.549994,0.000000,-0.109975,0.000000,45.000000,-0.034012,-0.003298,-0.072741,1,11.332714,4.327797,4.299301,4.187855,4.187855,3.548736,0.029023,3.369513,3.369513,0.150200,3.369513,4.299301,4.187855,3.548736,0.029023,0.150200,3.369513,3.369513,3.369513,1.523320,1.086690,3.354920,1.515651,1.081991,-0.000000,0.000000,3.211760,2,2
1780630870.666699,proposed,-0.021164,-1.388878,0.060090,3.210803,1.552038,0.000000,0.211122,0.000000,45.000000,-0.080786,-0.001557,-0.072279,1,12.331201,4.647736,4.619222,4.507865,4.507865,3.715386,0.029018,3.536188,3.536188,0.150180,3.536188,4.619222,4.507865,3.715386,0.029018,0.150180,3.536188,3.536188,3.536188,1.598259,1.139144,3.521658,1.590620,1.134461,-0.000000,0.000000,3.211365,2,2
1780630870.757595,proposed,-0.015559,-1.067806,0.052012,3.210647,1.555083,0.000000,0.532194,0.000000,45.000000,-0.098373,-0.000735,-0.072031,1,11.202705,4.967872,4.939290,4.827975,4.827975,3.882049,0.029015,3.702869,3.702869,0.150165,3.702869,4.939290,4.827975,3.882049,0.029015,0.150165,3.702869,3.702869,3.702869,1.673187,1.191587,3.688397,1.665578,1.186918,-0.000000,0.000000,3.211068,2,2
1780630870.867056,proposed,-0.010850,-0.746744,0.042174,3.210574,1.558379,0.000000,0.853256,0.000000,45.000000,-0.097976,-0.000347,-0.071866,1,11.865890,5.288187,5.259518,5.148238,5.148238,4.048731,0.029012,3.869566,3.869566,0.150154,3.869566,5.259518,5.148238,4.048731,0.029012,0.150154,3.869566,3.869566,3.869566,1.748121,1.244027,3.855146,1.740540,1.239379,-0.000000,0.000000,3.210851,2,2
1780630870.957062,proposed,-0.007123,-0.425689,0.032377,3.210539,1.561480,0.000000,1.174311,0.000000,45.000000,-0.087657,-0.000164,-0.071702,1,11.044893,5.608649,5.579893,5.468639,5.468639,4.215437,0.029011,4.036280,4.036280,0.150146,4.036280,5.579893,5.468639,4.215437,0.029011,0.150146,4.036280,4.036280,4.036280,1.823070,1.296480,4.021907,1.815514,1.291852,-0.000000,0.000000,3.210702,2,2
1780630871.048273,proposed,-0.004323,-0.104636,0.023611,3.210523,1.564156,-0.002656,1.495478,0.000000,45.000000,-0.096722,0.000879,-0.071426,1,12.180251,1.293673,1.274559,1.154486,1.154486,0.691502,0.029012,0.512349,0.512349,0.150141,0.512349,0.231846,0.122734,0.620000,0.029012,0.150143,0.502911,0.122734,0.122734,0.041335,0.005497,0.105429,0.034965,0.005426,-0.000000,0.000000,3.210609,10,2
1780630871.156479,proposed,-0.002446,0.216421,0.013939,3.210611,1.567235,-0.001236,1.814749,0.000000,45.000000,-0.806265,-0.286110,0.258493,1,11.631511,1.156644,1.124540,1.013569,1.013569,0.670645,0.028975,0.491527,0.491527,0.150143,0.491527,0.207916,0.097303,0.620000,0.028975,0.150143,0.486233,0.097303,0.097303,0.031733,0.000890,0.079110,0.026463,0.000001,-0.000000,0.000001,3.210641,10,2
1780630871.269359,proposed,-0.005083,0.536051,-0.066688,3.182000,1.571175,-0.020282,2.106148,0.000000,45.000000,0.082516,-0.277046,-0.011819,1,14.710066,0.888963,0.853231,0.746540,0.746540,0.652263,0.028181,0.475361,0.475361,0.148718,0.475364,0.182213,0.073027,0.620000,0.028181,0.148718,0.467972,0.073027,0.073027,0.016231,0.002061,0.055221,0.009980,0.000088,-0.000000,0.000000,3.182698,10,2
1780630871.353648,proposed,-0.011339,0.852866,-0.058436,3.154295,1.576057,-0.084830,2.360576,0.000000,45.000000,-0.386631,-0.607611,-0.062853,1,12.256802,0.664151,0.624899,0.520958,0.520958,0.643658,0.026754,0.465221,0.465221,0.147302,0.469602,0.188931,0.078983,0.620000,0.026754,0.147302,0.464283,0.078983,0.078983,0.017868,0.005944,0.056038,0.010212,0.008756,-0.000000,0.000000,3.154836,10,2
1780630871.473462,proposed,-0.019116,1.165258,-0.097099,3.093534,1.602455,-0.245113,2.587509,0.000000,45.000000,-1.611170,-1.109760,-0.074103,1,13.916885,0.523370,0.486069,0.376011,0.376011,0.706873,0.024975,0.375911,0.375911,0.144275,0.537622,0.258269,0.148337,0.620000,0.024975,0.144275,0.532529,0.148337,0.148337,0.053461,0.027800,0.133988,0.049108,0.034711,-0.000000,0.000001,3.095057,10,2
1780630871.549664,proposed,-0.036882,1.469062,-0.258216,2.982558,1.688028,-0.371546,2.920896,0.000000,45.000000,-1.956065,-0.391447,-0.085665,1,12.315195,0.497242,0.469995,0.348378,0.348378,0.750275,0.025184,0.348371,0.348371,0.139186,0.585906,0.321812,0.218302,0.693209,0.025184,0.139186,0.585906,0.218302,0.218302,0.079354,0.046669,0.209987,0.077674,0.047747,-0.000000,0.000000,2.993715,10,2
1780630871.677768,proposed,-0.072484,1.765361,-0.453823,2.943413,1.748957,-0.394405,3.298690,0.000000,45.000000,-1.000179,0.562311,-0.094768,1,19.014992,0.495259,0.467423,0.341122,0.341122,0.744677,0.026599,0.341115,0.341115,0.138411,0.579667,0.284576,0.173356,0.667535,0.026599,0.142024,0.579667,0.173356,0.173356,0.052557,0.018849,0.156973,0.045455,0.018850,-0.000000,0.000000,2.978193,10,2
1780630871.753427,proposed,-0.122867,2.062514,-0.553840,2.999644,1.758073,-0.399428,3.641126,0.000000,45.000000,-0.080168,0.787890,-0.097409,1,13.901582,0.512152,0.477540,0.349734,0.349734,0.773714,0.027861,0.349730,0.349730,0.142024,0.603830,0.353730,0.242617,0.679339,0.027861,0.146006,0.590087,0.242617,0.242617,0.070554,0.018550,0.230246,0.065665,0.018875,-0.000000,0.000001,3.050345,10,2
1780630871.874112,proposed,-0.178652,2.366417,-0.561857,3.078433,1.750967,-0.399997,3.964819,0.000000,45.000000,0.516510,0.631389,-0.096654,1,16.278471,0.476774,0.437288,0.323437,0.323437,0.797639,0.028676,0.323436,0.323436,0.146006,0.622957,0.415916,0.309533,0.736306,0.028676,0.148720,0.622957,0.309533,0.309533,0.094733,0.043249,0.299153,0.090932,0.043666,-0.000000,0.000000,3.129287,10,2
1780630871.949447,proposed,-0.232255,2.677418,-0.510206,3.141572,1.730984,-0.282417,4.302181,0.000000,45.000000,1.856862,0.574135,-0.093627,1,13.829725,0.468532,0.432817,0.324257,0.324257,0.787468,0.029331,0.324255,0.324255,0.148720,0.609417,0.432817,0.324257,0.787468,0.029331,0.150386,0.609417,0.324255,0.324255,0.136231,0.071434,0.322774,0.133755,0.072350,-0.000000,0.000000,3.182732,10,2
1780630872.058891,proposed,-0.273991,2.994446,-0.324520,3.198986,1.667612,-0.067638,4.618046,0.000000,45.000000,3.418331,0.304615,-0.085381,1,17.751587,0.511710,0.475736,0.362981,0.362981,0.826642,0.029818,0.362980,0.362980,0.150386,0.646438,0.475267,0.362981,0.826642,0.029818,0.151106,0.646438,0.362980,0.362980,0.135073,0.061489,0.359318,0.134097,0.063118,-0.000000,0.000000,3.215404,10,2
1780630872.155343,proposed,-0.289352,3.315867,0.017313,3.229447,1.557286,0.132788,4.853049,0.000000,45.000000,3.940553,-0.620619,-0.070787,1,11.862585,0.624408,0.594922,0.462143,0.462143,0.806577,0.029033,0.462052,0.462052,0.151106,0.626437,0.370691,0.260373,0.806577,0.029033,0.151106,0.626437,0.260373,0.260373,0.074048,0.048656,0.256092,0.072806,0.047240,-0.000000,0.000000,3.229493,10,2
1780630872.274767,proposed,-0.267917,3.635709,0.411368,3.167385,1.416922,-0.008197,5.242355,0.000000,45.000000,0.784030,0.203906,-0.051446,1,14.625149,0.497007,0.458413,0.349275,0.349275,1.024161,0.029459,0.349275,0.349275,0.149293,0.845409,0.389210,0.281592,1.024161,0.029459,0.150886,0.845409,0.281592,0.281592,0.089491,0.158683,0.279297,0.089243,0.158442,-0.000000,0.000001,3.193987,10,2
1780630872.351358,proposed,-0.222860,3.953467,0.489771,3.187776,1.415898,-0.218543,5.653460,0.000000,45.000000,-2.076590,1.006918,-0.046191,1,11.502429,0.454270,0.417899,0.310480,0.310480,1.263083,0.031267,0.310480,0.310480,0.150886,1.080930,0.417899,0.310480,1.263083,0.031267,0.154753,1.080930,0.310480,0.310480,0.180056,0.259615,0.309976,0.179100,0.259603,-0.000000,0.000001,3.225181,10,2
1780630872.471180,proposed,-0.184266,4.277279,0.282113,3.288468,1.481452,-0.181073,6.032323,0.000000,45.000000,-1.380228,1.110766,-0.051723,1,13.107076,0.463980,0.428164,0.316003,0.316003,1.432754,0.033094,0.316003,0.316003,0.154753,1.244908,0.428164,0.316003,1.432754,0.033094,0.160035,1.244908,0.316003,0.316003,0.303656,0.377428,0.315757,0.302668,0.377380,-0.000000,0.000000,3.300546,10,2
1780630872.554272,proposed,-0.162956,4.611680,0.144090,3.399544,1.514294,-0.068014,6.294796,0.000000,45.000000,0.102125,-0.015166,-0.056294,1,11.933519,0.591226,0.551410,0.447508,0.447508,0.853942,0.032366,0.447492,0.447492,0.160035,0.661541,0.497581,0.384622,0.762434,0.032366,0.160035,0.661541,0.384622,0.384622,0.148680,0.092590,0.368250,0.140633,0.093064,-0.000000,0.000000,3.402596,10,2
1780630872.671160,proposed,-0.148037,4.951558,0.154302,3.398028,1.514368,-0.015201,6.577519,0.000000,45.000000,0.505952,-0.602315,-0.057072,1,14.031520,0.831444,0.795180,0.688948,0.688948,0.806624,0.031184,0.613358,0.613358,0.159980,0.615461,0.393181,0.282902,0.713404,0.031184,0.159980,0.615461,0.282902,0.282902,0.105337,0.065586,0.265212,0.099747,0.065840,-0.000000,0.000000,3.401529,10,2
1780630872.751203,proposed,-0.130077,5.288349,0.204897,3.337796,1.497361,-0.000680,6.890583,0.000000,45.000000,0.281163,-0.590499,-0.055084,1,11.889572,1.114924,1.082122,0.968929,0.968929,0.808224,0.030215,0.621009,0.621009,0.157000,0.621009,0.401909,0.289052,0.720427,0.030215,0.157000,0.615585,0.289052,0.289052,0.093450,0.047685,0.275763,0.091590,0.050077,-0.000000,0.000000,3.344079,10,2
1780630872.873164,proposed,-0.108181,5.619176,0.233014,3.278746,1.491506,0.021551,7.194373,0.000000,45.000000,0.142421,-0.568302,-0.053617,1,14.258519,0.961792,0.922217,0.817930,0.817930,0.830423,0.029203,0.647091,0.647091,0.154057,0.647163,0.433803,0.319781,0.764073,0.029203,0.154057,0.639231,0.319781,0.319781,0.100205,0.057990,0.309135,0.098681,0.058383,-0.000000,0.000000,3.287016,10,2
1780630872.953380,proposed,-0.084167,5.944210,0.247256,3.221916,1.488835,0.069739,7.489546,0.000000,45.000000,0.284047,-0.580326,-0.052583,1,12.070757,0.783946,0.744448,0.639211,0.639211,0.882683,0.028207,0.636326,0.636326,0.151203,0.703273,0.467157,0.363095,0.806852,0.028207,0.151203,0.703273,0.363095,0.363095,0.121918,0.076796,0.355781,0.120930,0.079559,-0.000000,0.000000,3.231389,10,2
1780630873.061808,proposed,-0.058022,6.263499,0.275661,3.163883,1.477389,0.130460,7.746272,0.000000,45.000000,0.476621,-0.880875,-0.050719,1,12.413992,0.521201,0.481302,0.375984,0.375984,0.889436,0.026625,0.375984,0.375984,0.148371,0.714440,0.342578,0.232141,0.843399,0.026625,0.148371,0.714440,0.232141,0.232141,0.058989,0.026579,0.227248,0.056859,0.026455,-0.000000,0.000000,3.175869,10,2
1780630873.157751,proposed,-0.028072,6.575483,0.323323,3.075796,1.454344,0.255039,8.059073,0.000000,45.000000,1.122380,-0.505207,-0.047425,1,11.871424,0.443173,0.403102,0.296688,0.296688,0.934233,0.026306,0.296688,0.296688,0.144159,0.763769,0.376095,0.265756,0.918972,0.026306,0.144159,0.763769,0.265756,0.265756,0.102578,0.121310,0.262888,0.101219,0.121395,-0.000000,0.000000,3.092743,10,2
1780630873.260537,proposed,0.009872,6.880537,0.435561,3.025275,1.410730,0.215833,8.499946,0.000000,45.000000,-0.014405,0.957091,-0.041572,1,11.971562,0.444878,0.404758,0.298436,0.298436,1.123960,0.028532,0.298436,0.298436,0.142331,0.953096,0.404758,0.298436,1.119394,0.028532,0.147109,0.953096,0.298436,0.298436,0.172161,0.262911,0.297443,0.171034,0.262427,-0.000000,0.000001,3.056469,10,2
1780630873.356937,proposed,0.053356,7.187850,0.434120,3.120984,1.427720,0.044790,8.872111,0.000000,45.000000,-2.004425,1.219998,-0.041713,1,11.499899,0.503525,0.464115,0.357559,0.357559,1.331618,0.030354,0.357559,0.357559,0.147109,1.154155,0.464115,0.357559,1.331353,0.030354,0.152228,1.154155,0.357559,0.357559,0.309467,0.353423,0.357049,0.308076,0.351040,-0.000000,0.000000,3.151032,10,2
1780630873.480654,proposed,0.086746,7.506048,0.233678,3.242984,1.486577,-0.037572,9.185418,0.000000,45.000000,-2.295543,0.654668,-0.047900,1,14.381483,0.679804,0.640741,0.536612,0.536612,1.487793,0.031118,0.536612,0.536612,0.152228,1.304447,0.640741,0.536612,1.487793,0.031118,0.155161,1.304447,0.536612,0.536612,0.447942,0.425428,0.535489,0.441306,0.421409,-0.000000,0.000000,3.251392,10,2
1780630873.556742,proposed,0.098636,7.833620,0.004123,3.308451,1.558573,-0.028862,9.478249,0.000000,45.000000,-1.326806,0.012054,-0.056982,1,11.686614,0.896301,0.857056,0.739777,0.739777,1.613309,0.030822,0.739777,0.739777,0.155161,1.427326,0.857056,0.739777,1.613309,0.030822,0.155351,1.427326,0.739777,0.739777,0.538644,0.492642,0.731706,0.535914,0.492209,-0.000000,0.000000,3.308453,10,2
1780630873.666681,proposed,0.092414,8.164525,-0.128557,3.309656,1.607019,-0.007046,9.772631,0.000000,45.000000,-0.415160,-0.367006,-0.064164,1,12.532762,1.058159,1.018901,0.914569,0.914569,1.741703,0.030038,0.914569,0.914569,0.155351,1.556314,1.018901,0.914569,1.741703,0.030038,0.155351,1.556314,0.914569,0.914569,0.665002,0.528429,0.910913,0.662954,0.527315,-0.000000,0.000000,3.312152,10,2
1780630873.753834,proposed,0.077483,8.493656,-0.170073,3.272956,1.622626,0.000000,10.093656,0.000000,45.000000,0.033540,-0.304839,-0.067249,1,11.350780,1.288433,1.251395,1.145392,1.145392,1.890954,0.029568,1.145392,1.145392,0.153561,1.707825,1.251395,1.145392,1.890954,0.029568,0.153561,1.707825,1.145392,1.145392,0.795552,0.577988,1.143033,0.793470,0.577878,-0.000000,0.000000,3.277371,10,2
1780630873.868348,proposed,0.060643,8.819427,-0.166719,3.242472,1.620675,0.000000,10.419427,0.000000,45.000000,0.202434,-0.164842,-0.067377,1,13.544397,1.550913,1.516782,1.408242,1.408242,2.047342,0.029314,1.408242,1.408242,0.151990,1.866039,1.516782,1.408242,2.047342,0.029314,0.151990,1.866039,1.408242,1.408242,0.898001,0.606785,1.406108,0.894271,0.606152,-0.000000,0.000000,3.246755,10,2
1780630873.954081,proposed,0.044983,9.142850,-0.146476,3.225987,1.613726,0.000000,10.742850,0.000000,45.000000,0.264776,-0.081126,-0.066221,1,11.809942,1.830484,1.798247,1.687339,1.687339,2.204873,0.029167,1.687339,1.687339,0.151097,2.024608,1.798247,1.687339,2.204873,0.029167,0.151097,2.024608,1.687339,1.687339,0.967496,0.657209,1.685171,0.963765,0.657172,-0.000000,0.000000,3.229311,10,2
1780630874.090165,proposed,0.031659,9.465043,-0.119998,3.217875,1.605328,0.060254,10.967713,0.000000,45.000000,1.186788,-2.561677,1.635770,1,35.674773,0.638389,0.604846,0.496392,0.496392,0.620000,0.027125,0.438247,0.438247,0.150627,0.442248,0.158375,0.039326,0.620000,0.027125,0.150627,0.442248,0.039326,0.039326,0.006161,0.000081,0.008066,0.000000,0.000000,-0.000000,0.000001,3.220111,10,2
1780630874.162307,proposed,0.025594,9.774023,-0.001319,2.961707,1.544943,0.220531,11.104835,0.000000,45.000000,1.808523,-3.219987,0.213013,1,29.155631,0.413666,0.373951,0.270495,0.270495,0.620000,0.022285,0.270457,0.270457,0.137589,0.460126,0.149083,0.029378,0.620000,0.022285,0.137589,0.460126,0.029378,0.029378,0.008182,0.004228,0.004971,0.000000,0.000005,-0.000000,0.000294,2.961707,10,2
1780630874.298236,proposed,0.034504,10.054093,0.179533,2.639708,1.415800,0.274481,11.363129,0.000000,45.000000,3.133418,-5.609217,0.088798,1,38.492934,0.450708,0.437600,0.327597,0.327597,0.620000,0.019913,0.327450,0.327450,0.122104,0.477983,0.140101,0.035994,0.620000,0.019913,0.122104,0.477983,0.035994,0.035994,0.007150,-0.012207,0.003572,0.000000,0.000000,-0.000000,0.001303,2.645807,10,2
1780630874.380347,proposed,0.034504,10.054093,0.179533,2.639708,1.415800,0.274481,11.363129,0.000000,45.000000,3.193917,-5.641593,0.081412,1,49.358911,0.450708,0.437600,0.327597,0.327597,0.620000,0.019913,0.327450,0.327450,0.122104,0.477983,0.140075,0.035972,0.620000,0.019913,0.122104,0.477983,0.035972,0.035972,0.007222,-0.012085,0.003612,0.000000,0.000000,-0.000000,0.001160,2.645807,10,2
1780630874.493774,proposed,0.068427,10.289856,0.498925,2.075549,1.136379,0.285760,11.609962,0.000000,45.000000,5.039269,-3.134021,4.690677,1,43.118287,0.453388,0.417109,0.296107,0.296107,0.620000,0.017103,0.296087,0.296087,0.098106,0.504792,0.143717,0.041415,0.620000,0.017103,0.098106,0.504792,0.041415,0.041415,0.000555,-0.004866,0.006218,0.000000,0.000002,-0.000000,0.003476,2.134673,10,2
1780630874.569525,proposed,0.143516,10.481741,1.002852,1.762147,1.215087,0.257884,11.775970,0.000000,45.000000,3.014535,-4.962701,3.236220,1,36.189116,0.321380,0.286705,0.179941,0.179941,0.620000,0.015906,0.179941,0.179941,0.093241,0.510854,0.140413,0.026848,0.620000,0.015906,0.093241,0.510854,0.026848,0.026848,-0.006284,-0.007926,0.004487,0.000000,0.000001,-0.000000,0.012947,2.027529,10,2
1780630874.704664,proposed,0.258874,10.633142,1.304305,1.265877,1.212946,0.264459,11.933040,0.000000,45.000000,0.997663,-4.761911,3.944816,1,49.581255,0.263132,0.234396,0.119906,0.119906,0.620000,0.014948,0.119906,0.119906,0.083875,0.521177,0.130788,0.026652,0.620000,0.014948,0.083875,0.521177,0.026652,0.026652,-0.014669,-0.000772,0.001962,-0.000000,0.000000,-0.000000,0.017163,1.817596,10,2
1780630874.765778,proposed,0.394293,10.735920,1.404071,0.789686,1.327085,0.395979,12.279348,0.000000,45.000000,-5.185923,4.381850,4.097662,1,38.490790,0.425543,0.387125,0.281525,0.281525,0.620000,0.018598,0.281520,0.281520,0.074869,0.526533,0.149339,0.047810,0.620000,0.018598,0.094771,0.512656,0.047810,0.047810,0.005303,-0.001111,0.031811,0.000001,0.000000,-0.000000,0.001980,1.610907,10,2
1780630874.891757,proposed,0.508770,10.836798,0.885479,1.227871,1.295147,0.364992,12.377634,0.000000,45.000000,-5.633880,3.336632,2.366512,1,32.521096,0.454169,0.418722,0.310190,0.310190,0.620000,0.018317,0.310178,0.310178,0.070714,0.530969,0.145711,0.044445,0.620000,0.018317,0.098674,0.508918,0.044445,0.044445,0.005618,-0.000564,0.028648,0.000001,0.000000,-0.000000,0.000769,1.513849,10,2
1780630874.962605,proposed,0.569149,10.976268,0.322091,1.561534,1.367519,0.307684,12.553472,0.000000,45.000000,-6.295982,1.623672,1.261183,1,29.522271,0.469409,0.441280,0.326838,0.326838,0.620000,0.019664,0.326812,0.326812,0.074160,0.526176,0.151707,0.045264,0.620000,0.019664,0.102997,0.503721,0.045264,0.045264,0.004273,-0.001155,0.029636,0.000004,0.000000,-0.000000,0.001228,1.594406,10,2
1780630875.166387,proposed,0.569878,11.140540,-0.307507,1.723901,1.494792,0.395832,12.682949,0.000000,45.000000,-5.790345,-1.303751,3.657538,1,99.378014,0.389864,0.413149,0.306874,0.306874,0.620000,0.019340,0.306857,0.306857,0.080955,0.519705,0.146270,0.033737,0.620000,0.019340,0.100408,0.506868,0.033737,0.033737,-0.001999,-0.006725,0.016770,0.000000,0.000000,-0.000000,0.009325,1.751113,10,2
1780630875.265275,proposed,0.569878,11.140540,-0.307507,1.723901,1.494792,0.395832,12.682949,0.000000,45.000000,0.288659,-1.306551,-2.736524,1,86.528480,0.389864,0.413149,0.306874,0.306874,0.620000,0.019340,0.306857,0.306857,0.080955,0.519705,-0.028740,-0.143608,0.620000,0.019533,0.186203,0.414265,-0.143608,-0.143608,-0.118419,-0.095711,-0.000000,-0.000000,0.000000,-0.000000,0.153610,1.751113,10,2
1780630875.313531,proposed,0.510175,11.306411,-0.886542,1.593526,1.649594,0.399358,12.883760,0.000000,45.000000,1.047227,-1.124366,-2.722440,1,36.053860,0.429660,0.390181,0.268996,0.268996,0.620000,0.020242,0.268991,0.268991,0.084137,0.515621,-0.022291,-0.138032,0.620000,0.022777,0.199016,0.398208,-0.138032,-0.138032,-0.113224,-0.090820,-0.000000,-0.000000,0.000045,-0.000000,0.146040,1.823535,10,2
1780630875.408330,proposed,0.426757,11.460142,-0.781819,1.481089,1.608248,0.399993,13.057708,0.000000,45.000000,0.962553,-0.972700,-2.415402,1,79.711665,0.319897,0.292143,0.170859,0.170859,0.620000,0.019960,0.170859,0.170859,0.077629,0.522411,-0.021453,-0.145539,0.620000,0.019960,0.137313,0.466464,-0.145539,-0.145539,-0.101640,-0.078222,-0.000000,-0.000000,-0.000000,-0.000000,0.155565,1.674774,10,2
1780630875.462199,proposed,0.353388,11.603388,-0.685564,1.383819,1.587221,0.342942,13.409279,0.000000,45.000000,3.716714,0.516835,3.025326,1,33.795908,0.347876,0.309713,0.205119,0.205119,0.620000,0.024061,0.205118,0.205118,0.072014,0.523925,0.144901,0.025509,0.620000,0.024061,0.072014,0.523925,0.025509,0.025509,0.002470,-0.002833,0.006739,0.000000,0.000000,-0.000000,0.004062,1.544329,10,2
1780630875.620966,proposed,0.303416,11.744354,-0.313892,1.435503,1.597541,0.320264,13.584001,0.000000,45.000000,1.649576,-0.321974,-1.918532,1,76.931721,0.372996,0.336036,0.220533,0.220533,0.690375,0.024591,0.220533,0.220533,0.068828,0.596956,0.070920,-0.053885,0.678791,0.024591,0.132361,0.531383,-0.053885,-0.053885,-0.048461,-0.041389,-0.000000,-0.000000,0.000000,-0.000000,0.071324,1.469421,10,2
1780630875.702954,proposed,0.303416,11.744354,-0.313892,1.435503,1.597541,0.320264,13.584001,0.000000,45.000000,0.401632,-0.782572,-2.281566,1,69.636393,0.372996,0.336036,0.220533,0.220533,0.690375,0.024591,0.220533,0.220533,0.068828,0.596956,-0.058085,-0.167889,0.684530,0.026368,0.218591,0.490769,-0.167889,-0.167889,-0.134444,-0.108227,-0.000000,-0.000000,0.000000,-0.000000,0.191201,1.469421,10,2
1780630875.777098,proposed,0.274035,11.883991,-0.273729,1.357246,1.563117,0.199233,13.830843,0.000000,45.000000,-5.163323,-1.622652,3.148877,1,48.460440,0.313057,0.273057,0.157749,0.157749,0.820352,0.026973,0.157749,0.157749,0.065253,0.728126,0.124920,0.022590,0.807998,0.026973,0.140302,0.653695,0.022590,0.022590,-0.007723,-0.019048,0.009571,0.000000,0.000000,-0.000000,0.013788,1.384573,10,2
1780630875.880484,proposed,0.220845,12.011603,-0.790061,1.194981,1.653002,0.022975,13.941916,0.000000,45.000000,-6.363562,2.258609,4.826134,1,28.165364,0.314579,0.276425,0.159311,0.159311,0.894168,0.026937,0.159311,0.159311,0.067269,0.799961,0.157823,0.054974,0.885286,0.026937,0.132210,0.735915,0.054974,0.054974,-0.004513,-0.020758,0.043999,0.010339,0.000000,-0.000000,0.010667,1.432542,10,2
1780630875.954412,proposed,0.110021,12.142394,-1.426417,1.420841,1.534408,-0.314801,13.916019,0.000000,45.000000,-0.722689,3.896689,1.807967,1,16.199114,0.298735,0.267768,0.153260,0.153260,0.929505,0.026485,0.153260,0.153260,0.092600,0.810421,0.156893,0.045433,0.905482,0.026485,0.131641,0.767791,0.045433,0.045433,-0.007734,0.005646,0.040612,0.000000,0.012064,-0.000000,0.006984,2.013320,10,2
1780630876.070801,proposed,-0.036234,12.303961,-1.498686,1.810510,1.672248,-0.378747,14.032612,0.000000,45.000000,3.364147,7.258272,0.229842,1,15.976808,0.350926,0.311763,0.201177,0.201177,1.101233,0.026815,0.201177,0.201177,0.108071,0.966347,0.311763,0.201177,1.080586,0.026815,0.137459,0.935998,0.201177,0.201177,0.161240,0.112076,0.200726,0.159368,0.112201,-0.000000,0.000001,2.350321,10,2
1780630876.158760,proposed,-0.169282,12.521304,-1.162272,2.536337,1.973870,0.001811,14.192414,0.000000,45.000000,6.855276,4.123735,-0.198895,1,11.552714,0.834511,0.809368,0.696870,0.696870,1.449300,0.027683,0.696870,0.696870,0.129108,1.292509,0.809368,0.696870,1.449300,0.027683,0.139027,1.290078,0.696870,0.696870,0.439177,0.328672,0.671280,0.451403,0.325161,-0.000000,0.000000,2.789961,8,2
1780630876.266359,proposed,-0.251233,12.795556,-0.476744,2.948711,1.853006,0.019274,14.405982,0.000000,45.000000,5.041922,1.565535,-0.291583,1,14.027311,0.992151,0.961164,0.846057,0.846057,1.525608,0.028040,0.846057,0.846057,0.138851,1.358718,0.961164,0.846057,1.525608,0.028040,0.144797,1.358718,0.846057,0.846057,0.451836,0.428286,0.843797,0.452066,0.427924,-0.000000,0.000000,2.987002,8,2
1780630876.356713,proposed,-0.273698,13.098255,0.027448,3.105264,1.664065,0.012844,14.704438,0.000000,45.000000,2.810101,0.640143,-0.292339,1,11.100241,1.028573,1.000354,0.886297,0.886297,1.630817,0.028875,0.886297,0.886297,0.144797,1.457145,1.000354,0.886297,1.630817,0.028875,0.148798,1.457145,0.886297,0.886297,0.550964,0.495757,0.886291,0.549968,0.495757,-0.000000,0.000000,3.105386,8,2
1780630876.472552,proposed,-0.256902,13.411982,0.308458,3.169279,1.536876,0.003195,15.014356,0.000000,45.000000,1.159092,0.252367,-0.276804,1,14.034479,1.146082,1.118382,1.013508,1.013508,1.755049,0.029297,1.013508,1.013508,0.148798,1.576955,1.118382,1.013508,1.755049,0.029297,0.150753,1.576955,1.013508,1.013508,0.676024,0.517321,1.013509,0.675025,0.517321,-0.000000,0.000000,3.184254,8,2
1780630876.557565,proposed,-0.220261,13.730172,0.424367,3.194516,1.471325,0.000000,15.330172,0.000000,45.000000,0.165419,0.089996,-0.264008,1,11.459654,1.352096,1.326685,1.221514,1.221514,1.894143,0.029417,1.221514,1.221514,0.150753,1.713973,1.326685,1.221514,1.894143,0.029417,0.151322,1.713973,1.221514,1.221514,0.805954,0.549191,1.221514,0.804954,0.549192,-0.000000,0.000000,3.222579,8,2
1780630876.668472,proposed,-0.176997,14.050073,0.440909,3.203515,1.450967,0.000000,15.650073,0.000000,45.000000,-0.368195,0.037819,-0.256901,1,12.418425,1.605878,1.580933,1.473393,1.473393,2.042215,0.029392,1.473393,1.473393,0.151322,1.861501,1.580933,1.473393,2.042071,0.029392,0.151322,1.861501,1.473393,1.473393,0.877280,0.599203,1.473394,0.874281,0.599203,-0.000000,0.000000,3.233715,8,2
1780630876.756947,proposed,-0.134747,14.370614,0.404090,3.207297,1.456294,0.000000,15.970614,0.000000,45.000000,-0.621263,0.017102,-0.254059,1,11.203646,1.882726,1.856720,1.747012,1.747012,2.194519,0.029298,1.747009,1.747009,0.151268,2.013953,1.856720,1.747012,2.193793,0.029298,0.151268,2.013953,1.747009,1.747009,0.937783,0.624500,1.747010,0.935783,0.624500,-0.000000,0.000000,3.232653,8,2
1780630876.865858,proposed,-0.097445,14.691429,0.341964,3.209007,1.473340,0.000000,16.291429,0.000000,45.000000,-0.696802,0.007950,-0.253578,1,11.721713,2.170683,2.142879,2.031543,2.031543,2.349604,0.029199,2.031315,2.031315,0.150988,2.169417,2.142879,2.031543,2.348159,0.029199,0.150988,2.169417,2.031315,2.031315,0.999403,0.682026,2.031315,0.997403,0.682026,-0.000000,0.000000,3.227176,8,2
1780630876.955868,proposed,-0.066732,15.012369,0.272283,3.209802,1.493816,0.000000,16.612369,0.000000,45.000000,-0.666740,0.003732,-0.254063,1,11.158367,2.464288,2.434481,2.321910,2.321910,2.506650,0.029121,2.304465,2.304465,0.150689,2.326840,2.434481,2.321910,2.504331,0.029121,0.150689,2.326840,2.304465,2.304465,1.065106,0.750338,2.304465,1.064106,0.750339,-0.000000,0.000000,3.221330,8,2
1780630877.062385,proposed,-0.042838,15.333368,0.205609,3.210175,1.513469,0.179169,17.089901,0.000000,45.000000,1.014490,1.395993,-0.254161,1,12.111206,0.454528,0.516097,0.411536,0.411536,0.634216,0.032793,0.405125,0.405125,0.150455,0.450969,0.272400,0.160455,0.634216,0.032793,0.158022,0.449890,0.160455,0.160455,0.034494,0.019369,0.144455,0.026495,0.019370,-0.000000,0.000001,3.216753,10,2
1780630877.157117,proposed,-0.017204,15.661366,0.307058,3.349775,1.489320,0.050953,17.318650,0.000000,45.000000,-0.679558,-0.002833,-0.250397,1,11.886374,0.689361,0.787958,0.677688,0.677688,0.644463,0.031461,0.454968,0.454968,0.158022,0.454980,0.337069,0.224309,0.644463,0.031461,0.158022,0.454980,0.224309,0.224309,0.083276,0.039890,0.208052,0.078407,0.040316,-0.000000,0.000000,3.363819,10,2
1780630877.267990,proposed,0.010104,15.996329,0.239102,3.349491,1.511828,0.004374,17.601941,0.000000,45.000000,-1.163660,-0.567191,-0.250450,1,13.747499,0.988015,1.096514,0.980193,0.980193,0.680681,0.030289,0.492671,0.492671,0.157721,0.492671,0.336381,0.225256,0.650753,0.030289,0.157721,0.492671,0.225256,0.225256,0.075279,0.033515,0.209111,0.071409,0.033077,-0.000000,0.000000,3.358015,10,2
1780630877.356141,proposed,0.028196,16.328442,0.122736,3.292772,1.553255,-0.008910,17.913551,0.000000,45.000000,-0.963108,-0.540542,-0.253359,1,11.321972,0.984397,0.952031,0.841743,0.841743,0.709948,0.029370,0.526107,0.526107,0.154471,0.526108,0.345585,0.238935,0.681107,0.029370,0.154471,0.526108,0.238935,0.238935,0.070423,0.008409,0.228776,0.067541,0.008251,-0.000000,0.000000,3.295059,10,2
1780630877.469269,proposed,0.035654,16.655017,0.026426,3.238718,1.581111,-0.042242,18.203506,0.000000,45.000000,-0.883721,-0.624731,-0.255518,1,13.871134,0.715845,0.678287,0.573008,0.573008,0.811660,0.028213,0.569581,0.569581,0.151584,0.631863,0.368826,0.260789,0.789143,0.028213,0.151584,0.631863,0.260789,0.260789,0.051381,0.056604,0.252665,0.050945,0.056554,-0.000000,0.000000,3.238826,10,2
1780630877.551518,proposed,0.033878,16.975765,-0.061946,3.176245,1.608640,-0.130618,18.474848,0.000000,45.000000,-1.256796,-0.793818,-0.257391,1,11.208059,0.512267,0.472137,0.367317,0.367317,0.946821,0.026894,0.367317,0.367317,0.148421,0.771507,0.379220,0.273655,0.926965,0.026894,0.148421,0.771507,0.273655,0.273655,0.075531,0.098340,0.269477,0.074654,0.098228,-0.000000,0.000000,3.176849,10,2
1780630877.656383,proposed,0.021399,17.289420,-0.187626,3.096863,1.657275,-0.275790,18.804569,0.000000,45.000000,-1.908893,-0.311080,-0.261474,1,12.109851,0.443304,0.403168,0.296897,0.296897,1.131686,0.027047,0.296897,0.296897,0.144653,0.959986,0.397352,0.291526,1.113604,0.027047,0.144653,0.959986,0.291526,0.291526,0.128232,0.154890,0.289290,0.127141,0.154891,-0.000000,0.000000,3.102542,10,2
1780630877.758230,proposed,-0.006908,17.597551,-0.378515,3.065755,1.716843,-0.275125,19.234663,0.000000,45.000000,-0.852577,0.949694,-0.267292,1,11.887163,0.445500,0.405376,0.299057,0.299057,1.318324,0.029339,0.299057,0.299057,0.143972,1.145013,0.405376,0.299057,1.302505,0.029339,0.149323,1.142790,0.299057,0.299057,0.200499,0.282101,0.298757,0.199474,0.281989,-0.000000,0.000001,3.089034,10,2
1780630877.868870,proposed,-0.049022,17.908875,-0.463773,3.160725,1.718121,-0.141406,19.587609,0.000000,45.000000,1.171588,0.993797,-0.267165,1,11.150851,0.494824,0.455022,0.349551,0.349551,1.444769,0.030620,0.349551,0.349551,0.149323,1.264826,0.455022,0.349551,1.430369,0.030620,0.153618,1.264286,0.349551,0.349551,0.342752,0.375031,0.349438,0.341665,0.374902,-0.000000,0.000000,3.194568,10,2
1780630877.967114,proposed,-0.089542,18.229917,-0.346614,3.260104,1.678655,-0.046524,19.873687,0.000000,45.000000,2.009992,0.244552,-0.261117,1,19.660288,0.687557,0.649132,0.544827,0.544827,1.285508,0.030473,0.544827,0.544827,0.153618,1.101417,0.649132,0.544827,1.272406,0.030473,0.154096,1.101417,0.544827,0.544827,0.487139,0.370106,0.544680,0.485980,0.370052,-0.000000,0.000000,3.278479,10,2
1780630878.063704,proposed,-0.114153,18.557150,-0.145615,3.284560,1.608485,-0.009456,20.170901,0.000000,45.000000,1.730290,-0.187812,-0.250298,1,12.195366,0.918394,0.893901,0.787648,0.787648,1.218136,0.029970,0.787643,0.787643,0.154096,1.034069,0.893901,0.787648,1.202806,0.029970,0.154096,1.034069,0.787643,0.787643,0.494751,0.317605,0.787501,0.493004,0.317990,-0.000000,0.000000,3.287786,10,2
1780630878.156189,proposed,-0.120063,18.884667,0.027414,3.265778,1.549402,0.002633,20.484965,0.000000,45.000000,1.101479,-0.256834,-0.239567,1,11.586259,1.189043,1.169097,1.057369,1.057369,1.092520,0.029543,0.909841,0.909841,0.152971,0.910005,1.113176,1.006799,1.076961,0.029543,0.152971,0.910005,0.909841,0.909841,0.414804,0.295356,0.909832,0.413809,0.295357,-0.000000,0.000000,3.265894,10,2
1780630878.265424,proposed,-0.111814,19.209961,0.137562,3.240095,1.516798,0.001479,20.810242,0.000000,45.000000,0.481433,-0.148173,-0.231820,1,13.470168,1.291305,1.252884,1.140481,1.140481,0.977037,0.029350,0.795889,0.795889,0.151798,0.795889,0.891406,0.787129,0.961825,0.029350,0.151798,0.795889,0.786795,0.786795,0.322337,0.216156,0.770796,0.314337,0.216156,-0.000000,0.000000,3.243014,10,2
1780630878.357289,proposed,-0.095651,19.533229,0.185705,3.225278,1.507027,0.000000,21.133229,0.000000,45.000000,0.063896,-0.076728,-0.227359,1,11.829694,1.363564,1.324676,1.215191,1.215191,0.894784,0.029224,0.714396,0.714396,0.151164,0.714396,0.731730,0.623267,0.880603,0.029224,0.151164,0.714396,0.623248,0.623248,0.257896,0.177532,0.607249,0.249897,0.177533,-0.000000,0.000000,3.230620,10,2
1780630878.467287,proposed,-0.076761,19.855373,0.192095,3.217605,1.509207,0.000000,21.455373,0.000000,45.000000,-0.164157,-0.037289,-0.225035,1,12.508639,1.497455,1.457182,1.351575,1.351575,0.859560,0.029146,0.679622,0.679622,0.150791,0.679622,0.652272,0.543481,0.846931,0.029146,0.150791,0.679622,0.543477,0.543477,0.235847,0.148489,0.527477,0.228659,0.148490,-0.000000,0.000000,3.223334,10,2
1780630878.556506,proposed,-0.058372,20.176947,0.175679,3.213876,1.516793,0.000000,21.776947,0.000000,45.000000,-0.272243,-0.017765,-0.223745,1,11.854203,1.450260,1.415836,1.307600,1.307600,0.845977,0.029094,0.666329,0.666329,0.150553,0.666329,0.630023,0.520970,0.833049,0.029094,0.150553,0.666329,0.520967,0.520967,0.218218,0.131639,0.504967,0.214219,0.131639,-0.000000,0.000000,3.218674,10,2
1780630878.677485,proposed,-0.042165,20.498246,0.148455,3.212100,1.526522,0.000664,22.097262,0.000000,45.000000,-0.297965,-0.017171,-0.222993,1,14.953699,1.193492,1.156144,1.050376,1.050376,0.853795,0.029039,0.674363,0.674363,0.150393,0.674363,0.633728,0.524221,0.838696,0.029039,0.150393,0.674363,0.524218,0.524218,0.206882,0.124798,0.512218,0.203883,0.124798,-0.000000,0.000000,3.215528,10,2
1780630878.751296,proposed,-0.028810,20.819370,0.118658,3.210383,1.536230,0.009490,22.409044,0.000000,45.000000,-0.207984,-0.092706,-0.222430,1,11.873027,0.967166,0.927966,0.823697,0.823697,0.894465,0.028820,0.714765,0.714765,0.150242,0.715403,0.642475,0.533385,0.877933,0.028820,0.150242,0.715403,0.533381,0.533381,0.201111,0.125322,0.525381,0.199112,0.125322,-0.000000,0.000000,3.212575,10,2
1780630878.875585,proposed,-0.017984,21.139945,0.097860,3.201112,1.542203,0.029156,22.719262,0.000000,45.000000,-0.030158,-0.149490,-0.221529,1,14.106336,0.783174,0.756244,0.649720,0.649720,0.983974,0.028535,0.649598,0.649598,0.149733,0.805706,0.658460,0.541971,0.966997,0.028535,0.149733,0.805706,0.541970,0.541970,0.199442,0.175941,0.537970,0.198442,0.175941,-0.000000,0.000000,3.202607,10,2
1780630878.956504,proposed,-0.008349,21.459309,0.094844,3.186163,1.541558,0.059262,23.039053,0.000000,45.000000,0.178953,-0.083602,-0.219835,1,12.101000,0.682437,0.669822,0.559177,0.559177,1.108560,0.028444,0.559176,0.559176,0.148967,0.931150,0.661099,0.545900,1.091604,0.028444,0.148967,0.931150,0.545899,0.545899,0.238352,0.193756,0.543900,0.237353,0.193756,-0.000000,0.000000,3.187574,10,2
1780630879.068210,proposed,0.002031,21.777507,0.112739,3.177803,1.533969,0.073555,23.378728,0.000000,45.000000,0.150119,0.149762,-0.217189,1,17.724036,0.532149,0.663921,0.548844,0.548844,1.252262,0.028832,0.548844,0.548844,0.148571,1.074859,0.663921,0.548844,1.235636,0.028832,0.149362,1.074859,0.548844,0.548844,0.269596,0.283200,0.548844,0.268596,0.283200,-0.000000,0.000000,3.179802,10,2
1780630879.173681,proposed,0.014055,22.096036,0.127751,3.192779,1.529906,0.267838,23.818864,0.000000,45.000000,3.072590,-1.127314,-3.788415,1,29.946268,0.430397,0.393095,0.283381,0.283381,0.620000,0.031964,0.283257,0.283257,0.149362,0.438674,0.175406,0.060368,0.620000,0.031964,0.149362,0.438674,0.060368,0.060368,0.008148,0.000651,0.038264,0.000000,0.000000,-0.000000,0.001655,3.195334,10,2
1780630879.301991,proposed,0.042193,22.409677,0.435010,3.080048,1.447507,0.207475,24.351663,0.000000,45.000000,5.461921,-1.760062,-3.176210,1,44.834567,0.292943,0.254336,0.145071,0.145071,0.620000,0.036302,0.145070,0.145070,0.145061,0.438636,0.145615,0.042097,0.620000,0.036302,0.146793,0.438636,0.042097,0.042097,0.004654,0.001474,0.014321,0.000000,0.000000,-0.000000,0.004980,3.110615,10,2
1780630879.364208,proposed,0.113004,22.708882,0.981202,2.904041,1.416132,0.069090,24.410652,0.000000,45.000000,2.642346,-5.011737,-2.105322,1,33.847175,0.600802,0.560949,0.450963,0.450963,0.620000,0.030112,0.429168,0.429168,0.142777,0.447111,0.145425,0.035080,0.620000,0.030112,0.142777,0.447111,0.035080,0.035080,0.000992,-0.006298,0.008157,0.000000,0.000000,-0.000000,0.005504,3.065324,10,2
1780630879.495493,proposed,0.224336,22.974227,1.245437,2.402868,1.380718,0.021477,24.490956,0.000000,45.000000,0.294067,-1.028319,1.340429,1,35.651258,0.545181,0.543134,0.429872,0.429872,0.620000,0.024010,0.423785,0.423785,0.125038,0.470952,0.119889,0.019571,0.620000,0.024010,0.126127,0.470952,0.019571,0.019571,0.001764,-0.000618,0.003279,0.000000,0.000000,-0.000000,0.003098,2.706453,10,2
1780630879.575009,proposed,0.224336,22.974227,1.245437,2.402868,1.380718,0.021477,24.490956,0.000000,45.000000,0.411740,-0.981242,1.280407,1,41.266099,0.545181,0.543134,0.429872,0.429872,0.620000,0.024010,0.423785,0.423785,0.125038,0.470952,0.120098,0.019670,0.620000,0.024010,0.126848,0.470952,0.019670,0.019670,0.001388,-0.001204,0.003397,0.000000,0.000000,-0.000000,0.003162,2.706453,10,2
1780630879.696259,proposed,0.350938,23.209608,1.286611,2.304743,1.633247,0.055623,24.542423,0.000000,45.000000,0.927155,-2.389713,0.779883,1,36.300689,0.393278,0.364693,0.250704,0.250704,0.620000,0.020474,0.250694,0.250694,0.121802,0.477724,0.122778,0.019711,0.620000,0.020474,0.121802,0.477724,0.019711,0.019711,-0.000822,-0.001714,0.005528,0.000000,0.000121,-0.000000,0.007921,2.639547,10,2
1780630879.778680,proposed,0.484235,23.428134,1.379326,2.065772,1.704178,0.146953,24.656106,0.000000,45.000000,-0.037185,-1.820179,0.765975,1,37.929116,0.305180,0.271227,0.159776,0.159776,0.620000,0.017945,0.159776,0.159776,0.114363,0.487692,0.129179,0.022452,0.620000,0.017945,0.114363,0.487692,0.022452,0.022452,-0.010855,-0.008781,0.009998,0.000000,0.000000,-0.000000,0.011140,2.483940,10,2
1780630879.879529,proposed,0.621982,23.625610,1.375608,1.883754,1.785830,0.231025,24.939775,0.000000,45.000000,-2.532758,-1.368996,0.611457,1,30.368120,0.288408,0.252697,0.142448,0.142448,0.672413,0.018748,0.142448,0.142448,0.107242,0.546423,0.137750,0.029142,0.657645,0.018748,0.107242,0.546423,0.029142,0.029142,-0.011945,-0.000000,0.019142,0.000000,0.000000,-0.000000,0.010763,2.332558,10,2
1780630879.956249,proposed,0.746879,23.807140,1.122332,1.746855,1.845004,0.138014,25.404623,0.000000,45.000000,-6.257772,4.984004,-0.014326,1,14.722394,0.460383,0.429463,0.318988,0.318988,1.070898,0.024171,0.318988,0.318988,0.095449,0.951278,0.429463,0.318988,1.056190,0.024171,0.124969,0.922140,0.318988,0.318988,0.234546,0.156625,0.318988,0.232548,0.156628,-0.000000,0.000000,2.076326,10,2
1780630880.062397,proposed,0.827823,24.006746,0.496555,2.245255,1.645717,0.101729,25.642292,0.000000,45.000000,-6.792867,4.225749,-0.148994,1,12.679553,0.569837,0.534093,0.422993,0.422993,1.189629,0.027160,0.422993,0.422993,0.105702,1.056767,0.534093,0.422993,1.184172,0.027160,0.136995,1.028238,0.422993,0.422993,0.223337,0.188471,0.422990,0.222338,0.188470,-0.000000,0.000000,2.299508,10,2
1780630880.159545,proposed,0.843514,24.252400,-0.182732,2.667830,1.585839,0.000000,25.852400,0.000000,45.000000,-7.213645,2.727170,-0.175190,1,11.629175,2.253905,2.224587,2.108799,2.108799,2.388434,0.029846,2.108457,2.108457,0.123470,2.235119,2.224587,2.108799,2.384341,0.029846,0.145161,2.216974,2.108457,2.108457,1.000013,0.682893,2.108457,0.998013,0.682893,-0.000000,0.000000,2.674081,1,2
1780630880.268652,proposed,0.789173,24.532819,-0.904096,2.940547,1.636417,0.000000,26.132819,0.000000,45.000000,-3.559209,1.403723,-0.186138,1,14.373087,2.504924,2.475612,2.359756,2.359756,2.534298,0.032045,2.339530,2.339530,0.143334,2.358918,2.475612,2.359756,2.529052,0.032045,0.156201,2.349173,2.339530,2.339530,1.062429,0.750981,2.339530,1.061430,0.750981,-0.000000,0.000000,3.076395,1,2
1780630880.357759,proposed,0.680967,24.833892,-1.260017,3.080919,1.785157,0.000000,26.433892,0.000000,45.000000,-0.740291,0.680950,-0.203879,1,11.640165,2.773895,2.742495,2.630177,2.630177,2.692372,0.032950,2.502887,2.502887,0.156201,2.503221,2.742495,2.630177,2.682254,0.032950,0.160938,2.502232,2.502232,2.502232,1.125644,0.806536,2.500232,1.124645,0.806536,-0.000000,0.000000,3.328619,1,2
1780630880.467813,proposed,0.551264,25.145389,-1.334046,3.149014,1.884096,0.000000,26.745389,0.000000,45.000000,0.955881,0.324249,-0.217782,1,12.268448,3.057484,3.025105,2.914155,2.914155,2.856407,0.032650,2.662815,2.662815,0.160938,2.662819,3.025105,2.914155,2.842350,0.032650,0.160938,2.662819,2.662815,2.662815,1.202438,0.859801,2.662815,1.201438,0.859801,-0.000000,0.000000,3.419937,1,2
1780630880.566915,proposed,0.422639,25.461912,-1.238458,3.181439,1.894310,0.000000,27.061912,0.000000,45.000000,1.804977,0.153454,-0.220974,1,14.295761,3.350518,3.319087,3.206740,3.206740,3.021247,0.031787,2.828831,2.828831,0.160628,2.828831,3.319087,3.206740,3.007028,0.031787,0.160628,2.828831,2.828831,2.828831,1.279258,0.912801,2.828831,1.278259,0.912801,-0.000000,0.000000,3.413991,1,2
1780630880.667248,proposed,0.307818,25.780823,-1.057961,3.196784,1.851888,0.000000,27.380823,0.000000,45.000000,2.090417,0.072474,-0.215736,1,12.680767,3.652899,3.623362,3.507753,3.507753,3.186036,0.030862,2.996971,2.996971,0.158202,2.996971,3.623362,3.507753,3.174106,0.030862,0.158202,2.996971,2.996971,2.996971,1.355245,0.965495,2.996972,1.354245,0.965495,-0.000000,0.000000,3.367300,1,2
1780630880.757218,proposed,0.212474,26.100864,-0.848919,3.204032,1.793472,0.000000,27.700864,0.000000,45.000000,2.033220,0.034205,-0.206682,1,11.304275,3.962471,3.931196,3.816500,3.816500,3.351268,0.030117,3.165674,3.165674,0.155477,3.165674,3.931196,3.816500,3.342043,0.030117,0.155477,3.165674,3.165674,3.165674,1.430704,1.018111,3.165675,1.429705,1.018112,-0.000000,0.000000,3.314586,1,2
1780630880.869058,proposed,0.137748,26.421438,-0.645597,3.207452,1.737271,0.000000,28.021438,0.000000,45.000000,1.791963,0.016140,-0.196974,1,13.898997,4.278029,4.243774,4.130818,4.130818,3.517091,0.029609,3.334209,3.334209,0.153274,3.334209,4.243774,4.130818,3.510118,0.029609,0.153274,3.334209,3.334209,3.334209,1.505933,1.070766,3.334209,1.504934,1.070766,-0.000000,0.000000,3.271780,1,2
1780630880.957023,proposed,0.082148,26.742264,-0.466401,3.209066,1.689313,0.000000,28.342264,0.000000,45.000000,1.473582,0.007615,-0.188062,1,11.513113,4.597139,4.560467,4.448502,4.448502,3.683379,0.029303,3.502290,3.502290,0.151786,3.502290,4.560467,4.448502,3.678058,0.029303,0.151786,3.502290,3.502290,3.502290,1.581094,1.123474,3.502290,1.580094,1.123475,-0.000000,0.000000,3.242782,1,2
1780630881.066810,proposed,0.042876,27.063208,-0.319042,3.209828,1.650660,0.003233,28.666139,0.000000,45.000000,1.174090,0.029693,-0.180410,1,12.233047,1.159083,1.118626,1.013534,1.013534,1.639079,0.029197,1.013534,1.013534,0.150910,1.458973,1.118626,1.013534,1.605767,0.029197,0.150910,1.458973,1.013534,1.013534,0.637746,0.480005,1.007836,0.632615,0.475403,-0.000000,0.000000,3.225645,10,2
1780630881.157682,proposed,0.016842,27.384340,-0.201633,3.212797,1.619991,0.000000,28.984340,0.000000,45.000000,0.833446,-0.007924,-0.174002,1,11.781356,1.346455,1.307995,1.203212,1.203212,1.766088,0.029077,1.203212,1.203212,0.150576,1.586435,1.307995,1.203212,1.726420,0.029077,0.150576,1.586435,1.203212,1.203212,0.747898,0.506654,1.196032,0.739239,0.501336,-0.000000,0.000000,3.219118,10,2
1780630881.272397,proposed,0.000846,27.705580,-0.118289,3.212005,1.598455,0.000000,29.305580,0.000000,45.000000,0.580308,-0.007240,-0.168941,1,13.482949,1.581656,1.545734,1.438531,1.438531,1.881539,0.029037,1.438528,1.438528,0.150324,1.702178,1.545734,1.438531,1.845643,0.029037,0.150324,1.702178,1.438528,1.438528,0.794550,0.549949,1.416173,0.788365,0.546807,-0.000000,0.000000,3.214182,10,2
1780630881.357130,proposed,-0.008081,28.026744,-0.060258,3.211281,1.583445,0.000000,29.626744,0.000000,45.000000,0.383168,-0.003978,-0.164974,1,11.440509,1.796519,1.757550,1.652861,1.652861,0.995439,0.029020,0.816215,0.816215,0.150204,0.816215,1.024947,0.903262,0.995439,0.029020,0.150204,0.816215,0.816215,0.816215,0.378038,0.256542,0.816215,0.373821,0.256543,-0.000000,0.000000,3.211846,10,2
1780630881.470151,proposed,-0.012191,28.347852,-0.021941,3.210883,1.573690,0.000000,29.947852,0.000000,45.000000,0.234847,-0.001968,-0.161815,1,12.251587,1.980009,1.949767,1.828858,1.828858,0.940902,0.029013,0.761729,0.761729,0.150159,0.761729,0.833795,0.722645,0.931586,0.029013,0.150159,0.761729,0.722544,0.722544,0.290985,0.194075,0.705121,0.282403,0.193724,-0.000000,0.000000,3.210958,10,2
1780630881.557419,proposed,-0.013211,28.668931,0.001543,3.210686,1.567905,0.000000,30.268931,0.000000,45.000000,0.128520,-0.000945,-0.159326,1,11.324885,1.696174,1.669583,1.560791,1.560791,0.923209,0.029011,0.744053,0.744053,0.150145,0.744053,0.702562,0.595644,0.872658,0.029011,0.150145,0.744053,0.595635,0.595635,0.243355,0.166556,0.577846,0.234389,0.165791,-0.000000,0.000000,3.210686,10,2
1780630881.672678,proposed,-0.012414,28.989995,0.014395,3.210592,1.564954,0.000000,30.589995,0.000000,45.000000,0.056370,-0.000448,-0.157371,1,13.360989,1.429152,1.406350,1.300000,1.300000,0.909797,0.029011,0.730644,0.730644,0.150142,0.730644,0.671167,0.553378,0.858981,0.029011,0.150142,0.730644,0.553374,0.553374,0.236688,0.163439,0.530651,0.224441,0.160111,-0.000000,0.000000,3.210624,10,2
1780630881.749015,proposed,-0.010693,29.311051,0.020033,3.210547,1.563900,0.000743,30.910233,0.000000,45.000000,0.017179,-0.007511,-0.155820,1,11.598103,1.188374,1.169543,1.064946,1.064946,0.780700,0.028993,0.601565,0.601565,0.150141,0.601565,0.419548,0.309502,0.758539,0.028993,0.150141,0.601565,0.309502,0.309502,0.092574,0.056047,0.292093,0.084139,0.055701,-0.000000,0.000000,3.210609,10,2
1780630881.872207,proposed,-0.008604,29.632069,0.021750,3.209796,1.563759,0.013607,31.221701,0.000000,45.000000,0.095484,-0.083759,-0.021319,1,15.020551,0.992486,0.975543,0.870499,0.870499,0.649730,0.028792,0.470834,0.470834,0.150104,0.470834,0.207265,0.093753,0.620000,0.028792,0.150104,0.470610,0.093753,0.093753,0.008150,0.000880,0.077238,0.000005,0.000784,-0.000000,0.000000,3.209869,10,2
1780630881.962564,proposed,-0.005951,29.952629,0.031299,3.201420,1.559862,0.045537,31.529719,0.000000,45.000000,-0.661889,-1.226315,0.841699,1,17.415267,0.868393,0.850727,0.739520,0.739520,0.620000,0.028484,0.441835,0.441835,0.149680,0.441836,0.161532,0.052137,0.620000,0.028484,0.149680,0.441836,0.052137,0.052137,0.007163,-0.000130,0.035774,0.000034,0.000000,-0.000000,0.000001,3.201573,10,2
1780630882.087220,proposed,-0.006131,30.266640,-0.034890,3.078788,1.556081,0.050287,31.796200,0.000000,45.000000,0.192187,-0.817088,1.783391,1,24.472805,0.810788,0.788702,0.658586,0.658586,0.620000,0.026604,0.449912,0.449912,0.143465,0.449931,0.143754,0.040137,0.620000,0.026604,0.143465,0.449931,0.040137,0.040137,0.003386,-0.007245,0.023317,0.000004,0.000000,-0.000000,0.000001,3.078986,10,2
1780630882.154356,proposed,-0.008659,30.570433,-0.015671,2.997079,1.542088,-0.007832,32.061181,0.000000,45.000000,-0.653164,-0.874276,1.767341,1,15.986052,0.674451,0.636447,0.531212,0.531212,0.620000,0.025224,0.453474,0.453474,0.139356,0.455420,0.165952,0.061489,0.620000,0.025224,0.139356,0.455420,0.061489,0.061489,0.002759,-0.005047,0.049190,0.000007,0.000000,-0.000000,0.000001,2.997120,10,2
1780630882.323342,proposed,-0.013492,30.865770,-0.080988,2.909652,1.563445,-0.190358,32.278908,0.000000,45.000000,0.003958,-2.859839,-1.968596,1,64.925566,0.510042,0.470242,0.364722,0.364722,0.620000,0.023351,0.363776,0.363776,0.135059,0.461590,-0.103873,-0.225753,0.620000,0.023351,0.135059,0.461590,-0.225753,-0.225753,-0.177278,-0.144665,-0.000000,-0.000000,-0.000000,-0.000000,0.235776,2.910779,10,2
1780630882.392852,proposed,-0.021571,31.142436,-0.080592,2.623668,1.641385,-0.329558,32.515739,0.000000,45.000000,-0.068653,-2.524268,-1.908332,1,55.897723,0.456672,0.416437,0.309101,0.309101,0.620000,0.021143,0.309023,0.309023,0.121097,0.477760,-0.085976,-0.212506,0.620000,0.021143,0.168849,0.435594,-0.212506,-0.212506,-0.157557,-0.127018,-0.000000,-0.000000,-0.000000,-0.000000,0.222678,2.624905,10,2
1780630882.477992,proposed,-0.029973,31.392181,-0.087457,2.371241,1.735588,-0.318865,32.750676,0.000000,45.000000,-0.049569,-2.216880,-1.877887,1,40.653103,0.327228,0.287919,0.178035,0.178035,0.620000,0.019295,0.178034,0.178034,0.109126,0.491579,-0.102657,-0.221101,0.620000,0.019295,0.166161,0.438510,-0.221101,-0.221101,-0.192950,-0.148219,-0.000000,-0.000000,0.045981,-0.000000,0.225173,2.372853,10,2
1780630882.556987,proposed,-0.038967,31.618221,-0.092414,2.149553,1.770693,-0.397499,33.173562,0.000000,45.000000,-0.294021,1.878425,0.738904,1,18.159659,0.373098,0.383380,0.262093,0.262093,0.769653,0.022115,0.262093,0.262093,0.098877,0.648662,0.138907,0.036170,0.736205,0.022115,0.118838,0.624378,0.036170,0.036170,-0.003901,0.000006,0.028146,0.000000,0.000000,-0.000000,0.000431,2.151539,10,2
1780630882.669417,proposed,-0.049678,31.842568,-0.121816,2.337396,1.787584,-0.184667,33.465097,0.000000,45.000000,-0.683695,4.217862,0.049081,1,13.249222,0.393498,0.354269,0.237698,0.237698,0.932243,0.023804,0.237698,0.237698,0.107616,0.800823,0.288404,0.182538,0.906577,0.023804,0.129850,0.774411,0.182538,0.182538,0.052273,0.054849,0.176340,0.052364,0.054739,-0.000000,0.000001,2.340568,10,2
1780630882.753983,proposed,-0.065279,32.097397,-0.190186,2.759182,1.710679,0.113111,33.722976,0.000000,45.000000,2.381694,2.548901,-0.115347,1,11.853791,0.397981,0.359738,0.244082,0.244082,1.087026,0.026562,0.244082,0.244082,0.127924,0.932540,0.359738,0.244082,1.054533,0.026562,0.140223,0.917372,0.244082,0.244082,0.119764,0.092234,0.243465,0.118556,0.092224,-0.000000,0.000000,2.765729,10,2
1780630882.873542,proposed,-0.072389,32.386060,0.047984,3.014072,1.633244,0.120727,34.080164,0.000000,45.000000,1.686468,1.902121,-0.147298,1,15.027651,0.526955,0.536530,0.416479,0.416479,1.296719,0.029802,0.416479,0.416479,0.140223,1.126694,0.536530,0.416479,1.264227,0.029802,0.150192,1.114811,0.416479,0.416479,0.246873,0.268104,0.413679,0.244203,0.260447,-0.000000,0.000000,3.014454,10,2
1780630882.955546,proposed,-0.059158,32.696978,0.216630,3.204284,1.568627,0.143607,34.670310,0.000000,45.000000,0.971432,3.496176,-0.147316,1,12.391974,0.280387,0.240387,0.131581,0.131581,1.555186,0.037956,0.131581,0.131581,0.150192,1.367038,0.240387,0.131581,1.536382,0.037956,0.168692,1.348550,0.131581,0.131581,0.381086,0.412860,0.124857,0.363463,0.408558,-0.000000,0.000001,3.211599,10,2
1780630883.093868,proposed,-0.032638,33.034887,0.313774,3.553902,1.541740,0.080974,34.824557,0.000000,45.000000,-0.307727,0.428396,-0.143444,1,27.560798,0.591761,0.559230,0.441077,0.441077,1.610294,0.036177,0.441077,0.441077,0.168692,1.405425,0.559230,0.441077,1.595867,0.036177,0.170817,1.405425,0.441077,0.441077,0.530335,0.472368,0.421188,0.520155,0.467892,-0.000000,0.000000,3.567726,10,2
1780630883.156270,proposed,-0.002799,33.392419,0.283001,3.596741,1.521444,0.018101,35.036256,0.000000,45.000000,-1.093242,-1.291740,-0.139348,1,12.508615,0.922362,0.883448,0.772755,0.772755,1.702870,0.033187,0.772755,0.772755,0.170817,1.498866,0.883448,0.772755,1.691808,0.033187,0.170817,1.498866,0.772755,0.772755,0.693371,0.495919,0.750030,0.665574,0.490628,-0.000000,0.000000,3.607858,10,2
1780630883.271361,proposed,0.020035,33.745635,0.173677,3.467567,1.555963,0.000000,35.345635,0.000000,45.000000,-1.031724,-1.238355,-0.141195,1,15.413163,1.275340,1.237337,1.123613,1.123613,1.850400,0.031108,1.123613,1.123613,0.163652,1.655640,1.237337,1.123613,1.839938,0.031108,0.163652,1.655640,1.123613,1.123613,0.798816,0.534382,1.087456,0.791614,0.534667,-0.000000,0.000000,3.471914,10,2
1780630883.351617,proposed,0.032244,34.086200,0.070504,3.343732,1.584165,0.000000,35.686200,0.000000,45.000000,-0.677861,-0.684633,-0.143823,1,12.758963,1.584071,1.548415,1.440018,1.440018,2.018807,0.030069,1.440018,1.440018,0.157020,1.831718,1.548415,1.440018,2.008757,0.030069,0.157020,1.831718,1.440018,1.440018,0.862918,0.587556,1.401070,0.857198,0.583216,-0.000000,0.000000,3.344475,10,2
1780630883.477445,proposed,0.035905,34.417150,0.002718,3.275269,1.592702,0.000000,36.017150,0.000000,45.000000,-0.382922,-0.339028,-0.144488,1,15.410065,1.863791,1.830159,1.720976,1.720976,2.183686,0.029521,1.720975,1.720975,0.153453,2.000712,1.830159,1.720976,2.174546,0.029521,0.153453,2.000712,1.720975,1.720975,0.934751,0.624498,1.697904,0.930749,0.624424,-0.000000,0.000000,3.275270,10,2
1780630883.549768,proposed,0.034262,34.742981,-0.035574,3.241366,1.594335,0.000000,36.342981,0.000000,45.000000,-0.176101,-0.162508,-0.143906,1,12.370025,2.149859,2.117855,2.006539,2.006539,2.347109,0.029257,2.006432,2.006432,0.151724,2.166128,2.117855,2.006539,2.338793,0.029257,0.151724,2.166128,2.006432,2.006432,0.995127,0.675427,1.990306,0.990126,0.671809,-0.000000,0.000000,3.241561,10,2
1780630883.675510,proposed,0.029824,35.066305,-0.053184,3.225115,1.593461,0.000000,36.666305,0.000000,45.000000,-0.042827,-0.077078,-0.142743,1,15.545966,2.441916,2.411208,2.297852,2.297852,2.510176,0.029131,2.289854,2.289854,0.150905,2.330140,2.411208,2.297852,2.502661,0.029131,0.150905,2.330140,2.289854,2.289854,1.068419,0.746256,2.277908,1.063218,0.743183,-0.000000,0.000000,3.225554,10,2
1780630883.753423,proposed,0.024292,35.388432,-0.057467,3.217407,1.591282,0.000000,36.988432,0.000000,45.000000,0.035499,-0.036430,-0.141300,1,13.017924,2.739191,2.709527,2.594284,2.594284,2.673357,0.029070,2.492937,2.492937,0.150515,2.493773,2.709527,2.594284,2.666608,0.029070,0.150515,2.493773,2.492937,2.492937,1.125728,0.804328,2.485541,1.121505,0.801953,-0.000000,0.000000,3.217920,10,2
1780630883.876307,proposed,0.018723,35.709990,-0.053917,3.213764,1.588351,0.000000,37.309990,0.000000,45.000000,0.075245,-0.017198,-0.139714,1,17.023716,3.040408,3.011345,2.895043,2.895043,2.836831,0.029040,2.657459,2.657459,0.150326,2.657466,3.011345,2.895043,2.830774,0.029040,0.150326,2.657466,2.657459,2.657459,1.198964,0.856133,2.649934,1.194516,0.853687,-0.000000,0.000000,3.214216,10,2
1780630883.949201,proposed,0.013707,36.031281,-0.046392,3.212044,1.585117,0.000000,37.631281,0.000000,45.000000,0.089510,-0.008115,-0.138070,1,12.386081,3.345010,3.314689,3.199352,3.199352,3.000645,0.029024,2.821389,2.821389,0.150232,2.821389,3.314689,3.199352,2.995067,0.029024,0.150232,2.821389,2.821389,2.821389,1.272803,0.907907,2.813581,1.268223,0.905367,-0.000000,0.000000,3.212379,10,2
1780630884.064363,proposed,0.009515,36.352444,-0.037441,3.211233,1.581944,0.000000,37.952444,0.000000,45.000000,0.088187,-0.003829,-0.136429,1,18.093974,1.307496,3.621123,3.506527,3.506527,3.164790,0.029017,2.985589,2.985589,0.150184,2.985589,3.621123,3.506527,3.159658,0.029017,0.150184,2.985589,2.985589,2.985589,1.346789,0.959777,2.977503,1.342079,0.957145,-0.000000,0.000000,3.211451,10,2
1780630884.158438,proposed,0.006212,36.673549,-0.028623,3.210850,1.579079,-0.007794,38.259350,0.000000,45.000000,-0.062505,-0.120268,-0.051334,1,11.193224,1.010218,0.977495,0.867640,0.867640,0.668714,0.028720,0.489834,0.489834,0.150160,0.489834,0.250007,0.146641,0.620000,0.028720,0.150160,0.489834,0.146641,0.146641,0.027357,0.000094,0.131111,0.023708,0.000002,-0.000000,0.000000,3.210978,10,2
1780630884.269598,proposed,0.003037,36.994032,-0.034873,3.198823,1.579460,-0.044878,38.530648,0.000000,45.000000,-0.276846,-0.521741,-0.113020,1,11.256116,0.747332,0.710310,0.604678,0.604678,0.696200,0.027643,0.517617,0.517617,0.149550,0.519007,0.305522,0.198149,0.696200,0.027643,0.149550,0.519007,0.198149,0.198149,0.035615,0.008630,0.185932,0.032270,0.008386,-0.000000,0.000000,3.199013,10,2
1780630884.349981,proposed,-0.001834,37.311306,-0.062558,3.146649,1.593384,-0.156989,38.759769,0.000000,45.000000,-1.125176,-1.105588,-0.129637,1,12.420975,0.539568,0.499066,0.394846,0.394846,0.691541,0.025680,0.394477,0.394477,0.146918,0.518943,0.295907,0.192400,0.674658,0.025680,0.146918,0.518943,0.192400,0.192400,0.047357,0.026202,0.176116,0.039263,0.026014,-0.000000,0.000000,3.147271,10,2
1780630884.491309,proposed,-0.013716,37.620443,-0.175075,3.036090,1.652261,-0.354020,39.034245,0.000000,45.000000,-2.414785,-1.064847,-0.872483,1,20.569008,0.464628,0.425173,0.316532,0.316532,0.620000,0.024843,0.316297,0.316297,0.141561,0.453596,0.183690,0.069977,0.620000,0.024843,0.141561,0.453596,0.069977,0.069977,0.012505,0.001227,0.047255,0.000000,0.000001,-0.000000,0.000001,3.041134,10,2
1780630884.568061,proposed,-0.043297,37.918728,-0.416554,2.929606,1.753570,-0.395518,39.459014,0.000000,45.000000,-2.306306,-1.083942,-4.087192,1,28.291626,0.452441,0.412877,0.302855,0.302855,0.620000,0.026735,0.302720,0.302720,0.137458,0.455807,0.147096,0.042656,0.620000,0.026735,0.137458,0.455807,0.042656,0.042656,0.009262,0.000776,0.018302,0.000000,0.000000,-0.000000,0.000967,2.959072,10,2
1780630884.704024,proposed,-0.096484,38.206268,-0.647184,2.821211,1.790990,-0.396365,39.860071,0.000000,45.000000,-1.991493,-2.264460,-4.649511,1,42.862373,0.482853,0.442769,0.327044,0.327044,0.620000,0.028416,0.326747,0.326747,0.134252,0.457331,0.135479,0.029217,0.620000,0.028416,0.134252,0.457331,0.029217,0.029217,0.003795,-0.000273,0.010455,0.000000,0.000000,-0.000000,0.003029,2.894492,10,2
1780630884.772583,proposed,-0.171160,38.477067,-0.846334,2.594765,1.811598,-0.225588,40.109701,0.000000,45.000000,-0.777000,-5.812422,-4.338964,1,40.427176,0.543083,0.503993,0.395734,0.395734,0.620000,0.026284,0.393511,0.393511,0.126148,0.467568,0.124765,0.022226,0.620000,0.026284,0.126148,0.467568,0.022226,0.022226,0.003386,0.000004,0.004656,0.000000,0.000000,-0.000000,0.005519,2.729302,10,2
1780630884.957466,proposed,-0.259678,38.707482,-0.924034,2.013523,1.784048,-0.120724,40.204843,0.000000,45.000000,1.647859,-4.386430,-3.995446,1,96.092659,0.488985,0.452164,0.346720,0.346720,0.620000,0.020589,0.346575,0.346575,0.101810,0.497601,0.118788,0.015659,0.620000,0.020589,0.101810,0.497601,0.015659,0.015659,0.003218,-0.000640,0.000007,0.000000,0.000000,-0.000000,0.003646,2.215426,10,2
1780630885.016284,proposed,-0.259678,38.707482,-0.924034,2.013523,1.784048,-0.120724,40.204843,0.000000,45.000000,1.231467,-1.693355,-0.034305,1,44.955000,0.488985,0.452164,0.346720,0.346720,0.620000,0.020589,0.346575,0.346575,0.101810,0.497601,-0.014040,-0.148811,0.620000,0.020589,0.129342,0.477763,-0.148811,-0.148811,-0.114339,-0.099484,-0.000000,-0.000000,0.000000,-0.000000,0.164904,2.215426,10,2
1780630885.124818,proposed,-0.345925,38.900367,-0.800887,1.844188,1.595164,0.315662,40.254689,0.000000,45.000000,1.364981,-1.560358,0.252108,1,89.481691,0.333480,0.293605,0.187030,0.187030,0.696012,0.019618,0.187030,0.187030,0.092477,0.583917,-0.079905,-0.218670,0.643680,0.028091,0.207050,0.409630,-0.218670,-0.218670,-0.173386,-0.150456,-0.000000,-0.000000,0.004759,-0.000000,0.234822,2.010584,10,2
1780630885.170944,proposed,-0.419188,39.076984,-0.664389,1.688152,1.311393,0.267606,40.379685,0.000000,45.000000,1.208223,-1.393705,0.655075,1,32.030654,0.330119,0.290558,0.164200,0.164200,0.620000,0.018046,0.164200,0.164200,0.083725,0.518229,-0.061423,-0.179040,0.620000,0.024502,0.192471,0.403027,-0.179040,-0.179040,-0.152619,-0.128345,-0.000000,-0.000000,0.018646,-0.000000,0.199295,1.814186,10,2
1780630885.363038,proposed,-0.479586,39.238831,-0.543567,1.548782,1.173245,0.113498,40.816014,0.000000,45.000000,1.005655,-1.068526,0.803340,1,97.163459,0.301083,0.270843,0.156444,0.156444,0.620000,0.021688,0.156444,0.156444,0.076184,0.522127,-0.043907,-0.163355,0.620000,0.023665,0.186957,0.409378,-0.163355,-0.163355,-0.126586,-0.100520,-0.000000,-0.000000,-0.000000,-0.000000,0.174114,1.641398,10,2
1780630885.411337,proposed,-0.528914,39.388366,-0.443001,1.441929,1.185604,0.155316,41.052651,0.000000,45.000000,-3.698852,-2.316662,3.709292,1,38.315013,0.292205,0.263251,0.135686,0.135686,0.620000,0.023778,0.135686,0.135686,0.070484,0.525738,0.106429,0.002019,0.620000,0.023778,0.141914,0.463378,0.002019,0.002019,-0.012002,-0.010720,0.000000,0.000000,0.001747,-0.000000,0.016756,1.508446,10,2
1780630885.461279,proposed,-0.591709,39.520976,-0.812886,1.210263,1.270756,-0.011709,41.135576,0.000000,45.000000,-3.403494,4.477857,4.676544,1,31.283817,0.306619,0.269861,0.137218,0.137218,0.620000,0.021682,0.137218,0.137218,0.068341,0.529977,0.142227,0.038564,0.620000,0.022923,0.121406,0.484309,0.038564,0.038564,-0.006458,-0.008373,0.021823,0.000000,0.000000,-0.000000,0.009995,1.457916,10,2
1780630885.565350,proposed,-0.690015,39.664392,-1.153236,1.658048,1.121866,-0.195631,41.340476,0.000000,45.000000,3.061941,4.330570,3.203716,1,20.192364,0.263746,0.230500,0.116761,0.116761,0.637749,0.024744,0.116761,0.116761,0.092886,0.520119,0.143336,0.040863,0.637749,0.024744,0.127428,0.515761,0.040863,0.040863,-0.004925,-0.003781,0.025212,0.000000,0.000000,-0.000000,0.007443,2.019673,10,2
1780630885.698644,proposed,-0.790029,39.851849,-0.847042,2.091105,1.281250,-0.188653,41.562817,0.000000,45.000000,5.327594,4.315853,5.076563,1,33.995294,0.342596,0.305367,0.197745,0.197745,0.620000,0.027487,0.197744,0.197744,0.103691,0.488822,0.162027,0.054340,0.620000,0.027487,0.142356,0.454909,0.054340,0.054340,0.010436,-0.001435,0.038335,0.002438,0.000000,-0.000000,0.000278,2.256148,10,2
1780630885.744508,proposed,-0.848095,40.082539,-0.314282,2.522691,1.447202,-0.143761,42.055812,0.000000,45.000000,4.593201,6.550001,4.588337,1,15.751671,0.339132,0.310802,0.195506,0.195506,0.732000,0.036290,0.195506,0.195506,0.117134,0.578576,0.310802,0.195506,0.727567,0.036290,0.166430,0.538347,0.195506,0.195506,0.046157,0.001007,0.177908,0.045053,0.000000,-0.000000,0.000514,2.542192,10,2
1780630885.876690,proposed,-0.856557,40.367558,0.145038,3.177691,1.529482,-0.275737,42.257333,0.000000,45.000000,2.649666,2.855857,2.954056,1,17.218642,0.349832,0.309778,0.206426,0.206426,0.850039,0.037548,0.206426,0.206426,0.148632,0.663859,0.309778,0.206426,0.845923,0.037548,0.164467,0.653360,0.206426,0.206426,0.093133,-0.000730,0.205013,0.091690,0.000000,-0.000000,0.000001,3.180999,10,2
1780630885.954841,proposed,-0.828805,40.699607,0.410004,3.463277,1.456480,-0.359534,42.474921,0.000000,45.000000,2.559371,0.654597,0.602168,1,11.669672,0.412048,0.376182,0.264689,0.264689,0.973352,0.036513,0.264689,0.264689,0.164467,0.772372,0.376182,0.264689,0.972187,0.036513,0.169925,0.772372,0.264689,0.264689,0.119371,0.065879,0.258916,0.117733,0.065526,-0.000000,0.000000,3.487462,10,2
1780630886.062746,proposed,-0.775008,41.049207,0.665942,3.528736,1.403826,-0.010891,42.648664,0.000000,45.000000,4.042683,-1.368139,0.016010,1,12.703954,1.158206,1.156535,1.034022,1.034022,1.112147,0.035898,0.905998,0.905998,0.169925,0.906324,1.025318,0.910721,1.112147,0.035898,0.169925,0.906324,0.905998,0.905998,0.405677,0.282456,0.893799,0.399637,0.281049,-0.000000,0.000000,3.591025,10,2
1780630886.159495,proposed,-0.688200,41.395240,1.070210,3.391922,1.249570,-0.021928,42.998069,0.000000,45.000000,1.488350,-0.883119,-0.113832,1,12.039473,1.111820,1.072188,0.960864,0.960864,1.283267,0.034765,0.960432,0.960432,0.168113,1.080390,1.063295,0.942318,1.283267,0.034765,0.168113,1.080390,0.942156,0.942156,0.413918,0.318910,0.930478,0.409828,0.317447,-0.000000,0.000001,3.556752,10,2
1780630886.273867,proposed,-0.573738,41.730017,1.219045,3.303610,1.204400,-0.024530,43.339988,0.000000,45.000000,-0.407383,-0.390964,-0.140639,1,12.525450,1.098742,1.068666,0.945460,0.945460,1.447575,0.033689,0.945459,0.945459,0.166247,1.247639,1.068666,0.945460,1.447575,0.033689,0.166247,1.247639,0.945459,0.945459,0.454350,0.397899,0.935899,0.450958,0.396174,-0.000000,0.000000,3.521351,10,2
1780630886.355065,proposed,-0.453870,42.058423,1.178306,3.264514,1.226426,-0.014030,43.668782,0.000000,45.000000,-1.343446,-0.176903,-0.148834,1,12.320391,1.119643,1.082528,0.969610,0.969610,1.603129,0.032568,0.969610,0.969610,0.163587,1.406974,1.082528,0.969610,1.603129,0.032568,0.163587,1.406974,0.969610,0.969610,0.540931,0.484945,0.961932,0.537518,0.483107,-0.000000,0.000000,3.470657,10,2
1780630886.478435,proposed,-0.342757,42.383990,1.043962,3.246824,1.276347,-0.001676,43.985906,0.000000,45.000000,-1.697249,-0.157454,-0.155362,1,12.770429,1.210947,1.171202,1.064548,1.064548,1.754658,0.031394,1.064548,1.064548,0.160448,1.562816,1.171202,1.064548,1.754658,0.031394,0.160448,1.562816,1.064548,1.064548,0.660072,0.516942,1.057921,0.655821,0.515197,-0.000000,0.000000,3.410531,10,2
1780630886.555261,proposed,-0.246847,42.707885,0.874237,3.231078,1.332182,0.000000,44.307885,0.000000,45.000000,-1.809836,-0.103167,-0.162076,1,11.302417,1.380233,1.341199,1.236666,1.236666,1.912560,0.030481,1.236666,1.236666,0.157165,1.724915,1.341199,1.236666,1.912480,0.030481,0.157165,1.724915,1.236666,1.236666,0.790815,0.569105,1.229746,0.785767,0.568989,-0.000000,0.000000,3.347261,10,2
1780630886.673361,proposed,-0.168472,43.030477,0.693253,3.220762,1.387133,0.000000,44.630477,0.000000,45.000000,-1.713023,-0.053285,-0.168699,1,10.988114,1.607141,1.570899,1.464229,1.464229,2.072869,0.029849,1.464229,1.464229,0.154443,1.888576,1.570899,1.464229,2.072548,0.029849,0.154443,1.888576,1.464229,1.464229,0.891927,0.602495,1.456313,0.886288,0.600265,-0.000000,0.000000,3.294527,10,2
1780630886.765239,proposed,-0.107712,43.352287,0.521951,3.215433,1.435441,0.000000,44.952287,0.000000,45.000000,-1.486524,-0.025875,-0.174533,1,13.822491,1.870372,1.837751,1.727341,1.727341,2.234376,0.029449,1.727340,1.727340,0.152542,2.052385,1.837751,1.727341,2.233709,0.029449,0.152542,2.052385,1.727340,1.727340,0.963567,0.657677,1.718201,0.957687,0.657890,-0.000000,0.000000,3.257521,10,2
1780630886.869741,proposed,-0.062949,43.673701,0.373299,3.212846,1.475488,0.000000,45.000000,0.000000,45.000000,-1.208308,-2.450188,-0.179216,1,13.470238,2.156576,2.126493,2.012140,2.012140,2.257547,0.024014,2.009778,2.009778,0.151360,2.082173,2.126493,2.012140,2.256645,0.024014,0.151360,2.082173,2.009778,2.009778,0.972337,0.673583,1.999735,0.967421,0.670973,-0.000000,0.000000,3.234460,10,2
1780630886.956445,proposed,-0.031661,43.982734,0.252468,2.967827,1.528795,0.000000,45.000000,0.000000,45.000000,-0.929681,-4.297715,-0.185044,1,11.906958,2.442826,2.412218,2.297199,2.297199,2.256330,0.017379,2.100493,2.100493,0.138428,2.100523,2.412218,2.297199,2.255019,0.017379,0.138428,2.100523,2.100493,2.100493,0.971919,0.693072,2.093899,0.967981,0.691023,-0.000000,0.000000,2.978546,10,2
1780630887.073470,proposed,-0.011063,44.258028,0.159500,2.538055,1.569451,0.051563,44.955777,0.000000,45.000000,-0.220194,-5.375076,-0.189719,1,13.270585,0.713094,0.675631,0.570285,0.570285,0.731996,0.010951,0.562599,0.562599,0.117175,0.603870,0.394730,0.288729,0.706423,0.010951,0.117175,0.603870,0.288729,0.288729,0.119204,0.083705,0.270719,0.114551,0.083125,-0.000000,0.000000,2.543062,10,2
1780630887.161119,proposed,0.003786,44.484959,0.137480,2.000548,1.518278,-0.042294,45.075016,0.000000,45.000000,-1.037269,-4.029453,-0.184037,1,11.174954,0.318252,0.278322,0.175135,0.175135,0.678476,0.007102,0.175135,0.175135,0.092237,0.579136,0.266360,0.155686,0.640692,0.007102,0.092237,0.579136,0.155686,0.155686,0.056517,0.036620,0.137720,0.047642,0.036002,-0.000000,0.000000,2.005266,10,2
1780630887.276344,proposed,0.012348,44.664866,0.033753,1.597603,1.635924,0.116917,45.001317,0.000000,45.000000,0.703478,-4.398347,-0.194308,1,13.471342,0.355758,0.324445,0.213055,0.213055,0.759349,0.003871,0.213055,0.213055,0.074312,0.681165,0.324445,0.213055,0.735862,0.003871,0.074312,0.681165,0.213055,0.213055,0.140921,0.089862,0.212994,0.137211,0.088646,-0.000000,0.000000,1.597959,10,2
1780630887.355082,proposed,0.019241,44.802635,0.104101,1.157768,1.377944,0.198864,45.132875,0.000000,45.000000,1.190812,-2.529034,-0.167524,1,11.860090,0.324217,0.293242,0.182309,0.182309,0.786367,0.002540,0.182309,0.182309,0.056064,0.727764,0.293242,0.182309,0.755704,0.002540,0.056064,0.727764,0.182309,0.182309,0.158731,0.108051,0.181250,0.153200,0.106734,-0.000000,0.000000,1.162439,10,2
1780630887.482989,proposed,0.035605,44.905766,0.223182,0.904865,1.171019,0.292751,45.090037,0.000000,45.000000,1.389416,-2.565798,-0.137246,1,13.913533,0.381212,0.347967,0.238918,0.238918,0.757642,0.001693,0.238918,0.238918,0.046791,0.709158,0.347967,0.238918,0.757200,0.001693,0.046791,0.709158,0.238918,0.238918,0.162466,0.111727,0.237649,0.157028,0.109485,-0.000000,0.000000,0.931982,10,2
1780630887.555054,proposed,0.064870,44.983424,0.362124,0.648285,0.841031,0.307004,45.070144,0.000000,45.000000,0.653897,-2.298505,-0.092867,1,12.146946,0.437427,0.400345,0.286264,0.286264,0.760105,0.001092,0.286264,0.286264,0.039368,0.719645,0.400345,0.286264,0.760105,0.001092,0.039368,0.719645,0.286264,0.286264,0.138141,0.112804,0.281501,0.135724,0.111251,-0.000000,0.000000,0.742568,10,2
1780630887.671607,proposed,0.104352,45.036760,0.427514,0.418434,0.552149,0.282774,45.072781,0.000000,45.000000,-0.259235,-1.709663,-0.049727,1,13.658253,0.401152,0.362417,0.258868,0.258868,0.771245,0.000645,0.258868,0.258868,0.033832,0.736768,0.362417,0.258868,0.759747,0.000645,0.033832,0.736768,0.258868,0.258868,0.139683,0.110200,0.256258,0.137389,0.109154,-0.000000,0.000000,0.598210,10,2
1780630887.756741,proposed,0.145807,45.070055,0.401590,0.247468,0.345100,0.243709,45.076890,0.000000,45.000000,-0.930132,-1.166372,-0.016089,1,11.067914,0.401113,0.373372,0.263642,0.263642,0.752930,0.000330,0.263642,0.263642,0.029066,0.723534,0.373372,0.263642,0.736892,0.000330,0.029066,0.723164,0.263642,0.263642,0.144306,0.102701,0.261384,0.137852,0.101787,-0.000000,0.000000,0.471715,10,2
1780630887.872290,proposed,0.181316,45.088970,0.308577,0.130831,0.182308,0.204915,45.079064,0.000000,45.000000,-1.229587,-0.756815,0.010140,1,12.258049,0.423575,0.399641,0.286529,0.286529,0.730742,0.000139,0.286529,0.286529,0.024012,0.706591,0.399641,0.286529,0.719510,0.000139,0.024012,0.705333,0.286529,0.286529,0.128151,0.088939,0.273159,0.118814,0.087999,-0.000000,0.000000,0.335166,10,2
1780630887.957908,proposed,0.206025,45.098269,0.185618,0.055149,-0.147083,0.179055,45.079859,0.000000,45.000000,-1.156755,-0.465770,0.052477,1,11.405686,0.446407,0.418373,0.307793,0.307793,0.717675,0.000052,0.307793,0.307793,0.018871,0.698752,0.391775,0.285381,0.715441,0.000052,0.018871,0.698752,0.285381,0.285381,0.125261,0.087028,0.265949,0.115687,0.085919,-0.000000,0.000000,0.193638,10,2
1780630888.090435,proposed,0.218803,45.101455,0.069943,0.008572,-0.504958,0.166078,45.080206,0.000000,45.000000,-0.867199,-0.262387,0.101679,1,15.162912,0.483261,0.448906,0.341536,0.341536,0.720140,0.000027,0.341536,0.341536,0.014479,0.705635,0.417628,0.312080,0.720140,0.000027,0.015510,0.705635,0.312080,0.312080,0.138386,0.096496,0.291913,0.128478,0.095153,-0.000000,0.000000,0.070466,10,2
1780630888.147271,proposed,0.221462,45.101000,-0.016777,-0.017667,-0.858130,0.139479,45.374894,0.000000,45.000000,-0.721034,2.498301,0.151938,1,11.040894,0.454365,0.431620,0.319371,0.319371,0.801595,0.000532,0.319371,0.319371,0.012854,0.788208,0.423539,0.313990,0.765786,0.000576,0.028687,0.742587,0.313990,0.313990,0.138336,0.109158,0.307863,0.135558,0.108020,-0.000000,0.000000,0.024364,10,2
1780630888.274469,proposed,0.216179,45.111725,-0.088881,0.232163,-0.474131,0.136293,45.376064,0.000000,45.000000,-0.371308,1.512079,0.121637,1,12.363802,0.522872,0.490496,0.380946,0.380946,0.833027,0.000570,0.380946,0.380946,0.020855,0.811602,0.490496,0.380946,0.789695,0.000581,0.028466,0.769501,0.380946,0.380946,0.184404,0.141277,0.375839,0.181555,0.140084,-0.000000,0.000000,0.248595,10,2
1780630888.348043,proposed,0.205434,45.142502,-0.126011,0.383371,-0.115898,0.128603,45.378763,0.000000,45.000000,-0.152937,0.516507,0.074266,1,11.166517,0.536068,0.495797,0.388745,0.388745,0.852853,0.000597,0.388745,0.388745,0.026531,0.825725,0.495797,0.388745,0.817519,0.000597,0.028532,0.799693,0.388745,0.388745,0.215878,0.168293,0.381785,0.211385,0.166101,-0.000000,0.000000,0.403550,10,2
1780630888.472194,proposed,0.192068,45.183421,-0.141305,0.435022,0.234264,0.106183,45.339010,0.000000,45.000000,-0.149252,-0.506299,0.023784,1,12.423649,0.519534,0.481462,0.372308,0.372308,0.814921,0.000456,0.372308,0.372308,0.028532,0.785933,0.481462,0.372308,0.814921,0.000456,0.028532,0.785933,0.372308,0.372308,0.211711,0.162337,0.364885,0.206367,0.158879,-0.000000,0.000000,0.457396,10,2
1780630888.558526,proposed,0.177192,45.224392,-0.156230,0.384392,0.582836,0.085437,45.296715,0.000000,45.000000,-0.135004,-1.100227,-0.026962,1,12.205834,0.502799,0.463632,0.359967,0.359967,0.765762,0.000295,0.359967,0.359967,0.026953,0.738514,0.463632,0.359967,0.765762,0.000295,0.026953,0.738514,0.359967,0.359967,0.196581,0.143983,0.353051,0.191378,0.140523,-0.000000,0.000000,0.414928,10,2
1780630888.675301,proposed,0.160893,45.257330,-0.169731,0.274369,0.927364,0.070930,45.267190,0.000000,45.000000,-0.058046,-1.212934,-0.076991,1,12.100725,0.496849,0.465301,0.354704,0.354704,0.726884,0.000178,0.354704,0.354704,0.023552,0.703154,0.465301,0.354704,0.726884,0.000178,0.023552,0.703154,0.354704,0.354704,0.174807,0.122297,0.348589,0.160518,0.117849,-0.000000,0.000000,0.322625,10,2
1780630888.756793,proposed,0.143630,45.278702,-0.175535,0.153076,1.273746,0.061727,45.251058,0.000000,45.000000,0.045309,-1.017056,-0.126712,1,11.372235,0.505646,0.466770,0.356827,0.356827,0.703444,0.000114,0.356827,0.356827,0.020287,0.683043,0.431724,0.326869,0.703419,0.000114,0.020287,0.683043,0.326869,0.326869,0.144931,0.101084,0.300158,0.131741,0.097358,-0.000000,0.000000,0.232905,10,2
1780630888.875251,proposed,0.126303,45.288925,-0.171004,0.051370,1.623837,0.056261,45.245867,0.000000,45.000000,0.138628,-0.688126,-0.176434,1,13.121991,0.512925,0.482833,0.368584,0.368584,0.697024,0.000082,0.368583,0.368583,0.018329,0.678613,0.407636,0.292684,0.690849,0.000082,0.018329,0.675625,0.292684,0.292684,0.128172,0.089057,0.268396,0.116181,0.086195,-0.000000,0.000000,0.178554,10,2
1780630888.955889,proposed,0.109896,45.290621,-0.157142,-0.017442,1.974856,0.053188,45.248403,0.000000,45.000000,0.202891,-0.350415,-0.225936,1,11.039292,0.535460,0.498259,0.393040,0.393040,0.707120,0.000062,0.393039,0.393039,0.017596,0.689462,0.396493,0.286905,0.685683,0.000062,0.017596,0.672090,0.286904,0.286904,0.124485,0.086216,0.264451,0.113408,0.084016,-0.000000,0.000000,0.158107,10,2
1780630889.067830,proposed,0.095196,45.287125,-0.136852,-0.052484,2.325233,0.336316,45.216545,0.000000,45.000000,2.770471,-0.422036,-0.274972,1,15.042110,0.378391,0.339000,0.232348,0.232348,0.732884,0.000436,0.232348,0.232348,0.017184,0.715264,0.339000,0.232348,0.694239,0.000463,0.026977,0.671475,0.232348,0.232348,0.107605,0.093800,0.215631,0.099051,0.089147,-0.000000,0.000000,0.146571,10,2
1780630889.157776,proposed,0.095363,45.279766,0.140195,-0.094687,1.940645,0.335206,45.218259,0.000000,45.000000,1.722622,-0.159298,-0.243626,1,12.681599,0.439270,0.399361,0.276937,0.276937,0.711282,0.000433,0.276937,0.276937,0.017993,0.692857,0.399361,0.276937,0.682977,0.000456,0.026349,0.663117,0.276937,0.276937,0.129572,0.090407,0.249899,0.110883,0.083033,-0.000000,0.000000,0.169175,10,2
1780630889.275971,proposed,0.117996,45.269501,0.312457,-0.110617,1.587285,0.329464,45.226833,0.000000,45.000000,0.626319,0.099000,-0.195769,1,13.326759,0.412648,0.374434,0.265148,0.265148,0.701346,0.000434,0.265148,0.265148,0.023876,0.677035,0.374434,0.265148,0.679332,0.000434,0.025970,0.662110,0.265148,0.265148,0.123310,0.090404,0.240890,0.110477,0.080933,-0.000000,0.000000,0.331459,10,2
1780630889.356781,proposed,0.152373,45.258934,0.375089,-0.100717,1.239019,0.320821,45.238901,0.000000,45.000000,-0.117444,0.276111,-0.144640,1,12.384045,0.397628,0.368365,0.248763,0.248763,0.696486,0.000368,0.248763,0.248763,0.025970,0.670147,0.368365,0.248763,0.686938,0.000368,0.025970,0.668270,0.248763,0.248763,0.124418,0.090448,0.224749,0.109840,0.081673,-0.000000,0.000000,0.388375,10,2
1780630889.473516,proposed,0.189295,45.250243,0.363344,-0.073106,0.888631,0.312859,45.249237,0.000000,45.000000,-0.521102,0.336356,-0.092768,1,13.051719,0.370799,0.330569,0.223815,0.223815,0.698253,0.000264,0.223815,0.223815,0.025315,0.672673,0.330569,0.223815,0.696692,0.000264,0.025315,0.672673,0.223815,0.223815,0.121007,0.088471,0.206783,0.109464,0.081789,-0.000000,0.000000,0.370626,10,2
1780630889.556730,proposed,0.223024,45.244614,0.311234,-0.039470,0.540217,0.306235,45.257333,0.000000,45.000000,-0.679610,0.313830,-0.041280,1,11.414613,0.322865,0.292324,0.180986,0.180986,0.699165,0.000164,0.180986,0.180986,0.023227,0.675774,0.292324,0.180986,0.683374,0.000164,0.023227,0.670436,0.180986,0.180986,0.101571,0.074465,0.176708,0.097756,0.072906,-0.000000,0.000000,0.313727,10,2
1780630889.682253,proposed,0.250749,45.242236,0.243273,-0.008087,0.329425,0.301387,45.262994,0.000000,45.000000,-0.679999,0.244430,-0.005212,1,16.195595,0.322146,0.285367,0.175385,0.175385,0.684045,0.000091,0.175385,0.175385,0.020667,0.663287,0.285367,0.175385,0.670730,0.000091,0.020667,0.657901,0.175385,0.175385,0.095351,0.069171,0.173397,0.093350,0.068584,-0.000000,0.000000,0.243407,10,2
1780630889.759298,proposed,0.271676,45.242650,0.175273,0.016356,0.364888,0.298542,45.266219,0.000000,45.000000,-0.589922,0.155749,-0.000022,1,11.989174,0.334071,0.299185,0.188366,0.188366,0.679088,0.000045,0.188366,0.188366,0.018239,0.660804,0.299185,0.188366,0.664103,0.000045,0.018239,0.651263,0.188366,0.188366,0.094849,0.066338,0.186167,0.087499,0.066005,-0.000000,0.000000,0.176035,10,2
1780630889.866972,proposed,0.286254,45.245064,0.116281,0.031931,0.562207,0.271920,45.293359,0.000000,45.000000,-0.688240,0.300164,-0.020197,1,11.540856,0.353086,0.322999,0.210806,0.210806,0.671788,0.000034,0.210806,0.210806,0.016257,0.655497,0.295799,0.181657,0.648530,0.000034,0.016257,0.634393,0.181657,0.181657,0.080175,0.055919,0.164762,0.071803,0.055657,-0.000000,0.000000,0.120585,10,2
1780630889.958998,proposed,0.294441,45.249758,0.047457,0.061947,0.913593,0.269973,45.295152,0.000000,45.000000,-0.480403,0.151958,-0.063338,1,11.968599,0.396649,0.357473,0.253384,0.253384,0.688239,0.000025,0.253384,0.253384,0.014746,0.673468,0.283351,0.173690,0.651672,0.000025,0.014943,0.637961,0.173690,0.173690,0.074061,0.051039,0.156483,0.065661,0.050773,-0.000000,0.000000,0.078036,10,2
1780630890.068525,proposed,0.296785,45.256712,-0.000583,0.077143,1.263595,0.316755,45.244266,0.000000,45.000000,0.144309,-0.441842,-0.111815,1,12.649111,0.442205,0.430026,0.307630,0.307630,0.691560,0.000011,0.307630,0.307630,0.014715,0.676835,0.349460,0.242840,0.680235,0.000011,0.014715,0.666834,0.242840,0.242840,0.104962,0.072509,0.216344,0.092960,0.069842,-0.000000,0.000000,0.077145,10,2
1780630890.163312,proposed,0.297448,45.262218,0.013848,0.032958,0.912550,0.316830,45.244169,0.000000,45.000000,0.122062,-0.340332,-0.085007,1,11.293427,0.404119,0.376167,0.270886,0.270886,0.690364,0.000006,0.270886,0.270886,0.013254,0.677103,0.331667,0.218880,0.680720,0.000006,0.013537,0.667622,0.218880,0.218880,0.095884,0.066581,0.198891,0.086439,0.065638,-0.000000,0.000000,0.035749,10,2
1780630890.269320,proposed,0.299443,45.263812,0.026054,-0.001075,0.562263,0.316425,45.244694,0.000000,45.000000,0.044823,-0.191135,-0.039645,1,11.854071,0.380228,0.349326,0.238232,0.238232,0.693953,0.000005,0.238232,0.238232,0.012914,0.681033,0.326664,0.216376,0.677529,0.000005,0.013466,0.664740,0.216376,0.216376,0.096909,0.067739,0.198701,0.088298,0.067261,-0.000000,0.000000,0.026076,10,2
1780630890.348151,proposed,0.302272,45.262749,0.030536,-0.020188,0.212270,0.315712,45.245613,0.000000,45.000000,-0.012442,-0.077401,0.010032,1,11.598210,0.376280,0.336280,0.227227,0.227227,0.691177,0.000005,0.227227,0.227227,0.013285,0.677887,0.335961,0.226809,0.681904,0.000005,0.013421,0.669336,0.226809,0.226809,0.101835,0.071567,0.217992,0.098399,0.071146,-0.000000,0.000000,0.036606,10,2
1780630890.469575,proposed,0.305264,45.260343,0.029292,-0.027928,-0.137732,0.314898,45.246656,0.000000,45.000000,-0.045128,-0.003762,0.060482,1,12.524911,0.382860,0.353559,0.239919,0.239919,0.690228,0.000004,0.239919,0.239919,0.013421,0.676804,0.353559,0.239919,0.689712,0.000004,0.013421,0.676440,0.239919,0.239919,0.111403,0.079795,0.238803,0.109910,0.079444,-0.000000,0.000000,0.040472,10,2
1780630890.558378,proposed,0.307967,45.257531,0.024779,-0.028304,-0.487741,0.314127,45.247638,0.000000,45.000000,-0.058517,0.037246,0.110827,1,11.273645,0.417214,0.378433,0.274833,0.274833,0.700323,0.000003,0.274833,0.274833,0.013320,0.687001,0.378433,0.274833,0.700323,0.000003,0.013320,0.687001,0.274833,0.274833,0.130320,0.094206,0.273663,0.128728,0.093741,-0.000000,0.000000,0.037619,10,2
1780630890.668778,proposed,0.310153,45.254887,0.018928,-0.024580,-0.777169,0.283503,45.274428,0.000000,45.000000,-0.325783,0.285980,0.154254,1,11.787213,0.463491,0.424237,0.316850,0.316850,0.704596,0.000008,0.316850,0.316850,0.013088,0.691500,0.424237,0.316850,0.704596,0.000008,0.014000,0.691500,0.316850,0.316850,0.147394,0.102207,0.303532,0.132783,0.097488,-0.000000,0.000000,0.031023,10,2
1780630890.757654,proposed,0.310417,45.253859,-0.013651,0.004018,-1.127880,0.283693,45.274829,0.000000,45.000000,-0.201960,0.190490,0.202346,1,10.966265,0.520817,0.480915,0.361336,0.361336,0.722037,0.000008,0.361336,0.361336,0.012499,0.709530,0.429346,0.308528,0.691901,0.000008,0.013932,0.678776,0.308528,0.308528,0.134186,0.092814,0.274224,0.117366,0.086456,-0.000000,0.000000,0.014230,10,2
1780630890.869599,proposed,0.308042,45.255213,-0.033847,0.023067,-1.478278,0.314009,45.247786,0.000000,45.000000,0.188202,-0.154188,0.251224,1,12.070345,0.492768,0.455915,0.346820,0.346820,0.707539,0.000003,0.346820,0.346820,0.013438,0.694098,0.404979,0.287754,0.679160,0.000003,0.013438,0.666431,0.287753,0.287753,0.126473,0.087872,0.250202,0.108048,0.080356,-0.000000,0.000000,0.040960,10,2
1780630890.958327,proposed,0.305598,45.256749,-0.015027,0.007648,-1.157117,0.314668,45.246949,0.000000,45.000000,0.161674,-0.132836,0.226866,1,11.937301,0.521477,0.481279,0.360586,0.360586,0.725300,0.000002,0.360586,0.360586,0.012591,0.712708,0.420788,0.310408,0.689312,0.000002,0.012821,0.676695,0.310408,0.310408,0.135248,0.093617,0.278579,0.120105,0.088605,-0.000000,0.000000,0.016861,10,2
1780630891.065583,proposed,0.304904,45.256849,0.001141,-0.005635,-0.974046,0.314840,45.246731,0.000000,45.000000,0.095623,-0.075110,0.199379,1,19.322270,0.493219,0.458099,0.342096,0.342096,0.726470,0.000001,0.342096,0.342096,0.012201,0.714267,0.437237,0.328856,0.699918,0.000001,0.012806,0.687445,0.328856,0.328856,0.144124,0.099796,0.298305,0.129171,0.094872,-0.000000,0.000000,0.005750,10,2
1780630891.158920,proposed,0.305496,45.255910,0.010703,-0.013146,-0.875340,0.212506,45.305794,0.000000,45.000000,-0.868565,0.497021,0.180456,1,11.519129,0.490427,0.453323,0.340171,0.340171,0.689524,0.000073,0.340171,0.340171,0.012594,0.676857,0.425739,0.304090,0.689524,0.000079,0.018040,0.676857,0.304090,0.304090,0.132558,0.091557,0.275205,0.117819,0.086583,-0.000000,0.000000,0.016952,10,2
1780630891.267658,proposed,0.302223,45.257081,-0.076153,0.036556,-1.230465,0.217026,45.306332,0.000000,45.000000,-0.486218,0.313848,0.213284,1,11.871872,0.532643,0.492520,0.370429,0.370429,0.712503,0.000072,0.370429,0.370429,0.014974,0.697457,0.385660,0.275594,0.692753,0.000074,0.017731,0.677849,0.275594,0.275594,0.115327,0.078622,0.244483,0.101849,0.075049,-0.000000,0.000000,0.084473,10,2
1780630891.356089,proposed,0.292177,45.262306,-0.124775,0.067941,-1.582035,0.269674,45.295425,0.000000,45.000000,0.316836,0.017051,0.258407,1,11.280909,0.489669,0.457095,0.342291,0.342291,0.715541,0.000035,0.342291,0.342291,0.017023,0.698484,0.383306,0.274471,0.692833,0.000035,0.017023,0.680145,0.274471,0.274471,0.119354,0.082566,0.243400,0.105072,0.078255,-0.000000,0.000000,0.142073,10,2
1780630891.466886,proposed,0.281284,45.269185,-0.093092,0.069646,-1.931649,0.277050,45.288519,0.000000,45.000000,0.399397,-0.135654,0.306104,1,16.165686,0.447464,0.424372,0.305920,0.305920,0.705207,0.000019,0.305919,0.305919,0.016103,0.689085,0.341967,0.238323,0.687015,0.000019,0.016103,0.674393,0.238323,0.238323,0.104057,0.072101,0.214339,0.092848,0.069927,-0.000000,0.000000,0.116261,10,2
1780630891.554316,proposed,0.273972,45.275471,-0.053152,0.056080,-2.281007,0.281793,45.283888,0.000000,45.000000,0.335710,-0.184182,0.354105,1,11.314192,0.399929,0.361341,0.257423,0.257423,0.699622,0.000008,0.257423,0.257423,0.014719,0.684895,0.325452,0.213125,0.679200,0.000008,0.014719,0.666472,0.213125,0.213125,0.094072,0.065419,0.193532,0.084586,0.064406,-0.000000,0.000000,0.077267,10,2
1780630891.674688,proposed,0.270335,45.280159,-0.019581,0.037662,-1.931220,0.284155,45.281524,0.000000,45.000000,0.235315,-0.168881,0.325750,1,13.345537,0.439599,0.412853,0.299412,0.299412,0.704269,0.000003,0.299412,0.299412,0.013490,0.690776,0.357062,0.252839,0.688696,0.000003,0.013490,0.675992,0.252839,0.252839,0.110944,0.076967,0.225878,0.098359,0.073836,-0.000000,0.000000,0.042448,10,2
1780630891.757838,proposed,0.269553,45.283080,0.003951,0.020774,-1.581631,0.284775,45.280897,0.000000,45.000000,0.135775,-0.124369,0.278500,1,11.747033,0.496830,0.465349,0.341054,0.341054,0.713124,0.000002,0.341054,0.341054,0.012741,0.700381,0.422005,0.299912,0.693233,0.000002,0.012880,0.680662,0.299912,0.299912,0.131790,0.091471,0.263057,0.114734,0.085210,-0.000000,0.000000,0.021146,10,2
1780630891.874034,proposed,0.270627,45.284536,0.017528,0.008337,-1.231777,0.284274,45.281404,0.000000,45.000000,0.053978,-0.074257,0.226801,1,13.076022,0.520615,0.484274,0.363278,0.363278,0.728147,0.000002,0.363277,0.363277,0.012680,0.715465,0.452437,0.335639,0.705212,0.000002,0.012836,0.692820,0.335639,0.335639,0.148230,0.103039,0.300684,0.131498,0.096883,-0.000000,0.000000,0.019410,10,2
1780630891.956377,proposed,0.272650,45.284998,0.022926,0.000911,-0.881772,0.283175,45.282510,0.000000,45.000000,-0.003941,-0.031797,0.174258,1,11.092788,0.474138,0.439015,0.325405,0.325405,0.719582,0.000001,0.325404,0.325404,0.012804,0.706776,0.439015,0.325405,0.716999,0.000001,0.012804,0.704783,0.325404,0.325404,0.150511,0.106626,0.316226,0.141041,0.104123,-0.000000,0.000000,0.022944,10,2
1780630892.077222,proposed,0.274923,45.284930,0.022532,-0.002268,-0.531768,0.281885,45.283797,0.000000,45.000000,-0.038283,-0.002416,0.121868,1,14.369628,0.417853,0.377908,0.274234,0.274234,0.696388,0.000001,0.274234,0.274234,0.012794,0.683593,0.377908,0.274234,0.696388,0.000001,0.012794,0.683593,0.274234,0.274234,0.126527,0.089560,0.271875,0.122293,0.088791,-0.000000,0.000000,0.022646,10,2
1780630892.161596,proposed,0.276985,45.284692,0.018704,-0.002510,-0.328078,0.304694,45.259155,0.000000,45.000000,0.160920,-0.216487,0.085818,1,13.311500,0.402825,0.366681,0.261035,0.261035,0.704407,0.000010,0.261035,0.261035,0.012661,0.691736,0.366681,0.261035,0.701224,0.000010,0.014121,0.687930,0.261035,0.261035,0.119669,0.085375,0.259150,0.117779,0.084743,-0.000000,0.000000,0.018871,10,2
1780630892.283199,proposed,0.279660,45.283358,0.034796,-0.024159,-0.556911,0.303668,45.260357,0.000000,45.000000,0.071523,-0.113932,0.101170,1,14.162030,0.434069,0.394179,0.290486,0.290486,0.713258,0.000009,0.290486,0.290486,0.013487,0.699761,0.394179,0.290486,0.712629,0.000009,0.014006,0.699108,0.290486,0.290486,0.134172,0.095471,0.288146,0.131642,0.094679,-0.000000,0.000000,0.042360,10,2
1780630892.352790,proposed,0.283497,45.280373,0.041948,-0.035552,-0.670738,0.302110,45.262163,0.000000,45.000000,-0.015015,-0.012953,0.116758,1,11.796664,0.454240,0.414198,0.309065,0.309065,0.718750,0.000008,0.309065,0.309065,0.013932,0.704810,0.414198,0.309065,0.717311,0.000008,0.013932,0.704810,0.309065,0.309065,0.142607,0.101008,0.305762,0.137160,0.100075,-0.000000,0.000000,0.054987,10,2
1780630892.473533,proposed,0.287617,45.276753,0.040446,-0.036847,-0.727772,0.300373,45.264152,0.000000,45.000000,-0.067036,0.050357,0.126120,1,13.447097,0.465920,0.426317,0.319893,0.319893,0.721406,0.000006,0.319893,0.319893,0.013922,0.707478,0.426317,0.319893,0.718712,0.000006,0.013922,0.706506,0.319893,0.319893,0.147028,0.103696,0.310798,0.139055,0.102652,-0.000000,0.000000,0.054714,10,2
1780630892.556969,proposed,0.291326,45.273320,0.033743,-0.031811,-0.756105,0.298760,45.265974,0.000000,45.000000,-0.088599,0.079580,0.130739,1,11.424984,0.472784,0.433370,0.326164,0.326164,0.722511,0.000003,0.326164,0.326164,0.013628,0.708879,0.433370,0.326164,0.718971,0.000003,0.013628,0.706962,0.326164,0.326164,0.149191,0.104862,0.312197,0.139453,0.103129,-0.000000,0.000000,0.046374,10,2
1780630892.668429,proposed,0.294257,45.270537,0.024883,-0.023853,-0.768920,0.250115,45.283719,0.000000,45.000000,-0.510287,0.229304,0.132442,1,12.686513,0.476584,0.437236,0.329642,0.329642,0.701942,0.000015,0.329642,0.329642,0.013209,0.688718,0.413139,0.298750,0.700851,0.000016,0.014731,0.686853,0.298750,0.298750,0.132310,0.092156,0.278292,0.122153,0.090602,-0.000000,0.000000,0.034469,10,2
1780630892.757111,proposed,0.294194,45.269298,-0.026146,-0.000923,-1.120521,0.250711,45.284408,0.000000,45.000000,-0.309664,0.155958,0.170361,1,10.915612,0.534049,0.494222,0.372365,0.372365,0.719609,0.000015,0.372365,0.372365,0.012917,0.706677,0.453146,0.327944,0.704369,0.000016,0.014614,0.690894,0.327944,0.327944,0.144697,0.100609,0.297415,0.129904,0.095785,-0.000000,0.000000,0.026162,10,2
1780630892.863537,proposed,0.290031,45.269985,-0.057112,0.014673,-1.471088,0.299056,45.265642,0.000000,45.000000,0.310590,-0.092060,0.216942,1,13.815555,0.501395,0.465741,0.356062,0.356062,0.713725,0.000005,0.356062,0.356062,0.014073,0.699648,0.434675,0.321654,0.695249,0.000005,0.014073,0.682337,0.321654,0.321654,0.142857,0.099536,0.287420,0.126664,0.093804,-0.000000,0.000000,0.058967,10,2
1780630892.959596,proposed,0.285873,45.270992,-0.026053,0.005467,-1.121631,0.300686,45.263795,0.000000,45.000000,0.270994,-0.095298,0.189129,1,11.345541,0.527025,0.487138,0.366950,0.366950,0.731455,0.000003,0.366950,0.366950,0.012933,0.718519,0.466583,0.350214,0.713497,0.000003,0.013047,0.700685,0.350214,0.350214,0.156182,0.108940,0.320992,0.142048,0.104608,-0.000000,0.000000,0.026621,10,2
1780630893.071793,proposed,0.284623,45.271062,0.001046,-0.004063,-0.771959,0.301155,45.263259,0.000000,45.000000,0.163037,-0.058638,0.142835,1,15.196830,0.468514,0.429244,0.321643,0.321643,0.724181,0.000002,0.321643,0.321643,0.012147,0.712031,0.429244,0.321643,0.717587,0.000002,0.013044,0.704949,0.321643,0.321643,0.144913,0.102231,0.306432,0.137048,0.101174,-0.000000,0.000000,0.004195,10,2
1780630893.157508,proposed,0.285542,45.270363,0.017350,-0.009927,-0.589994,0.274625,45.290829,0.000000,45.000000,-0.161966,0.221946,0.110523,1,11.298616,0.435631,0.395465,0.291428,0.291428,0.700621,0.000004,0.291428,0.291428,0.012701,0.687916,0.388617,0.282229,0.695206,0.000004,0.013386,0.682170,0.282229,0.282229,0.126182,0.088133,0.263456,0.116883,0.087211,-0.000000,0.000000,0.019989,10,2
1780630893.280102,proposed,0.286467,45.270480,0.001153,0.012268,-0.239607,0.274314,45.291121,0.000000,45.000000,-0.125544,0.146118,0.063592,1,11.497086,0.394552,0.361876,0.252972,0.252972,0.684989,0.000004,0.252972,0.252972,0.012432,0.672553,0.339938,0.235178,0.676239,0.000004,0.013359,0.663447,0.235178,0.235178,0.104675,0.073005,0.217492,0.095898,0.072456,-0.000000,0.000000,0.012322,10,2
1780630893.354300,proposed,0.285955,45.272437,-0.011401,0.026880,0.110573,0.274789,45.290674,0.000000,45.000000,-0.058282,0.054124,0.013347,1,11.320052,0.384169,0.345288,0.235689,0.235689,0.681684,0.000004,0.235689,0.235689,0.013024,0.668656,0.322148,0.208743,0.669012,0.000004,0.013305,0.656472,0.208743,0.208743,0.092338,0.064265,0.191291,0.083693,0.063815,-0.000000,0.000000,0.029198,10,2
1780630893.475285,proposed,0.284524,45.275396,-0.017229,0.032292,0.460595,0.275732,45.289779,0.000000,45.000000,-0.006194,-0.011150,-0.037381,1,20.338623,0.384948,0.356449,0.241300,0.241300,0.689176,0.000003,0.241300,0.241300,0.013284,0.675888,0.316003,0.205762,0.673404,0.000003,0.013284,0.661090,0.205762,0.205762,0.090505,0.062861,0.187621,0.081597,0.062237,-0.000000,0.000000,0.036601,10,2
1780630893.555511,proposed,0.282770,45.278569,-0.017849,0.031177,0.810594,0.276811,45.288749,0.000000,45.000000,0.025706,-0.048561,-0.087911,1,11.585022,0.411646,0.373592,0.268947,0.268947,0.699110,0.000002,0.268947,0.268947,0.013261,0.685847,0.333319,0.225642,0.683362,0.000002,0.013261,0.671226,0.225642,0.225642,0.098874,0.068576,0.204300,0.088671,0.067076,-0.000000,0.000000,0.035925,10,2
1780630893.675277,proposed,0.281113,45.281444,-0.015278,0.026321,1.160579,0.277802,45.287795,0.000000,45.000000,0.040277,-0.063922,-0.138087,1,12.195083,0.456891,0.423793,0.308544,0.308544,0.703339,0.000001,0.308544,0.308544,0.013067,0.690270,0.369431,0.264105,0.689282,0.000001,0.013067,0.677264,0.264105,0.264105,0.115634,0.080166,0.233436,0.101556,0.076027,-0.000000,0.000000,0.030434,10,2
1780630893.756178,proposed,0.279787,45.283757,-0.011250,0.019929,1.510551,0.278591,45.287032,0.000000,45.000000,0.042331,-0.064098,-0.187860,1,11.162225,0.495047,0.465016,0.343212,0.343212,0.710409,0.000001,0.343211,0.343211,0.012802,0.697606,0.431094,0.304635,0.693364,0.000001,0.012802,0.681300,0.304635,0.304635,0.133786,0.092845,0.262252,0.114486,0.085068,-0.000000,0.000000,0.022885,10,2
1780630893.872989,proposed,0.278874,45.285429,-0.007017,0.013519,1.736264,0.279142,45.286496,0.000000,45.000000,0.036733,-0.055323,-0.223679,1,12.206187,0.515089,0.478002,0.362297,0.362297,0.719373,0.000000,0.362296,0.362296,0.012534,0.706839,0.443993,0.322834,0.698741,0.000000,0.012534,0.686645,0.322834,0.322834,0.142423,0.099004,0.279090,0.121875,0.090196,-0.000000,0.000000,0.015232,10,2
1780630893.956743,proposed,0.278355,45.286505,-0.003344,0.007987,1.509878,0.279470,45.286176,0.000000,45.000000,0.027548,-0.042538,-0.206549,1,11.858677,0.496830,0.466907,0.344158,0.344158,0.710219,0.000000,0.344157,0.344157,0.012303,0.697916,0.424917,0.300748,0.692584,0.000000,0.012303,0.680483,0.300748,0.300748,0.131795,0.091394,0.259481,0.113053,0.084021,-0.000000,0.000000,0.008658,10,2
1780630894.092470,proposed,0.278159,45.287090,-0.000589,0.003733,1.159866,0.279619,45.286030,0.000000,45.000000,0.017711,-0.029212,-0.162825,1,17.219578,0.455033,0.420445,0.307480,0.307480,0.703132,0.000000,0.307480,0.307480,0.012132,0.691000,0.362465,0.257787,0.689170,0.000000,0.012132,0.677082,0.257787,0.257787,0.112410,0.077818,0.228919,0.099204,0.074303,-0.000000,0.000000,0.003779,10,2
1780630894.146428,proposed,0.278188,45.287318,0.001182,0.000812,0.809863,0.308537,45.254568,0.000000,45.000000,0.266421,-0.297500,-0.112753,1,11.118549,0.410856,0.372922,0.268464,0.268464,0.698034,0.000013,0.268464,0.268464,0.012050,0.685971,0.360052,0.250929,0.687891,0.000014,0.014535,0.674210,0.250929,0.250929,0.111700,0.077868,0.224410,0.098901,0.074501,-0.000000,0.000000,0.001434,10,2
1780630894.287854,proposed,0.279639,45.285911,0.027824,-0.028938,0.460290,0.307988,45.255232,0.000000,45.000000,0.149081,-0.167204,-0.061467,1,15.644986,0.384775,0.355685,0.241024,0.241024,0.701606,0.000013,0.241024,0.241024,0.013409,0.688184,0.343675,0.233944,0.687570,0.000013,0.014444,0.674378,0.233944,0.233944,0.104442,0.072884,0.213954,0.094672,0.071655,-0.000000,0.000000,0.040145,10,2
1780630894.349189,proposed,0.283167,45.282182,0.042732,-0.045659,0.110537,0.306613,45.256882,0.000000,45.000000,0.030400,-0.035252,-0.010194,1,11.004516,0.386097,0.347738,0.238009,0.238009,0.699370,0.000012,0.238009,0.238009,0.014199,0.685159,0.347738,0.238009,0.687167,0.000012,0.014363,0.674426,0.238009,0.238009,0.107329,0.075040,0.221038,0.098351,0.074358,-0.000000,0.000000,0.062536,10,2
1780630894.472215,proposed,0.287592,45.277439,0.045772,-0.049184,-0.239453,0.304837,45.258987,0.000000,45.000000,-0.047264,0.051316,0.040777,1,12.195122,0.400315,0.367511,0.258781,0.258781,0.701013,0.000010,0.258781,0.258781,0.014363,0.686641,0.367511,0.258781,0.695212,0.000010,0.014363,0.682842,0.258781,0.258781,0.118471,0.083535,0.248332,0.111091,0.082913,-0.000000,0.000000,0.067187,10,2
1780630894.557431,proposed,0.291933,45.272778,0.041046,-0.044052,-0.558300,0.303044,45.261083,0.000000,45.000000,-0.086776,0.095253,0.087971,1,11.404095,0.439838,0.400141,0.296468,0.296468,0.712180,0.000006,0.296468,0.296468,0.014116,0.698058,0.400141,0.296468,0.710488,0.000006,0.014116,0.698058,0.296468,0.296468,0.135948,0.095787,0.287410,0.128760,0.094984,-0.000000,0.000000,0.060211,10,2
1780630894.670012,proposed,0.295603,45.268849,0.032368,-0.034527,-0.697246,0.260327,45.286881,0.000000,45.000000,-0.464414,0.321055,0.114332,1,12.623083,0.463475,0.423509,0.318046,0.318046,0.701513,0.000013,0.318046,0.318046,0.013662,0.687838,0.410708,0.297832,0.701352,0.000013,0.014448,0.687289,0.297832,0.297832,0.132578,0.092498,0.277871,0.122675,0.091132,-0.000000,0.000000,0.047327,10,2
1780630894.756000,proposed,0.296518,45.267001,-0.014073,-0.002421,-1.048529,0.259866,45.287498,0.000000,45.000000,-0.298957,0.217497,0.158487,1,10.978930,0.522903,0.484861,0.366339,0.366339,0.722072,0.000012,0.366339,0.366339,0.012500,0.709560,0.455627,0.334716,0.709555,0.000013,0.014396,0.696119,0.334716,0.334716,0.148390,0.103285,0.306341,0.134559,0.099184,-0.000000,0.000000,0.014280,10,2
1780630894.860148,proposed,0.293616,45.267847,-0.043969,0.019328,-1.399240,0.294206,45.271003,0.000000,45.000000,0.177931,-0.041294,0.206732,1,11.342383,0.508029,0.470266,0.361540,0.361540,0.717570,0.000003,0.361540,0.361540,0.013687,0.703880,0.438544,0.326871,0.698105,0.000003,0.013687,0.685672,0.326871,0.326871,0.144993,0.100978,0.293203,0.129000,0.095373,-0.000000,0.000000,0.048030,10,2
1780630894.949222,proposed,0.290109,45.269573,-0.026176,0.015199,-1.049413,0.295820,45.269241,0.000000,45.000000,0.180471,-0.073525,0.179348,1,10.888422,0.518141,0.479777,0.362385,0.362385,0.732008,0.000001,0.362385,0.362385,0.013062,0.718945,0.475992,0.349897,0.716268,0.000001,0.013062,0.703824,0.349897,0.349897,0.156294,0.109080,0.322552,0.142920,0.105255,-0.000000,0.000000,0.030268,10,2
1780630895.078046,proposed,0.288394,45.270725,-0.008129,0.007846,-0.699529,0.304159,45.259784,0.000000,45.000000,0.190108,-0.137817,0.133209,1,15.985811,0.457917,0.418025,0.312500,0.312500,0.720365,0.000003,0.312500,0.312500,0.012396,0.707967,0.418025,0.312408,0.714957,0.000003,0.013120,0.702157,0.312408,0.312408,0.140533,0.099104,0.297992,0.133410,0.098154,-0.000000,0.000000,0.011298,10,2
1780630895.154267,proposed,0.288531,45.270821,0.010882,-0.005935,-0.648494,0.275729,45.289782,0.000000,45.000000,-0.148003,0.184862,0.115258,1,11.239342,0.443805,0.403579,0.298551,0.298551,0.702123,0.000004,0.298551,0.298551,0.012434,0.689685,0.397965,0.289205,0.697589,0.000004,0.013337,0.684610,0.289205,0.289205,0.129372,0.090381,0.269879,0.119804,0.089264,-0.000000,0.000000,0.012396,10,2
1780630895.257604,proposed,0.288880,45.271152,-0.003918,0.012551,-0.298222,0.275652,45.289855,0.000000,45.000000,-0.111548,0.124806,0.071895,1,13.707627,0.397802,0.362917,0.256224,0.256224,0.684621,0.000004,0.256224,0.256224,0.012461,0.672156,0.343200,0.239396,0.676892,0.000004,0.013295,0.664160,0.239396,0.239396,0.106704,0.074459,0.221567,0.097856,0.073860,-0.000000,0.000000,0.013148,10,2
1780630895.358961,proposed,0.287930,45.273031,-0.015073,0.025031,0.051920,0.276258,45.289278,0.000000,45.000000,-0.045433,0.043005,0.022491,1,11.142312,0.380237,0.345048,0.234173,0.234173,0.679205,0.000004,0.234173,0.234173,0.013025,0.666176,0.323692,0.208487,0.667331,0.000004,0.013238,0.654844,0.208487,0.208487,0.092363,0.064318,0.191047,0.083717,0.063865,-0.000000,0.000000,0.029219,10,2
1780630895.472900,proposed,0.286196,45.275749,-0.019616,0.029332,0.401935,0.277255,45.288322,0.000000,45.000000,0.004043,-0.014967,-0.028084,1,11.394277,0.379572,0.347571,0.235000,0.235000,0.685404,0.000003,0.235000,0.235000,0.013238,0.672163,0.310041,0.200831,0.669819,0.000003,0.013238,0.657547,0.200831,0.200831,0.088422,0.061438,0.182986,0.079631,0.060892,-0.000000,0.000000,0.035287,10,2
1780630895.556243,proposed,0.284254,45.278607,-0.019212,0.027835,0.751934,0.278335,45.287280,0.000000,45.000000,0.032882,-0.047434,-0.078633,1,11.490262,0.400812,0.364024,0.258854,0.258854,0.696132,0.000002,0.258854,0.258854,0.013187,0.682943,0.326623,0.216294,0.680520,0.000002,0.013187,0.668414,0.216294,0.216294,0.094789,0.065748,0.196125,0.085061,0.064569,-0.000000,0.000000,0.033822,10,2
1780630895.671618,proposed,0.282497,45.281154,-0.015924,0.023092,1.101920,0.279297,45.286344,0.000000,45.000000,0.044673,-0.059835,-0.128868,1,12.123842,0.430037,0.408578,0.298872,0.298872,0.701710,0.000001,0.298872,0.298872,0.012984,0.688725,0.356023,0.251741,0.688327,0.000001,0.012984,0.676313,0.251741,0.251741,0.110139,0.076338,0.224121,0.097322,0.073056,-0.000000,0.000000,0.028050,10,2
1780630895.757183,proposed,0.281128,45.283164,-0.011456,0.017108,1.451891,0.280044,45.285614,0.000000,45.000000,0.044575,-0.058617,-0.178715,1,11.066698,0.482932,0.464369,0.337281,0.337281,0.708240,0.000001,0.337280,0.337280,0.012722,0.695518,0.413590,0.293730,0.691700,0.000001,0.012722,0.679628,0.293730,0.293730,0.128882,0.089413,0.254194,0.110820,0.082491,-0.000000,0.000000,0.020590,10,2
1780630895.871034,proposed,0.280206,45.284581,-0.006999,0.011247,1.746363,0.280553,45.285114,0.000000,45.000000,0.037530,-0.049584,-0.222100,1,11.997464,0.516664,0.479097,0.359567,0.359567,0.719397,0.000000,0.359567,0.359567,0.012464,0.706932,0.443397,0.321129,0.698605,0.000000,0.012464,0.686506,0.321129,0.321129,0.141591,0.098406,0.276747,0.120805,0.089443,-0.000000,0.000000,0.013247,10,2
1780630895.962478,proposed,0.279693,45.285458,-0.003246,0.006288,1.396343,0.280846,45.284825,0.000000,45.000000,0.027518,-0.037278,-0.193407,1,11.709564,0.472355,0.459150,0.333588,0.333588,0.706605,0.000000,0.333588,0.333588,0.012248,0.694357,0.397439,0.283595,0.690433,0.000000,0.012248,0.678334,0.283595,0.283595,0.124164,0.086073,0.246922,0.107351,0.080014,-0.000000,0.000000,0.007077,10,2
1780630896.099052,proposed,0.279506,45.285901,-0.000494,0.002561,1.046334,0.280969,45.284704,0.000000,45.000000,0.017314,-0.024828,-0.146878,1,23.073776,0.436489,0.396181,0.290251,0.290251,0.700959,0.000000,0.290251,0.290251,0.012091,0.688867,0.344311,0.240112,0.686314,0.000000,0.012115,0.674229,0.240112,0.240112,0.104727,0.072510,0.215181,0.093067,0.070025,-0.000000,0.000000,0.002608,10,2
1780630896.154669,proposed,0.279544,45.286032,0.001237,0.000078,0.696334,0.302221,45.262036,0.000000,45.000000,0.197819,-0.215953,-0.096212,1,11.387014,0.400709,0.365855,0.259223,0.259223,0.700897,0.000007,0.259223,0.259223,0.012043,0.688847,0.353237,0.238579,0.688884,0.000008,0.013872,0.675649,0.238579,0.238579,0.105970,0.073822,0.216239,0.095178,0.071889,-0.000000,0.000000,0.001240,10,2
1780630896.244481,proposed,0.280656,45.284960,0.021019,-0.021518,0.346651,0.301744,45.262584,0.000000,45.000000,0.109447,-0.120050,-0.044876,1,11.536311,0.384658,0.349401,0.238558,0.238558,0.699478,0.000007,0.238558,0.238558,0.013055,0.686416,0.338781,0.229484,0.685158,0.000007,0.013800,0.672286,0.229484,0.229484,0.102469,0.071524,0.210815,0.093294,0.070708,-0.000000,0.000000,0.030080,10,2
1780630896.339990,proposed,0.283306,45.282208,0.031964,-0.033523,-0.003212,0.300586,45.263910,0.000000,45.000000,0.020291,-0.023219,0.006314,1,11.653336,0.387210,0.355207,0.242594,0.242594,0.696500,0.000007,0.242594,0.242594,0.013627,0.682867,0.353842,0.242594,0.686354,0.000007,0.013735,0.673819,0.242594,0.242594,0.109132,0.076339,0.225115,0.100292,0.075750,-0.000000,0.000000,0.046319,10,2
1780630896.459028,proposed,0.286603,45.278740,0.033993,-0.035845,-0.353208,0.299112,45.265579,0.000000,45.000000,-0.037936,0.040143,0.057164,1,13.332485,0.412126,0.375426,0.270054,0.270054,0.701944,0.000005,0.270054,0.270054,0.013735,0.688204,0.375426,0.270054,0.697995,0.000005,0.013735,0.685739,0.270054,0.270054,0.123221,0.086772,0.259178,0.116052,0.086149,-0.000000,0.000000,0.049400,10,2
1780630896.560105,proposed,0.289813,45.275356,0.030200,-0.031830,-0.604891,0.297645,45.267222,0.000000,45.000000,-0.067136,0.071866,0.096914,1,11.549363,0.447445,0.407105,0.302855,0.302855,0.712574,0.000003,0.302855,0.302855,0.013541,0.699031,0.407105,0.302855,0.710915,0.000003,0.013541,0.698861,0.302855,0.302855,0.138301,0.097290,0.291481,0.130511,0.096458,-0.000000,0.000000,0.043877,10,2
1780630896.671204,proposed,0.292497,45.272533,0.023486,-0.024644,-0.714584,0.296395,45.268608,0.000000,45.000000,-0.074580,0.079851,0.118179,1,12.736127,0.466097,0.426339,0.320048,0.320048,0.718398,0.000002,0.320048,0.320048,0.013194,0.705202,0.426339,0.320048,0.715678,0.000002,0.013194,0.703604,0.320048,0.320048,0.145641,0.102176,0.304353,0.136006,0.100750,-0.000000,0.000000,0.034043,10,2
1780630896.758970,proposed,0.294473,45.270468,0.016028,-0.016658,-0.755453,0.294640,45.268885,0.000000,45.000000,-0.075260,0.065871,0.127191,1,12.012109,0.474005,0.434568,0.327075,0.327075,0.720054,0.000001,0.327075,0.327075,0.012810,0.707242,0.434568,0.327075,0.716279,0.000001,0.012810,0.704134,0.327075,0.327075,0.147025,0.102849,0.306773,0.136840,0.101273,-0.000000,0.000000,0.023117,10,2
1780630896.870922,proposed,0.295700,45.269131,0.008502,-0.010071,-1.105489,0.293513,45.269032,0.000000,45.000000,-0.062869,0.048792,0.166795,1,13.518501,0.532810,0.493090,0.371737,0.371737,0.730358,0.000000,0.371737,0.371737,0.012462,0.717896,0.465039,0.348290,0.712259,0.000000,0.012462,0.700093,0.348290,0.348290,0.154748,0.107809,0.318744,0.140394,0.103307,-0.000000,0.000000,0.013180,10,2
1780630896.955640,proposed,0.296235,45.268368,0.002215,-0.005192,-1.455522,0.293099,45.269188,0.000000,45.000000,-0.042493,0.034040,0.213760,1,12.132825,0.504419,0.468101,0.359481,0.359481,0.713993,0.000000,0.359481,0.359481,0.012198,0.701795,0.435703,0.322599,0.695826,0.000000,0.012198,0.683677,0.322599,0.322599,0.142835,0.099420,0.288767,0.126729,0.093723,-0.000000,0.000000,0.005645,10,2
1780630897.061023,proposed,0.296244,45.268019,-0.002034,-0.001788,-1.805534,0.221502,45.300316,0.000000,45.000000,-0.659889,0.298182,0.262264,1,13.674836,0.475547,0.454480,0.333882,0.333882,0.697664,0.000043,0.333881,0.333881,0.012095,0.685527,0.352055,0.243050,0.681714,0.000047,0.016642,0.666643,0.243050,0.243050,0.102496,0.069998,0.215320,0.090327,0.067456,-0.000000,0.000000,0.002708,10,2
1780630897.154480,proposed,0.292742,45.269331,-0.068023,0.028030,-2.154678,0.270697,45.294488,0.000000,45.000000,0.055920,0.122113,0.310723,1,11.238211,0.423942,0.403759,0.296886,0.296886,0.703171,0.000014,0.296886,0.296886,0.014589,0.688569,0.346863,0.243259,0.689289,0.000014,0.014613,0.676587,0.243259,0.243259,0.107211,0.074535,0.218925,0.095680,0.072102,-0.000000,0.000000,0.073572,10,2
1780630897.276297,proposed,0.286219,45.272745,-0.062431,0.040242,-2.504757,0.275170,45.290312,0.000000,45.000000,0.182955,-0.012954,0.358965,1,12.393319,0.394035,0.360706,0.252602,0.252602,0.694268,0.000009,0.252602,0.252602,0.014613,0.679645,0.325868,0.215345,0.680969,0.000009,0.014613,0.668644,0.215345,0.215345,0.095451,0.066476,0.195659,0.085815,0.065334,-0.000000,0.000000,0.074277,10,2
1780630897.357713,proposed,0.280890,45.276704,-0.044136,0.038946,-2.854643,0.278770,45.286858,0.000000,45.000000,0.190830,-0.083410,0.406831,1,11.815350,0.377511,0.339210,0.229489,0.229489,0.685218,0.000005,0.229489,0.229489,0.014069,0.671145,0.314112,0.204558,0.672845,0.000005,0.014069,0.660560,0.204558,0.204558,0.090890,0.063339,0.186580,0.081987,0.062702,-0.000000,0.000000,0.058862,10,2
1780630897.469804,proposed,0.277431,45.280182,-0.025053,0.030605,3.078688,0.281102,45.284572,0.000000,45.000000,0.158302,-0.103020,-0.230049,1,13.082625,0.376677,0.348206,0.233041,0.233041,0.683687,0.000002,0.233041,0.233041,0.013388,0.670296,0.331198,0.220595,0.672858,0.000002,0.013388,0.660512,0.220595,0.220595,0.098806,0.069054,0.202999,0.090078,0.068542,-0.000000,0.000000,0.039551,10,2
1780630897.559481,proposed,0.275717,45.282727,-0.009222,0.020303,2.728748,0.282298,45.283387,0.000000,45.000000,0.111489,-0.091998,-0.349636,1,12.679184,0.404366,0.366186,0.262145,0.262145,0.693433,0.000001,0.262145,0.262145,0.012782,0.680651,0.363432,0.259728,0.687673,0.000001,0.012782,0.675332,0.259728,0.259728,0.116337,0.081643,0.243446,0.108980,0.081002,-0.000000,0.000000,0.022300,10,2
1780630897.675593,proposed,0.275353,45.284297,0.001926,0.011103,2.378732,0.282628,45.283057,0.000000,45.000000,0.064666,-0.067257,-0.339162,1,21.232028,0.458503,0.419437,0.311418,0.311418,0.713635,0.000001,0.311418,0.311418,0.012395,0.701240,0.419437,0.311241,0.711352,0.000001,0.012423,0.699072,0.311241,0.311241,0.139961,0.098559,0.297200,0.133291,0.097452,-0.000000,0.000000,0.011269,10,2
1780630897.763652,proposed,0.275868,45.285071,0.008393,0.004378,2.028706,0.282391,45.283294,0.000000,45.000000,0.025717,-0.040319,-0.296199,1,11.578982,0.515787,0.475693,0.362608,0.362608,0.730538,0.000000,0.362608,0.362608,0.012332,0.718206,0.471680,0.349822,0.714371,0.000000,0.012401,0.702177,0.349822,0.349822,0.155636,0.108425,0.318120,0.140204,0.103150,-0.000000,0.000000,0.009466,10,2
1780630897.873371,proposed,0.276836,45.285308,0.010965,0.000346,1.678696,0.281849,45.283833,0.000000,45.000000,-0.002075,-0.017697,-0.245422,1,13.285462,0.512740,0.477384,0.359948,0.359948,0.718987,0.000000,0.359948,0.359948,0.012384,0.706603,0.446417,0.322239,0.699036,0.000000,0.012384,0.686929,0.322239,0.322239,0.142243,0.098896,0.284653,0.124244,0.091818,-0.000000,0.000000,0.010970,10,2
1780630897.957827,proposed,0.277922,45.285254,0.010757,-0.001424,1.328696,0.281213,45.284463,0.000000,45.000000,-0.018584,-0.002046,-0.193041,1,11.069824,0.460762,0.451373,0.327226,0.327226,0.707412,0.000000,0.327225,0.327225,0.012380,0.695031,0.392066,0.281666,0.691589,0.000000,0.012380,0.679553,0.281666,0.281666,0.123447,0.085603,0.248648,0.108040,0.080474,-0.000000,0.000000,0.010851,10,2
1780630898.078250,proposed,0.278905,45.285101,0.008899,-0.001628,0.978698,0.306751,45.256717,0.000000,45.000000,0.207141,-0.245735,-0.140608,1,14.718969,0.431833,0.391733,0.286597,0.286597,0.697433,0.000010,0.286597,0.286597,0.012317,0.685105,0.369728,0.262930,0.687491,0.000011,0.014248,0.674054,0.262930,0.262930,0.116492,0.081071,0.232761,0.102169,0.076672,-0.000000,0.000000,0.009047,10,2
1780630898.157790,proposed,0.280831,45.283709,0.029613,-0.026202,0.628774,0.306026,45.257582,0.000000,45.000000,0.108581,-0.134914,-0.088508,1,11.789305,0.392090,0.359509,0.250570,0.250570,0.700312,0.000010,0.250570,0.250570,0.013388,0.686914,0.350858,0.236030,0.688797,0.000010,0.014151,0.675799,0.236030,0.236030,0.104784,0.072976,0.214414,0.094326,0.071279,-0.000000,0.000000,0.039541,10,2
1780630898.278146,proposed,0.284335,45.280415,0.040471,-0.039693,0.278886,0.304642,45.259217,0.000000,45.000000,0.009423,-0.022768,-0.036842,1,13.246600,0.384846,0.345951,0.236367,0.236367,0.698041,0.000009,0.236367,0.236367,0.013992,0.684039,0.339023,0.229224,0.684291,0.000009,0.014072,0.671689,0.229224,0.229224,0.102236,0.071331,0.210857,0.093199,0.070613,-0.000000,0.000000,0.056687,10,2
1780630898.357217,proposed,0.288429,45.276332,0.041413,-0.041970,-0.071111,0.302971,45.261167,0.000000,45.000000,-0.053575,0.049527,0.014395,1,11.779347,0.389583,0.360951,0.245890,0.245890,0.696113,0.000007,0.245890,0.245890,0.014072,0.682033,0.354206,0.245481,0.686877,0.000007,0.014072,0.674595,0.245481,0.245481,0.110099,0.076978,0.227776,0.101331,0.076440,-0.000000,0.000000,0.058962,10,2
1780630898.461145,proposed,0.292303,45.272382,0.036056,-0.037017,-0.421095,0.258984,45.283938,0.000000,45.000000,-0.460836,0.270982,0.065198,1,13.282155,0.420025,0.382038,0.277788,0.277788,0.683666,0.000011,0.277788,0.277788,0.013815,0.669839,0.355882,0.251729,0.680885,0.000011,0.014218,0.667151,0.251729,0.251729,0.111536,0.077710,0.233543,0.102504,0.076975,-0.000000,0.000000,0.051675,10,2
1780630898.559280,proposed,0.293604,45.270035,-0.010028,-0.009919,-0.771780,0.258211,45.284642,0.000000,45.000000,-0.305421,0.194551,0.115673,1,11.346529,0.473136,0.433880,0.326256,0.326256,0.704211,0.000010,0.326256,0.326256,0.012494,0.691707,0.416313,0.302187,0.702857,0.000010,0.014189,0.689507,0.302187,0.302187,0.134690,0.094008,0.282109,0.124714,0.092586,-0.000000,0.000000,0.014105,10,2
1780630898.680423,proposed,0.291074,45.270016,-0.040570,0.009536,-1.122391,0.261642,45.285716,0.000000,45.000000,-0.105055,0.112169,0.165783,1,12.424523,0.528198,0.488270,0.368824,0.368824,0.723386,0.000009,0.368824,0.368824,0.013463,0.709914,0.460994,0.335080,0.708304,0.000009,0.014016,0.695424,0.335080,0.335080,0.148618,0.103504,0.305258,0.134148,0.098911,-0.000000,0.000000,0.041675,10,2
1780630898.757844,proposed,0.286492,45.271531,-0.051075,0.020753,-1.472510,0.303372,45.260702,0.000000,45.000000,0.369174,-0.180116,0.215394,1,11.708380,0.501344,0.465874,0.354469,0.354469,0.713088,0.000006,0.354469,0.354469,0.013937,0.699144,0.433385,0.321027,0.694769,0.000006,0.013937,0.681530,0.321027,0.321027,0.142477,0.099244,0.287716,0.126748,0.093848,-0.000000,0.000000,0.055130,10,2
1780630898.865130,proposed,0.283230,45.272705,-0.014158,0.002741,-1.123364,0.304582,45.259287,0.000000,45.000000,0.280841,-0.145240,0.188382,1,11.424507,0.522025,0.482027,0.364161,0.364161,0.731188,0.000004,0.364161,0.364161,0.012505,0.718678,0.466617,0.349566,0.713482,0.000005,0.013462,0.700455,0.349566,0.349566,0.155886,0.108728,0.320914,0.142014,0.104581,-0.000000,0.000000,0.014421,10,2
1780630898.959200,proposed,0.283219,45.272253,0.013926,-0.011783,-0.814425,0.304559,45.259314,0.000000,45.000000,0.149426,-0.073876,0.146732,1,11.221194,0.472071,0.433550,0.324292,0.324292,0.725975,0.000004,0.324292,0.324292,0.012639,0.713331,0.433550,0.324292,0.718504,0.000005,0.013427,0.705749,0.324292,0.324292,0.146746,0.103596,0.309961,0.138524,0.102490,-0.000000,0.000000,0.018242,10,2
1780630899.076746,proposed,0.285358,45.270705,0.028869,-0.019170,-0.666328,0.303720,45.260296,0.000000,45.000000,0.046669,-0.013175,0.119245,1,13.811018,0.448233,0.408108,0.303216,0.303216,0.717149,0.000004,0.303216,0.303216,0.013216,0.703928,0.408108,0.303216,0.710683,0.000004,0.013379,0.698202,0.303216,0.303216,0.137771,0.096705,0.288941,0.128996,0.095816,-0.000000,0.000000,0.034654,10,2
1780630899.142273,proposed,0.288479,45.268723,0.033536,-0.020488,-0.583503,0.228927,45.305379,0.000000,45.000000,-0.675758,0.416461,0.102576,1,13.497560,0.433058,0.392911,0.288863,0.288863,0.676839,0.000034,0.288863,0.288863,0.013379,0.663426,0.348715,0.241887,0.670955,0.000036,0.016122,0.655962,0.241887,0.241887,0.105690,0.073289,0.223125,0.096365,0.072340,-0.000000,0.000000,0.039299,10,2
