time_s,controller,x,y,vx,vy,yaw,ref_x,ref_y,goal_x,goal_y,ux,uy,alpha,feasible,solve_ms,clearance_m,d_lower_min,c_body,barrier,gamma_ref,recovery_energy,recoverable_margin,h_R,dynamic_reserve,recoverability_delta,pred_min_d_lower,pred_min_c_body,pred_min_gamma,pred_max_recovery_energy,pred_max_dynamic_reserve,pred_min_delta,pred_min_h_R,pred_min_psi0,pred_min_psi1,pred_min_psi2,pred_min_psi0_constraint,pred_min_psi1_constraint,pred_min_psi2_constraint,solver_constraint_margin,max_safety_slack,speed_mps,obstacle_count,guide_points
1780631104.403021,nominal,0.000000,-50.000000,0.000000,0.000000,1.570800,0.000000,-48.400000,0.000000,45.000000,0.000000,7.999991,-0.171058,1,6.786495,inf,inf,inf,inf,inf,0.016640,inf,inf,0.012000,inf,inf,inf,inf,nan,0.000000,inf,inf,inf,inf,inf,inf,inf,inf,-0.000000,0.000000,0.000000,0,2
1780631104.537565,nominal,0.000000,-50.000000,0.000000,0.000000,1.570800,0.000000,-48.400000,0.000000,45.000000,0.000000,7.999992,-0.212728,1,6.040786,1.440167,1.181239,1.046753,1.046753,0.690086,0.016640,0.661446,0.661446,0.012000,0.661446,0.439856,0.351856,inf,nan,0.000000,0.351856,0.351856,0.351856,0.035165,-0.047377,0.351856,0.035165,-0.047377,-0.000000,0.000000,0.000000,10,2
1780631104.617966,nominal,0.000000,-49.960000,0.000000,0.799999,1.570799,0.000000,-48.360000,0.000000,45.000000,0.000000,7.999979,-0.221782,1,2.290795,1.426526,1.156595,1.043372,1.043372,0.654786,0.017408,0.595778,0.595778,0.041600,0.595778,0.372365,0.284365,inf,nan,0.000000,0.284365,0.284365,0.284365,0.032993,-0.047859,0.284365,0.032993,-0.047859,-0.000000,0.000000,0.799999,10,2
1780631104.718053,nominal,0.000000,-49.840000,0.000000,1.599997,1.570798,0.000000,-48.240000,0.000000,45.000000,0.000000,7.750965,-0.222624,1,2.075489,1.317268,1.043803,0.931737,0.931737,0.668139,0.019712,0.574027,0.574027,0.074400,0.574027,0.386478,0.298478,inf,nan,0.000000,0.298478,0.298478,0.298478,0.022182,-0.055732,0.298478,0.022182,-0.055732,-0.000000,0.000000,1.599997,10,2
1780631104.817318,nominal,0.000000,-49.641246,0.000000,2.375094,1.570798,0.000000,-48.041246,0.000000,45.000000,0.000000,4.292071,-0.221408,1,2.024539,1.211442,0.966823,0.855222,0.855222,0.620000,0.023409,0.487360,0.487360,0.109231,0.487360,0.226539,0.138539,inf,nan,0.000000,0.138539,0.138539,0.138539,-0.003546,-0.053448,0.138539,-0.003546,-0.053448,-0.000000,0.000000,2.375094,10,2
1780631104.916250,nominal,0.000000,-49.382276,0.000000,2.804301,1.570797,0.000000,-47.782276,0.000000,45.000000,0.000000,2.126361,-0.219684,1,2.006691,0.905495,0.643236,0.537655,0.537655,0.620000,0.026077,0.462013,0.462013,0.129811,0.464112,0.211018,0.123018,inf,nan,0.000000,0.123018,0.123018,0.123018,-0.028544,-0.124929,0.123018,-0.028544,-0.124929,-0.000000,0.000000,2.804301,10,2
1780631105.205023,nominal,0.000000,-49.091214,0.000000,3.016937,1.570797,-0.305902,-47.520729,0.000000,45.000000,-2.724693,0.756494,-0.217845,1,2.676292,0.670602,0.434305,0.330453,0.330453,0.620000,0.027562,0.330051,0.330051,0.140348,0.452090,0.008252,-0.079748,inf,nan,0.000000,-0.079748,-0.079748,-0.079748,-0.120139,-0.206084,-0.079748,-0.120139,-0.206084,-0.000000,0.000000,3.016937,10,4
1780631105.219924,nominal,0.000000,-49.091214,0.000000,3.016937,1.570797,-0.305902,-47.520729,0.000000,45.000000,-2.929881,0.653334,-0.215989,1,2.455248,0.670602,0.434305,0.330453,0.330453,0.620000,0.027562,0.330051,0.330051,0.140348,0.452090,0.005529,-0.082471,inf,nan,0.000000,-0.082471,-0.082471,-0.082471,-0.121036,-0.208349,-0.082471,-0.121036,-0.208349,-0.000000,0.000000,3.016937,10,4
1780631105.237167,nominal,-0.013623,-48.785738,-0.272469,3.092586,1.650045,-0.363726,-47.223862,0.000000,45.000000,-2.129554,0.233074,-0.222772,1,2.430472,0.557820,0.384865,0.270969,0.270969,0.620000,0.028219,0.270909,0.270909,0.144756,0.447025,-0.112087,-0.200087,inf,nan,0.000000,-0.200087,-0.200087,-0.200087,-0.160204,-0.174145,-0.200087,-0.160204,-0.174145,-0.000000,0.000000,3.104566,10,4
1780631105.306446,nominal,-0.051518,-48.475314,-0.485425,3.115894,1.716295,-0.423366,-46.917674,0.000000,45.000000,-1.317670,0.060238,-0.230255,1,1.817845,0.518198,0.372167,0.262038,0.262038,0.620000,0.028603,0.261989,0.261989,0.147233,0.444164,-0.090144,-0.178144,inf,nan,0.000000,-0.178144,-0.178144,-0.178144,-0.183127,-0.175502,-0.178144,-0.183127,-0.175502,-0.000000,0.000000,3.153479,10,4
1780631105.418267,nominal,-0.106649,-48.163423,-0.617192,3.121918,1.761044,-0.483912,-46.606838,0.000000,45.000000,-0.719848,0.011089,-0.235524,1,2.915207,0.530530,0.257310,0.147621,0.147621,0.620000,0.028827,0.147620,0.147620,0.148700,0.442473,-0.063765,-0.151765,inf,nan,0.000000,-0.151765,-0.151765,-0.151765,-0.187277,-0.063613,-0.151765,-0.187277,-0.063613,-0.000000,0.000000,3.182341,10,4
1780631105.523358,nominal,-0.171967,-47.851176,-0.689176,3.123027,1.785987,-0.544896,-46.293746,0.000000,45.000000,-0.316688,0.009984,-0.238048,1,8.953449,0.546237,0.257970,0.147658,0.147658,0.620000,0.028944,0.147657,0.147657,0.149506,0.441549,-0.077729,-0.165729,inf,nan,0.000000,-0.165729,-0.165729,-0.165729,-0.236507,-0.123018,-0.165729,-0.236507,-0.123018,-0.000000,0.000000,3.198165,7,4
1780631105.605562,nominal,-0.242468,-47.538824,-0.720845,3.124025,1.796639,-0.606090,-45.979581,0.000000,45.000000,-0.062850,0.021617,-0.238313,1,6.608739,inf,inf,inf,inf,inf,0.028997,inf,inf,0.149912,inf,inf,inf,inf,nan,0.000000,inf,inf,inf,inf,inf,inf,inf,inf,-0.000000,0.000000,3.206111,0,4
1780631105.712980,nominal,-0.314867,-47.226313,-0.727130,3.126187,1.798415,-0.667383,-45.664907,0.000000,45.000000,0.083087,0.032165,-0.237046,1,8.776122,inf,inf,inf,inf,inf,0.029017,inf,inf,0.150092,inf,inf,inf,inf,nan,0.000000,inf,inf,inf,inf,inf,inf,inf,inf,-0.000000,0.000000,3.209636,0,4
1780631105.809265,nominal,-0.387165,-46.913533,-0.718822,3.129403,1.795361,-0.728722,-45.349993,0.000000,45.000000,0.154799,0.037693,-0.234877,1,7.198475,0.601907,0.407946,0.298519,0.298519,1.348870,0.029020,0.298519,0.298519,0.150156,1.169693,0.561907,0.473907,inf,nan,0.000000,0.473907,0.473907,0.473907,0.351626,0.133517,0.473907,0.351626,0.133517,-0.000000,0.000000,3.210898,2,4
1780631105.919307,nominal,-0.458273,-46.600405,-0.703342,3.133172,1.790146,-0.790084,-45.034966,0.000000,45.000000,0.178298,0.038287,-0.232261,1,7.194770,0.544924,0.335852,0.221402,0.221402,0.862662,0.029018,0.221402,0.221402,0.150169,0.683475,0.460039,0.372039,inf,nan,0.000000,0.372039,0.372039,0.372039,0.080193,-0.024794,0.372039,0.080193,-0.024794,-0.000000,0.000000,3.211146,9,4
1780631106.005017,nominal,-0.527716,-46.286896,-0.685512,3.137001,1.784381,-0.851456,-44.719885,0.000000,45.000000,0.172808,0.035338,-0.229490,1,1.794257,0.519659,0.329583,0.217038,0.217038,1.000501,0.029015,0.217038,0.217038,0.150163,0.821323,0.479659,0.391659,inf,nan,0.000000,0.391659,0.391659,0.391659,0.183138,-0.000778,0.391659,0.183138,-0.000778,-0.000000,0.000000,3.211028,10,4
1780631106.126473,nominal,-0.595403,-45.973019,-0.668231,3.140535,1.778959,-0.912833,-44.404779,0.000000,45.000000,0.151891,0.030378,-0.226736,1,2.655418,0.579010,0.295355,0.183033,0.183033,1.087744,0.029012,0.183033,0.183033,0.150153,0.908578,0.539010,0.451010,inf,nan,0.000000,0.451010,0.451010,0.451010,0.162057,0.097974,0.451010,0.162057,0.097974,-0.000000,0.000000,3.210840,10,4
1780631106.218478,nominal,-0.661467,-45.658814,-0.653042,3.143573,1.774311,-0.974212,-44.089662,0.000000,45.000000,0.124616,0.024647,-0.224088,1,2.634973,0.624613,0.498794,0.382001,0.382001,0.913910,0.029011,0.382001,0.382001,0.150145,0.734754,0.591214,0.503214,inf,nan,0.000000,0.503214,0.503214,0.503214,0.106108,-0.078762,0.503214,0.106108,-0.078762,-0.000000,0.000000,3.210687,10,4
1780631106.324445,nominal,-0.726148,-45.344333,-0.640580,3.146037,1.770579,-1.035593,-43.774538,0.000000,45.000000,0.096646,0.019001,-0.221583,1,2.508509,0.577178,0.446539,0.330313,0.330313,0.894948,0.029010,0.330313,0.330313,0.150140,0.715798,0.471685,0.383685,inf,nan,0.000000,0.383685,0.383685,0.383685,0.060551,-0.057205,0.383685,0.060551,-0.057205,-0.000000,0.000000,3.210591,10,4
1780631106.415272,nominal,-0.789722,-45.029635,-0.630916,3.147938,1.767744,-1.096974,-43.459412,0.000000,45.000000,0.071180,0.013948,-0.219228,1,2.171920,0.514312,0.295258,0.188722,0.188722,0.715340,0.029009,0.188722,0.188722,0.150138,0.536193,0.102456,0.014456,inf,nan,0.000000,0.014456,0.014456,0.014456,-0.146175,-0.216896,0.014456,-0.146175,-0.216896,-0.000000,0.000000,3.210540,10,4
1780631106.534622,nominal,-0.852458,-44.714771,-0.623798,3.149332,1.765700,-1.158355,-43.144285,0.000000,45.000000,0.049731,0.009726,-0.217012,1,5.472645,0.533442,0.407744,0.281718,0.281718,0.849547,0.029009,0.281718,0.281718,0.150137,0.670402,0.415250,0.327250,inf,nan,0.000000,0.327250,0.327250,0.327250,0.071090,0.021948,0.327250,0.071090,0.021948,-0.000000,0.000000,3.210517,10,4
1780631106.611783,nominal,-0.914589,-44.399789,-0.618825,3.150305,1.764306,-1.219736,-42.829157,0.000000,45.000000,0.032720,0.006392,-0.214915,1,4.267587,0.584077,0.413604,0.282602,0.282602,1.000322,0.029009,0.282602,0.282602,0.150136,0.821177,0.466060,0.378060,inf,nan,0.000000,0.378060,0.378060,0.378060,0.058806,0.090969,0.378060,0.058806,0.090969,-0.000000,0.000000,3.210509,10,4
1780631106.710944,nominal,-0.976308,-44.084727,-0.615553,3.150944,1.763417,-1.281117,-42.514029,0.000000,45.000000,0.019921,0.003889,-0.212916,1,7.278911,inf,inf,inf,inf,inf,0.029009,inf,inf,0.150136,inf,inf,inf,inf,nan,0.000000,inf,inf,inf,inf,inf,inf,inf,inf,-0.000000,0.000000,3.210507,0,4
1780631106.812107,nominal,-1.037764,-43.769613,-0.613561,3.151333,1.762898,-1.342499,-42.198900,0.000000,45.000000,0.010777,0.002103,-0.210995,1,2.570722,0.595630,0.429577,0.315708,0.315708,0.721520,0.029009,0.315697,0.315697,0.150136,0.542375,0.191676,0.103676,inf,nan,0.000000,0.103676,0.103676,0.103676,-0.105733,-0.178743,0.103676,-0.105733,-0.178743,-0.000000,0.000000,3.210507,10,4
1780631106.923770,nominal,-1.099066,-43.454469,-0.612483,3.151543,1.762638,-1.403880,-41.883772,0.000000,45.000000,0.004599,0.000898,-0.209134,1,2.277993,0.558374,0.284178,0.165053,0.165053,0.852268,0.029009,0.165053,0.165053,0.150136,0.673123,0.190076,0.102076,inf,nan,0.000000,0.102076,0.102076,0.102076,-0.093964,0.032140,0.102076,-0.093964,0.032140,-0.000000,0.000000,3.210508,10,4
1780631107.012858,nominal,-1.160291,-43.139310,-0.612023,3.151633,1.762549,-1.465261,-41.568643,0.000000,45.000000,0.000703,0.000138,-0.207319,1,2.818287,0.581926,0.447554,0.340342,0.340342,0.931350,0.029009,0.340342,0.340342,0.150136,0.752205,0.541926,0.453926,inf,nan,0.000000,0.453926,0.453926,0.453926,0.162436,0.007250,0.453926,0.162436,0.007250,-0.000000,0.000000,3.210508,10,4
1780631107.117437,nominal,-1.221490,-42.824146,-0.611953,3.151647,1.762564,-1.526643,-41.253515,0.000000,45.000000,-0.001529,-0.000297,-0.205538,1,3.164030,0.607519,0.452584,0.344705,0.344705,1.031200,0.029009,0.344705,0.344705,0.150136,0.852055,0.567519,0.479519,inf,nan,0.000000,0.479519,0.479519,0.479519,0.268138,0.023202,0.479519,0.268138,0.023202,-0.000000,0.000000,3.210508,10,4
1780631107.213809,nominal,-1.282693,-42.508983,-0.612106,3.151617,1.762634,-1.588024,-40.938386,0.000000,45.000000,-0.002607,-0.000508,-0.203783,1,2.319336,0.555377,0.319510,0.215837,0.215837,1.146042,0.029009,0.215837,0.215837,0.150136,0.966897,0.515377,0.427377,inf,nan,0.000000,0.427377,0.427377,0.427377,0.319735,0.011830,0.427377,0.319735,0.011830,-0.000000,0.000000,3.210508,10,4
1780631107.333337,nominal,-1.343917,-42.193824,-0.612366,3.151566,1.762729,-1.649405,-40.623258,0.000000,45.000000,-0.002936,-0.000572,-0.202048,1,3.625214,0.622060,0.397019,0.290622,0.290622,0.821425,0.029009,0.290622,0.290622,0.150136,0.642280,0.624915,0.536915,inf,nan,0.000000,0.536915,0.536915,0.536915,0.136073,-0.067093,0.536915,0.136073,-0.067093,-0.000000,0.000000,3.210508,10,4
1780631107.410328,nominal,-1.405168,-41.878670,-0.612660,3.151509,1.762826,-1.710787,-40.308130,0.000000,45.000000,-0.002816,-0.000548,-0.200330,1,1.939630,0.688487,0.414708,0.304002,0.304002,0.789018,0.029009,0.304002,0.304002,0.150136,0.609873,0.636873,0.548873,inf,nan,0.000000,0.548873,0.548873,0.548873,0.087205,-0.233379,0.548873,0.087205,-0.233379,-0.000000,0.000000,3.210508,10,4
1780631107.527321,nominal,-1.466448,-41.563522,-0.612942,3.151454,1.762916,-1.772168,-39.993001,0.000000,45.000000,-0.002459,-0.000479,-0.198626,1,6.733718,1.039573,0.788000,0.680548,0.680548,0.778088,0.029009,0.597346,0.597346,0.150136,0.598943,0.574095,0.486095,inf,nan,0.000000,0.486095,0.486095,0.486095,0.052021,0.020970,0.486095,0.052021,0.020970,-0.000000,0.000000,3.210508,10,4
1780631107.622213,nominal,-1.527754,-41.248379,-0.613187,3.151407,1.762991,-1.833549,-39.677873,0.000000,45.000000,-0.002008,-0.000391,-0.196936,1,6.058506,0.710879,0.529660,0.424134,0.424134,0.871453,0.029009,0.424132,0.424132,0.150136,0.692308,0.537464,0.449464,inf,nan,0.000000,0.449464,0.449464,0.449464,0.037151,0.046890,0.449464,0.037151,0.046890,-0.000000,0.000000,3.210508,10,4
1780631107.724514,nominal,-1.589083,-40.933240,-0.613388,3.151367,1.763052,-1.894931,-39.362744,0.000000,45.000000,-0.001551,-0.000302,-0.195257,1,2.445076,0.613855,0.449714,0.339060,0.339060,0.935734,0.029009,0.339060,0.339060,0.150136,0.756589,0.527228,0.439228,inf,nan,0.000000,0.439228,0.439228,0.439228,0.099129,0.047801,0.439228,0.099129,0.047801,-0.000000,0.000000,3.210508,10,4
1780631107.815164,nominal,-1.650430,-40.618105,-0.613543,3.151337,1.763097,-1.956312,-39.047616,0.000000,45.000000,-0.001138,-0.000222,-0.193591,1,2.148704,0.583938,0.459873,0.348124,0.348124,1.024515,0.029009,0.348124,0.348124,0.150136,0.845370,0.543938,0.455938,inf,nan,0.000000,0.455938,0.455938,0.455938,0.205503,0.015732,0.455938,0.205503,0.015732,-0.000000,0.000000,3.210508,10,4
1780631107.921167,nominal,-1.711790,-40.302972,-0.613657,3.151315,1.763130,-2.017693,-38.732487,0.000000,45.000000,-0.000791,-0.000154,-0.191937,1,2.268049,0.641036,0.450748,0.340654,0.340654,1.141511,0.029009,0.340654,0.340654,0.150136,0.962366,0.601036,0.513036,inf,nan,0.000000,0.513036,0.513036,0.513036,0.326104,0.055023,0.513036,0.326104,0.055023,-0.000000,0.000000,3.210508,10,4
1780631108.017277,nominal,-1.773160,-39.987842,-0.613736,3.151300,1.763152,-2.079075,-38.417359,0.000000,45.000000,-0.000518,-0.000101,-0.190296,1,2.335470,0.834952,0.603261,0.499217,0.499217,1.282577,0.029009,0.499217,0.499217,0.150136,1.103432,0.794952,0.706952,inf,nan,0.000000,0.706952,0.706952,0.706952,0.362778,0.083130,0.706952,0.362778,0.083130,-0.000000,0.000000,3.210508,10,4
1780631108.125061,nominal,-1.834536,-39.672712,-0.613788,3.151290,1.763166,-2.140456,-38.102230,0.000000,45.000000,-0.000313,-0.000061,-0.188668,1,2.597627,0.977559,0.805020,0.682998,0.682998,0.620000,0.029009,0.440849,0.440849,0.150136,0.440855,-0.037459,-0.125459,inf,nan,0.000000,-0.125459,-0.125459,-0.125459,-0.136771,-0.188556,-0.125459,-0.136771,-0.188556,-0.000000,0.000000,3.210508,10,4
1780631108.202090,nominal,-1.895916,-39.357583,-0.613819,3.151283,1.763174,-2.201837,-37.787102,0.000000,45.000000,-0.000168,-0.000033,-0.187052,1,1.775534,0.861420,0.580442,0.466801,0.466801,0.620000,0.029009,0.431174,0.431174,0.150136,0.440855,-0.027697,-0.115697,inf,nan,0.000000,-0.115697,-0.115697,-0.115697,-0.166670,-0.076840,-0.115697,-0.166670,-0.076840,-0.000000,0.000000,3.210508,10,4
1780631108.323687,nominal,-1.957299,-39.042455,-0.613836,3.151280,1.763178,-2.263219,-37.471973,0.000000,45.000000,-0.000069,-0.000014,-0.185450,1,2.770424,0.559292,0.284192,0.171151,0.171151,0.736718,0.029009,0.171151,0.171151,0.150136,0.557573,-0.017278,-0.105278,inf,nan,0.000000,-0.105278,-0.105278,-0.105278,-0.203780,-0.074831,-0.105278,-0.203780,-0.074831,-0.000000,0.000000,3.210508,10,4
1780631108.414004,nominal,-2.018683,-38.727327,-0.613843,3.151279,1.763180,-2.324600,-37.156845,0.000000,45.000000,-0.000008,-0.000002,-0.183861,1,6.585592,1.527077,1.274833,1.168914,1.168914,0.620000,0.029009,0.440855,0.440855,0.150136,0.440855,0.119191,0.031191,inf,nan,0.000000,0.031191,0.031191,0.031191,-0.038000,-0.137842,0.031191,-0.038000,-0.137842,-0.000000,0.000000,3.210508,10,4
1780631108.516044,nominal,-2.080067,-38.412199,-0.613844,3.151279,1.763179,-2.385981,-36.841717,0.000000,45.000000,0.000027,0.000005,-0.182285,1,8.984818,inf,inf,inf,inf,inf,0.029009,inf,inf,0.150136,inf,inf,inf,inf,nan,0.000000,inf,inf,inf,inf,inf,inf,inf,inf,-0.000000,0.000000,3.210508,0,4
1780631108.602623,nominal,-2.141451,-38.097072,-0.613841,3.151279,1.763178,-2.447363,-36.526588,0.000000,45.000000,0.000043,0.000008,-0.180723,1,4.504964,inf,inf,inf,inf,inf,0.029009,inf,inf,0.150136,inf,inf,inf,inf,nan,0.000000,inf,inf,inf,inf,inf,inf,inf,inf,-0.000000,0.000000,3.210508,0,4
1780631108.715009,nominal,-2.202835,-37.781944,-0.613837,3.151280,1.763177,-2.508744,-36.211460,0.000000,45.000000,0.000048,0.000009,-0.179174,1,3.630162,0.531623,0.266923,0.152377,0.152377,0.620000,0.029009,0.152376,0.152376,0.150136,0.440855,-0.107909,-0.195909,inf,nan,0.000000,-0.195909,-0.195909,-0.195909,-0.221142,-0.164709,-0.195909,-0.221142,-0.164709,-0.000000,0.000000,3.210508,10,4
1780631108.810701,nominal,-2.264219,-37.466816,-0.613832,3.151281,1.763175,-2.570125,-35.896331,0.000000,45.000000,0.000046,0.000009,-0.177638,1,2.238435,0.587057,0.305764,0.186031,0.186031,0.620000,0.029009,0.186027,0.186027,0.150136,0.440855,-0.038695,-0.126695,inf,nan,0.000000,-0.126695,-0.126695,-0.126695,-0.234244,-0.132549,-0.126695,-0.234244,-0.132549,-0.000000,0.000000,3.210508,10,4
1780631108.925979,nominal,-2.325602,-37.151687,-0.613827,3.151282,1.763174,-2.631507,-35.581203,0.000000,45.000000,0.000040,0.000008,-0.176115,1,6.010665,0.540659,0.266636,0.156461,0.156461,0.751653,0.029009,0.156461,0.156461,0.150136,0.572508,-0.061934,-0.149934,inf,nan,0.000000,-0.149934,-0.149934,-0.149934,-0.243524,-0.119396,-0.149934,-0.243524,-0.119396,-0.000000,0.000000,3.210508,10,4
1780631109.002458,nominal,-2.386984,-36.836559,-0.613823,3.151283,1.763172,-2.692888,-35.266074,0.000000,45.000000,0.000032,0.000006,-0.174606,1,3.028025,1.297169,1.070705,0.947061,0.947061,1.095569,0.029009,0.908015,0.908015,0.150136,0.916424,1.075351,0.987351,inf,nan,0.000000,0.987351,0.987351,0.987351,0.222995,0.079965,0.987351,0.222995,0.079965,-0.000000,0.000000,3.210508,2,4
1780631109.112788,nominal,-2.448366,-36.521431,-0.613820,3.151283,1.763171,-2.754269,-34.950946,0.000000,45.000000,0.000025,0.000005,-0.173109,1,6.395179,0.563670,0.288625,0.175852,0.175852,1.448261,0.029009,0.175852,0.175852,0.150136,1.269115,0.523670,0.435670,inf,nan,0.000000,0.435670,0.435670,0.435670,0.440084,0.144541,0.435670,0.440084,0.144541,-0.000000,0.000000,3.210508,2,4
1780631109.210379,nominal,-2.509748,-36.206303,-0.613818,3.151284,1.763171,-2.815651,-34.635817,0.000000,45.000000,0.000018,0.000004,-0.171625,1,8.585995,0.596740,0.306918,0.197963,0.197963,1.483411,0.029009,0.197963,0.197963,0.150136,1.304266,0.556740,0.468740,inf,nan,0.000000,0.468740,0.468740,0.468740,0.461571,0.148076,0.468740,0.461571,0.148076,-0.000000,0.000000,3.210508,2,4
1780631109.326968,nominal,-2.571130,-35.891174,-0.613816,3.151284,1.763170,-2.877032,-34.320689,0.000000,45.000000,0.000013,0.000002,-0.170155,1,4.707983,0.545363,0.256415,0.147303,0.147303,0.620000,0.029009,0.147302,0.147302,0.150136,0.440855,-0.086894,-0.174894,inf,nan,0.000000,-0.174894,-0.174894,-0.174894,-0.185540,-0.366575,-0.174894,-0.185540,-0.366575,-0.000000,0.000000,3.210508,10,4
1780631109.415593,nominal,-2.632512,-35.576046,-0.613815,3.151284,1.763170,-2.938413,-34.005560,0.000000,45.000000,0.000008,0.000002,-0.168696,1,2.097649,0.621759,0.339977,0.224986,0.224986,0.634099,0.029009,0.224977,0.224977,0.150136,0.454954,-0.071907,-0.159907,inf,nan,0.000000,-0.159907,-0.159907,-0.159907,-0.227791,-0.161932,-0.159907,-0.227791,-0.161932,-0.000000,0.000000,3.210508,10,4
1780631109.521525,nominal,-2.693893,-35.260917,-0.613814,3.151285,1.763170,-2.999795,-33.690432,0.000000,45.000000,0.000005,0.000001,-0.167250,1,3.964264,0.522596,0.250736,0.138601,0.138601,0.780918,0.029009,0.138601,0.138601,0.150136,0.601773,-0.113360,-0.201360,inf,nan,0.000000,-0.201360,-0.201360,-0.201360,-0.265706,-0.118270,-0.201360,-0.265706,-0.118270,-0.000000,0.000000,3.210508,10,4
1780631109.611428,nominal,-2.755274,-34.945789,-0.613813,3.151285,1.763169,-3.061176,-33.375304,0.000000,45.000000,0.000003,0.000001,-0.165817,1,6.435670,0.536300,0.357284,0.248015,0.248015,0.969923,0.029009,0.248015,0.248015,0.150136,0.790778,0.405582,0.317582,inf,nan,0.000000,0.317582,0.317582,0.317582,0.031773,0.091092,0.317582,0.031773,0.091092,-0.000000,0.000000,3.210508,9,4
1780631109.712726,nominal,-2.816656,-34.630660,-0.613813,3.151285,1.763169,-3.122557,-33.060175,0.000000,45.000000,0.000001,0.000000,-0.164396,1,6.724582,inf,inf,inf,inf,inf,0.029009,inf,inf,0.150136,inf,inf,inf,inf,nan,0.000000,inf,inf,inf,inf,inf,inf,inf,inf,-0.000000,0.000000,3.210508,0,4
1780631109.810122,nominal,-2.878037,-34.315532,-0.613813,3.151285,1.763169,-3.183939,-32.745047,0.000000,45.000000,0.000000,0.000000,-0.162987,1,4.889691,0.545586,0.352946,0.245426,0.245426,0.854747,0.029009,0.245426,0.245426,0.150136,0.675602,0.505586,0.417586,inf,nan,0.000000,0.417586,0.417586,0.417586,0.142475,-0.122194,0.417586,0.142475,-0.122194,-0.000000,0.000000,3.210508,10,4
1780631109.932497,nominal,-2.939418,-34.000403,-0.613813,3.151285,1.763169,-3.245320,-32.429918,0.000000,45.000000,-0.000000,-0.000000,-0.161590,1,3.890621,0.546937,0.263493,0.151617,0.151617,0.929971,0.029009,0.151617,0.151617,0.150136,0.750826,0.506937,0.418937,inf,nan,0.000000,0.418937,0.418937,0.418937,0.146691,0.016638,0.418937,0.146691,0.016638,-0.000000,0.000000,3.210508,10,4
1780631110.019442,nominal,-3.000800,-33.685275,-0.613813,3.151285,1.763169,-3.306702,-32.114790,0.000000,45.000000,-0.000001,-0.000000,-0.160205,1,2.396439,0.543114,0.382564,0.260662,0.260662,0.638898,0.029009,0.260636,0.260636,0.150136,0.459753,-0.040349,-0.128349,inf,nan,0.000000,-0.128349,-0.128349,-0.128349,-0.211998,-0.159967,-0.128349,-0.211998,-0.159967,-0.000000,0.000000,3.210508,10,4
1780631110.126702,nominal,-3.062181,-33.370146,-0.613813,3.151285,1.763169,-3.368083,-31.799661,0.000000,45.000000,-0.000001,-0.000000,-0.158832,1,3.481949,0.535176,0.289954,0.175210,0.175210,0.620000,0.029009,0.175207,0.175207,0.150136,0.440855,-0.081397,-0.169397,inf,nan,0.000000,-0.169397,-0.169397,-0.169397,-0.211810,-0.131434,-0.169397,-0.211810,-0.131434,-0.000000,0.000000,3.210508,10,4
1780631110.215292,nominal,-3.123562,-33.055018,-0.613813,3.151285,1.763169,-3.429464,-31.484533,0.000000,45.000000,-0.000001,-0.000000,-0.157471,1,6.445736,0.514055,0.224055,0.115636,0.115636,0.620000,0.029009,0.115636,0.115636,0.150136,0.440855,-0.145837,-0.233837,inf,nan,0.000000,-0.233837,-0.233837,-0.233837,-0.279340,-0.115153,-0.233837,-0.279340,-0.115153,-0.000000,0.000000,3.210508,10,4
1780631110.314779,nominal,-3.184943,-32.739890,-0.613813,3.151285,1.763169,-3.490846,-31.169404,0.000000,45.000000,-0.000001,-0.000000,-0.156121,1,9.217879,inf,inf,inf,inf,inf,0.029009,inf,inf,0.150136,inf,inf,inf,inf,nan,0.000000,inf,inf,inf,inf,inf,inf,inf,inf,-0.000000,0.000000,3.210508,0,4
1780631110.403778,nominal,-3.246325,-32.424761,-0.613813,3.151285,1.763169,-3.552227,-30.854276,0.000000,45.000000,-0.000001,-0.000000,-0.154783,1,4.889350,inf,inf,inf,inf,inf,0.029009,inf,inf,0.150136,inf,inf,inf,inf,nan,0.000000,inf,inf,inf,inf,inf,inf,inf,inf,-0.000000,0.000000,3.210508,0,4
1780631110.508724,nominal,-3.307706,-32.109633,-0.613813,3.151285,1.763169,-3.613608,-30.539147,0.000000,45.000000,-0.000000,-0.000000,-0.153457,1,3.684247,inf,inf,inf,inf,inf,0.029009,inf,inf,0.150136,inf,inf,inf,inf,nan,0.000000,inf,inf,inf,inf,inf,inf,inf,inf,-0.000000,0.000000,3.210508,0,4
1780631110.608467,nominal,-3.369087,-31.794504,-0.613813,3.151285,1.763169,-3.674990,-30.224019,0.000000,45.000000,-0.000000,-0.000000,-0.152142,1,8.081979,inf,inf,inf,inf,inf,0.029009,inf,inf,0.150136,inf,inf,inf,inf,nan,0.000000,inf,inf,inf,inf,inf,inf,inf,inf,-0.000000,0.000000,3.210508,0,4
1780631110.719836,nominal,-3.430469,-31.479376,-0.613813,3.151285,1.763170,-3.736371,-29.908890,0.000000,45.000000,-0.000000,-0.000000,-0.150838,1,7.433457,0.620160,0.489855,0.376191,0.376191,1.285698,0.029009,0.376191,0.376191,0.150136,1.106553,0.654952,0.566952,inf,nan,0.000000,0.566952,0.566952,0.566952,0.297733,0.126124,0.566952,0.297733,0.126124,-0.000000,0.000000,3.210508,5,4
1780631110.812645,nominal,-3.491850,-31.164247,-0.613813,3.151285,1.763170,-3.797752,-29.593762,0.000000,45.000000,-0.000000,-0.000000,-0.149545,1,4.227846,0.595659,0.317215,0.201755,0.201755,1.272090,0.029009,0.201755,0.201755,0.150136,1.092945,0.555659,0.467659,inf,nan,0.000000,0.467659,0.467659,0.467659,0.294232,0.124738,0.467659,0.294232,0.124738,-0.000000,0.000000,3.210508,10,4
1780631110.933195,nominal,-3.553231,-30.849119,-0.613813,3.151285,1.763170,-3.859134,-29.278634,0.000000,45.000000,-0.000000,-0.000000,-0.148263,1,3.692472,0.525020,0.256946,0.151380,0.151380,1.393249,0.029009,0.151380,0.151380,0.150136,1.214104,0.485020,0.397020,inf,nan,0.000000,0.397020,0.397020,0.397020,0.414271,0.138397,0.397020,0.414271,0.138397,-0.000000,0.000000,3.210508,10,4
1780631111.016684,nominal,-3.614613,-30.533990,-0.613813,3.151285,1.763170,-3.920515,-28.963505,0.000000,45.000000,-0.000000,-0.000000,-0.146993,1,2.031886,0.637915,0.449203,0.334172,0.334172,1.040855,0.029009,0.334172,0.334172,0.150136,0.861710,0.684398,0.596398,inf,nan,0.000000,0.596398,0.596398,0.596398,0.278596,-0.125175,0.596398,0.278596,-0.125175,-0.000000,0.000000,3.210508,10,4
1780631111.136993,nominal,-3.675994,-30.218862,-0.613813,3.151285,1.763170,-3.981896,-28.648377,0.000000,45.000000,-0.000000,-0.000000,-0.145733,1,5.764273,0.967701,0.757577,0.644405,0.644405,1.096728,0.029009,0.644403,0.644403,0.150136,0.917583,1.000093,0.912093,inf,nan,0.000000,0.912093,0.912093,0.912093,0.275634,-0.117328,0.912093,0.275634,-0.117328,-0.000000,0.000000,3.210508,10,4
1780631111.218881,nominal,-3.737375,-29.903733,-0.613813,3.151285,1.763170,-4.032000,-28.332160,0.000000,45.000000,0.100451,0.009692,-0.144484,1,2.214229,1.254912,1.067637,0.942515,0.942515,1.177720,0.028987,0.938760,0.938760,0.150136,0.998597,1.151514,1.063514,inf,nan,0.000000,1.063514,1.063514,1.063514,0.274676,0.106170,1.063514,0.274676,0.106170,-0.000000,0.000000,3.210508,10,4
1780631111.328150,nominal,-3.798255,-29.588557,-0.603768,3.152254,1.759281,-4.032000,-28.011158,0.000000,45.000000,0.605680,0.058007,-0.142822,1,2.236415,1.197133,1.065794,0.951024,0.951024,0.620000,0.028890,0.441023,0.441023,0.150088,0.441023,0.167475,0.079475,inf,nan,0.000000,0.079475,0.079475,0.079475,-0.021391,-0.123402,0.079475,-0.021391,-0.123402,-0.000000,0.000000,3.209554,10,4
1780631111.417312,nominal,-3.855603,-29.273041,-0.543200,3.158054,1.736258,-4.032000,-27.690498,0.000000,45.000000,0.885675,0.081716,-0.138984,1,2.030690,1.201898,0.993265,0.874703,0.874703,0.620000,0.028803,0.441371,0.441371,0.149826,0.441371,0.186074,0.098074,inf,nan,0.000000,0.098074,0.098074,0.098074,-0.069529,-0.105246,0.098074,-0.069529,-0.105246,-0.000000,0.000000,3.204430,10,4
1780631111.530854,nominal,-3.905495,-28.956827,-0.454633,3.166226,1.705952,-4.032000,-27.370579,0.000000,45.000000,0.958002,0.080234,-0.133834,1,2.757109,0.994756,0.717681,0.602258,0.602258,0.620000,0.028737,0.441626,0.441626,0.149534,0.441729,0.205476,0.117476,inf,nan,0.000000,0.117476,0.117476,0.117476,-0.092357,-0.059774,0.117476,-0.092357,-0.059774,-0.000000,0.000000,3.198699,10,4
1780631111.619980,nominal,-3.946168,-28.639803,-0.358833,3.174249,1.675187,-4.032000,-27.051627,0.000000,45.000000,0.900475,0.061682,-0.128338,1,2.326687,0.669862,0.398572,0.290381,0.290381,0.620000,0.028688,0.290240,0.290240,0.149318,0.441994,0.208981,0.120981,inf,nan,0.000000,0.120981,0.120981,0.120981,-0.104296,-0.070794,0.120981,-0.104296,-0.070794,-0.000000,0.000000,3.194467,10,4
1780631111.734397,nominal,-3.977549,-28.322070,-0.268785,3.180418,1.647398,-4.032000,-26.722070,0.000000,45.000000,0.775938,0.138215,-0.123115,1,2.801095,0.617885,0.441220,0.328125,0.328125,0.620000,0.028884,0.327598,0.327598,0.149180,0.441936,0.002258,-0.085742,inf,nan,0.000000,-0.085742,-0.085742,-0.085742,-0.188547,-0.122914,-0.085742,-0.188547,-0.122914,-0.000000,0.000000,3.191755,10,4
1780631111.814836,nominal,-4.000548,-28.003337,-0.191191,3.194239,1.624761,-4.032000,-26.403337,0.000000,45.000000,0.626976,0.082625,-0.118555,1,2.015396,0.591431,0.305345,0.194539,0.194539,0.620000,0.028934,0.194534,0.194534,0.149598,0.441468,-0.035883,-0.123883,inf,nan,0.000000,-0.123883,-0.123883,-0.123883,-0.228032,-0.087746,-0.123883,-0.228032,-0.087746,-0.000000,0.000000,3.199956,10,4
1780631111.926384,nominal,-4.016532,-27.683500,-0.128494,3.202502,1.606286,-4.032000,-26.083500,0.000000,45.000000,0.479819,0.041762,-0.114644,1,3.087945,0.538984,0.342752,0.232939,0.232939,0.620000,0.028969,0.232919,0.232919,0.149859,0.441172,0.060335,-0.027665,inf,nan,0.000000,-0.027665,-0.027665,-0.027665,-0.114640,-0.106033,-0.027665,-0.114640,-0.106033,-0.000000,0.000000,3.205078,10,4
1780631112.010547,nominal,-4.026982,-27.363041,-0.080512,3.206678,1.592241,-4.032000,-25.763041,0.000000,45.000000,0.348829,0.020147,-0.111402,1,7.230736,0.560035,0.295379,0.188613,0.188613,0.862347,0.028987,0.188613,0.188613,0.149992,0.683367,0.328677,0.240677,inf,nan,0.000000,0.240677,0.240677,0.240677,-0.001360,0.031019,0.240677,-0.001360,0.031019,-0.000000,0.000000,3.207688,4,4
1780631112.119844,nominal,-4.033289,-27.042273,-0.045629,3.208692,1.582230,-4.032000,-25.442273,0.000000,45.000000,0.240298,0.009576,-0.108787,1,7.864580,0.525136,0.259680,0.154930,0.154930,0.819681,0.028997,0.154930,0.154930,0.150060,0.640624,0.182176,0.094176,inf,nan,0.000000,0.094176,0.094176,0.094176,-0.122961,0.058817,0.094176,-0.122961,0.058817,-0.000000,0.000000,3.209017,8,4
1780631112.208614,nominal,-4.036651,-26.721355,-0.021599,3.209650,1.575519,-4.032000,-25.121355,0.000000,45.000000,0.155398,0.004529,-0.106705,1,8.050576,inf,inf,inf,inf,inf,0.029003,inf,inf,0.150096,inf,inf,inf,inf,nan,0.000000,inf,inf,inf,inf,inf,inf,inf,inf,-0.000000,0.000000,3.209723,0,4
1780631112.312658,nominal,-4.038034,-26.400368,-0.006059,3.210103,1.571330,-4.032000,-24.800368,0.000000,45.000000,0.092342,0.002139,-0.105045,1,8.008076,inf,inf,inf,inf,inf,0.029006,inf,inf,0.150116,inf,inf,inf,inf,nan,0.000000,inf,inf,inf,inf,inf,inf,inf,inf,-0.000000,0.000000,3.210109,0,4
1780631112.412968,nominal,-4.038178,-26.079347,0.003175,3.210317,1.568965,-4.032000,-24.479347,0.000000,45.000000,0.047888,0.001009,-0.103699,1,3.024201,0.584309,0.312063,0.203598,0.203598,1.117152,0.029008,0.203598,0.203598,0.150127,0.938018,0.544309,0.456309,inf,nan,0.000000,0.456309,0.456309,0.456309,0.214861,0.105030,0.456309,0.214861,0.105030,-0.000000,0.000000,3.210318,10,4
1780631112.526255,nominal,-4.037621,-25.758310,0.007964,3.210418,1.567849,-4.032000,-24.158310,0.000000,45.000000,0.018322,0.000476,-0.102576,1,1.838587,0.551821,0.274037,0.138930,0.138930,0.708360,0.029008,0.138930,0.138930,0.150132,0.529220,-0.064485,-0.152485,inf,nan,0.000000,-0.152485,-0.152485,-0.152485,-0.233939,-0.089689,-0.152485,-0.233939,-0.089689,-0.000000,0.000000,3.210428,10,4
1780631112.614902,nominal,-4.036733,-25.437266,0.009796,3.210465,1.567538,-4.032000,-23.837266,0.000000,45.000000,0.000054,0.000225,-0.101604,1,2.857814,0.620388,0.354816,0.243917,0.243917,0.755664,0.029009,0.243917,0.243917,0.150135,0.576521,0.129507,0.041507,inf,nan,0.000000,0.041507,0.041507,0.041507,-0.132273,-0.005523,0.041507,-0.132273,-0.005523,-0.000000,0.000000,3.210480,10,4
1780631112.716073,nominal,-4.035753,-25.116218,0.009801,3.210488,1.567703,-4.032000,-23.516218,0.000000,45.000000,-0.010074,0.000106,-0.100728,1,8.605802,inf,inf,inf,inf,inf,0.029009,inf,inf,0.150136,inf,inf,inf,inf,nan,0.000000,inf,inf,inf,inf,inf,inf,inf,inf,-0.000000,0.000000,3.210503,0,4
1780631112.810020,nominal,-4.034823,-24.795169,0.008794,3.210498,1.568114,-4.032000,-23.195169,0.000000,45.000000,-0.014646,0.000050,-0.099908,1,8.746751,inf,inf,inf,inf,inf,0.029009,inf,inf,0.150136,inf,inf,inf,inf,nan,0.000000,inf,inf,inf,inf,inf,inf,inf,inf,-0.000000,0.000000,3.210510,0,4
1780631112.918822,nominal,-4.034017,-24.474119,0.007329,3.210503,1.568619,-4.032000,-22.874119,0.000000,45.000000,-0.015669,0.000024,-0.099118,1,7.086101,0.520042,0.348677,0.236302,0.236302,0.620000,0.029009,0.236279,0.236279,0.150136,0.440855,0.096354,0.008354,inf,nan,0.000000,0.008354,0.008354,0.008354,-0.131534,-0.133261,0.008354,-0.131534,-0.133261,-0.000000,0.000000,3.210512,7,4
1780631113.016473,nominal,-4.033363,-24.153068,0.005762,3.210506,1.569123,-4.032000,-22.553068,0.000000,45.000000,-0.014621,0.000011,-0.098340,1,4.463107,0.513723,0.227016,0.113981,0.113981,0.636166,0.029009,0.113981,0.113981,0.150136,0.457021,0.007565,-0.080435,inf,nan,0.000000,-0.080435,-0.080435,-0.080435,-0.219927,-0.163341,-0.080435,-0.219927,-0.163341,-0.000000,0.000000,3.210511,10,4
1780631113.125695,nominal,-4.032860,-23.832018,0.004300,3.210507,1.569575,-4.032000,-22.232018,0.000000,45.000000,-0.012533,0.000005,-0.097564,1,5.117870,0.523127,0.245726,0.129020,0.129020,0.788512,0.029009,0.129020,0.129020,0.150136,0.609367,0.006963,-0.081037,inf,nan,0.000000,-0.081037,-0.081037,-0.081037,-0.182948,-0.000227,-0.081037,-0.182948,-0.000227,-0.000000,0.000000,3.210510,10,4
1780631113.209103,nominal,-4.032492,-23.510967,0.003047,3.210507,1.569951,-4.032000,-21.910967,0.000000,45.000000,-0.010085,0.000002,-0.096786,1,7.013171,0.566439,0.393838,0.277597,0.277597,1.014003,0.029009,0.277597,0.277597,0.150136,0.834858,0.457323,0.369323,inf,nan,0.000000,0.369323,0.369323,0.369323,0.062416,0.096122,0.369323,0.062416,0.096122,-0.000000,0.000000,3.210509,6,4
1780631113.316662,nominal,-4.032238,-23.189916,0.002038,3.210508,1.570247,-4.032000,-21.589916,0.000000,45.000000,-0.007688,0.000001,-0.096003,1,8.155801,0.527157,0.388197,0.277827,0.277827,1.180194,0.029009,0.277827,0.277827,0.150136,1.001049,0.487157,0.399157,inf,nan,0.000000,0.399157,0.399157,0.399157,0.211851,0.114813,0.399157,0.211851,0.114813,-0.000000,0.000000,3.210508,2,4
1780631113.411543,nominal,-4.032073,-22.868866,0.001270,3.210508,1.570467,-4.032000,-21.268866,0.000000,45.000000,-0.005568,0.000001,-0.095216,1,5.259117,0.510705,0.243199,0.137953,0.137953,1.194124,0.029009,0.137953,0.137953,0.150136,1.014979,0.470705,0.382705,inf,nan,0.000000,0.382705,0.382705,0.382705,0.343258,0.055770,0.382705,0.343258,0.055770,-0.000000,0.000000,3.210508,10,4
1780631113.527675,nominal,-4.031973,-22.547815,0.000713,3.210508,1.570623,-4.032000,-20.947815,0.000000,45.000000,-0.003820,0.000000,-0.094426,1,2.733600,0.554028,0.268315,0.157591,0.157591,1.336376,0.029009,0.157591,0.157591,0.150136,1.157231,0.514028,0.426028,inf,nan,0.000000,0.426028,0.426028,0.426028,0.446530,0.093820,0.426028,0.446530,0.093820,-0.000000,0.000000,3.210508,10,4
1780631113.614757,nominal,-4.031921,-22.226764,0.000331,3.210508,1.570728,-4.032000,-20.626764,0.000000,45.000000,-0.002457,0.000000,-0.093635,1,2.340188,0.883808,0.596917,0.481813,0.481813,0.620000,0.029009,0.434744,0.434744,0.150136,0.440855,-0.089923,-0.177923,inf,nan,0.000000,-0.177923,-0.177923,-0.177923,-0.211591,-0.137232,-0.177923,-0.211591,-0.137232,-0.000000,0.000000,3.210508,10,4
1780631113.727635,nominal,-4.031900,-21.905713,0.000085,3.210508,1.570792,-4.032000,-20.305713,0.000000,45.000000,-0.001449,0.000000,-0.092844,1,3.733519,0.640058,0.365249,0.256121,0.256121,0.620000,0.029009,0.256077,0.256077,0.150136,0.440855,-0.053527,-0.141527,inf,nan,0.000000,-0.141527,-0.141527,-0.141527,-0.245198,-0.114910,-0.141527,-0.245198,-0.114910,-0.000000,0.000000,3.210508,10,4
1780631113.812523,nominal,-4.031899,-21.584662,-0.000060,3.210508,1.570829,-4.032000,-19.984662,0.000000,45.000000,-0.000741,0.000000,-0.092055,1,3.063111,0.530875,0.240921,0.132365,0.132365,0.762571,0.029009,0.132365,0.132365,0.150136,0.583426,-0.134148,-0.222148,inf,nan,0.000000,-0.222148,-0.222148,-0.222148,-0.279475,-0.119383,-0.222148,-0.279475,-0.119383,-0.000000,0.000000,3.210508,10,4
1780631113.919911,nominal,-4.031909,-21.263612,-0.000134,3.210508,1.570846,-4.032000,-19.663612,0.000000,45.000000,-0.000272,0.000000,-0.091270,1,8.448622,0.526546,0.383163,0.277674,0.277674,1.151141,0.029009,0.277674,0.277674,0.150136,0.971996,0.486546,0.398546,inf,nan,0.000000,0.398546,0.398546,0.398546,0.241664,0.104997,0.398546,0.241664,0.104997,-0.000000,0.000000,3.210508,3,4
1780631114.006787,nominal,-4.031924,-20.942561,-0.000161,3.210508,1.570850,-4.032000,-19.342561,0.000000,45.000000,0.000015,0.000000,-0.090489,1,6.731775,inf,inf,inf,inf,inf,0.029009,inf,inf,0.150136,inf,inf,inf,inf,nan,0.000000,inf,inf,inf,inf,inf,inf,inf,inf,-0.000000,0.000000,3.210508,0,4
1780631114.114060,nominal,-4.031940,-20.621510,-0.000160,3.210508,1.570847,-4.032000,-19.021510,0.000000,45.000000,0.000173,0.000000,-0.089714,1,7.186110,0.530697,0.404605,0.295685,0.295685,1.169397,0.029009,0.295685,0.295685,0.150136,0.990252,0.490697,0.402697,inf,nan,0.000000,0.402697,0.402697,0.402697,0.167066,0.109392,0.402697,0.167066,0.109392,-0.000000,0.000000,3.210508,1,4
1780631114.219278,nominal,-4.031955,-20.300459,-0.000142,3.210508,1.570840,-4.032000,-18.700459,0.000000,45.000000,0.000243,0.000000,-0.088944,1,6.351913,0.522174,0.333317,0.211258,0.211258,0.760598,0.029009,0.211258,0.211258,0.150136,0.581453,0.253825,0.165825,inf,nan,0.000000,0.165825,0.165825,0.165825,-0.039459,-0.053332,0.165825,-0.039459,-0.053332,-0.000000,0.000000,3.210508,10,4
1780631114.320538,nominal,-4.031968,-19.979408,-0.000118,3.210508,1.570831,-4.032000,-18.379408,0.000000,45.000000,0.000256,0.000000,-0.088181,1,2.764161,0.542304,0.316094,0.184340,0.184340,0.685893,0.029009,0.184340,0.184340,0.150136,0.506748,-0.029984,-0.117984,inf,nan,0.000000,-0.117984,-0.117984,-0.117984,-0.242225,-0.152206,-0.117984,-0.242225,-0.152206,-0.000000,0.000000,3.210508,10,4
1780631114.406784,nominal,-4.031978,-19.658358,-0.000093,3.210508,1.570823,-4.032000,-18.058358,0.000000,45.000000,0.000237,0.000000,-0.087424,1,5.935738,0.626678,0.379186,0.269583,0.269583,0.620000,0.029009,0.269512,0.269512,0.150136,0.440855,-0.105176,-0.193176,inf,nan,0.000000,-0.193176,-0.193176,-0.193176,-0.235193,-0.109004,-0.193176,-0.235193,-0.109004,-0.000000,0.000000,3.210508,3,4
1780631114.520185,nominal,-4.031986,-19.337307,-0.000069,3.210508,1.570816,-4.032000,-17.737307,0.000000,45.000000,0.000202,0.000000,-0.086674,1,9.077555,0.550684,0.262562,0.153020,0.153020,0.715342,0.029009,0.153020,0.153020,0.150136,0.536197,-0.079724,-0.167724,inf,nan,0.000000,-0.167724,-0.167724,-0.167724,-0.240905,-0.087836,-0.167724,-0.240905,-0.087836,-0.000000,0.000000,3.210508,2,4
1780631114.607105,nominal,-4.031992,-19.016256,-0.000049,3.210508,1.570810,-4.032000,-17.416256,0.000000,45.000000,0.000162,0.000000,-0.085930,1,4.817517,0.516080,0.231387,0.119301,0.119301,0.797836,0.029009,0.119301,0.119301,0.150136,0.618691,-0.049474,-0.137474,inf,nan,0.000000,-0.137474,-0.137474,-0.137474,-0.196279,-0.033214,-0.137474,-0.196279,-0.033214,-0.000000,0.000000,3.210508,3,4
1780631114.714643,nominal,-4.031996,-18.695205,-0.000032,3.210508,1.570805,-4.032000,-17.095205,0.000000,45.000000,0.000123,0.000000,-0.085193,1,8.805659,inf,inf,inf,inf,inf,0.029009,inf,inf,0.150136,inf,inf,inf,inf,nan,0.000000,inf,inf,inf,inf,inf,inf,inf,inf,-0.000000,0.000000,3.210508,0,4
1780631114.809957,nominal,-4.031999,-18.374155,-0.000020,3.210508,1.570801,-4.032000,-16.774155,0.000000,45.000000,0.000089,0.000000,-0.084462,1,8.891874,inf,inf,inf,inf,inf,0.029009,inf,inf,0.150136,inf,inf,inf,inf,nan,0.000000,inf,inf,inf,inf,inf,inf,inf,inf,-0.000000,0.000000,3.210508,0,4
1780631114.924391,nominal,-4.032001,-18.053104,-0.000011,3.210508,1.570799,-4.032000,-16.453104,0.000000,45.000000,0.000061,0.000000,-0.083738,1,8.044392,0.513202,0.240964,0.133198,0.133198,1.108152,0.029009,0.133198,0.133198,0.150136,0.929006,0.473202,0.385202,inf,nan,0.000000,0.385202,0.385202,0.385202,0.306999,0.056335,0.385202,0.306999,0.056335,-0.000000,0.000000,3.210508,9,4
1780631115.009929,nominal,-4.032001,-17.732053,-0.000005,3.210508,1.570797,-4.032000,-16.132053,0.000000,45.000000,0.000039,0.000000,-0.083020,1,8.153205,0.635260,0.348055,0.237563,0.237563,1.492371,0.029009,0.237563,0.237563,0.150136,1.313226,0.595260,0.507260,inf,nan,0.000000,0.507260,0.507260,0.507260,0.470962,0.149694,0.507260,0.470962,0.149694,-0.000000,0.000000,3.210508,2,4
1780631115.113811,nominal,-4.032002,-17.411002,-0.000001,3.210508,1.570796,-4.032000,-15.811002,0.000000,45.000000,0.000023,0.000000,-0.082308,1,7.077521,0.528379,0.246684,0.134130,0.134130,0.754273,0.029009,0.134130,0.134130,0.150136,0.575128,-0.043003,-0.131003,inf,nan,0.000000,-0.131003,-0.131003,-0.131003,-0.195583,-0.045177,-0.131003,-0.195583,-0.045177,-0.000000,0.000000,3.210508,2,4
1780631115.204972,nominal,-4.032002,-17.089951,0.000001,3.210508,1.570796,-4.032000,-15.489951,0.000000,45.000000,0.000011,0.000000,-0.081603,1,2.718366,0.521161,0.241326,0.115085,0.115085,0.769100,0.029009,0.115085,0.115085,0.150136,0.589955,-0.071565,-0.159565,inf,nan,0.000000,-0.159565,-0.159565,-0.159565,-0.239832,-0.111396,-0.159565,-0.239832,-0.111396,-0.000000,0.000000,3.210508,9,4
1780631115.319631,nominal,-4.032001,-16.768901,0.000002,3.210508,1.570796,-4.032000,-15.168901,0.000000,45.000000,0.000004,0.000000,-0.080903,1,6.023540,0.615835,0.355012,0.243973,0.243973,1.049815,0.029009,0.243973,0.243973,0.150136,0.870670,0.528699,0.440699,inf,nan,0.000000,0.440699,0.440699,0.440699,0.099215,0.099879,0.440699,0.099215,0.099879,-0.000000,0.000000,3.210508,5,4
1780631115.415926,nominal,-4.032001,-16.447850,0.000003,3.210508,1.570795,-4.032000,-14.847850,0.000000,45.000000,-0.000001,0.000000,-0.080210,1,7.591841,0.535128,0.268683,0.163569,0.163569,0.923073,0.029009,0.163569,0.163569,0.150136,0.743928,0.495128,0.407128,inf,nan,0.000000,0.407128,0.407128,0.407128,0.151362,-0.071856,0.407128,0.151362,-0.071856,-0.000000,0.000000,3.210508,10,4
1780631115.528467,nominal,-4.032001,-16.126799,0.000003,3.210508,1.570796,-4.032000,-14.526799,0.000000,45.000000,-0.000003,0.000000,-0.079522,1,3.116556,0.538704,0.254366,0.143024,0.143024,0.847802,0.029009,0.143024,0.143024,0.150136,0.668657,0.356089,0.268089,inf,nan,0.000000,0.268089,0.268089,0.268089,-0.006612,-0.090561,0.268089,-0.006612,-0.090561,-0.000000,0.000000,3.210508,10,4
1780631115.616207,nominal,-4.032001,-15.805748,0.000002,3.210508,1.570796,-4.032000,-14.205748,0.000000,45.000000,-0.000004,0.000000,-0.078841,1,2.371907,0.539658,0.352398,0.227964,0.227964,0.641740,0.029009,0.227956,0.227956,0.150136,0.462595,-0.118849,-0.206849,inf,nan,0.000000,-0.206849,-0.206849,-0.206849,-0.218968,-0.199935,-0.206849,-0.218968,-0.199935,-0.000000,0.000000,3.210508,10,4
1780631115.724093,nominal,-4.032001,-15.484697,0.000002,3.210508,1.570796,-4.032000,-13.884697,0.000000,45.000000,-0.000004,0.000000,-0.078165,1,3.959056,0.512388,0.249267,0.133704,0.133704,0.767743,0.029009,0.133704,0.133704,0.150136,0.588598,-0.082462,-0.170462,inf,nan,0.000000,-0.170462,-0.170462,-0.170462,-0.239009,-0.102091,-0.170462,-0.239009,-0.102091,-0.000000,0.000000,3.210508,10,4
1780631115.809199,nominal,-4.032000,-15.163647,0.000001,3.210508,1.570796,-4.032000,-13.563647,0.000000,45.000000,-0.000004,0.000000,-0.077495,1,6.856504,0.526375,0.264777,0.151639,0.151639,0.675417,0.029009,0.151639,0.151639,0.150136,0.496272,-0.072391,-0.160391,inf,nan,0.000000,-0.160391,-0.160391,-0.160391,-0.186894,-0.051654,-0.160391,-0.186894,-0.051654,-0.000000,0.000000,3.210508,7,4
1780631115.915327,nominal,-4.032000,-14.842596,0.000001,3.210508,1.570796,-4.032000,-13.242596,0.000000,45.000000,-0.000003,0.000000,-0.076831,1,8.524892,inf,inf,inf,inf,inf,0.029009,inf,inf,0.150136,inf,inf,inf,inf,nan,0.000000,inf,inf,inf,inf,inf,inf,inf,inf,-0.000000,0.000000,3.210508,0,4
1780631116.008989,nominal,-4.032000,-14.521545,0.000001,3.210508,1.570796,-4.032000,-12.921545,0.000000,45.000000,-0.000003,0.000000,-0.076173,1,7.654394,0.527066,0.248926,0.135859,0.135859,0.784027,0.029009,0.135859,0.135859,0.150136,0.604882,-0.067991,-0.155991,inf,nan,0.000000,-0.155991,-0.155991,-0.155991,-0.220162,-0.070025,-0.155991,-0.220162,-0.070025,-0.000000,0.000000,3.210508,2,4
1780631116.121227,nominal,-4.032000,-14.200494,0.000001,3.210508,1.570796,-4.032000,-12.600494,0.000000,45.000000,-0.000002,0.000000,-0.075520,1,8.380776,0.596877,0.328171,0.221808,0.221808,1.162086,0.029009,0.221808,0.221808,0.150136,0.982941,0.556877,0.468877,inf,nan,0.000000,0.468877,0.468877,0.468877,0.256044,0.074639,0.468877,0.256044,0.074639,-0.000000,0.000000,3.210508,4,4
1780631116.213804,nominal,-4.032000,-13.879443,0.000000,3.210508,1.570796,-4.032000,-12.279443,0.000000,45.000000,-0.000001,0.000000,-0.074873,1,2.620650,0.533003,0.261184,0.153570,0.153570,1.311005,0.029009,0.153570,0.153570,0.150136,1.131860,0.493003,0.405003,inf,nan,0.000000,0.405003,0.405003,0.405003,0.422548,0.099829,0.405003,0.422548,0.099829,-0.000000,0.000000,3.210508,10,4
1780631116.329113,nominal,-4.032000,-13.558393,0.000000,3.210508,1.570796,-4.032000,-11.958393,0.000000,45.000000,-0.000001,-0.000000,-0.074231,1,3.366083,0.621293,0.391637,0.277819,0.277819,0.850989,0.029009,0.277819,0.277819,0.150136,0.671844,0.613229,0.525229,inf,nan,0.000000,0.525229,0.525229,0.525229,0.071235,-0.183879,0.525229,0.071235,-0.183879,-0.000000,0.000000,3.210508,10,4
1780631116.417382,nominal,-4.032000,-13.237342,0.000000,3.210508,1.570796,-4.032000,-11.637342,0.000000,45.000000,-0.000001,-0.000000,-0.073595,1,2.073474,0.601696,0.312127,0.203026,0.203026,0.634773,0.029009,0.203022,0.203022,0.150136,0.455628,0.281065,0.193065,inf,nan,0.000000,0.193065,0.193065,0.193065,-0.041953,-0.148060,0.193065,-0.041953,-0.148060,-0.000000,0.000000,3.210508,10,4
1780631116.528127,nominal,-4.032000,-12.916291,0.000000,3.210508,1.570796,-4.032000,-11.316291,0.000000,45.000000,-0.000000,-0.000000,-0.072964,1,1.998216,0.684989,0.477615,0.371123,0.371123,0.745464,0.029009,0.371093,0.371093,0.150136,0.566319,0.307229,0.219229,inf,nan,0.000000,0.219229,0.219229,0.219229,-0.046827,-0.073036,0.219229,-0.046827,-0.073036,-0.000000,0.000000,3.210508,10,4
1780631116.615546,nominal,-4.032000,-12.595240,-0.000000,3.210508,1.570796,-4.032000,-10.995240,0.000000,45.000000,-0.000000,-0.000000,-0.072339,1,1.970085,0.581783,0.363769,0.259844,0.259844,0.682603,0.029009,0.259838,0.259838,0.150136,0.503458,0.354808,0.266808,inf,nan,0.000000,0.266808,0.266808,0.266808,-0.026178,-0.065281,0.266808,-0.026178,-0.065281,-0.000000,0.000000,3.210508,10,4
1780631116.723603,nominal,-4.032000,-12.274190,-0.000000,3.210508,1.570796,-4.032000,-10.674190,0.000000,45.000000,-0.000000,0.000000,-0.071719,1,2.792547,0.560944,0.404957,0.287489,0.287489,0.722853,0.029009,0.287485,0.287485,0.150136,0.543708,0.195801,0.107801,inf,nan,0.000000,0.107801,0.107801,0.107801,-0.095429,-0.085244,0.107801,-0.095429,-0.085244,-0.000000,0.000000,3.210508,10,4
1780631116.812855,nominal,-4.032000,-11.953139,-0.000000,3.210508,1.570796,-4.032000,-10.353139,0.000000,45.000000,0.000000,-0.000000,-0.071104,1,2.315002,0.564634,0.362004,0.252123,0.252123,0.754237,0.029009,0.252122,0.252122,0.150136,0.575092,0.378891,0.290891,inf,nan,0.000000,0.290891,0.290891,0.290891,-0.008197,-0.065371,0.290891,-0.008197,-0.065371,-0.000000,0.000000,3.210508,10,4
1780631116.932283,nominal,-4.032000,-11.632088,-0.000000,3.210508,1.570796,-4.032000,-10.032088,0.000000,45.000000,0.000000,-0.000000,-0.070495,1,7.480670,0.535748,0.344152,0.226918,0.226918,0.749280,0.029009,0.226918,0.226918,0.150136,0.570135,0.400181,0.312181,inf,nan,0.000000,0.312181,0.312181,0.312181,0.026757,-0.086105,0.312181,0.026757,-0.086105,-0.000000,0.000000,3.210508,10,4
1780631117.014919,nominal,-4.032000,-11.311037,-0.000000,3.210508,1.570796,-4.032000,-9.711037,0.000000,45.000000,0.000000,-0.000000,-0.069891,1,3.630265,0.535321,0.423836,0.304553,0.304553,0.765669,0.029009,0.304552,0.304552,0.150136,0.586524,0.495321,0.407321,inf,nan,0.000000,0.407321,0.407321,0.407321,0.061477,-0.080882,0.407321,0.061477,-0.080882,-0.000000,0.000000,3.210508,10,4
1780631117.143837,nominal,-4.032000,-10.989986,-0.000000,3.210508,1.570796,-4.032000,-9.389986,0.000000,45.000000,0.000000,0.000000,-0.069292,1,7.491833,0.549086,0.292900,0.185662,0.185662,0.767233,0.029009,0.185662,0.185662,0.150136,0.588088,0.193837,0.105837,inf,nan,0.000000,0.105837,0.105837,0.105837,-0.082738,-0.062445,0.105837,-0.082738,-0.062445,-0.000000,0.000000,3.210508,10,4
1780631117.206270,nominal,-4.032000,-10.668936,-0.000000,3.210508,1.570796,-4.032000,-9.068936,0.000000,45.000000,0.000000,0.000000,-0.068698,1,1.772232,0.601095,0.396105,0.286809,0.286809,0.962492,0.029009,0.286809,0.286809,0.150136,0.783347,0.440567,0.352567,inf,nan,0.000000,0.352567,0.352567,0.352567,0.021400,0.090539,0.352567,0.021400,0.090539,-0.000000,0.000000,3.210508,10,4
1780631117.334752,nominal,-4.032000,-10.347885,-0.000000,3.210508,1.570796,-4.032000,-8.747885,0.000000,45.000000,0.000000,-0.000000,-0.068109,1,6.802340,0.590699,0.456828,0.349158,0.349158,1.128410,0.029009,0.349158,0.349158,0.150136,0.949265,0.550699,0.462699,inf,nan,0.000000,0.462699,0.462699,0.462699,0.165628,0.108728,0.462699,0.165628,0.108728,-0.000000,0.000000,3.210508,10,4
1780631117.415926,nominal,-4.032000,-10.026834,-0.000000,3.210508,1.570796,-4.032000,-8.426834,0.000000,45.000000,0.000000,-0.000000,-0.067525,1,2.936394,0.585284,0.442769,0.336451,0.336451,1.240517,0.029009,0.336451,0.336451,0.150136,1.061372,0.545284,0.457284,inf,nan,0.000000,0.457284,0.457284,0.457284,0.265295,0.121620,0.457284,0.265295,0.121620,-0.000000,0.000000,3.210508,10,4
1780631117.530518,nominal,-4.032000,-9.705783,-0.000000,3.210508,1.570796,-4.032000,-8.105783,0.000000,45.000000,0.000000,0.000000,-0.066947,1,3.187463,0.568552,0.298207,0.191252,0.191252,1.377691,0.029009,0.191252,0.191252,0.150136,1.198546,0.528552,0.440552,inf,nan,0.000000,0.440552,0.440552,0.440552,0.421590,0.137588,0.440552,0.421590,0.137588,-0.000000,0.000000,3.210508,10,4
1780631117.618920,nominal,-4.032000,-9.384732,-0.000000,3.210508,1.570796,-4.032000,-7.784732,0.000000,45.000000,0.000000,-0.000000,-0.066373,1,2.246762,0.772724,0.498031,0.385179,0.385179,0.965987,0.029009,0.385179,0.385179,0.150136,0.786842,0.732724,0.644724,inf,nan,0.000000,0.644724,0.644724,0.644724,0.166256,-0.169450,0.644724,0.166256,-0.169450,-0.000000,0.000000,3.210508,10,4
1780631117.730444,nominal,-4.032000,-9.063682,-0.000000,3.210508,1.570796,-4.032000,-7.463682,0.000000,45.000000,0.000000,0.000000,-0.065804,1,2.802499,0.932387,0.755559,0.635515,0.635515,1.050179,0.029009,0.635508,0.635508,0.150136,0.871034,0.808012,0.720012,inf,nan,0.000000,0.720012,0.720012,0.720012,0.156941,0.087124,0.720012,0.156941,0.087124,-0.000000,0.000000,3.210508,10,4
1780631117.818375,nominal,-4.032000,-8.742631,-0.000000,3.210508,1.570796,-4.032000,-7.142631,0.000000,45.000000,0.000000,-0.000000,-0.065240,1,2.115974,0.810806,0.679543,0.568157,0.568157,1.178933,0.029009,0.568157,0.568157,0.150136,0.999788,0.770806,0.682806,inf,nan,0.000000,0.682806,0.682806,0.682806,0.227964,0.108712,0.682806,0.227964,0.108712,-0.000000,0.000000,3.210508,10,4
1780631117.908437,nominal,-4.032000,-8.421580,-0.000000,3.210508,1.570796,-4.032000,-6.821580,0.000000,45.000000,0.000000,0.000000,-0.064681,1,2.378780,0.849484,0.701333,0.592230,0.592230,1.043946,0.029009,0.592228,0.592228,0.150136,0.864801,0.809484,0.721484,inf,nan,0.000000,0.721484,0.721484,0.721484,0.281432,-0.019212,0.721484,0.281432,-0.019212,-0.000000,0.000000,3.210508,10,4
1780631118.002816,nominal,-4.032000,-8.100529,0.000000,3.210508,1.570796,-4.032000,-6.500529,0.000000,45.000000,0.000000,-0.000000,-0.064127,1,1.845646,0.975608,0.781864,0.672741,0.672741,0.797912,0.029009,0.614744,0.614744,0.150136,0.618767,0.641786,0.553786,inf,nan,0.000000,0.553786,0.553786,0.553786,0.092560,-0.138992,0.553786,0.092560,-0.138992,-0.000000,0.000000,3.210508,10,4
1780631118.104927,nominal,-4.032000,-7.779478,0.000000,3.210508,1.570796,-4.032000,-6.179478,0.000000,45.000000,0.000000,-0.000000,-0.063577,1,1.787598,1.181472,0.952929,0.837596,0.837596,0.620000,0.029009,0.440855,0.440855,0.150136,0.440855,0.125503,0.037503,inf,nan,0.000000,0.037503,0.037503,0.037503,-0.070071,-0.073930,0.037503,-0.070071,-0.073930,-0.000000,0.000000,3.210508,10,4
1780631118.217542,nominal,-4.032000,-7.458428,0.000000,3.210508,1.570796,-4.032000,-5.858428,0.000000,45.000000,-0.000000,0.000000,-0.063032,1,2.129250,0.992951,0.752548,0.644657,0.644657,0.620000,0.029009,0.440832,0.440832,0.150136,0.440855,0.075526,-0.012474,inf,nan,0.000000,-0.012474,-0.012474,-0.012474,-0.111268,-0.091618,-0.012474,-0.111268,-0.091618,-0.000000,0.000000,3.210508,10,4
1780631118.328417,nominal,-4.032000,-7.137377,0.000000,3.210508,1.570796,-4.032000,-5.537377,0.000000,45.000000,-0.000000,-0.000000,-0.062492,1,2.288446,0.770354,0.513702,0.396940,0.396940,0.620000,0.029009,0.391375,0.391375,0.150136,0.440855,0.087342,-0.000658,inf,nan,0.000000,-0.000658,-0.000658,-0.000658,-0.136515,-0.067095,-0.000658,-0.136515,-0.067095,-0.000000,0.000000,3.210508,10,4
1780631118.418481,nominal,-4.032000,-6.816326,0.000000,3.210508,1.570796,-4.032000,-5.216326,0.000000,45.000000,-0.000000,-0.000000,-0.061956,1,2.286383,0.533506,0.263544,0.157070,0.157070,0.620000,0.029009,0.157068,0.157068,0.150136,0.440855,-0.016547,-0.104547,inf,nan,0.000000,-0.104547,-0.104547,-0.104547,-0.136915,-0.068367,-0.104547,-0.136915,-0.068367,-0.000000,0.000000,3.210508,10,4
1780631118.527398,nominal,-4.032000,-6.495275,0.000000,3.210508,1.570796,-4.032000,-4.895275,0.000000,45.000000,-0.000000,0.000000,-0.061425,1,3.387306,0.545058,0.332526,0.218946,0.218946,0.646806,0.029009,0.218941,0.218941,0.150136,0.467661,-0.044500,-0.132500,inf,nan,0.000000,-0.132500,-0.132500,-0.132500,-0.137421,-0.045343,-0.132500,-0.137421,-0.045343,-0.000000,0.000000,3.210508,10,4
1780631118.611444,nominal,-4.032000,-6.174225,0.000000,3.210508,1.570796,-4.032000,-4.574225,0.000000,45.000000,-0.000000,0.000000,-0.060899,1,6.349912,0.517945,0.332208,0.207017,0.207017,0.633925,0.029009,0.207012,0.207012,0.150136,0.454780,-0.054893,-0.142893,inf,nan,0.000000,-0.142893,-0.142893,-0.142893,-0.253175,-0.173412,-0.142893,-0.253175,-0.173412,-0.000000,0.000000,3.210508,7,4
1780631118.718223,nominal,-4.032000,-5.853174,0.000000,3.210508,1.570796,-4.032000,-4.253174,0.000000,45.000000,-0.000000,-0.000000,-0.060377,1,8.556926,0.511506,0.234457,0.110514,0.110514,0.785841,0.029009,0.110514,0.110514,0.150136,0.606696,-0.031979,-0.119979,inf,nan,0.000000,-0.119979,-0.119979,-0.119979,-0.188912,-0.024528,-0.119979,-0.188912,-0.024528,-0.000000,0.000000,3.210508,4,4
1780631118.806192,nominal,-4.032000,-5.532123,0.000000,3.210508,1.570796,-4.032000,-3.932123,0.000000,45.000000,-0.000000,0.000000,-0.059860,1,6.460404,inf,inf,inf,inf,inf,0.029009,inf,inf,0.150136,inf,inf,inf,inf,nan,0.000000,inf,inf,inf,inf,inf,inf,inf,inf,-0.000000,0.000000,3.210508,0,4
1780631118.916395,nominal,-4.032000,-5.211072,0.000000,3.210508,1.570796,-4.032000,-3.611072,0.000000,45.000000,-0.000000,-0.000000,-0.059347,1,8.906915,inf,inf,inf,inf,inf,0.029009,inf,inf,0.150136,inf,inf,inf,inf,nan,0.000000,inf,inf,inf,inf,inf,inf,inf,inf,-0.000000,0.000000,3.210508,0,4
1780631119.015780,nominal,-4.032000,-4.890021,0.000000,3.210508,1.570796,-4.032000,-3.290021,0.000000,45.000000,-0.000000,-0.000000,-0.058838,1,4.163907,0.564503,0.289300,0.172592,0.172592,1.442597,0.029009,0.172592,0.172592,0.150136,1.263452,0.524503,0.436503,inf,nan,0.000000,0.436503,0.436503,0.436503,0.442845,0.144927,0.436503,0.442845,0.144927,-0.000000,0.000000,3.210508,10,4
1780631119.115105,nominal,-4.032000,-4.568971,0.000000,3.210508,1.570796,-4.032000,-2.968971,0.000000,45.000000,-0.000000,0.000000,-0.058334,1,2.095213,0.551036,0.261062,0.152418,0.152418,1.065276,0.029009,0.152418,0.152418,0.150136,0.886131,0.511036,0.423036,inf,nan,0.000000,0.423036,0.423036,0.423036,0.277365,-0.080993,0.423036,0.277365,-0.080993,-0.000000,0.000000,3.210508,10,4
1780631119.218710,nominal,-4.032000,-4.247920,0.000000,3.210508,1.570796,-4.032000,-2.647920,0.000000,45.000000,-0.000000,-0.000000,-0.057834,1,1.995607,0.663048,0.446183,0.336616,0.336616,0.620000,0.029009,0.335882,0.335882,0.150136,0.440855,0.266075,0.178075,inf,nan,0.000000,0.178075,0.178075,0.178075,-0.056576,-0.298781,0.178075,-0.056576,-0.298781,-0.000000,0.000000,3.210508,10,4
1780631119.329146,nominal,-4.032000,-3.926869,0.000000,3.210508,1.570796,-4.032000,-2.326869,0.000000,45.000000,-0.000000,0.000000,-0.057338,1,2.455985,0.823565,0.598404,0.485219,0.485219,0.620000,0.029009,0.435369,0.435369,0.150136,0.440855,-0.056873,-0.144873,inf,nan,0.000000,-0.144873,-0.144873,-0.144873,-0.159406,-0.082720,-0.144873,-0.159406,-0.082720,-0.000000,0.000000,3.210508,10,4
1780631119.419554,nominal,-4.032000,-3.605818,-0.000000,3.210508,1.570796,-4.032000,-2.005818,0.000000,45.000000,-0.000000,0.000000,-0.056847,1,2.079783,0.582508,0.322973,0.218655,0.218655,0.620000,0.029009,0.218643,0.218643,0.150136,0.440855,-0.075617,-0.163617,inf,nan,0.000000,-0.163617,-0.163617,-0.163617,-0.198530,-0.111949,-0.163617,-0.198530,-0.111949,-0.000000,0.000000,3.210508,10,4
1780631119.533645,nominal,-4.032000,-3.284767,-0.000000,3.210508,1.570796,-4.032000,-1.684767,0.000000,45.000000,-0.000000,-0.000000,-0.056359,1,5.139908,0.517735,0.252687,0.145676,0.145676,0.698502,0.029009,0.145676,0.145676,0.150136,0.519357,0.001366,-0.086634,inf,nan,0.000000,-0.086634,-0.086634,-0.086634,-0.190843,-0.091688,-0.086634,-0.190843,-0.091688,-0.000000,0.000000,3.210508,10,4
1780631119.611856,nominal,-4.032000,-2.963717,-0.000000,3.210508,1.570796,-4.032000,-1.363717,0.000000,45.000000,0.000000,-0.000000,-0.055876,1,7.817022,0.514597,0.376221,0.270758,0.270758,1.147054,0.029009,0.270758,0.270758,0.150136,0.967909,0.474597,0.386597,inf,nan,0.000000,0.386597,0.386597,0.386597,0.245269,0.083283,0.386597,0.245269,0.083283,-0.000000,0.000000,3.210508,5,4
1780631119.713871,nominal,-4.032000,-2.642666,-0.000000,3.210508,1.570796,-4.032000,-1.042666,0.000000,45.000000,0.000000,0.000000,-0.055398,1,7.378424,inf,inf,inf,inf,inf,0.029009,inf,inf,0.150136,inf,inf,inf,inf,nan,0.000000,inf,inf,inf,inf,inf,inf,inf,inf,-0.000000,0.000000,3.210508,0,4
1780631119.810693,nominal,-4.032000,-2.321615,-0.000000,3.210508,1.570796,-4.032000,-0.721615,0.000000,45.000000,0.000000,0.000000,-0.054923,1,8.248099,0.605070,0.353646,0.250204,0.250204,1.434567,0.029009,0.250204,0.250204,0.150136,1.255422,0.565070,0.477070,inf,nan,0.000000,0.477070,0.477070,0.477070,0.414694,0.141802,0.477070,0.414694,0.141802,-0.000000,0.000000,3.210508,4,4
1780631119.933849,nominal,-4.032000,-2.000564,-0.000000,3.210508,1.570796,-4.032000,-0.400564,0.000000,45.000000,0.000000,-0.000000,-0.054452,1,5.442136,0.554278,0.264888,0.155942,0.155942,1.452097,0.029009,0.155942,0.155942,0.150136,1.272952,0.514278,0.426278,inf,nan,0.000000,0.426278,0.426278,0.426278,0.448605,0.145498,0.426278,0.448605,0.145498,-0.000000,0.000000,3.210508,10,4
1780631120.017195,nominal,-4.032000,-1.679513,-0.000000,3.210508,1.570796,-4.032000,-0.079513,0.000000,45.000000,0.000000,-0.000000,-0.053985,1,1.910155,0.625012,0.367074,0.250053,0.250053,1.430209,0.029009,0.250053,0.250053,0.150136,1.251064,0.585012,0.497012,inf,nan,0.000000,0.497012,0.497012,0.497012,0.426313,0.143695,0.497012,0.426313,0.143695,-0.000000,0.000000,3.210508,10,4
1780631120.132499,nominal,-4.032000,-1.358463,-0.000000,3.210508,1.570796,-4.032000,0.241537,0.000000,45.000000,0.000000,-0.000000,-0.053523,1,2.532197,0.917976,0.645861,0.536036,0.536036,0.881152,0.029009,0.535950,0.535950,0.150136,0.702007,0.864320,0.776320,inf,nan,0.000000,0.776320,0.776320,0.776320,0.167482,-0.212086,0.776320,0.167482,-0.212086,-0.000000,0.000000,3.210508,10,4
1780631120.214666,nominal,-4.032000,-1.037412,-0.000000,3.210508,1.570796,-4.032000,0.562588,0.000000,45.000000,0.000000,0.000000,-0.053064,1,1.873573,1.236895,0.961792,0.845102,0.845102,0.841758,0.029009,0.662565,0.662565,0.150136,0.662613,0.718834,0.630834,inf,nan,0.000000,0.630834,0.630834,0.630834,0.127078,-0.005160,0.630834,0.127078,-0.005160,-0.000000,0.000000,3.210508,10,4
1780631120.313983,nominal,-4.032000,-0.716361,-0.000000,3.210508,1.570796,-4.032000,0.883639,0.000000,45.000000,0.000000,0.000000,-0.052609,1,1.894183,1.021985,0.839247,0.728090,0.728090,0.854404,0.029009,0.671083,0.671083,0.150136,0.675259,0.738037,0.650037,inf,nan,0.000000,0.650037,0.650037,0.650037,0.151867,0.014080,0.650037,0.151867,0.014080,-0.000000,0.000000,3.210508,10,4
1780631120.410798,nominal,-4.032000,-0.395310,-0.000000,3.210508,1.570796,-4.032000,1.204690,0.000000,45.000000,0.000000,-0.000000,-0.052158,1,3.075494,0.959097,0.778997,0.657534,0.657534,0.838445,0.029009,0.638599,0.638599,0.150136,0.659300,0.724259,0.636259,inf,nan,0.000000,0.636259,0.636259,0.636259,0.132497,0.008172,0.636259,0.132497,0.008172,-0.000000,0.000000,3.210508,10,4
1780631120.537446,nominal,-4.032000,-0.074260,-0.000000,3.210508,1.570796,-4.032000,1.525740,0.000000,45.000000,0.000000,-0.000000,-0.051711,1,3.295608,0.849471,0.683275,0.568039,0.568039,0.944155,0.029009,0.568010,0.568010,0.150136,0.765010,0.745274,0.657274,inf,nan,0.000000,0.657274,0.657274,0.657274,0.152244,0.015934,0.657274,0.152244,0.015934,-0.000000,0.000000,3.210508,10,4
1780631120.608162,nominal,-4.032000,0.246791,-0.000000,3.210508,1.570796,-4.032000,1.846791,0.000000,45.000000,0.000000,-0.000000,-0.051268,1,2.073673,0.800430,0.679574,0.554010,0.554010,1.075385,0.029009,0.554009,0.554009,0.150136,0.896240,0.760430,0.672430,inf,nan,0.000000,0.672430,0.672430,0.672430,0.216353,0.026881,0.672430,0.216353,0.026881,-0.000000,0.000000,3.210508,10,4
1780631120.721704,nominal,-4.032000,0.567842,-0.000000,3.210508,1.570796,-4.032000,2.167842,0.000000,45.000000,0.000000,-0.000000,-0.050829,1,2.417857,0.819523,0.699182,0.568489,0.568489,1.211618,0.029009,0.568489,0.568489,0.150136,1.032473,0.788166,0.700166,inf,nan,0.000000,0.700166,0.700166,0.700166,0.225110,0.112770,0.700166,0.225110,0.112770,-0.000000,0.000000,3.210508,10,4
1780631120.813117,nominal,-4.032000,0.888893,0.000000,3.210508,1.570796,-4.032000,2.488893,0.000000,45.000000,0.000000,0.000000,-0.050393,1,1.814558,0.841787,0.699452,0.590387,0.590387,1.349848,0.029009,0.590387,0.590387,0.150136,1.170703,0.801787,0.713787,inf,nan,0.000000,0.713787,0.713787,0.713787,0.319403,0.128892,0.713787,0.319403,0.128892,-0.000000,0.000000,3.210508,10,4
1780631120.914964,nominal,-4.032000,1.209944,0.000000,3.210508,1.570796,-4.032000,2.809944,0.000000,45.000000,0.000000,0.000000,-0.049961,1,3.626389,0.945269,0.755804,0.646069,0.646069,1.494602,0.029009,0.646069,0.646069,0.150136,1.315457,0.905269,0.817269,inf,nan,0.000000,0.817269,0.817269,0.817269,0.426744,0.146061,0.817269,0.426744,0.146061,-0.000000,0.000000,3.210508,10,4
1780631121.022667,nominal,-4.032000,1.530994,0.000000,3.210508,1.570796,-4.032000,3.130994,0.000000,45.000000,-0.000000,0.000000,-0.049533,1,2.366571,1.140392,0.909345,0.804753,0.804753,0.670604,0.029009,0.491458,0.491458,0.150136,0.491459,0.399779,0.311779,inf,nan,0.000000,0.311779,0.311779,0.311779,0.035235,-0.187506,0.311779,0.035235,-0.187506,-0.000000,0.000000,3.210508,10,4
1780631121.119866,nominal,-4.032000,1.852045,0.000000,3.210508,1.570796,-4.032000,3.452045,0.000000,45.000000,-0.000000,-0.000000,-0.049109,1,3.396631,1.123398,0.856028,0.748456,0.748456,0.620000,0.029009,0.440854,0.440854,0.150136,0.440855,0.328970,0.240970,inf,nan,0.000000,0.240970,0.240970,0.240970,0.010752,-0.017646,0.240970,0.010752,-0.017646,-0.000000,0.000000,3.210508,10,4
1780631121.202806,nominal,-4.032000,2.173096,0.000000,3.210508,1.570796,-4.032000,3.773096,0.000000,45.000000,-0.000000,-0.000000,-0.048688,1,1.797761,0.853474,0.602103,0.497997,0.497997,0.625580,0.029009,0.442083,0.442083,0.150136,0.446435,0.331654,0.243654,inf,nan,0.000000,0.243654,0.243654,0.243654,-0.000051,0.000718,0.243654,-0.000051,0.000718,-0.000000,0.000000,3.210508,10,4
1780631121.307936,nominal,-4.032000,2.494147,0.000000,3.210508,1.570796,-4.032000,4.094147,0.000000,45.000000,-0.000000,-0.000000,-0.048270,1,2.678234,0.624584,0.444537,0.336028,0.336028,0.732727,0.029009,0.336014,0.336014,0.150136,0.553582,0.340724,0.252724,inf,nan,0.000000,0.252724,0.252724,0.252724,0.010656,0.002060,0.252724,0.010656,0.002060,-0.000000,0.000000,3.210508,10,4
1780631121.401954,nominal,-4.032000,2.815198,0.000000,3.210508,1.570796,-4.032000,4.415198,0.000000,45.000000,-0.000000,0.000000,-0.047857,1,1.849060,0.600897,0.367290,0.259900,0.259900,0.874920,0.029009,0.259900,0.259900,0.150136,0.695775,0.362084,0.274084,inf,nan,0.000000,0.274084,0.274084,0.274084,-0.034643,0.067727,0.274084,-0.034643,0.067727,-0.000000,0.000000,3.210508,10,4
1780631121.505140,nominal,-4.032000,3.136248,0.000000,3.210508,1.570796,-4.032000,4.736248,0.000000,45.000000,-0.000000,-0.000000,-0.047447,1,2.499211,0.518959,0.346522,0.232661,0.232661,1.023803,0.029009,0.232661,0.232661,0.150136,0.844658,0.406422,0.318422,inf,nan,0.000000,0.318422,0.318422,0.318422,0.044750,0.093037,0.318422,0.044750,0.093037,-0.000000,0.000000,3.210508,10,4
1780631121.613588,nominal,-4.032000,3.457299,0.000000,3.210508,1.570796,-4.032000,5.057299,0.000000,45.000000,-0.000000,-0.000000,-0.047040,1,3.099121,0.554853,0.422800,0.291069,0.291069,0.685476,0.029009,0.291054,0.291054,0.150136,0.506331,0.294937,0.206937,inf,nan,0.000000,0.206937,0.206937,0.206937,-0.032725,-0.118787,0.206937,-0.032725,-0.118787,-0.000000,0.000000,3.210508,10,4
1780631121.726047,nominal,-4.032000,3.778350,0.000000,3.210508,1.570796,-4.032000,5.378350,0.000000,45.000000,-0.000000,-0.000000,-0.046637,1,2.783416,0.525715,0.343764,0.231042,0.231042,0.823577,0.029009,0.231042,0.231042,0.150136,0.644432,0.295784,0.207784,inf,nan,0.000000,0.207784,0.207784,0.207784,-0.040142,-0.100766,0.207784,-0.040142,-0.100766,-0.000000,0.000000,3.210508,10,4
1780631121.813799,nominal,-4.032000,4.099401,0.000000,3.210508,1.570796,-4.032000,5.699401,0.000000,45.000000,-0.000000,-0.000000,-0.046237,1,2.226624,0.568173,0.339021,0.233739,0.233739,0.954809,0.029009,0.233739,0.233739,0.150136,0.775664,0.366439,0.278439,inf,nan,0.000000,0.278439,0.278439,0.278439,-0.029682,0.085605,0.278439,-0.029682,0.085605,-0.000000,0.000000,3.210508,10,4
1780631121.926231,nominal,-4.032000,4.420452,0.000000,3.210508,1.570796,-4.032000,6.020452,0.000000,45.000000,-0.000000,0.000000,-0.045841,1,3.130407,0.622799,0.578190,0.469851,0.469851,0.998217,0.029009,0.469851,0.469851,0.150136,0.819072,0.677084,0.589084,inf,nan,0.000000,0.589084,0.589084,0.589084,0.186478,0.046403,0.589084,0.186478,0.046403,-0.000000,0.000000,3.210508,10,4
1780631122.008450,nominal,-4.032000,4.741502,0.000000,3.210508,1.570796,-4.032000,6.341502,0.000000,45.000000,-0.000000,-0.000000,-0.045448,1,1.847762,0.522943,0.346934,0.233414,0.233414,0.922112,0.029009,0.233414,0.233414,0.150136,0.742967,0.482943,0.394943,inf,nan,0.000000,0.394943,0.394943,0.394943,0.184294,-0.111733,0.394943,0.184294,-0.111733,-0.000000,0.000000,3.210508,10,4
1780631122.125344,nominal,-4.032000,5.062553,-0.000000,3.210508,1.570796,-4.032000,6.662553,0.000000,45.000000,-0.000000,0.000000,-0.045058,1,2.774320,0.601761,0.355458,0.252093,0.252093,0.928028,0.029009,0.252093,0.252093,0.150136,0.748883,0.561761,0.473761,inf,nan,0.000000,0.473761,0.473761,0.473761,0.141620,-0.184681,0.473761,0.141620,-0.184681,-0.000000,0.000000,3.210508,10,4
1780631122.210557,nominal,-4.032000,5.383604,-0.000000,3.210508,1.570796,-4.032000,6.983604,0.000000,45.000000,-0.000000,-0.000000,-0.044672,1,2.235110,0.812634,0.558529,0.450227,0.450227,1.046021,0.029009,0.450227,0.450227,0.150136,0.866876,0.732214,0.644214,inf,nan,0.000000,0.644214,0.644214,0.644214,0.160204,0.060945,0.644214,0.160204,0.060945,-0.000000,0.000000,3.210508,10,4
1780631122.307791,nominal,-4.032000,5.704655,-0.000000,3.210508,1.570796,-4.032000,7.304655,0.000000,45.000000,0.000000,-0.000000,-0.044289,1,1.844991,0.786072,0.644071,0.535563,0.535563,1.026016,0.029009,0.535562,0.535562,0.150136,0.846871,0.742398,0.654398,inf,nan,0.000000,0.654398,0.654398,0.654398,0.191907,-0.001746,0.654398,0.191907,-0.001746,-0.000000,0.000000,3.210508,10,4
1780631122.415880,nominal,-4.032000,6.025705,-0.000000,3.210508,1.570796,-4.032000,7.625705,0.000000,45.000000,-0.000000,-0.000000,-0.043910,1,2.241918,0.731571,0.644647,0.535461,0.535461,1.042563,0.029009,0.535461,0.535461,0.150136,0.863418,0.742046,0.654046,inf,nan,0.000000,0.654046,0.654046,0.654046,0.295595,-0.002033,0.654046,0.295595,-0.002033,-0.000000,0.000000,3.210508,10,4
1780631122.524813,nominal,-4.032000,6.346756,-0.000000,3.210508,1.570796,-4.032000,7.946756,0.000000,45.000000,-0.000000,0.000000,-0.043533,1,2.636892,0.820425,0.699200,0.588523,0.588523,1.005837,0.029009,0.588516,0.588516,0.150136,0.826692,0.844014,0.756014,inf,nan,0.000000,0.756014,0.756014,0.756014,0.190962,-0.133680,0.756014,0.190962,-0.133680,-0.000000,0.000000,3.210508,10,4
1780631122.614276,nominal,-4.032000,6.667807,-0.000000,3.210508,1.570796,-4.032000,8.267807,0.000000,45.000000,0.000000,0.000000,-0.043160,1,2.205814,0.993406,0.832528,0.718081,0.718081,1.083860,0.029009,0.718039,0.718039,0.150136,0.904715,0.911613,0.823613,inf,nan,0.000000,0.823613,0.823613,0.823613,0.180775,0.096795,0.823613,0.180775,0.096795,-0.000000,0.000000,3.210508,10,4
1780631122.722917,nominal,-4.032000,6.988858,-0.000000,3.210508,1.570796,-4.032000,8.588858,0.000000,45.000000,-0.000000,-0.000000,-0.042790,1,2.402051,0.956254,0.812124,0.702338,0.702338,0.934333,0.029009,0.698164,0.698164,0.150136,0.755188,0.902140,0.814140,inf,nan,0.000000,0.814140,0.814140,0.814140,0.205523,-0.008143,0.814140,0.205523,-0.008143,-0.000000,0.000000,3.210508,10,4
1780631122.814042,nominal,-4.032000,7.309909,-0.000000,3.210508,1.570796,-4.032000,8.909909,0.000000,45.000000,0.000000,-0.000000,-0.042424,1,2.116555,0.931694,0.798046,0.684202,0.684202,0.620000,0.029009,0.440849,0.440849,0.150136,0.440855,-0.047273,-0.135273,inf,nan,0.000000,-0.135273,-0.135273,-0.135273,-0.129018,-0.143139,-0.135273,-0.129018,-0.143139,-0.000000,0.000000,3.210508,10,4
1780631122.929541,nominal,-4.032000,7.630959,-0.000000,3.210508,1.570796,-4.032000,9.230959,0.000000,45.000000,0.000000,0.000000,-0.042060,1,3.071379,0.901819,0.729668,0.613863,0.613863,0.620000,0.029009,0.440788,0.440788,0.150136,0.440855,-0.036628,-0.124628,inf,nan,0.000000,-0.124628,-0.124628,-0.124628,-0.166949,-0.182102,-0.124628,-0.166949,-0.182102,-0.000000,0.000000,3.210508,10,4
1780631123.017793,nominal,-4.032000,7.952010,-0.000000,3.210508,1.570796,-4.032000,9.552010,0.000000,45.000000,0.000000,0.000000,-0.041700,1,2.307929,0.758920,0.471536,0.360840,0.360840,0.669778,0.029009,0.360537,0.360537,0.150136,0.490633,-0.037644,-0.125644,inf,nan,0.000000,-0.125644,-0.125644,-0.125644,-0.200474,-0.098086,-0.125644,-0.200474,-0.098086,-0.000000,0.000000,3.210508,10,4
1780631123.120575,nominal,-4.032000,8.273061,-0.000000,3.210508,1.570796,-4.032000,9.873061,0.000000,45.000000,0.000000,0.000000,-0.041342,1,4.014232,0.558045,0.274225,0.162573,0.162573,0.620000,0.029009,0.162571,0.162571,0.150136,0.440855,-0.028901,-0.116901,inf,nan,0.000000,-0.116901,-0.116901,-0.116901,-0.199848,-0.175959,-0.116901,-0.199848,-0.175959,-0.000000,0.000000,3.210508,10,4
1780631123.212293,nominal,-4.032000,8.594112,-0.000000,3.210508,1.570796,-4.032000,10.194112,0.000000,45.000000,0.000000,-0.000000,-0.040988,1,2.763104,0.530295,0.344761,0.232848,0.232848,0.620000,0.029009,0.232828,0.232828,0.150136,0.440855,-0.053536,-0.141536,inf,nan,0.000000,-0.141536,-0.141536,-0.141536,-0.175899,-0.199838,-0.141536,-0.175899,-0.199838,-0.000000,0.000000,3.210508,10,4
1780631123.317627,nominal,-4.032000,8.915163,-0.000000,3.210508,1.570796,-4.032000,10.515163,0.000000,45.000000,0.000000,-0.000000,-0.040637,1,2.643711,0.621116,0.366593,0.254515,0.254515,0.621785,0.029009,0.254475,0.254475,0.150136,0.442640,-0.031509,-0.119509,inf,nan,0.000000,-0.119509,-0.119509,-0.119509,-0.203775,-0.082713,-0.119509,-0.203775,-0.082713,-0.000000,0.000000,3.210508,10,4
1780631123.408870,nominal,-4.032000,9.236213,-0.000000,3.210508,1.570796,-4.032000,10.836213,0.000000,45.000000,0.000000,-0.000000,-0.040288,1,3.141530,0.513841,0.271459,0.156717,0.156717,0.771216,0.029009,0.156717,0.156717,0.150136,0.592071,0.096757,0.008757,inf,nan,0.000000,0.008757,0.008757,0.008757,-0.130653,0.015674,0.008757,-0.130653,0.015674,-0.000000,0.000000,3.210508,10,4
1780631123.507706,nominal,-4.032000,9.557264,-0.000000,3.210508,1.570796,-4.032000,11.157264,0.000000,45.000000,0.000000,0.000000,-0.039943,1,3.977971,0.551720,0.285390,0.176025,0.176025,1.427413,0.029009,0.176025,0.176025,0.150136,1.248268,0.511720,0.423720,inf,nan,0.000000,0.423720,0.423720,0.423720,0.419169,0.141536,0.423720,0.419169,0.141536,-0.000000,0.000000,3.210508,3,4
1780631123.609657,nominal,-4.032000,9.878315,-0.000000,3.210508,1.570796,-4.032000,11.478315,0.000000,45.000000,0.000000,0.000000,-0.039601,1,8.869364,inf,inf,inf,inf,inf,0.029009,inf,inf,0.150136,inf,inf,inf,inf,nan,0.000000,inf,inf,inf,inf,inf,inf,inf,inf,-0.000000,0.000000,3.210508,0,4
1780631123.716918,nominal,-4.032000,10.199366,-0.000000,3.210508,1.570796,-4.032000,11.799366,0.000000,45.000000,0.000000,0.000000,-0.039261,1,7.196725,0.573771,0.350777,0.245851,0.245851,0.838476,0.029009,0.245851,0.245851,0.150136,0.659331,0.383165,0.295165,inf,nan,0.000000,0.295165,0.295165,0.295165,-0.016875,0.059180,0.295165,-0.016875,0.059180,-0.000000,0.000000,3.210508,9,4
1780631123.809184,nominal,-4.032000,10.520417,-0.000000,3.210508,1.570796,-4.032000,12.120417,0.000000,45.000000,0.000000,0.000000,-0.038925,1,3.371348,0.510372,0.226279,0.114783,0.114783,0.620000,0.029009,0.114782,0.114782,0.150136,0.440855,0.081121,-0.006879,inf,nan,0.000000,-0.006879,-0.006879,-0.006879,-0.105646,-0.183382,-0.006879,-0.105646,-0.183382,-0.000000,0.000000,3.210508,10,4
1780631123.920074,nominal,-4.032000,10.841467,-0.000000,3.210508,1.570796,-4.032000,12.441467,0.000000,45.000000,0.000000,0.000000,-0.038591,1,2.964083,0.550668,0.377794,0.260429,0.260429,0.678193,0.029009,0.260422,0.260422,0.150136,0.499048,0.140604,0.052604,inf,nan,0.000000,0.052604,0.052604,0.052604,-0.090163,-0.167240,0.052604,-0.090163,-0.167240,-0.000000,0.000000,3.210508,10,4
1780631124.014959,nominal,-4.032000,11.162518,-0.000000,3.210508,1.570796,-4.032000,12.762518,0.000000,45.000000,0.000000,-0.000000,-0.038260,1,2.426185,0.567192,0.334515,0.220780,0.220780,0.819502,0.029009,0.220780,0.220780,0.150136,0.640357,0.155605,0.067605,inf,nan,0.000000,0.067605,0.067605,0.067605,-0.093583,-0.007225,0.067605,-0.093583,-0.007225,-0.000000,0.000000,3.210508,10,4
1780631124.126863,nominal,-4.032000,11.483569,-0.000000,3.210508,1.570796,-4.032000,13.083569,0.000000,45.000000,0.000000,-0.000000,-0.037933,1,3.275983,0.513040,0.318931,0.211491,0.211491,0.620000,0.029009,0.211482,0.211482,0.150136,0.440855,0.091101,0.003101,inf,nan,0.000000,0.003101,0.003101,0.003101,-0.131740,-0.185909,0.003101,-0.131740,-0.185909,-0.000000,0.000000,3.210508,10,4
1780631124.211272,nominal,-4.032000,11.804620,-0.000000,3.210508,1.570796,-4.032000,13.404620,0.000000,45.000000,0.000000,-0.000000,-0.037607,1,4.429069,0.525495,0.352345,0.231069,0.231069,0.647135,0.029009,0.231062,0.231062,0.150136,0.467990,0.096661,0.008661,inf,nan,0.000000,0.008661,0.008661,0.008661,-0.149391,-0.125346,0.008661,-0.149391,-0.125346,-0.000000,0.000000,3.210508,10,4
1780631124.325216,nominal,-4.032000,12.125670,-0.000000,3.210508,1.570796,-4.032000,13.725670,0.000000,45.000000,0.000000,-0.000000,-0.037285,1,5.497387,0.538402,0.298727,0.181042,0.181042,0.796026,0.029009,0.181042,0.181042,0.150136,0.616881,0.127845,0.039845,inf,nan,0.000000,0.039845,0.039845,0.039845,-0.115686,0.012277,0.039845,-0.115686,0.012277,-0.000000,0.000000,3.210508,10,4
1780631124.407857,nominal,-4.032000,12.446721,-0.000000,3.210508,1.570796,-4.032000,14.046721,0.000000,45.000000,0.000000,-0.000000,-0.036966,1,3.569008,0.521768,0.325061,0.202270,0.202270,0.975985,0.029009,0.202270,0.202270,0.150136,0.796840,0.378814,0.290814,inf,nan,0.000000,0.290814,0.290814,0.290814,0.015176,0.092094,0.290814,0.015176,0.092094,-0.000000,0.000000,3.210508,7,4
1780631124.519268,nominal,-4.032000,12.767772,-0.000000,3.210508,1.570796,-4.032000,14.367772,0.000000,45.000000,0.000000,0.000000,-0.036649,1,3.518391,0.525980,0.399012,0.290512,0.290512,1.072578,0.029009,0.290512,0.290512,0.150136,0.893433,0.485980,0.397980,inf,nan,0.000000,0.397980,0.397980,0.397980,0.226136,0.040796,0.397980,0.226136,0.040796,-0.000000,0.000000,3.210508,9,4
1780631124.604313,nominal,-4.032000,13.088823,-0.000000,3.210508,1.570796,-4.032000,14.688823,0.000000,45.000000,0.000000,-0.000000,-0.036335,1,1.992655,0.518382,0.244007,0.128820,0.128820,1.207067,0.029009,0.128820,0.128820,0.150136,1.027922,0.478382,0.390382,inf,nan,0.000000,0.390382,0.390382,0.390382,0.344471,0.087970,0.390382,0.344471,0.087970,-0.000000,0.000000,3.210508,10,4
1780631124.719489,nominal,-4.032000,13.409874,-0.000000,3.210508,1.570796,-4.032000,15.009874,0.000000,45.000000,0.000000,0.000000,-0.036023,1,2.593814,0.595208,0.320991,0.210198,0.210198,0.620000,0.029009,0.210189,0.210189,0.150136,0.440855,0.342774,0.254774,inf,nan,0.000000,0.254774,0.254774,0.254774,0.003120,-0.195412,0.254774,0.003120,-0.195412,-0.000000,0.000000,3.210508,10,4
1780631124.809784,nominal,-4.032000,13.730924,-0.000000,3.210508,1.570796,-4.032000,15.330924,0.000000,45.000000,0.000000,-0.000000,-0.035715,1,2.044502,0.867141,0.599558,0.491687,0.491687,0.620000,0.029009,0.436399,0.436399,0.150136,0.440855,-0.070695,-0.158695,inf,nan,0.000000,-0.158695,-0.158695,-0.158695,-0.165446,-0.215534,-0.158695,-0.165446,-0.215534,-0.000000,0.000000,3.210508,10,4
1780631124.920718,nominal,-4.032000,14.051975,-0.000000,3.210508,1.570796,-4.032000,15.651975,0.000000,45.000000,0.000000,-0.000000,-0.035408,1,2.430838,0.870576,0.602134,0.494696,0.494696,0.620000,0.029009,0.436814,0.436814,0.150136,0.440855,-0.082031,-0.170031,inf,nan,0.000000,-0.170031,-0.170031,-0.170031,-0.202925,-0.106771,-0.170031,-0.202925,-0.106771,-0.000000,0.000000,3.210508,10,4
1780631125.009553,nominal,-4.032000,14.373026,-0.000000,3.210508,1.570796,-4.032000,15.973026,0.000000,45.000000,0.000000,0.000000,-0.035105,1,1.859912,0.598843,0.352818,0.239161,0.239161,0.620000,0.029009,0.239136,0.239136,0.150136,0.440855,-0.003519,-0.091519,inf,nan,0.000000,-0.091519,-0.091519,-0.091519,-0.237330,-0.140299,-0.091519,-0.237330,-0.140299,-0.000000,0.000000,3.210508,10,4
1780631125.127875,nominal,-4.032000,14.694077,-0.000000,3.210508,1.570796,-4.032000,16.294077,0.000000,45.000000,0.000000,-0.000000,-0.034804,1,4.487434,0.524022,0.329616,0.222004,0.222004,0.753290,0.029009,0.222003,0.222003,0.150136,0.574145,0.276822,0.188822,inf,nan,0.000000,0.188822,0.188822,0.188822,0.010228,-0.032159,0.188822,0.010228,-0.032159,-0.000000,0.000000,3.210508,10,4
1780631125.212322,nominal,-4.032000,15.015128,-0.000000,3.210508,1.570796,-4.032000,16.615128,0.000000,45.000000,0.000000,0.000000,-0.034506,1,5.301494,0.574485,0.320555,0.216473,0.216473,0.896200,0.029009,0.216473,0.216473,0.150136,0.717055,0.271435,0.183435,inf,nan,0.000000,0.183435,0.183435,0.183435,-0.080185,0.079493,0.183435,-0.080185,0.079493,-0.000000,0.000000,3.210508,9,4
1780631125.314430,nominal,-4.032000,15.336178,-0.000000,3.210508,1.570796,-4.032000,16.936178,0.000000,45.000000,0.000000,0.000000,-0.034210,1,4.710122,0.512948,0.347071,0.214349,0.214349,1.075665,0.029009,0.214349,0.214349,0.150136,0.896520,0.431989,0.343989,inf,nan,0.000000,0.343989,0.343989,0.343989,0.074525,0.098849,0.343989,0.074525,0.098849,-0.000000,0.000000,3.210508,8,4
1780631125.402073,nominal,-4.032000,15.657229,-0.000000,3.210508,1.570796,-4.032000,17.257229,0.000000,45.000000,0.000000,-0.000000,-0.033917,1,3.788115,0.520647,0.246137,0.130741,0.130741,1.417764,0.029009,0.130741,0.130741,0.150136,1.238619,0.480647,0.392647,inf,nan,0.000000,0.392647,0.392647,0.392647,0.416655,0.140634,0.392647,0.416655,0.140634,-0.000000,0.000000,3.210508,2,4
1780631125.512344,nominal,-4.032000,15.978280,-0.000000,3.210508,1.570796,-4.032000,17.578280,0.000000,45.000000,0.000000,-0.000000,-0.033626,1,4.088060,0.512793,0.345384,0.226931,0.226931,1.303107,0.029009,0.226931,0.226931,0.150136,1.123962,0.472793,0.384793,inf,nan,0.000000,0.384793,0.384793,0.384793,0.299517,0.125592,0.384793,0.299517,0.125592,-0.000000,0.000000,3.210508,10,4
1780631125.608992,nominal,-4.032000,16.299331,-0.000000,3.210508,1.570796,-4.032000,17.899331,0.000000,45.000000,0.000000,0.000000,-0.033338,1,2.421618,0.581532,0.335664,0.232357,0.232357,1.417480,0.029009,0.232357,0.232357,0.150136,1.238335,0.541532,0.453532,inf,nan,0.000000,0.453532,0.453532,0.453532,0.402221,0.139761,0.453532,0.402221,0.139761,-0.000000,0.000000,3.210508,10,4
1780631125.719636,nominal,-4.032000,16.620382,-0.000000,3.210508,1.570796,-4.032000,18.220382,0.000000,45.000000,0.000000,0.000000,-0.033052,1,2.266710,0.707054,0.418659,0.308623,0.308623,1.531428,0.029009,0.308623,0.308623,0.150136,1.352283,0.667054,0.579054,inf,nan,0.000000,0.579054,0.579054,0.579054,0.493738,0.154559,0.579054,0.493738,0.154559,-0.000000,0.000000,3.210508,10,4
1780631125.811712,nominal,-4.032000,16.941432,-0.000000,3.210508,1.570796,-4.032000,18.541432,0.000000,45.000000,0.000000,-0.000000,-0.032769,1,2.094216,1.031503,0.742327,0.631986,0.631986,1.351991,0.029009,0.631986,0.631986,0.150136,1.172846,0.991503,0.903503,inf,nan,0.000000,0.903503,0.903503,0.903503,0.493778,-0.078755,0.903503,0.493778,-0.078755,-0.000000,0.000000,3.210508,10,4
1780631125.923583,nominal,-4.032000,17.262483,-0.000000,3.210508,1.570796,-4.032000,18.862483,0.000000,45.000000,0.000000,-0.000000,-0.032488,1,2.830645,1.350545,1.060935,0.950452,0.950452,1.359182,0.029009,0.950443,0.950443,0.150136,1.180037,1.310545,1.222545,inf,nan,0.000000,1.222545,1.222545,1.222545,0.474080,-0.113948,1.222545,0.474080,-0.113948,-0.000000,0.000000,3.210508,10,4
1780631126.017147,nominal,-4.032000,17.583534,-0.000000,3.210508,1.570796,-4.032000,19.183534,0.000000,45.000000,0.000000,0.000000,-0.032210,1,5.737097,1.683080,1.393408,1.282748,1.282748,1.093601,0.029009,0.914456,0.914456,0.150136,0.914456,1.293162,1.205162,inf,nan,0.000000,1.205162,1.205162,1.205162,0.320170,-0.205220,1.205162,0.320170,-0.205220,-0.000000,0.000000,3.210508,10,4
1780631126.128070,nominal,-4.032000,17.904585,-0.000000,3.210508,1.570796,-4.032000,19.504585,0.000000,45.000000,0.000000,0.000000,-0.031934,1,2.718572,1.891587,1.649924,1.541533,1.541533,1.098184,0.029009,0.919039,0.919039,0.150136,0.919039,1.297546,1.209546,inf,nan,0.000000,1.209546,1.209546,1.209546,0.303962,0.046244,1.209546,0.303962,0.046244,-0.000000,0.000000,3.210508,10,4
1780631126.215063,nominal,-4.032000,18.225635,-0.000000,3.210508,1.570796,-4.032000,19.825635,0.000000,45.000000,0.000000,-0.000000,-0.031660,1,2.291859,1.675208,1.453240,1.347930,1.347930,0.791074,0.029009,0.611929,0.611929,0.150136,0.611929,0.791662,0.703662,inf,nan,0.000000,0.703662,0.703662,0.703662,0.149726,-0.090686,0.703662,0.149726,-0.090686,-0.000000,0.000000,3.210508,10,4
1780631126.328429,nominal,-4.032000,18.546686,-0.000000,3.210508,1.570796,-4.032000,20.146686,0.000000,45.000000,0.000000,0.000000,-0.031389,1,2.910466,1.514058,1.319791,1.211144,1.211144,0.624679,0.029009,0.445534,0.445534,0.150136,0.445534,0.473907,0.385907,inf,nan,0.000000,0.385907,0.385907,0.385907,0.051356,-0.087649,0.385907,0.051356,-0.087649,-0.000000,0.000000,3.210508,10,4
1780631126.414393,nominal,-4.032000,18.867737,-0.000000,3.210508,1.570796,-4.032000,20.467737,0.000000,45.000000,0.000000,-0.000000,-0.031120,1,2.207792,1.393376,1.234825,1.121414,1.121414,0.620000,0.029009,0.440855,0.440855,0.150136,0.440855,0.200407,0.112407,inf,nan,0.000000,0.112407,0.112407,0.112407,-0.020733,-0.100426,0.112407,-0.020733,-0.100426,-0.000000,0.000000,3.210508,10,4
1780631126.524389,nominal,-4.032000,19.188788,-0.000000,3.210508,1.570796,-4.032000,20.788788,0.000000,45.000000,0.000000,0.000000,-0.030853,1,3.595624,1.339779,1.189443,1.062284,1.062284,0.620000,0.029009,0.440855,0.440855,0.150136,0.440855,-0.013745,-0.101745,inf,nan,0.000000,-0.101745,-0.101745,-0.101745,-0.096329,-0.121266,-0.101745,-0.096329,-0.121266,-0.000000,0.000000,3.210508,10,4
1780631126.617008,nominal,-4.032000,19.509839,-0.000000,3.210508,1.570796,-4.032000,21.109839,0.000000,45.000000,0.000000,-0.000000,-0.030588,1,2.684831,1.145603,0.883658,0.769578,0.769578,0.620000,0.029009,0.440855,0.440855,0.150136,0.440855,-0.084394,-0.172394,inf,nan,0.000000,-0.172394,-0.172394,-0.172394,-0.117118,-0.072680,-0.172394,-0.117118,-0.072680,-0.000000,0.000000,3.210508,10,4
1780631126.721432,nominal,-4.032000,19.830889,-0.000000,3.210508,1.570796,-4.032000,21.430889,0.000000,45.000000,0.000000,-0.000000,-0.030326,1,2.525226,0.844318,0.592346,0.475361,0.475361,0.620000,0.029009,0.433383,0.433383,0.150136,0.440855,-0.083124,-0.171124,inf,nan,0.000000,-0.171124,-0.171124,-0.171124,-0.171653,-0.081003,-0.171124,-0.171653,-0.081003,-0.000000,0.000000,3.210508,10,4
1780631126.805290,nominal,-4.032000,20.151940,-0.000000,3.210508,1.570796,-4.032000,21.751940,0.000000,45.000000,0.000000,-0.000000,-0.030066,1,2.214160,0.582818,0.307659,0.193983,0.193983,0.687887,0.029009,0.193983,0.193983,0.150136,0.508742,-0.036004,-0.124004,inf,nan,0.000000,-0.124004,-0.124004,-0.124004,-0.163095,-0.038096,-0.124004,-0.163095,-0.038096,-0.000000,0.000000,3.210508,10,4
1780631126.903852,nominal,-4.032000,20.472991,-0.000000,3.210508,1.570796,-4.032000,22.072991,0.000000,45.000000,0.000000,0.000000,-0.029809,1,1.919172,0.630894,0.561058,0.449944,0.449944,0.822476,0.029009,0.449911,0.449911,0.150136,0.643331,0.565739,0.477739,inf,nan,0.000000,0.477739,0.477739,0.477739,0.070770,-0.014077,0.477739,0.070770,-0.014077,-0.000000,0.000000,3.210508,10,4
1780631127.006228,nominal,-4.032000,20.794042,-0.000000,3.210508,1.570796,-4.032000,22.394042,0.000000,45.000000,0.000000,-0.000000,-0.029553,1,4.741146,0.520756,0.359883,0.251604,0.251604,0.829434,0.029009,0.251604,0.251604,0.150136,0.650289,0.480756,0.392756,inf,nan,0.000000,0.392756,0.392756,0.392756,0.149902,-0.171285,0.392756,0.149902,-0.171285,-0.000000,0.000000,3.210508,7,4
1780631127.123231,nominal,-4.032000,21.115093,-0.000000,3.210508,1.570796,-3.979799,22.710469,0.000000,45.000000,0.464958,-0.041184,-0.029300,1,8.666894,1.117368,0.901276,0.795485,0.795485,0.889849,0.028931,0.709345,0.709345,0.150136,0.710782,0.737048,0.649048,inf,nan,0.000000,0.649048,0.649048,0.649048,0.115733,0.009908,0.649048,0.115733,0.009908,-0.000000,0.000000,3.210508,4,4
1780631127.207759,nominal,-4.029675,21.435937,0.046496,3.206390,1.552648,-3.923404,23.026319,0.000000,45.000000,0.775187,-0.070496,-0.027073,1,2.797729,0.545400,0.276349,0.170217,0.170217,0.883519,0.028854,0.170217,0.170217,0.149943,0.704722,0.505400,0.417400,inf,nan,0.000000,0.417400,0.417400,0.417400,0.140273,-0.148942,0.417400,0.140273,-0.148942,-0.000000,0.000000,3.206727,10,4
1780631127.321763,nominal,-4.021150,21.756224,0.124014,3.199340,1.525646,-3.867107,23.341619,0.000000,45.000000,0.879950,-0.085825,-0.023402,1,2.919696,0.554996,0.367018,0.251925,0.251925,0.976695,0.028793,0.251925,0.251925,0.149689,0.798213,0.514996,0.426996,inf,nan,0.000000,0.426996,0.426996,0.426996,0.158143,-0.084807,0.426996,0.158143,-0.084807,-0.000000,0.000000,3.201743,10,4
1780631127.406233,nominal,-4.004348,22.075729,0.212009,3.190757,1.497015,-3.810948,23.656149,0.000000,45.000000,0.847800,-0.093189,-0.019216,1,2.802535,0.714913,0.514292,0.405048,0.405048,1.102582,0.028749,0.405048,0.405048,0.149487,0.924345,0.667790,0.579790,inf,nan,0.000000,0.579790,0.579790,0.579790,0.168951,0.104931,0.579790,0.168951,0.104931,-0.000000,0.000000,3.197793,10,4
1780631127.504450,nominal,-3.978909,22.394339,0.296790,3.181439,1.470553,-3.754946,23.969799,0.000000,45.000000,0.741264,-0.096560,-0.015165,1,1.801787,0.709457,0.485096,0.371645,0.371645,0.649763,0.028711,0.370796,0.370796,0.149358,0.471694,0.223237,0.135237,inf,nan,0.000000,0.135237,0.135237,0.135237,-0.092712,-0.048138,0.135237,-0.092712,-0.048138,-0.000000,0.000000,3.195252,10,4
1780631127.601814,nominal,-3.945523,22.712000,0.370916,3.171783,1.447981,-3.697243,24.292973,0.000000,45.000000,0.620795,-0.004842,-0.011597,1,1.860851,0.620833,0.443529,0.335077,0.335077,0.660326,0.028885,0.334912,0.334912,0.149263,0.482178,0.206155,0.118155,inf,nan,0.000000,0.118155,0.118155,0.118155,-0.092176,0.000156,0.118155,-0.092176,0.000156,-0.000000,0.000000,3.193397,10,4
1780631127.704133,nominal,-3.905328,23.029154,0.432995,3.171298,1.430382,-3.641122,24.607284,0.000000,45.000000,0.477997,-0.021111,-0.008714,1,2.037480,0.568985,0.318972,0.215702,0.215702,0.801316,0.028935,0.215702,0.215702,0.149637,0.622744,0.215905,0.127905,inf,nan,0.000000,0.127905,0.127905,0.127905,-0.071273,0.018732,0.127905,-0.071273,0.018732,-0.000000,0.000000,3.200722,10,4
1780631127.798764,nominal,-3.859638,23.346178,0.480795,3.169187,1.416637,-3.584855,24.922419,0.000000,45.000000,0.349281,-0.029788,-0.006441,1,1.828698,0.513312,0.356504,0.249454,0.249454,0.620000,0.028970,0.249419,0.249419,0.149878,0.441152,0.426943,0.338943,inf,nan,0.000000,0.338943,0.338943,0.338943,0.046226,-0.191323,0.338943,0.046226,-0.191323,-0.000000,0.000000,3.205450,10,4
1780631127.924000,nominal,-3.809812,23.662948,0.515723,3.166208,1.406599,-3.528504,25.238024,0.000000,45.000000,0.242665,-0.027596,-0.004738,1,4.908402,0.510904,0.262612,0.158856,0.158856,0.620000,0.028989,0.158855,0.158855,0.150005,0.441006,0.220807,0.132807,inf,nan,0.000000,0.132807,0.132807,0.132807,-0.001387,-0.318456,0.132807,-0.001387,-0.318456,-0.000000,0.000000,3.207935,10,4
1780631128.011083,nominal,-3.757027,23.979431,0.539990,3.163449,1.399738,-3.472111,25.553863,0.000000,45.000000,0.159050,-0.020918,-0.003535,1,3.272711,0.570631,0.297736,0.188872,0.188872,0.620000,0.028999,0.188868,0.188868,0.150070,0.440931,0.020790,-0.067210,inf,nan,0.000000,-0.067210,-0.067210,-0.067210,-0.078756,-0.190418,-0.067210,-0.078756,-0.190418,-0.000000,0.000000,3.209205,10,4
1780631128.121342,nominal,-3.702232,24.295671,0.555895,3.161357,1.395367,-3.415697,25.869814,0.000000,45.000000,0.096571,-0.013705,-0.002736,1,3.806696,0.589119,0.335156,0.231662,0.231662,0.620000,0.029004,0.231643,0.231643,0.150103,0.440893,0.066425,-0.021575,inf,nan,0.000000,-0.021575,-0.021575,-0.021575,-0.082626,-0.344571,-0.021575,-0.082626,-0.344571,-0.000000,0.000000,3.209859,10,4
1780631128.217630,nominal,-3.646160,24.611738,0.565552,3.159986,1.392827,-3.359275,26.185819,0.000000,45.000000,0.052119,-0.007635,-0.002242,1,2.649907,0.790231,0.516309,0.403174,0.403174,0.620000,0.029007,0.396406,0.396406,0.150120,0.440873,-0.048492,-0.136492,inf,nan,0.000000,-0.136492,-0.136492,-0.136492,-0.104174,-0.035035,-0.136492,-0.104174,-0.035035,-0.000000,0.000000,3.210197,10,4
1780631128.337433,nominal,-3.589344,24.927699,0.570764,3.159223,1.391559,-3.302848,26.501849,0.000000,45.000000,0.022175,-0.003171,-0.001966,1,5.399262,0.531684,0.275739,0.172391,0.172391,0.620000,0.029008,0.172388,0.172388,0.150129,0.440863,-0.085588,-0.173588,inf,nan,0.000000,-0.173588,-0.173588,-0.173588,-0.140266,-0.132470,-0.173588,-0.140266,-0.132470,-0.000000,0.000000,3.210368,10,4
1780631128.412713,nominal,-3.532157,25.243605,0.572981,3.158906,1.391123,-3.246418,26.817890,0.000000,45.000000,0.003325,-0.000222,-0.001837,1,3.193338,0.527399,0.252224,0.136247,0.136247,0.620000,0.029009,0.136246,0.136246,0.150133,0.440858,-0.036211,-0.124211,inf,nan,0.000000,-0.124211,-0.124211,-0.124211,-0.176377,-0.032163,-0.124211,-0.176377,-0.032163,-0.000000,0.000000,3.210451,10,4
1780631128.519210,nominal,-3.474842,25.559494,0.573314,3.158884,1.391191,-3.189988,27.133938,0.000000,45.000000,-0.007448,0.001505,-0.001800,1,7.982803,0.512919,0.258748,0.147878,0.147878,0.758023,0.029009,0.147878,0.147878,0.150135,0.578879,-0.061116,-0.149116,inf,nan,0.000000,-0.149116,-0.149116,-0.149116,-0.220253,-0.085998,-0.149116,-0.220253,-0.085998,-0.000000,0.000000,3.210488,7,4
1780631128.606852,nominal,-3.417548,25.875390,0.572569,3.159034,1.391531,-3.133557,27.449988,0.000000,45.000000,-0.012643,0.002340,-0.001816,1,6.102388,inf,inf,inf,inf,inf,0.029009,inf,inf,0.150136,inf,inf,inf,inf,nan,0.000000,inf,inf,inf,inf,inf,inf,inf,inf,-0.000000,0.000000,3.210503,0,4
1780631128.713309,nominal,-3.360354,26.191305,0.571305,3.159268,1.391985,-3.077126,27.766039,0.000000,45.000000,-0.014215,0.002577,-0.001858,1,6.611433,inf,inf,inf,inf,inf,0.029009,inf,inf,0.150136,inf,inf,inf,inf,nan,0.000000,inf,inf,inf,inf,inf,inf,inf,inf,-0.000000,0.000000,3.210509,0,4
1780631128.810715,nominal,-3.303295,26.507245,0.569883,3.159526,1.392456,-3.020695,28.082091,0.000000,45.000000,-0.013620,0.002450,-0.001908,1,8.741586,0.538033,0.273505,0.168905,0.168905,1.397662,0.029009,0.168905,0.168905,0.150136,1.218517,0.498033,0.410033,inf,nan,0.000000,0.410033,0.410033,0.410033,0.412952,0.140460,0.410033,0.412952,0.140460,-0.000000,0.000000,3.210510,2,4
1780631128.931746,nominal,-3.246375,26.823210,0.568521,3.159771,1.392887,-2.964264,28.398143,0.000000,45.000000,-0.011885,0.002131,-0.001955,1,5.093667,0.563309,0.274097,0.164988,0.164988,0.713756,0.029009,0.164988,0.164988,0.150136,0.534610,0.205034,0.117034,inf,nan,0.000000,0.117034,0.117034,0.117034,-0.100718,-0.156004,0.117034,-0.100718,-0.156004,-0.000000,0.000000,3.210509,10,4
1780631129.023651,nominal,-3.189582,27.139198,0.567333,3.159984,1.393252,-2.907833,28.714195,0.000000,45.000000,-0.009699,0.001736,-0.001994,1,3.449408,0.520446,0.261428,0.133894,0.133894,0.855933,0.029009,0.133894,0.133894,0.150136,0.676787,0.219237,0.131237,inf,nan,0.000000,0.131237,0.131237,0.131237,-0.105987,0.079203,0.131237,-0.105987,0.079203,-0.000000,0.000000,3.210509,10,4
1780631129.121491,nominal,-3.132897,27.455205,0.566363,3.160158,1.393542,-2.851402,29.030248,0.000000,45.000000,-0.007487,0.001339,-0.002023,1,4.421833,0.609576,0.461719,0.354476,0.354476,1.046270,0.029009,0.354476,0.354476,0.150136,0.867125,0.564146,0.476146,inf,nan,0.000000,0.476146,0.476146,0.476146,0.139043,0.098923,0.476146,0.139043,0.098923,-0.000000,0.000000,3.210508,10,4
1780631129.216686,nominal,-3.076299,27.771227,0.565614,3.160292,1.393762,-2.794970,29.346300,0.000000,45.000000,-0.005490,0.000981,-0.002041,1,3.071180,0.606518,0.463597,0.356725,0.356725,0.620000,0.029009,0.355260,0.355260,0.150136,0.440855,-0.106883,-0.194883,inf,nan,0.000000,-0.194883,-0.194883,-0.194883,-0.172423,-0.164730,-0.194883,-0.172423,-0.164730,-0.000000,0.000000,3.210508,10,4
1780631129.323882,nominal,-3.019765,28.087261,0.565065,3.160390,1.393919,-2.738539,29.662353,0.000000,45.000000,-0.003818,0.000682,-0.002049,1,4.922105,0.620628,0.438005,0.331853,0.331853,0.620000,0.029009,0.331230,0.331230,0.150136,0.440855,-0.058865,-0.146865,inf,nan,0.000000,-0.146865,-0.146865,-0.146865,-0.229395,-0.222988,-0.146865,-0.229395,-0.222988,-0.000000,0.000000,3.210508,10,4
1780631129.422237,nominal,-2.963277,28.403304,0.564683,3.160458,1.394025,-2.682108,29.978405,0.000000,45.000000,-0.002498,0.000446,-0.002050,1,3.300230,0.593975,0.305032,0.195473,0.195473,0.620000,0.029009,0.195467,0.195467,0.150136,0.440855,-0.059711,-0.147711,inf,nan,0.000000,-0.147711,-0.147711,-0.147711,-0.250284,-0.106563,-0.147711,-0.250284,-0.106563,-0.000000,0.000000,3.210508,10,4
1780631129.532476,nominal,-2.906821,28.719352,0.564433,3.160503,1.394093,-2.625677,30.294457,0.000000,45.000000,-0.001509,0.000270,-0.002044,1,3.999937,0.566125,0.288606,0.173926,0.173926,0.665969,0.029009,0.173926,0.173926,0.150136,0.486824,0.021498,-0.066502,inf,nan,0.000000,-0.066502,-0.066502,-0.066502,-0.170605,-0.025275,-0.066502,-0.170605,-0.025275,-0.000000,0.000000,3.210508,10,4
1780631129.614899,nominal,-2.850386,29.035403,0.564282,3.160529,1.394132,-2.569246,30.610510,0.000000,45.000000,-0.000806,0.000144,-0.002034,1,6.444980,0.568501,0.333803,0.230020,0.230020,0.802908,0.029009,0.230020,0.230020,0.150136,0.623763,0.285393,0.197393,inf,nan,0.000000,0.197393,0.197393,0.197393,-0.040287,0.041978,0.197393,-0.040287,0.041978,-0.000000,0.000000,3.210508,10,4
1780631129.713450,nominal,-2.793961,29.351457,0.564202,3.160544,1.394151,-2.512814,30.926562,0.000000,45.000000,-0.000333,0.000059,-0.002021,1,3.045402,0.570665,0.333761,0.230126,0.230126,0.899038,0.029009,0.230126,0.230126,0.150136,0.719893,0.346212,0.258212,inf,nan,0.000000,0.258212,0.258212,0.258212,-0.044127,0.083846,0.258212,-0.044127,0.083846,-0.000000,0.000000,3.210508,6,4
1780631129.811309,nominal,-2.737543,29.667512,0.564169,3.160550,1.394157,-2.456383,31.242615,0.000000,45.000000,-0.000037,0.000007,-0.002005,1,8.414466,0.520196,0.252974,0.137272,0.137272,0.696654,0.029009,0.137272,0.137272,0.150136,0.517509,0.480196,0.392196,inf,nan,0.000000,0.392196,0.392196,0.392196,0.094043,-0.166358,0.392196,0.094043,-0.166358,-0.000000,0.000000,3.210508,10,4
1780631129.919111,nominal,-2.681126,29.983567,0.564165,3.160550,1.394156,-2.399952,31.558667,0.000000,45.000000,0.000131,-0.000023,-0.001988,1,7.520908,0.563628,0.290714,0.181421,0.181421,1.175490,0.029009,0.181421,0.181421,0.150136,0.996345,0.523628,0.435628,inf,nan,0.000000,0.435628,0.435628,0.435628,0.391730,0.024267,0.435628,0.391730,0.024267,-0.000000,0.000000,3.210508,5,4
1780631130.016402,nominal,-2.624709,30.299622,0.564178,3.160548,1.394150,-2.343521,31.874720,0.000000,45.000000,0.000211,-0.000038,-0.001970,1,3.144063,0.584270,0.384182,0.278909,0.278909,1.151358,0.029009,0.278909,0.278909,0.150136,0.972213,0.544270,0.456270,inf,nan,0.000000,0.456270,0.456270,0.456270,0.230990,0.033017,0.456270,0.230990,0.033017,-0.000000,0.000000,3.210508,10,4
1780631130.137578,nominal,-2.568290,30.615676,0.564199,3.160544,1.394142,-2.287090,32.190772,0.000000,45.000000,0.000233,-0.000042,-0.001953,1,7.112987,0.514672,0.249982,0.145158,0.145158,0.620000,0.029009,0.145157,0.145157,0.150136,0.440855,0.024067,-0.063933,inf,nan,0.000000,-0.063933,-0.063933,-0.063933,-0.128023,-0.307201,-0.063933,-0.128023,-0.307201,-0.000000,0.000000,3.210508,10,4
1780631130.225062,nominal,-2.511869,30.931731,0.564223,3.160540,1.394135,-2.230658,32.506824,0.000000,45.000000,0.000221,-0.000040,-0.001935,1,4.446261,0.668390,0.457083,0.350489,0.350489,0.620000,0.029009,0.349305,0.349305,0.150136,0.440855,-0.120032,-0.208032,inf,nan,0.000000,-0.208032,-0.208032,-0.208032,-0.186558,-0.230823,-0.208032,-0.186558,-0.230823,-0.000000,0.000000,3.210508,10,4
1780631130.342721,nominal,-2.455446,31.247784,0.564245,3.160536,1.394128,-2.174227,32.822877,0.000000,45.000000,0.000192,-0.000034,-0.001917,1,3.605514,0.602632,0.322412,0.208904,0.208904,0.620000,0.029009,0.208895,0.208895,0.150136,0.440855,-0.092677,-0.180677,inf,nan,0.000000,-0.180677,-0.180677,-0.180677,-0.182302,-0.185510,-0.180677,-0.182302,-0.185510,-0.000000,0.000000,3.210508,10,4
1780631130.412319,nominal,-2.399020,31.563838,0.564264,3.160533,1.394122,-2.117796,33.138929,0.000000,45.000000,0.000156,-0.000028,-0.001900,1,3.114340,0.524976,0.242188,0.130175,0.130175,0.620000,0.029009,0.130175,0.130175,0.150136,0.440855,-0.031123,-0.119123,inf,nan,0.000000,-0.119123,-0.119123,-0.119123,-0.190695,-0.085590,-0.119123,-0.190695,-0.085590,-0.000000,0.000000,3.210508,10,4
1780631130.513999,nominal,-2.342593,31.879891,0.564279,3.160530,1.394117,-2.061365,33.454982,0.000000,45.000000,0.000120,-0.000021,-0.001883,1,8.184670,0.515528,0.231804,0.120274,0.120274,0.789771,0.029009,0.120274,0.120274,0.150136,0.610626,-0.040685,-0.128685,inf,nan,0.000000,-0.128685,-0.128685,-0.128685,-0.194929,-0.026180,-0.128685,-0.194929,-0.026180,-0.000000,0.000000,3.210508,2,4
1780631130.606159,nominal,-2.286165,32.195944,0.564292,3.160528,1.394114,-2.004934,33.771034,0.000000,45.000000,0.000088,-0.000016,-0.001866,1,6.298339,inf,inf,inf,inf,inf,0.029009,inf,inf,0.150136,inf,inf,inf,inf,nan,0.000000,inf,inf,inf,inf,inf,inf,inf,inf,-0.000000,0.000000,3.210508,0,4
1780631130.715413,nominal,-2.229735,32.511997,0.564300,3.160526,1.394111,-1.948502,34.087086,0.000000,45.000000,0.000061,-0.000011,-0.001850,1,7.351679,inf,inf,inf,inf,inf,0.029009,inf,inf,0.150136,inf,inf,inf,inf,nan,0.000000,inf,inf,inf,inf,inf,inf,inf,inf,-0.000000,0.000000,3.210508,0,4
1780631130.813367,nominal,-2.173305,32.828049,0.564306,3.160525,1.394109,-1.892071,34.403139,0.000000,45.000000,0.000040,-0.000007,-0.001834,1,8.214959,0.552855,0.267269,0.156490,0.156490,1.335709,0.029009,0.156490,0.156490,0.150136,1.156564,0.512855,0.424855,inf,nan,0.000000,0.424855,0.424855,0.424855,0.446113,0.079306,0.424855,0.446113,0.079306,-0.000000,0.000000,3.210508,6,4
1780631130.937269,nominal,-2.116874,33.144102,0.564310,3.160525,1.394108,-1.835640,34.719191,0.000000,45.000000,0.000024,-0.000004,-0.001818,1,4.219411,0.509876,0.221477,0.112309,0.112309,1.421177,0.029009,0.112309,0.112309,0.150136,1.242032,0.469876,0.381876,inf,nan,0.000000,0.381876,0.381876,0.381876,0.434804,0.142773,0.381876,0.434804,0.142773,-0.000000,0.000000,3.210508,10,4
1780631131.018451,nominal,-2.060443,33.460154,0.564313,3.160524,1.394108,-1.779209,35.035244,0.000000,45.000000,0.000013,-0.000002,-0.001802,1,2.253671,0.622553,0.366698,0.257572,0.257572,1.497465,0.029009,0.257572,0.257572,0.150136,1.318320,0.616697,0.528697,inf,nan,0.000000,0.528697,0.528697,0.528697,0.479659,0.151687,0.528697,0.479659,0.151687,-0.000000,0.000000,3.210508,10,4
1780631131.137744,nominal,-2.004011,33.776206,0.564314,3.160524,1.394107,-1.722777,35.351296,0.000000,45.000000,0.000005,-0.000001,-0.001786,1,5.596586,0.909194,0.683926,0.574019,0.574019,0.853189,0.029009,0.573169,0.573169,0.150136,0.674044,0.812145,0.724145,inf,nan,0.000000,0.724145,0.724145,0.724145,0.148577,-0.310329,0.724145,0.148577,-0.310329,-0.000000,0.000000,3.210508,10,4
1780631131.215619,nominal,-1.947580,34.092259,0.564314,3.160524,1.394107,-1.666346,35.667349,0.000000,45.000000,0.000000,-0.000000,-0.001771,1,1.988456,1.244494,1.018633,0.900882,0.900882,0.905617,0.029009,0.726408,0.726408,0.150136,0.726472,0.816673,0.728673,inf,nan,0.000000,0.728673,0.728673,0.728673,0.134653,0.024223,0.728673,0.134653,0.024223,-0.000000,0.000000,3.210508,10,4
1780631131.328958,nominal,-1.891148,34.408311,0.564314,3.160524,1.394107,-1.609915,35.983401,0.000000,45.000000,-0.000002,0.000000,-0.001756,1,2.418322,1.093316,0.873381,0.767984,0.767984,0.620000,0.029009,0.440855,0.440855,0.150136,0.440855,0.262177,0.174177,inf,nan,0.000000,0.174177,0.174177,0.174177,0.007893,-0.141131,0.174177,0.007893,-0.141131,-0.000000,0.000000,3.210508,10,4
1780631131.406053,nominal,-1.834717,34.724364,0.564314,3.160524,1.394107,-1.553484,36.299453,0.000000,45.000000,-0.000004,0.000001,-0.001741,1,2.895877,0.932926,0.760212,0.647076,0.647076,0.620000,0.029009,0.440834,0.440834,0.150136,0.440855,0.205462,0.117462,inf,nan,0.000000,0.117462,0.117462,0.117462,-0.034651,-0.156471,0.117462,-0.034651,-0.156471,-0.000000,0.000000,3.210508,10,4
1780631131.534253,nominal,-1.778286,35.040416,0.564314,3.160524,1.394108,-1.497053,36.615506,0.000000,45.000000,-0.000004,0.000001,-0.001726,1,3.822748,0.837882,0.718254,0.605881,0.605881,0.620000,0.029009,0.440767,0.440767,0.150136,0.440855,0.178004,0.090004,inf,nan,0.000000,0.090004,0.090004,0.090004,-0.074024,-0.182616,0.090004,-0.074024,-0.182616,-0.000000,0.000000,3.210508,10,4
1780631131.614448,nominal,-1.721854,35.356468,0.564313,3.160524,1.394108,-1.440621,36.931558,0.000000,45.000000,-0.000004,0.000001,-0.001711,1,2.053761,0.778612,0.507641,0.399095,0.399095,0.714379,0.029009,0.398853,0.398853,0.150136,0.535234,0.154524,0.066524,inf,nan,0.000000,0.066524,0.066524,0.066524,-0.109641,-0.049148,0.066524,-0.109641,-0.049148,-0.000000,0.000000,3.210508,10,4
1780631131.719822,nominal,-1.665423,35.672521,0.564313,3.160524,1.394108,-1.384190,37.247611,0.000000,45.000000,-0.000003,0.000001,-0.001697,1,2.372898,0.521616,0.277111,0.168875,0.168875,0.826520,0.029009,0.168875,0.168875,0.150136,0.647375,0.130599,0.042599,inf,nan,0.000000,0.042599,0.042599,0.042599,-0.115250,0.022601,0.042599,-0.115250,0.022601,-0.000000,0.000000,3.210508,10,4
1780631131.813418,nominal,-1.608992,35.988573,0.564313,3.160524,1.394108,-1.327759,37.563663,0.000000,45.000000,-0.000003,0.000000,-0.001682,1,3.232448,0.624430,0.512045,0.392949,0.392949,1.212123,0.029009,0.392949,0.392949,0.150136,1.032977,0.586848,0.498848,inf,nan,0.000000,0.498848,0.498848,0.498848,0.213216,0.114647,0.498848,0.213216,0.114647,-0.000000,0.000000,3.210508,10,4
1780631131.929264,nominal,-1.552560,36.304626,0.564313,3.160524,1.394108,-1.271328,37.879716,0.000000,45.000000,-0.000002,0.000000,-0.001668,1,6.271120,0.588602,0.422390,0.311257,0.311257,1.316574,0.029009,0.311257,0.311257,0.150136,1.137429,0.548602,0.460602,inf,nan,0.000000,0.460602,0.460602,0.460602,0.312640,0.127870,0.460602,0.312640,0.127870,-0.000000,0.000000,3.210508,10,4
1780631132.012581,nominal,-1.496129,36.620678,0.564312,3.160524,1.394108,-1.214897,38.195768,0.000000,45.000000,-0.000001,0.000000,-0.001653,1,2.676441,0.581008,0.389329,0.279405,0.279405,0.679103,0.029009,0.279393,0.279393,0.150136,0.499958,0.496483,0.408483,inf,nan,0.000000,0.408483,0.408483,0.408483,0.058555,-0.282174,0.408483,0.058555,-0.282174,-0.000000,0.000000,3.210508,10,4
1780631132.125111,nominal,-1.439698,36.936730,0.564312,3.160524,1.394108,-1.158465,38.511820,0.000000,45.000000,-0.000001,0.000000,-0.001639,1,2.285592,0.562988,0.292045,0.184780,0.184780,0.620000,0.029009,0.184776,0.184776,0.150136,0.440855,0.222893,0.134893,inf,nan,0.000000,0.134893,0.134893,0.134893,-0.012316,-0.310999,0.134893,-0.012316,-0.310999,-0.000000,0.000000,3.210508,10,4
1780631132.214657,nominal,-1.383267,37.252783,0.564312,3.160524,1.394108,-1.102034,38.827873,0.000000,45.000000,-0.000001,0.000000,-0.001625,1,2.003897,0.882258,0.607064,0.491377,0.491377,0.620000,0.029009,0.436354,0.436354,0.150136,0.440855,0.115918,0.027918,inf,nan,0.000000,0.027918,0.027918,0.027918,-0.055824,-0.393244,0.027918,-0.055824,-0.393244,-0.000000,0.000000,3.210508,10,4
1780631132.325667,nominal,-1.326835,37.568835,0.564312,3.160524,1.394108,-1.045603,39.143925,0.000000,45.000000,-0.000000,0.000000,-0.001611,1,2.551102,1.197007,0.913107,0.786915,0.786915,0.620000,0.029009,0.440855,0.440855,0.150136,0.440855,0.090177,0.002177,inf,nan,0.000000,0.002177,0.002177,0.002177,-0.102095,-0.071547,0.002177,-0.102095,-0.071547,-0.000000,0.000000,3.210508,10,4
1780631132.411686,nominal,-1.270404,37.884888,0.564312,3.160524,1.394108,-0.989172,39.459978,0.000000,45.000000,-0.000000,0.000000,-0.001597,1,1.824433,0.881012,0.602090,0.487542,0.487542,0.620000,0.029009,0.435762,0.435762,0.150136,0.440855,-0.060183,-0.148183,inf,nan,0.000000,-0.148183,-0.148183,-0.148183,-0.135182,-0.128171,-0.148183,-0.135182,-0.128171,-0.000000,0.000000,3.210508,10,4
1780631132.506247,nominal,-1.213973,38.200940,0.564312,3.160524,1.394108,-0.932741,39.776030,0.000000,45.000000,-0.000000,0.000000,-0.001584,1,1.792646,0.592848,0.318743,0.208162,0.208162,0.620000,0.029009,0.208154,0.208154,0.150136,0.440855,-0.065113,-0.153113,inf,nan,0.000000,-0.153113,-0.153113,-0.153113,-0.151549,-0.185322,-0.153113,-0.151549,-0.185322,-0.000000,0.000000,3.210508,10,4
1780631132.607288,nominal,-1.157542,38.516993,0.564312,3.160524,1.394108,-0.876309,40.092082,0.000000,45.000000,-0.000000,0.000000,-0.001570,1,1.785894,0.621036,0.361288,0.249196,0.249196,0.620000,0.029009,0.249161,0.249161,0.150136,0.440855,-0.059156,-0.147156,inf,nan,0.000000,-0.147156,-0.147156,-0.147156,-0.135225,-0.068958,-0.147156,-0.135225,-0.068958,-0.000000,0.000000,3.210508,10,4
1780631132.737148,nominal,-1.101111,38.833045,0.564312,3.160524,1.394108,-0.819878,40.408135,0.000000,45.000000,0.000000,-0.000000,-0.001557,1,3.723143,0.525484,0.258539,0.153364,0.153364,0.653026,0.029009,0.153363,0.153363,0.150136,0.473881,0.006156,-0.081844,inf,nan,0.000000,-0.081844,-0.081844,-0.081844,-0.180967,-0.078560,-0.081844,-0.180967,-0.078560,-0.000000,0.000000,3.210508,10,4
1780631132.807434,nominal,-1.044679,39.149097,0.564312,3.160524,1.394108,-0.763447,40.724187,0.000000,45.000000,0.000000,-0.000000,-0.001543,1,7.207108,inf,inf,inf,inf,inf,0.029009,inf,inf,0.150136,inf,inf,inf,inf,nan,0.000000,inf,inf,inf,inf,inf,inf,inf,inf,-0.000000,0.000000,3.210508,0,4
1780631132.899828,nominal,-0.988248,39.465150,0.564312,3.160524,1.394108,-0.707016,41.040240,0.000000,45.000000,0.000000,-0.000000,-0.001530,1,1.849086,0.526173,0.250298,0.134942,0.134942,1.424635,0.029009,0.134942,0.134942,0.150136,1.245490,0.486173,0.398173,inf,nan,0.000000,0.398173,0.398173,0.398173,0.433022,0.142876,0.398173,0.433022,0.142876,-0.000000,0.000000,3.210508,1,4
1780631132.997380,nominal,-0.931817,39.781202,0.564312,3.160524,1.394108,-0.650585,41.356292,0.000000,45.000000,0.000000,-0.000000,-0.001517,1,1.829519,inf,inf,inf,inf,inf,0.029009,inf,inf,0.150136,inf,inf,inf,inf,nan,0.000000,inf,inf,inf,inf,inf,inf,inf,inf,-0.000000,0.000000,3.210508,0,4
1780631133.102064,nominal,-0.875386,40.097255,0.564312,3.160524,1.394108,-0.594153,41.672345,0.000000,45.000000,0.000000,-0.000000,-0.001504,1,2.177331,0.569576,0.294424,0.180919,0.180919,1.440094,0.029009,0.180919,0.180919,0.150136,1.260949,0.529576,0.441576,inf,nan,0.000000,0.441576,0.441576,0.441576,0.442672,0.143974,0.441576,0.442672,0.143974,-0.000000,0.000000,3.210508,5,4
1780631133.200694,nominal,-0.818955,40.413307,0.564312,3.160524,1.394108,-0.537722,41.988397,0.000000,45.000000,0.000000,-0.000000,-0.001491,1,1.815727,0.506269,0.216876,0.108225,0.108225,1.304071,0.029009,0.108225,0.108225,0.150136,1.124926,0.466269,0.378269,inf,nan,0.000000,0.378269,0.378269,0.378269,0.426982,0.051236,0.378269,0.426982,0.051236,-0.000000,0.000000,3.210508,10,4
1780631133.307647,nominal,-0.762523,40.729359,0.564312,3.160524,1.394108,-0.481291,42.304449,0.000000,45.000000,0.000000,-0.000000,-0.001478,1,1.793941,0.712611,0.436307,0.318800,0.318800,1.224682,0.029009,0.318800,0.318800,0.150136,1.045537,0.672611,0.584611,inf,nan,0.000000,0.584611,0.584611,0.584611,0.320272,-0.017783,0.584611,0.320272,-0.017783,-0.000000,0.000000,3.210508,10,4
1780631133.403854,nominal,-0.706092,41.045412,0.564312,3.160524,1.394108,-0.424860,42.620502,0.000000,45.000000,0.000000,-0.000000,-0.001466,1,1.813433,1.017743,0.763974,0.648618,0.648618,0.696371,0.029009,0.516940,0.516940,0.150136,0.517226,0.398194,0.310194,inf,nan,0.000000,0.310194,0.310194,0.310194,-0.007791,-0.132931,0.310194,-0.007791,-0.132931,-0.000000,0.000000,3.210508,10,4
1780631133.515545,nominal,-0.649661,41.361464,0.564312,3.160524,1.394108,-0.368429,42.936554,0.000000,45.000000,0.000000,-0.000000,-0.001453,1,1.816825,0.698928,0.444133,0.340181,0.340181,0.620000,0.029009,0.339351,0.339351,0.150136,0.440855,0.248743,0.160743,inf,nan,0.000000,0.160743,0.160743,0.160743,-0.050217,-0.070153,0.160743,-0.050217,-0.070153,-0.000000,0.000000,3.210508,10,4
1780631133.618988,nominal,-0.593230,41.677517,0.564312,3.160524,1.394108,-0.311997,43.252607,0.000000,45.000000,0.000000,-0.000000,-0.001441,1,2.266162,0.517554,0.332736,0.221162,0.221162,0.620000,0.029009,0.221149,0.221149,0.150136,0.440855,-0.035968,-0.123968,inf,nan,0.000000,-0.123968,-0.123968,-0.123968,-0.177052,-0.223735,-0.123968,-0.177052,-0.223735,-0.000000,0.000000,3.210508,10,4
1780631133.732748,nominal,-0.536799,41.993569,0.564312,3.160524,1.394108,-0.255566,43.568659,0.000000,45.000000,0.000000,-0.000000,-0.001428,1,3.154939,0.571162,0.385388,0.273251,0.273251,0.662711,0.029009,0.273233,0.273233,0.150136,0.483566,-0.055813,-0.143813,inf,nan,0.000000,-0.143813,-0.143813,-0.143813,-0.204108,-0.207537,-0.143813,-0.204108,-0.207537,-0.000000,0.000000,3.210508,10,4
1780631133.800777,nominal,-0.480367,42.309622,0.564312,3.160524,1.394108,-0.199135,43.884712,0.000000,45.000000,0.000000,-0.000000,-0.001416,1,1.833463,0.525508,0.245580,0.135245,0.135245,0.765371,0.029009,0.135245,0.135245,0.150136,0.586226,-0.093480,-0.181480,inf,nan,0.000000,-0.181480,-0.181480,-0.181480,-0.242635,-0.089923,-0.181480,-0.242635,-0.089923,-0.000000,0.000000,3.210508,10,4
1780631133.912748,nominal,-0.423936,42.625674,0.564312,3.160524,1.394108,-0.142704,44.200764,0.000000,45.000000,0.000000,-0.000000,-0.001404,1,2.290964,0.520165,0.353915,0.221528,0.221528,0.974374,0.029009,0.221528,0.221528,0.150136,0.795229,0.405002,0.317002,inf,nan,0.000000,0.317002,0.317002,0.317002,0.042486,0.091805,0.317002,0.042486,0.091805,-0.000000,0.000000,3.210508,9,4
1780631133.997413,nominal,-0.367505,42.941726,0.564312,3.160524,1.394108,-0.086273,44.516816,0.000000,45.000000,-0.000000,0.000000,-0.001392,1,1.871543,inf,inf,inf,inf,inf,0.029009,inf,inf,0.150136,inf,inf,inf,inf,nan,0.000000,inf,inf,inf,inf,inf,inf,inf,inf,-0.000000,0.000000,3.210508,0,4
1780631134.121812,nominal,-0.311074,43.257779,0.564312,3.160524,1.394108,-0.029841,44.832869,0.000000,45.000000,-0.000000,0.000000,-0.001380,1,8.228175,0.548668,0.370871,0.242715,0.242715,0.687800,0.029009,0.242712,0.242712,0.150136,0.508655,0.135848,0.047848,inf,nan,0.000000,0.047848,0.047848,0.047848,-0.127183,-0.239671,0.047848,-0.127183,-0.239671,-0.000000,0.000000,3.210508,6,4
1780631134.219134,nominal,-0.254643,43.573831,0.564312,3.160524,1.394108,0.000000,45.000000,0.000000,45.000000,-0.236838,-1.326453,-0.001368,1,2.450722,0.549282,0.267426,0.151485,0.151485,0.620000,0.026011,0.151484,0.151484,0.150136,0.443853,-0.141062,-0.229062,inf,nan,0.000000,-0.229062,-0.229062,-0.229062,-0.196481,-0.101226,-0.229062,-0.196481,-0.101226,-0.000000,0.000000,3.210508,10,4
1780631134.333691,nominal,-0.199396,43.883251,0.540628,3.027879,1.394108,0.000000,45.000000,0.000000,45.000000,-0.641631,-3.593564,-0.001356,1,4.078416,0.540091,0.268846,0.161292,0.161292,0.642557,0.019717,0.161291,0.161291,0.143303,0.479537,0.134265,0.046265,inf,nan,0.000000,0.046265,0.046265,0.046265,-0.118079,0.021459,0.046265,-0.118079,0.021459,-0.000000,0.000000,3.075765,10,4
1780631134.418722,nominal,-0.148541,44.168071,0.476465,2.668523,1.394108,0.000000,45.000000,0.000000,45.000000,-0.840264,-4.706034,-0.001345,1,5.216327,0.564950,0.424456,0.314750,0.314750,0.633694,0.013460,0.314698,0.314698,0.125245,0.494989,0.392406,0.304406,inf,nan,0.000000,0.304406,0.304406,0.304406,0.033826,-0.076577,0.304406,0.033826,-0.076577,-0.000000,0.000000,2.710725,10,4
1780631134.526068,nominal,-0.105096,44.411394,0.392439,2.197919,1.394108,0.000000,45.000000,0.000000,45.000000,-0.869202,-4.868107,-0.001333,1,5.392511,0.596570,0.395874,0.287523,0.287523,0.883389,0.008306,0.287523,0.287523,0.102606,0.772478,0.556570,0.468570,inf,nan,0.000000,0.468570,0.468570,0.468570,0.237426,0.052470,0.468570,0.237426,0.052470,-0.000000,0.000000,2.232679,9,4
1780631134.606702,nominal,-0.070198,44.606845,0.305519,1.711108,1.394108,0.000000,45.000000,0.000000,45.000000,-0.796384,-4.460279,-0.001321,1,6.507686,inf,inf,inf,inf,inf,0.004662,inf,inf,0.080389,inf,inf,inf,inf,nan,0.000000,inf,inf,inf,inf,inf,inf,inf,inf,-0.000000,0.000000,1.738170,0,4
1780631134.714183,nominal,-0.043628,44.755654,0.225880,1.265081,1.394108,0.000000,45.000000,0.000000,45.000000,-0.674049,-3.775125,-0.001309,1,5.880846,0.555103,0.312164,0.208870,0.208870,0.769360,0.002382,0.208870,0.208870,0.061107,0.705871,0.515103,0.427103,inf,nan,0.000000,0.427103,0.427103,0.427103,0.193503,0.036413,0.427103,0.193503,0.036413,-0.000000,0.000000,1.285088,1,4
1780631134.810154,nominal,-0.024410,44.863287,0.158475,0.887568,1.394108,0.000000,45.000000,0.000000,45.000000,-0.536803,-3.006456,-0.001298,1,6.227836,0.537041,0.270016,0.164616,0.164616,0.690866,0.001101,0.164616,0.164616,0.045588,0.644176,0.497041,0.409041,inf,nan,0.000000,0.409041,0.409041,0.409041,0.134616,0.021414,0.409041,0.134616,0.021414,-0.000000,0.000000,0.901605,5,4
1780631134.904110,nominal,-0.011247,44.937011,0.104795,0.586922,1.394108,0.000000,45.000000,0.000000,45.000000,-0.405431,-2.270687,-0.001287,1,2.062609,0.534629,0.278272,0.169548,0.169548,0.672959,0.000453,0.169548,0.169548,0.033756,0.638750,0.488846,0.400846,inf,nan,0.000000,0.400846,0.400846,0.400846,0.117335,0.024011,0.400846,0.117335,0.024011,-0.000000,0.000000,0.596205,5,4
1780631135.010247,nominal,-0.002794,44.984350,0.064252,0.359854,1.394108,0.000000,45.000000,0.000000,45.000000,-0.290854,-1.628980,-0.001276,1,4.483973,0.511152,0.242609,0.136951,0.136951,0.651063,0.000162,0.136951,0.136951,0.025128,0.625773,0.471152,0.383152,inf,nan,0.000000,0.383152,0.383152,0.383152,0.117041,0.021943,0.383152,0.117041,0.021943,-0.000000,0.000000,0.365545,6,4
1780631135.103488,nominal,0.002177,45.012191,0.035166,0.196956,1.394108,0.000000,45.000000,0.000000,45.000000,-0.197393,-1.105535,-0.001265,1,1.836983,0.521176,0.248355,0.139956,0.139956,0.638943,0.000049,0.139956,0.139956,0.019103,0.619792,0.473621,0.385621,inf,nan,0.000000,0.385621,0.385621,0.385621,0.111922,0.021187,0.385621,0.111922,0.021187,-0.000000,0.000000,0.200071,7,4
1780631135.208564,nominal,0.004706,45.026359,0.015427,0.086402,1.039885,0.000000,45.000000,0.000000,45.000000,-0.125265,-0.701568,0.037319,1,6.193871,0.533886,0.298472,0.193259,0.193259,0.660689,0.000014,0.193259,0.193259,0.015091,0.645584,0.471207,0.383207,inf,nan,0.000000,0.383207,0.383207,0.383207,0.111890,0.021484,0.383207,0.111890,0.021484,-0.000000,0.000000,0.087769,6,4
1780631135.317084,nominal,0.005623,45.031491,0.002901,0.016245,0.687281,0.000000,45.000000,0.000000,45.000000,-0.072391,-0.405438,0.085123,1,6.576477,0.542858,0.375203,0.264129,0.264129,0.683087,0.000007,0.264129,0.264129,0.012578,0.670502,0.494305,0.406305,inf,nan,0.000000,0.406305,0.406305,0.406305,0.121230,0.023936,0.406305,0.121230,0.023936,-0.000000,0.000000,0.016502,1,4
1780631135.405328,nominal,0.005551,45.031088,-0.004338,-0.024298,0.336526,0.000000,45.000000,0.000000,45.000000,-0.035635,-0.199579,0.134726,1,4.871003,0.529363,0.306537,0.201606,0.201606,0.653413,0.000007,0.201606,0.201606,0.012865,0.640540,0.479416,0.391416,inf,nan,0.000000,0.391416,0.391416,0.391416,0.116860,0.023086,0.391416,0.116860,0.023086,-0.000000,0.000000,0.024683,1,4
1780631135.510482,nominal,0.004939,45.027661,-0.007902,-0.044256,-0.013542,0.000000,45.000000,0.000000,45.000000,-0.011597,-0.064953,0.184388,1,5.276369,inf,inf,inf,inf,inf,0.000008,inf,inf,0.013579,inf,inf,inf,inf,nan,0.000000,inf,inf,inf,inf,inf,inf,inf,inf,-0.000000,0.000000,0.044956,0,4
1780631135.608626,nominal,0.004091,45.022910,-0.009062,-0.050751,-0.363534,0.000000,45.000000,0.000000,45.000000,0.002916,0.016330,0.233742,1,7.197085,inf,inf,inf,inf,inf,0.000007,inf,inf,0.013811,inf,inf,inf,inf,nan,0.000000,inf,inf,inf,inf,inf,inf,inf,inf,-0.000000,0.000000,0.051554,0,4
1780631135.718510,nominal,0.003199,45.017917,-0.008770,-0.049118,-0.713533,0.000000,45.000000,0.000000,45.000000,0.010656,0.059680,0.282713,1,6.923853,0.511639,0.230962,0.117982,0.117982,0.620000,0.000005,0.117982,0.117982,0.013753,0.606242,0.465788,0.377788,inf,nan,0.000000,0.377788,0.377788,0.377788,0.113174,0.022525,0.377788,0.113174,0.022525,-0.000000,0.000000,0.049895,1,4
1780631135.804479,nominal,0.002375,45.013303,-0.007705,-0.043151,-1.063514,0.000000,45.000000,0.000000,45.000000,0.013846,0.077545,0.331299,1,4.835409,inf,inf,inf,inf,inf,0.000003,inf,inf,0.013539,inf,inf,inf,inf,nan,0.000000,inf,inf,inf,inf,inf,inf,inf,inf,-0.000000,0.000000,0.043833,0,4
1780631135.916631,nominal,0.001674,45.009376,-0.006320,-0.035396,-1.413494,0.000000,45.000000,0.000000,45.000000,0.014186,0.079449,0.379842,1,5.898516,inf,inf,inf,inf,inf,0.000002,inf,inf,0.013262,inf,inf,inf,inf,nan,0.000000,inf,inf,inf,inf,inf,inf,inf,inf,-0.000000,0.000000,0.035956,0,4
1780631136.007068,nominal,0.001113,45.006234,-0.004901,-0.027451,-1.597179,0.000000,45.000000,0.000000,45.000000,0.012912,0.072315,0.634813,1,7.208348,inf,inf,inf,inf,inf,0.000001,inf,inf,0.012978,inf,inf,inf,inf,nan,0.000000,inf,inf,inf,inf,inf,inf,inf,inf,-0.000000,0.000000,0.027885,0,4
1780631136.117872,nominal,0.000687,45.003850,-0.003610,-0.020220,-1.679843,0.000000,45.000000,0.000000,45.000000,0.010875,0.060908,0.791834,1,9.584637,inf,inf,inf,inf,inf,0.000001,inf,inf,0.012720,inf,inf,inf,inf,nan,0.000000,inf,inf,inf,inf,inf,inf,inf,inf,-0.000000,0.000000,0.020539,0,4
1780631136.210734,nominal,0.000381,45.002133,-0.002523,-0.014129,-1.717044,0.000000,45.000000,0.000000,45.000000,0.008626,0.048309,0.724658,1,10.825905,0.525157,0.368336,0.261106,0.261106,0.665519,0.000000,0.261106,0.261106,0.012503,0.653016,0.484394,0.396394,inf,nan,0.000000,0.396394,0.396394,0.396394,0.118805,0.023783,0.396394,0.118805,0.023783,-0.000000,0.000000,0.014352,1,4
1780631136.321066,nominal,0.000172,45.000961,-0.001660,-0.009298,-1.733786,0.000000,45.000000,0.000000,45.000000,0.006490,0.036349,0.566425,1,10.850621,0.528590,0.378647,0.272667,0.272667,0.671026,0.000000,0.272667,0.272667,0.012331,0.658695,0.488215,0.400215,inf,nan,0.000000,0.400215,0.400215,0.400215,0.119985,0.024020,0.400215,0.119985,0.024020,-0.000000,0.000000,0.009445,1,4
1780631136.408070,nominal,0.000038,45.000213,-0.001011,-0.005663,-1.741320,0.000000,45.000000,0.000000,45.000000,0.004638,0.025976,0.457533,1,7.106768,inf,inf,inf,inf,inf,0.000000,inf,inf,0.012201,inf,inf,inf,inf,nan,0.000000,inf,inf,inf,inf,inf,inf,inf,inf,-0.000000,0.000000,0.005753,0,4
1780631136.519419,nominal,-0.000040,44.999777,-0.000547,-0.003065,-1.744711,0.000000,45.000000,0.000000,45.000000,0.003134,0.017552,0.425434,1,4.093362,0.526388,0.378737,0.273048,0.273048,0.671246,0.000000,0.273048,0.273048,0.012109,0.659137,0.486314,0.398314,inf,nan,0.000000,0.398314,0.398314,0.398314,0.119461,0.023912,0.398314,0.119461,0.023912,-0.000000,0.000000,0.003114,1,4
1780631136.602310,nominal,-0.000079,44.999558,-0.000234,-0.001310,-1.394709,0.000000,45.000000,0.000000,45.000000,0.001977,0.011075,0.375414,1,3.168145,0.517857,0.310028,0.202890,0.202890,0.635350,0.000000,0.202890,0.202890,0.012047,0.623304,0.477835,0.389835,inf,nan,0.000000,0.389835,0.389835,0.389835,0.116935,0.023405,0.389835,0.116935,0.023405,-0.000000,0.000000,0.001331,1,4
1780631136.720040,nominal,-0.000092,44.999482,-0.000036,-0.000203,-1.044709,0.000000,45.000000,0.000000,45.000000,0.001133,0.006345,0.322340,1,5.681418,0.527421,0.269995,0.166552,0.166552,0.620000,0.000000,0.166552,0.166552,0.012007,0.607993,0.487421,0.399421,inf,nan,0.000000,0.399421,0.399421,0.399421,0.119829,0.023977,0.399421,0.119829,0.023977,-0.000000,0.000000,0.000206,1,4
1780631136.806116,nominal,-0.000090,44.999494,0.000077,0.000432,-0.694709,0.000000,45.000000,0.000000,45.000000,0.000548,0.003070,0.268875,1,5.706894,0.518276,0.239210,0.125419,0.125419,0.620000,0.000000,0.125419,0.125419,0.012015,0.607985,0.478276,0.390276,inf,nan,0.000000,0.390276,0.390276,0.390276,0.117100,0.023429,0.390276,0.117100,0.023429,-0.000000,0.000000,0.000439,1,4
1780631136.917558,nominal,-0.000080,44.999552,0.000132,0.000739,-0.344709,0.000000,45.000000,0.000000,45.000000,0.000168,0.000939,0.215665,1,6.806672,inf,inf,inf,inf,inf,0.000000,inf,inf,0.012026,inf,inf,inf,inf,nan,0.000000,inf,inf,inf,inf,inf,inf,inf,inf,-0.000000,0.000000,0.000750,0,4
1780631137.006235,nominal,-0.000066,44.999631,0.000149,0.000833,0.005291,0.000000,45.000000,0.000000,45.000000,-0.000060,-0.000338,0.162863,1,5.662800,0.520834,0.251426,0.145335,0.145335,0.628015,0.000000,0.145335,0.145335,0.012030,0.615985,0.480834,0.392834,inf,nan,0.000000,0.392834,0.392834,0.392834,0.117874,0.023578,0.392834,0.117874,0.023578,-0.000000,0.000000,0.000846,1,4
1780631137.107510,nominal,-0.000051,44.999712,0.000143,0.000799,0.355291,0.000000,45.000000,0.000000,45.000000,-0.000180,-0.001011,0.110504,1,3.544152,0.511595,0.284557,0.180134,0.180134,0.651549,0.000000,0.180134,0.180134,0.012028,0.639521,0.471595,0.383595,inf,nan,0.000000,0.383595,0.383595,0.383595,0.115101,0.023022,0.383595,0.115101,0.023022,-0.000000,0.000000,0.000812,1,4
1780631137.207071,nominal,-0.000038,44.999787,0.000125,0.000698,0.705291,0.000000,45.000000,0.000000,45.000000,-0.000228,-0.001279,0.058592,1,6.549731,inf,inf,inf,inf,inf,0.000000,inf,inf,0.012025,inf,inf,inf,inf,nan,0.000000,inf,inf,inf,inf,inf,inf,inf,inf,-0.000000,0.000000,0.000709,0,4
1780631137.311826,nominal,-0.000027,44.999851,0.000102,0.000570,1.055291,0.000000,45.000000,0.000000,45.000000,-0.000231,-0.001296,0.007125,1,6.263308,inf,inf,inf,inf,inf,0.000000,inf,inf,0.012020,inf,inf,inf,inf,nan,0.000000,inf,inf,inf,inf,inf,inf,inf,inf,-0.000000,0.000000,0.000579,0,4
1780631137.402788,nominal,-0.000018,44.999901,0.000079,0.000440,1.241641,0.000000,45.000000,0.000000,45.000000,-0.000209,-0.001172,-0.026080,1,3.929201,0.511642,0.380382,0.273710,0.273710,0.674241,0.000000,0.273710,0.273710,0.012016,0.662225,0.471642,0.383642,inf,nan,0.000000,0.383642,0.383642,0.383642,0.115102,0.023020,0.383642,0.115102,0.023020,-0.000000,0.000000,0.000447,1,4
1780631137.511471,nominal,-0.000011,44.999939,0.000058,0.000323,1.325498,0.000000,45.000000,0.000000,45.000000,-0.000175,-0.000982,-0.043346,1,3.606470,0.520929,0.377447,0.272069,0.272069,0.671966,0.000000,0.272069,0.272069,0.012011,0.659954,0.480929,0.392929,inf,nan,0.000000,0.392929,0.392929,0.392929,0.117884,0.023577,0.392929,0.117884,0.023577,-0.000000,0.000000,0.000328,1,4
1780631137.607445,nominal,-0.000006,44.999967,0.000040,0.000225,1.363234,0.000000,45.000000,0.000000,45.000000,-0.000139,-0.000776,-0.051494,1,6.886569,inf,inf,inf,inf,inf,0.000000,inf,inf,0.012008,inf,inf,inf,inf,nan,0.000000,inf,inf,inf,inf,inf,inf,inf,inf,-0.000000,0.000000,0.000228,0,4
1780631137.718360,nominal,-0.000003,44.999985,0.000026,0.000147,1.380215,0.000000,45.000000,0.000000,45.000000,-0.000104,-0.000582,-0.055050,1,7.368315,inf,inf,inf,inf,inf,0.000000,inf,inf,0.012005,inf,inf,inf,inf,nan,0.000000,inf,inf,inf,inf,inf,inf,inf,inf,-0.000000,0.000000,0.000150,0,4
1780631137.805910,nominal,-0.000001,44.999997,0.000016,0.000089,1.387856,0.000000,45.000000,0.000000,45.000000,-0.000074,-0.000414,-0.056419,1,5.156256,0.511618,0.359851,0.253853,0.253853,0.661928,0.000000,0.253853,0.253853,0.012003,0.649925,0.471618,0.383618,inf,nan,0.000000,0.383618,0.383618,0.383618,0.115085,0.023017,0.383618,0.115085,0.023017,-0.000000,0.000000,0.000090,1,4
1780631137.916239,nominal,0.000001,45.000004,0.000009,0.000048,1.391295,0.000000,45.000000,0.000000,45.000000,-0.000050,-0.000279,-0.056774,1,5.851887,inf,inf,inf,inf,inf,0.000000,inf,inf,0.012002,inf,inf,inf,inf,nan,0.000000,inf,inf,inf,inf,inf,inf,inf,inf,-0.000000,0.000000,0.000048,0,4
1780631138.008275,nominal,0.000001,45.000007,0.000004,0.000020,1.041295,0.000000,45.000000,0.000000,45.000000,-0.000031,-0.000175,-0.018386,1,7.109105,inf,inf,inf,inf,inf,0.000000,inf,inf,0.012001,inf,inf,inf,inf,nan,0.000000,inf,inf,inf,inf,inf,inf,inf,inf,-0.000000,0.000000,0.000020,0,4
1780631138.119696,nominal,0.000002,45.000009,0.000000,0.000002,0.691295,0.000000,45.000000,0.000000,45.000000,-0.000018,-0.000099,0.029442,1,7.197960,inf,inf,inf,inf,inf,0.000000,inf,inf,0.012000,inf,inf,inf,inf,nan,0.000000,inf,inf,inf,inf,inf,inf,inf,inf,-0.000000,0.000000,0.000002,0,4
1780631138.208155,nominal,0.000001,45.000008,-0.000001,-0.000008,0.341295,0.000000,45.000000,0.000000,45.000000,-0.000008,-0.000047,0.079324,1,8.035479,inf,inf,inf,inf,inf,0.000000,inf,inf,0.012000,inf,inf,inf,inf,nan,0.000000,inf,inf,inf,inf,inf,inf,inf,inf,-0.000000,0.000000,0.000008,0,4
1780631138.316597,nominal,0.000001,45.000007,-0.000002,-0.000012,-0.008705,0.000000,45.000000,0.000000,45.000000,-0.000002,-0.000013,0.129401,1,6.645003,0.511597,0.241372,0.134955,0.134955,0.622676,0.000000,0.134955,0.134955,0.012000,0.610675,0.471595,0.383595,inf,nan,0.000000,0.383595,0.383595,0.383595,0.115078,0.023016,0.383595,0.115078,0.023016,-0.000000,0.000000,0.000013,1,4
1780631138.408484,nominal,0.000001,45.000006,-0.000002,-0.000014,-0.358705,0.000000,45.000000,0.000000,45.000000,0.000001,0.000007,0.179208,1,7.235230,inf,inf,inf,inf,inf,0.000000,inf,inf,0.012000,inf,inf,inf,inf,nan,0.000000,inf,inf,inf,inf,inf,inf,inf,inf,-0.000000,0.000000,0.000014,0,4
1780631138.519843,nominal,0.000001,45.000005,-0.000002,-0.000013,-0.708705,0.000000,45.000000,0.000000,45.000000,0.000003,0.000017,0.228631,1,7.254815,0.513460,0.252712,0.135776,0.135776,0.620000,0.000000,0.135776,0.135776,0.012000,0.608000,0.473460,0.385460,inf,nan,0.000000,0.385460,0.385460,0.385460,0.115638,0.023128,0.385460,0.115638,0.023128,-0.000000,0.000000,0.000013,2,4
1780631138.606913,nominal,0.000001,45.000003,-0.000002,-0.000011,-1.058705,0.000000,45.000000,0.000000,45.000000,0.000004,0.000021,0.277648,1,5.829568,0.530203,0.274625,0.171310,0.171310,0.620009,0.000000,0.171310,0.171310,0.012000,0.608008,0.490202,0.402202,inf,nan,0.000000,0.402202,0.402202,0.402202,0.120661,0.024132,0.402202,0.120661,0.024132,-0.000000,0.000000,0.000011,1,4
1780631138.724938,nominal,0.000000,45.000002,-0.000002,-0.000009,-1.408705,0.000000,45.000000,0.000000,45.000000,0.000004,0.000021,0.326266,1,8.124361,0.525875,0.327811,0.218953,0.218953,0.642661,0.000000,0.218953,0.218953,0.012000,0.630661,0.485874,0.397874,inf,nan,0.000000,0.397874,0.397874,0.397874,0.119362,0.023872,0.397874,0.119362,0.023872,-0.000000,0.000000,0.000009,1,4
1780631138.799742,nominal,0.000000,45.000002,-0.000001,-0.000007,-1.595034,0.000000,45.000000,0.000000,45.000000,0.000003,0.000019,0.356651,1,2.480708,0.541403,0.373727,0.262667,0.262667,0.665564,0.000000,0.262667,0.262667,0.012000,0.653564,0.501402,0.413402,inf,nan,0.000000,0.413402,0.413402,0.413402,0.124021,0.024804,0.413402,0.124021,0.024804,-0.000000,0.000000,0.000007,1,4
1780631138.919393,nominal,0.000000,45.000001,-0.000001,-0.000005,-1.678882,0.000000,45.000000,0.000000,45.000000,0.000003,0.000016,0.371110,1,5.761163,0.530146,0.368241,0.259494,0.259494,0.664787,0.000000,0.259494,0.259494,0.012000,0.652787,0.490145,0.402145,inf,nan,0.000000,0.402145,0.402145,0.402145,0.120644,0.024129,0.402145,0.120644,0.024129,-0.000000,0.000000,0.000005,1,4
1780631139.009847,nominal,0.000000,45.000001,-0.000001,-0.000004,-1.716613,0.000000,45.000000,0.000000,45.000000,0.000002,0.000012,0.376459,1,7.298953,0.539113,0.386739,0.280238,0.280238,0.674942,0.000000,0.280238,0.280238,0.012000,0.662942,0.499113,0.411113,inf,nan,0.000000,0.411113,0.411113,0.411113,0.123334,0.024667,0.411113,0.123334,0.024667,-0.000000,0.000000,0.000004,1,4
1780631139.114368,nominal,0.000000,45.000000,-0.000000,-0.000002,-1.733592,0.000000,45.000000,0.000000,45.000000,0.000002,0.000009,0.377229,1,6.342268,inf,inf,inf,inf,inf,0.000000,inf,inf,0.012000,inf,inf,inf,inf,nan,0.000000,inf,inf,inf,inf,inf,inf,inf,inf,-0.000000,0.000000,0.000002,0,4
1780631139.206256,nominal,0.000000,45.000000,-0.000000,-0.000001,-1.741233,0.000000,45.000000,0.000000,45.000000,0.000001,0.000007,0.375829,1,5.274879,0.539374,0.385199,0.278356,0.278356,0.674833,0.000000,0.278356,0.278356,0.012000,0.662832,0.499374,0.411374,inf,nan,0.000000,0.411374,0.411374,0.411374,0.123412,0.024682,0.411374,0.123412,0.024682,-0.000000,0.000000,0.000001,1,4
1780631139.317787,nominal,-0.000000,45.000000,-0.000000,-0.000001,-1.744671,0.000000,45.000000,0.000000,45.000000,0.000001,0.000004,0.373438,1,7.619541,inf,inf,inf,inf,inf,0.000000,inf,inf,0.012000,inf,inf,inf,inf,nan,0.000000,inf,inf,inf,inf,inf,inf,inf,inf,-0.000000,0.000000,0.000001,0,4
1780631139.405921,nominal,-0.000000,45.000000,-0.000000,-0.000000,-1.394671,0.000000,45.000000,0.000000,45.000000,0.000000,0.000003,0.332279,1,5.090225,0.518533,0.309999,0.202980,0.202980,0.635482,0.000000,0.202980,0.202980,0.012000,0.623482,0.478533,0.390533,inf,nan,0.000000,0.390533,0.390533,0.390533,0.117160,0.023432,0.390533,0.117160,0.023432,-0.000000,0.000000,0.000000,1,4
1780631139.516077,nominal,-0.000000,45.000000,-0.000000,-0.000000,-1.044671,0.000000,45.000000,0.000000,45.000000,0.000000,0.000002,0.281726,1,4.497015,0.539113,0.281826,0.178330,0.178330,0.623839,0.000000,0.178330,0.178330,0.012000,0.611839,0.499113,0.411113,inf,nan,0.000000,0.411113,0.411113,0.411113,0.123334,0.024667,0.411113,0.123334,0.024667,-0.000000,0.000000,0.000000,1,4
1780631139.608678,nominal,-0.000000,45.000000,0.000000,0.000000,-0.694671,0.000000,45.000000,0.000000,45.000000,0.000000,0.000001,0.229161,1,6.787194,0.525876,0.250756,0.135038,0.135038,0.620000,0.000000,0.135038,0.135038,0.012000,0.608000,0.485876,0.397876,inf,nan,0.000000,0.397876,0.397876,0.397876,0.119363,0.023873,0.397876,0.119363,0.023873,-0.000000,0.000000,0.000000,1,4
1780631139.714111,nominal,-0.000000,45.000000,0.000000,0.000000,-0.344671,0.000000,45.000000,0.000000,45.000000,0.000000,0.000000,0.176433,1,4.300392,inf,inf,inf,inf,inf,0.000000,inf,inf,0.012000,inf,inf,inf,inf,nan,0.000000,inf,inf,inf,inf,inf,inf,inf,inf,-0.000000,0.000000,0.000000,0,4
1780631139.802563,nominal,-0.000000,45.000000,0.000000,0.000000,0.005329,0.000000,45.000000,0.000000,45.000000,-0.000000,-0.000000,0.124006,1,3.429120,0.511594,0.242249,0.136267,0.136267,0.623653,0.000000,0.136267,0.136267,0.012000,0.611653,0.471594,0.383594,inf,nan,0.000000,0.383594,0.383594,0.383594,0.115078,0.023016,0.383594,0.115078,0.023016,-0.000000,0.000000,0.000000,1,4
1780631139.918339,nominal,-0.000000,45.000000,0.000000,0.000000,0.355329,0.000000,45.000000,0.000000,45.000000,-0.000000,-0.000000,0.071990,1,7.149750,inf,inf,inf,inf,inf,0.000000,inf,inf,0.012000,inf,inf,inf,inf,nan,0.000000,inf,inf,inf,inf,inf,inf,inf,inf,-0.000000,0.000000,0.000000,0,4
1780631140.005958,nominal,-0.000000,45.000000,0.000000,0.000000,0.705329,0.000000,45.000000,0.000000,45.000000,-0.000000,-0.000000,0.020411,1,5.895774,inf,inf,inf,inf,inf,0.000000,inf,inf,0.012000,inf,inf,inf,inf,nan,0.000000,inf,inf,inf,inf,inf,inf,inf,inf,-0.000000,0.000000,0.000000,0,4
1780631140.120082,nominal,-0.000000,45.000000,0.000000,0.000000,1.055329,0.000000,45.000000,0.000000,45.000000,-0.000000,-0.000000,-0.030727,1,6.764042,inf,inf,inf,inf,inf,0.000000,inf,inf,0.012000,inf,inf,inf,inf,nan,0.000000,inf,inf,inf,inf,inf,inf,inf,inf,-0.000000,0.000000,0.000000,0,4
1780631140.207306,nominal,-0.000000,45.000000,0.000000,0.000000,1.241657,0.000000,45.000000,0.000000,45.000000,-0.000000,-0.000000,-0.063606,1,6.619840,inf,inf,inf,inf,inf,0.000000,inf,inf,0.012000,inf,inf,inf,inf,nan,0.000000,inf,inf,inf,inf,inf,inf,inf,inf,-0.000000,0.000000,0.000000,0,4
1780631140.307387,nominal,-0.000000,45.000000,0.000000,0.000000,1.325505,0.000000,45.000000,0.000000,45.000000,-0.000000,-0.000000,-0.080549,1,3.478403,inf,inf,inf,inf,inf,0.000000,inf,inf,0.012000,inf,inf,inf,inf,nan,0.000000,inf,inf,inf,inf,inf,inf,inf,inf,-0.000000,0.000000,0.000000,0,4
1780631140.410538,nominal,-0.000000,45.000000,0.000000,0.000000,1.363237,0.000000,45.000000,0.000000,45.000000,-0.000000,-0.000000,-0.088377,1,7.230836,0.511594,0.362641,0.257038,0.257038,0.663806,0.000000,0.257038,0.257038,0.012000,0.651806,0.471594,0.383594,inf,nan,0.000000,0.383594,0.383594,0.383594,0.115078,0.023016,0.383594,0.115078,0.023016,-0.000000,0.000000,0.000000,1,4
1780631140.517570,nominal,-0.000000,45.000000,0.000000,0.000000,1.380216,0.000000,45.000000,0.000000,45.000000,-0.000000,-0.000000,-0.091617,1,6.666863,0.520886,0.369851,0.263829,0.263829,0.667236,0.000000,0.263829,0.263829,0.012000,0.655236,0.480886,0.392886,inf,nan,0.000000,0.392886,0.392886,0.392886,0.117866,0.023573,0.392886,0.117866,0.023573,-0.000000,0.000000,0.000000,1,4
1780631140.607555,nominal,-0.000000,45.000000,0.000000,0.000000,1.387857,0.000000,45.000000,0.000000,45.000000,-0.000000,-0.000000,-0.092672,1,6.788990,inf,inf,inf,inf,inf,0.000000,inf,inf,0.012000,inf,inf,inf,inf,nan,0.000000,inf,inf,inf,inf,inf,inf,inf,inf,-0.000000,0.000000,0.000000,0,4
1780631140.721597,nominal,0.000000,45.000000,0.000000,0.000000,1.391296,0.000000,45.000000,0.000000,45.000000,-0.000000,-0.000000,-0.092716,1,7.087539,0.511595,0.358924,0.252772,0.252772,0.661418,0.000000,0.252772,0.252772,0.012000,0.649418,0.471595,0.383595,inf,nan,0.000000,0.383595,0.383595,0.383595,0.115078,0.023016,0.383595,0.115078,0.023016,-0.000000,0.000000,0.000000,1,4
1780631140.801913,nominal,0.000000,45.000000,0.000000,0.000000,1.041296,0.000000,45.000000,0.000000,45.000000,-0.000000,-0.000000,-0.054020,1,4.104491,inf,inf,inf,inf,inf,0.000000,inf,inf,0.012000,inf,inf,inf,inf,nan,0.000000,inf,inf,inf,inf,inf,inf,inf,inf,-0.000000,0.000000,0.000000,0,4
1780631140.915883,nominal,0.000000,45.000000,0.000000,0.000000,0.691296,0.000000,45.000000,0.000000,45.000000,-0.000000,-0.000000,-0.005887,1,6.063711,0.511595,0.345020,0.234887,0.234887,0.680157,0.000000,0.234887,0.234887,0.012000,0.668157,0.471595,0.383595,inf,nan,0.000000,0.383595,0.383595,0.383595,0.115078,0.023016,0.383595,0.115078,0.023016,-0.000000,0.000000,0.000000,1,4
1780631141.006500,nominal,0.000000,45.000000,-0.000000,-0.000000,0.341296,0.000000,45.000000,0.000000,45.000000,-0.000000,-0.000000,0.044298,1,5.378084,0.518532,0.288897,0.184745,0.184745,0.653355,0.000000,0.184745,0.184745,0.012000,0.641355,0.478532,0.390532,inf,nan,0.000000,0.390532,0.390532,0.390532,0.117160,0.023432,0.390532,0.117160,0.023432,-0.000000,0.000000,0.000000,1,4
1780631141.115502,nominal,0.000000,45.000000,-0.000000,-0.000000,-0.008704,0.000000,45.000000,0.000000,45.000000,-0.000000,-0.000000,0.094674,1,5.639568,inf,inf,inf,inf,inf,0.000000,inf,inf,0.012000,inf,inf,inf,inf,nan,0.000000,inf,inf,inf,inf,inf,inf,inf,inf,-0.000000,0.000000,0.000000,0,4
1780631141.207449,nominal,0.000000,45.000000,-0.000000,-0.000000,-0.358704,0.000000,45.000000,0.000000,45.000000,0.000000,0.000000,0.144776,1,6.080374,0.511595,0.224193,0.114521,0.114521,0.620000,0.000000,0.114521,0.114521,0.012000,0.608000,0.471595,0.383595,inf,nan,0.000000,0.383595,0.383595,0.383595,0.115079,0.023016,0.383595,0.115079,0.023016,-0.000000,0.000000,0.000000,1,4
1780631141.317266,nominal,0.000000,45.000000,-0.000000,-0.000000,-0.708704,0.000000,45.000000,0.000000,45.000000,0.000000,0.000000,0.194491,1,5.367178,0.518534,0.240669,0.126295,0.126295,0.620000,0.000000,0.126295,0.126295,0.012000,0.608000,0.478534,0.390534,inf,nan,0.000000,0.390534,0.390534,0.390534,0.117160,0.023432,0.390534,0.117160,0.023432,-0.000000,0.000000,0.000000,1,4
1780631141.408759,nominal,0.000000,45.000000,-0.000000,-0.000000,-1.058704,0.000000,45.000000,0.000000,45.000000,0.000000,0.000000,0.243794,1,6.764666,0.530146,0.270041,0.166287,0.166287,0.620000,0.000000,0.166287,0.166287,0.012000,0.608000,0.490146,0.402146,inf,nan,0.000000,0.402146,0.402146,0.402146,0.120644,0.024129,0.402146,0.120644,0.024129,-0.000000,0.000000,0.000000,1,4
1780631141.512599,nominal,0.000000,45.000000,-0.000000,-0.000000,-1.408704,0.000000,45.000000,0.000000,45.000000,0.000000,0.000000,0.292686,1,4.100919,inf,inf,inf,inf,inf,0.000000,inf,inf,0.012000,inf,inf,inf,inf,nan,0.000000,inf,inf,inf,inf,inf,inf,inf,inf,-0.000000,0.000000,0.000000,0,4
1780631141.608634,nominal,0.000000,45.000000,-0.000000,-0.000000,-1.595033,0.000000,45.000000,0.000000,45.000000,0.000000,0.000000,0.323338,1,6.910519,0.524010,0.357326,0.246946,0.246946,0.657164,0.000000,0.246946,0.246946,0.012000,0.645164,0.484010,0.396010,inf,nan,0.000000,0.396010,0.396010,0.396010,0.118803,0.023761,0.396010,0.118803,0.023761,-0.000000,0.000000,0.000000,1,4
1780631141.716111,nominal,0.000000,45.000000,-0.000000,-0.000000,-1.678880,0.000000,45.000000,0.000000,45.000000,0.000000,0.000000,0.338066,1,6.597610,0.525876,0.370164,0.263184,0.263184,0.665670,0.000000,0.263184,0.263184,0.012000,0.653670,0.485876,0.397876,inf,nan,0.000000,0.397876,0.397876,0.397876,0.119363,0.023873,0.397876,0.119363,0.023873,-0.000000,0.000000,0.000000,1,4
1780631141.807867,nominal,0.000000,45.000000,-0.000000,-0.000000,-1.716608,0.000000,45.000000,0.000000,45.000000,0.000000,0.000000,0.343692,1,6.312668,0.524010,0.372103,0.265898,0.265898,0.667384,0.000000,0.265898,0.265898,0.012000,0.655384,0.484010,0.396010,inf,nan,0.000000,0.396010,0.396010,0.396010,0.118803,0.023761,0.396010,0.118803,0.023761,-0.000000,0.000000,0.000000,1,4
1780631141.914623,nominal,0.000000,45.000000,-0.000000,-0.000000,-1.733582,0.000000,45.000000,0.000000,45.000000,0.000000,0.000000,0.344743,1,4.485051,0.527254,0.377939,0.272060,0.272060,0.670663,0.000000,0.272060,0.272060,0.012000,0.658663,0.487254,0.399254,inf,nan,0.000000,0.399254,0.399254,0.399254,0.119776,0.023955,0.399254,0.119776,0.023955,-0.000000,0.000000,0.000000,1,4
1780631142.007317,nominal,0.000000,45.000000,-0.000000,-0.000000,-1.741207,0.000000,45.000000,0.000000,45.000000,0.000000,0.000000,0.343625,1,5.956916,0.515060,0.361856,0.255554,0.255554,0.662729,0.000000,0.255554,0.255554,0.012000,0.650729,0.475060,0.387060,inf,nan,0.000000,0.387060,0.387060,0.387060,0.116118,0.023224,0.387060,0.116118,0.023224,-0.000000,0.000000,0.000000,1,4
1780631142.121973,nominal,-0.000000,45.000000,-0.000000,-0.000000,-1.744525,0.000000,45.000000,0.000000,45.000000,0.000000,0.000000,0.341502,1,6.340044,0.530146,0.376160,0.269486,0.269486,0.670242,0.000000,0.269486,0.269486,0.012000,0.658242,0.490146,0.402146,inf,nan,0.000000,0.402146,0.402146,0.402146,0.120644,0.024129,0.402146,0.120644,0.024129,-0.000000,0.000000,0.000000,1,4
1780631142.208743,nominal,-0.000000,45.000000,-0.000000,-0.000000,-1.394525,0.000000,45.000000,0.000000,45.000000,0.000000,0.000000,0.300644,1,6.900478,0.539113,0.336285,0.228331,0.228331,0.647814,0.000000,0.228331,0.228331,0.012000,0.635814,0.499113,0.411113,inf,nan,0.000000,0.411113,0.411113,0.411113,0.123334,0.024667,0.411113,0.123334,0.024667,-0.000000,0.000000,0.000000,1,4
1780631142.318260,nominal,-0.000000,45.000000,0.000000,0.000000,-1.044525,0.000000,45.000000,0.000000,45.000000,0.000000,0.000000,0.250378,1,6.974578,0.530147,0.268647,0.164691,0.164691,0.620000,0.000000,0.164691,0.164691,0.012000,0.608000,0.490147,0.402147,inf,nan,0.000000,0.402147,0.402147,0.402147,0.120644,0.024129,0.402147,0.120644,0.024129,-0.000000,0.000000,0.000000,1,4
1780631142.408648,nominal,-0.000000,45.000000,0.000000,0.000000,-0.694525,0.000000,45.000000,0.000000,45.000000,0.000000,0.000000,0.198088,1,6.510504,0.518533,0.239346,0.125613,0.125613,0.620000,0.000000,0.125613,0.125613,0.012000,0.608000,0.478533,0.390533,inf,nan,0.000000,0.390533,0.390533,0.390533,0.117160,0.023432,0.390533,0.117160,0.023432,-0.000000,0.000000,0.000000,1,4
1780631142.517996,nominal,-0.000000,45.000000,0.000000,0.000000,-0.344525,0.000000,45.000000,0.000000,45.000000,0.000000,0.000000,0.145631,1,6.203021,inf,inf,inf,inf,inf,0.000000,inf,inf,0.012000,inf,inf,inf,inf,nan,0.000000,inf,inf,inf,inf,inf,inf,inf,inf,-0.000000,0.000000,0.000000,0,4
1780631142.605918,nominal,-0.000000,45.000000,0.000000,0.000000,0.005475,0.000000,45.000000,0.000000,45.000000,-0.000000,-0.000000,0.093469,1,5.035131,0.520886,0.251491,0.145404,0.145404,0.627923,0.000000,0.145404,0.145404,0.012000,0.615923,0.480886,0.392886,inf,nan,0.000000,0.392886,0.392886,0.392886,0.117866,0.023573,0.392886,0.117866,0.023573,-0.000000,0.000000,0.000000,1,4
1780631142.715908,nominal,-0.000000,45.000000,0.000000,0.000000,0.355475,0.000000,45.000000,0.000000,45.000000,-0.000000,-0.000000,0.041716,1,6.657342,inf,inf,inf,inf,inf,0.000000,inf,inf,0.012000,inf,inf,inf,inf,nan,0.000000,inf,inf,inf,inf,inf,inf,inf,inf,-0.000000,0.000000,0.000000,0,4
1780631142.805147,nominal,-0.000000,45.000000,0.000000,0.000000,0.705475,0.000000,45.000000,0.000000,45.000000,-0.000000,-0.000000,-0.009603,1,4.729088,0.539375,0.373961,0.263838,0.263838,0.693809,0.000000,0.263838,0.263838,0.012000,0.681809,0.499375,0.411375,inf,nan,0.000000,0.411375,0.411375,0.411375,0.123413,0.024683,0.411375,0.123413,0.024683,-0.000000,0.000000,0.000000,1,4
1780631142.921223,nominal,-0.000000,45.000000,0.000000,0.000000,1.055475,0.000000,45.000000,0.000000,45.000000,-0.000000,-0.000000,-0.060485,1,7.758955,inf,inf,inf,inf,inf,0.000000,inf,inf,0.012000,inf,inf,inf,inf,nan,0.000000,inf,inf,inf,inf,inf,inf,inf,inf,-0.000000,0.000000,0.000000,0,4
1780631143.008749,nominal,-0.000000,45.000000,0.000000,0.000000,1.241730,0.000000,45.000000,0.000000,45.000000,-0.000000,-0.000000,-0.093100,1,7.229989,inf,inf,inf,inf,inf,0.000000,inf,inf,0.012000,inf,inf,inf,inf,nan,0.000000,inf,inf,inf,inf,inf,inf,inf,inf,-0.000000,0.000000,0.000000,0,4
1780631143.120120,nominal,-0.000000,45.000000,0.000000,0.000000,1.325566,0.000000,45.000000,0.000000,45.000000,-0.000000,-0.000000,-0.109787,1,7.017090,inf,inf,inf,inf,inf,0.000000,inf,inf,0.012000,inf,inf,inf,inf,nan,0.000000,inf,inf,inf,inf,inf,inf,inf,inf,-0.000000,0.000000,0.000000,0,4
1780631143.206908,nominal,-0.000000,45.000000,0.000000,0.000000,1.363350,0.000000,45.000000,0.000000,45.000000,-0.000000,-0.000000,-0.117370,1,6.184245,inf,inf,inf,inf,inf,0.000000,inf,inf,0.012000,inf,inf,inf,inf,nan,0.000000,inf,inf,inf,inf,inf,inf,inf,inf,-0.000000,0.000000,0.000000,0,4
1780631143.317896,nominal,-0.000000,45.000000,0.000000,0.000000,1.380395,0.000000,45.000000,0.000000,45.000000,-0.000000,-0.000000,-0.120370,1,5.715789,0.511594,0.360771,0.254921,0.254921,0.662532,0.000000,0.254920,0.254920,0.012000,0.650532,0.471594,0.383594,inf,nan,0.000000,0.383594,0.383594,0.383594,0.115078,0.023016,0.383594,0.115078,0.023016,-0.000000,0.000000,0.000000,1,4
1780631143.402188,nominal,-0.000000,45.000000,0.000000,0.000000,1.388267,0.000000,45.000000,0.000000,45.000000,-0.000000,-0.000000,-0.121206,1,3.954836,inf,inf,inf,inf,inf,0.000000,inf,inf,0.012000,inf,inf,inf,inf,nan,0.000000,inf,inf,inf,inf,inf,inf,inf,inf,-0.000000,0.000000,0.000000,0,4
1780631143.517169,nominal,0.000000,45.000000,0.000000,0.000000,1.399405,0.000000,45.000000,0.000000,45.000000,-0.000000,-0.000000,-0.121851,1,5.858849,inf,inf,inf,inf,inf,0.000000,inf,inf,0.012000,inf,inf,inf,inf,nan,0.000000,inf,inf,inf,inf,inf,inf,inf,inf,-0.000000,0.000000,0.000000,0,4
1780631143.603293,nominal,0.000000,45.000000,0.000000,0.000000,1.749405,0.000000,45.000000,0.000000,45.000000,-0.000000,-0.000000,-0.159346,1,4.185102,inf,inf,inf,inf,inf,0.000000,inf,inf,0.012000,inf,inf,inf,inf,nan,0.000000,inf,inf,inf,inf,inf,inf,inf,inf,-0.000000,0.000000,0.000000,0,4
1780631143.718667,nominal,0.000000,45.000000,-0.000000,-0.000000,2.099405,0.000000,45.000000,0.000000,45.000000,-0.000000,-0.000000,-0.205816,1,7.244148,inf,inf,inf,inf,inf,0.000000,inf,inf,0.012000,inf,inf,inf,inf,nan,0.000000,inf,inf,inf,inf,inf,inf,inf,inf,-0.000000,0.000000,0.000000,0,4
1780631143.808242,nominal,0.000000,45.000000,-0.000000,-0.000000,2.449405,0.000000,45.000000,0.000000,45.000000,-0.000000,-0.000000,-0.254237,1,7.025720,inf,inf,inf,inf,inf,0.000000,inf,inf,0.012000,inf,inf,inf,inf,nan,0.000000,inf,inf,inf,inf,inf,inf,inf,inf,-0.000000,0.000000,0.000000,0,4
1780631143.921627,nominal,0.000000,45.000000,-0.000000,-0.000000,2.799405,0.000000,45.000000,0.000000,45.000000,-0.000000,-0.000000,-0.302844,1,7.244805,0.526247,0.237229,0.128263,0.128263,0.620000,0.000000,0.128263,0.128263,0.012000,0.608000,0.486247,0.398247,inf,nan,0.000000,0.398247,0.398247,0.398247,0.119474,0.023895,0.398247,0.119474,0.023895,-0.000000,0.000000,0.000000,1,4
1780631144.025879,nominal,0.000000,45.000000,-0.000000,-0.000000,-3.133781,0.000000,45.000000,0.000000,45.000000,-1.843624,0.850457,6.000000,0,26.136927,0.539113,0.267612,0.160174,0.160174,0.631518,0.000000,0.160174,0.160174,0.012000,0.619518,0.499113,0.411113,inf,nan,0.000000,0.411113,0.411113,0.411113,0.123334,0.024667,0.411113,0.123334,0.024667,-0.008862,0.000000,0.000000,1,4
1780631144.120383,nominal,-0.009218,45.004252,-0.184362,0.085046,-2.762779,0.000000,45.000000,0.000000,45.000000,0.761646,-0.351344,1.830228,1,6.730496,0.698764,0.457057,0.353379,0.353379,0.730451,0.000050,0.353379,0.353379,0.019209,0.711192,0.634154,0.546154,inf,nan,0.000000,0.546154,0.546154,0.546154,0.155143,0.034571,0.546154,0.155143,0.034571,-0.000000,0.000000,0.203033,2,4
1780631144.203797,nominal,-0.023846,45.011000,-0.108198,0.049911,-2.410118,0.000000,45.000000,0.000000,45.000000,0.750042,-0.345992,0.737439,1,3.980552,0.529197,0.327111,0.219002,0.219002,0.642872,0.000022,0.219002,0.219002,0.016206,0.626645,0.466062,0.378062,inf,nan,0.000000,0.378062,0.378062,0.378062,0.109553,0.020752,0.378062,0.109553,0.020752,-0.000000,0.000000,0.119155,4,4
1780631144.312583,nominal,-0.030916,45.014261,-0.033194,0.015312,-2.059716,0.000000,45.000000,0.000000,45.000000,0.479197,-0.221052,0.421309,1,3.589048,0.579969,0.420631,0.311372,0.311372,0.680572,0.000009,0.311372,0.311372,0.013283,0.667280,0.508051,0.420051,inf,nan,0.000000,0.420051,0.420051,0.420051,0.123019,0.023696,0.420051,0.123019,0.023696,-0.000000,0.000000,0.036555,3,4
1780631144.409220,nominal,-0.031839,45.014687,0.014726,-0.006793,-1.710517,0.000000,45.000000,0.000000,45.000000,0.254311,-0.117313,0.301532,1,7.066517,0.547010,0.431449,0.306637,0.306637,0.672878,0.000008,0.306637,0.306637,0.012568,0.660301,0.473535,0.385535,inf,nan,0.000000,0.385535,0.385535,0.385535,0.113443,0.021841,0.385535,0.113443,0.021841,-0.000000,0.000000,0.016217,2,4
1780631144.517099,nominal,-0.029095,45.013421,0.040157,-0.018524,-1.360908,0.000000,45.000000,0.000000,45.000000,0.100046,-0.046151,0.231576,1,5.679447,0.555359,0.346618,0.239689,0.239689,0.637479,0.000009,0.239689,0.239689,0.013553,0.623917,0.482411,0.394411,inf,nan,0.000000,0.394411,0.394411,0.394411,0.116645,0.022571,0.394411,0.116645,0.022571,-0.000000,0.000000,0.044224,1,4
1780631144.602006,nominal,-0.024579,45.011338,0.050162,-0.023139,-1.010966,0.000000,45.000000,0.000000,45.000000,0.003795,-0.001750,0.174493,1,3.398519,0.547873,0.286514,0.182469,0.182469,0.620000,0.000008,0.182469,0.182469,0.013941,0.606050,0.479668,0.391668,inf,nan,0.000000,0.391668,0.391668,0.391668,0.116368,0.022668,0.391668,0.116368,0.022668,-0.000000,0.000000,0.055242,1,4
1780631144.713610,nominal,-0.019544,45.009015,0.050541,-0.023314,-0.692649,0.000000,45.000000,0.000000,45.000000,-0.049987,0.023059,0.124439,1,4.756574,0.531866,0.251917,0.138504,0.138504,0.620000,0.000007,0.138504,0.138504,0.013956,0.606037,0.469213,0.381213,inf,nan,0.000000,0.381213,0.381213,0.381213,0.113651,0.022271,0.381213,0.113651,0.022271,-0.000000,0.000000,0.055660,1,4
1780631144.804461,nominal,-0.014740,45.006799,0.045543,-0.021009,-0.549410,0.000000,45.000000,0.000000,45.000000,-0.074639,0.034431,0.095529,1,4.678801,inf,inf,inf,inf,inf,0.000005,inf,inf,0.013762,inf,inf,inf,inf,nan,0.000000,inf,inf,inf,inf,inf,inf,inf,inf,-0.000000,0.000000,0.050155,0,4
1780631144.916249,nominal,-0.010559,45.004871,0.038079,-0.017566,-0.484953,0.000000,45.000000,0.000000,45.000000,-0.080605,0.037183,0.080670,1,6.087116,inf,inf,inf,inf,inf,0.000003,inf,inf,0.013472,inf,inf,inf,inf,nan,0.000000,inf,inf,inf,inf,inf,inf,inf,inf,-0.000000,0.000000,0.041935,0,4
1780631145.000404,nominal,-0.007154,45.003300,0.030018,-0.013847,-0.455945,0.000000,45.000000,0.000000,45.000000,-0.075601,0.034874,0.073279,1,3.830029,inf,inf,inf,inf,inf,0.000002,inf,inf,0.013160,inf,inf,inf,inf,nan,0.000000,inf,inf,inf,inf,inf,inf,inf,inf,-0.000000,0.000000,0.033058,0,4
1780631145.120949,nominal,-0.004530,45.002090,0.022458,-0.010360,-0.442891,0.000000,45.000000,0.000000,45.000000,-0.065036,0.030001,0.069540,1,7.166188,inf,inf,inf,inf,inf,0.000001,inf,inf,0.012867,inf,inf,inf,inf,nan,0.000000,inf,inf,inf,inf,inf,inf,inf,inf,-0.000000,0.000000,0.024732,0,4
1780631145.206530,nominal,-0.002609,45.001204,0.015955,-0.007360,-0.437015,0.000000,45.000000,0.000000,45.000000,-0.052478,0.024208,0.067520,1,6.519813,inf,inf,inf,inf,inf,0.000000,inf,inf,0.012616,inf,inf,inf,inf,nan,0.000000,inf,inf,inf,inf,inf,inf,inf,inf,-0.000000,0.000000,0.017570,0,4
1780631145.318176,nominal,-0.001276,45.000589,0.010707,-0.004939,-0.434372,0.000000,45.000000,0.000000,45.000000,-0.040111,0.018503,0.066295,1,7.275329,inf,inf,inf,inf,inf,0.000000,inf,inf,0.012413,inf,inf,inf,inf,nan,0.000000,inf,inf,inf,inf,inf,inf,inf,inf,-0.000000,0.000000,0.011791,0,4
1780631145.407872,nominal,-0.000406,45.000187,0.006696,-0.003089,-0.433182,0.000000,45.000000,0.000000,45.000000,-0.029125,0.013435,0.065434,1,7.047379,inf,inf,inf,inf,inf,0.000000,inf,inf,0.012258,inf,inf,inf,inf,nan,0.000000,inf,inf,inf,inf,inf,inf,inf,inf,-0.000000,0.000000,0.007374,0,4
1780631145.509610,nominal,0.000118,44.999946,0.003783,-0.001745,-0.432646,0.000000,45.000000,0.000000,45.000000,-0.020036,0.009242,0.064741,1,3.972515,inf,inf,inf,inf,inf,0.000000,inf,inf,0.012146,inf,inf,inf,inf,nan,0.000000,inf,inf,inf,inf,inf,inf,inf,inf,-0.000000,0.000000,0.004166,0,4
1780631145.609395,nominal,0.000396,44.999817,0.001779,-0.000821,-0.782648,0.000000,45.000000,0.000000,45.000000,-0.012935,0.005967,0.102266,1,6.927090,0.524493,0.249331,0.136165,0.136165,0.620000,0.000000,0.136165,0.136165,0.012069,0.607931,0.484358,0.396358,inf,nan,0.000000,0.396358,0.396358,0.396358,0.118823,0.023841,0.396358,0.118823,0.023841,-0.000000,0.000000,0.001960,1,4
1780631145.709483,nominal,0.000509,44.999765,0.000486,-0.000224,-1.132649,0.000000,45.000000,0.000000,45.000000,-0.007667,0.003537,0.149107,1,3.594271,0.537160,0.291127,0.187974,0.187974,0.628220,0.000000,0.187974,0.187974,0.012019,0.616201,0.497149,0.409149,inf,nan,0.000000,0.409149,0.409149,0.409149,0.122737,0.024602,0.409149,0.122737,0.024602,-0.000000,0.000000,0.000535,1,4
1780631145.806480,nominal,0.000520,44.999760,-0.000281,0.000129,-1.482649,0.000000,45.000000,0.000000,45.000000,-0.003959,0.001826,0.197979,1,5.469583,0.538136,0.345051,0.235271,0.235271,0.652614,0.000000,0.235271,0.235271,0.012011,0.640603,0.498136,0.410136,inf,nan,0.000000,0.410136,0.410136,0.410136,0.123093,0.024656,0.410136,0.123093,0.024656,-0.000000,0.000000,0.000309,1,4
1780631145.918239,nominal,0.000472,44.999782,-0.000677,0.000312,-1.832649,0.000000,45.000000,0.000000,45.000000,-0.001496,0.000690,0.247048,1,5.238570,0.520903,0.387347,0.266878,0.266878,0.671126,0.000000,0.266878,0.266878,0.012026,0.659100,0.480903,0.392903,inf,nan,0.000000,0.392903,0.392903,0.392903,0.117949,0.023613,0.392903,0.117949,0.023613,-0.000000,0.000000,0.000745,2,4
1780631146.002224,nominal,0.000397,44.999817,-0.000826,0.000381,-2.182649,0.000000,45.000000,0.000000,45.000000,0.000023,-0.000011,0.295860,1,3.015082,0.514765,0.382945,0.276356,0.276356,0.691984,0.000000,0.276356,0.276356,0.012032,0.679952,0.474765,0.386765,inf,nan,0.000000,0.386765,0.386765,0.386765,0.116120,0.023238,0.386765,0.116120,0.023238,-0.000000,0.000000,0.000910,1,4
1780631146.128289,nominal,0.000314,44.999855,-0.000824,0.000380,-2.532649,0.000000,45.000000,0.000000,45.000000,0.000862,-0.000398,0.344311,1,6.783613,0.532854,0.345563,0.234583,0.234583,0.676751,0.000000,0.234583,0.234583,0.012032,0.664719,0.492854,0.404854,inf,nan,0.000000,0.404854,0.404854,0.404854,0.121542,0.024316,0.404854,0.121542,0.024316,-0.000000,0.000000,0.000907,1,4
1780631146.206641,nominal,0.000236,44.999891,-0.000738,0.000340,-2.882649,0.000000,45.000000,0.000000,45.000000,0.001238,-0.000571,0.392421,1,5.752095,0.530282,0.282569,0.179463,0.179463,0.646366,0.000000,0.179463,0.179463,0.012028,0.634337,0.490282,0.402282,inf,nan,0.000000,0.402282,0.402282,0.402282,0.120759,0.024154,0.402282,0.120759,0.024154,-0.000000,0.000000,0.000812,1,4
1780631146.318352,nominal,0.000168,44.999922,-0.000614,0.000283,3.050536,0.000000,45.000000,0.000000,45.000000,0.001319,-0.000608,-0.245169,1,6.270269,0.518677,0.244643,0.134833,0.134833,0.620438,0.000000,0.134833,0.134833,0.012024,0.608414,0.478677,0.390677,inf,nan,0.000000,0.390677,0.390677,0.390677,0.117263,0.023452,0.390677,0.117263,0.023452,-0.000000,0.000000,0.000676,1,4
1780631146.408810,nominal,0.000114,44.999948,-0.000482,0.000222,2.862903,0.000000,45.000000,0.000000,45.000000,0.001227,-0.000566,-0.381953,1,7.102139,0.529147,0.244288,0.133270,0.133270,0.620000,0.000000,0.133270,0.133270,0.012019,0.607981,0.489147,0.401147,inf,nan,0.000000,0.401147,0.401147,0.401147,0.120386,0.024076,0.401147,0.120386,0.024076,-0.000000,0.000000,0.000531,1,4
1780631146.520747,nominal,0.000071,44.999967,-0.000359,0.000166,2.778468,0.000000,45.000000,0.000000,45.000000,0.001050,-0.000485,-0.404416,1,7.281685,0.526483,0.237274,0.128401,0.128401,0.620000,0.000000,0.128401,0.128401,0.012014,0.607986,0.486483,0.398483,inf,nan,0.000000,0.398483,0.398483,0.398483,0.119571,0.023913,0.398483,0.119571,0.023913,-0.000000,0.000000,0.000396,1,4
1780631146.609764,nominal,0.000041,44.999981,-0.000254,0.000117,2.740472,0.000000,45.000000,0.000000,45.000000,0.000844,-0.000389,-0.403272,1,7.140979,0.521970,0.232225,0.123644,0.123644,0.620000,0.000000,0.123644,0.123644,0.012010,0.607990,0.481970,0.393970,inf,nan,0.000000,0.393970,0.393970,0.393970,0.118205,0.023640,0.393970,0.118205,0.023640,-0.000000,0.000000,0.000280,1,4
1780631146.717397,nominal,0.000020,44.999991,-0.000170,0.000078,2.723374,0.000000,45.000000,0.000000,45.000000,0.000643,-0.000296,-0.398525,1,4.788981,0.600828,0.310978,0.202017,0.202017,0.645355,0.000000,0.202017,0.202017,0.012007,0.633348,0.560828,0.472828,inf,nan,0.000000,0.472828,0.472828,0.472828,0.141855,0.028370,0.472828,0.141855,0.028370,-0.000000,0.000000,0.000187,1,4
1780631146.810522,nominal,0.000006,44.999997,-0.000106,0.000049,2.715680,0.000000,45.000000,0.000000,45.000000,0.000465,-0.000214,-0.393936,1,7.112766,0.536355,0.246445,0.137855,0.137855,0.620000,0.000000,0.137855,0.137855,0.012004,0.607996,0.496355,0.408355,inf,nan,0.000000,0.408355,0.408355,0.408355,0.122508,0.024501,0.408355,0.122508,0.024501,-0.000000,0.000000,0.000116,1,4
1780631146.915380,nominal,-0.000002,45.000001,-0.000059,0.000027,2.712217,0.000000,45.000000,0.000000,45.000000,0.000318,-0.000147,-0.389880,1,7.148398,inf,inf,inf,inf,inf,0.000000,inf,inf,0.012002,inf,inf,inf,inf,nan,0.000000,inf,inf,inf,inf,inf,inf,inf,inf,-0.000000,0.000000,0.000065,0,4
1780631147.008111,nominal,-0.000007,45.000003,-0.000027,0.000013,3.062217,0.000000,45.000000,0.000000,45.000000,0.000204,-0.000094,-0.424735,1,6.451087,0.530195,0.256594,0.147285,0.147285,0.626788,0.000000,0.147285,0.147285,0.012001,0.614787,0.490188,0.402188,inf,nan,0.000000,0.402188,0.402188,0.402188,0.120655,0.024131,0.402188,0.120655,0.024131,-0.000000,0.000000,0.000030,1,4
1780631147.118111,nominal,-0.000008,45.000004,-0.000007,0.000003,-2.870968,0.000000,45.000000,0.000000,45.000000,0.000120,-0.000055,0.216020,1,7.217145,0.524981,0.279101,0.175991,0.175991,0.644938,0.000000,0.175991,0.175991,0.012000,0.632938,0.484972,0.396972,inf,nan,0.000000,0.396972,0.396972,0.396972,0.119091,0.023818,0.396972,0.119091,0.023818,-0.000000,0.000000,0.000007,1,4
1780631147.206439,nominal,-0.000008,45.000004,0.000005,-0.000002,-2.520968,0.000000,45.000000,0.000000,45.000000,0.000061,-0.000028,0.336486,1,6.244647,inf,inf,inf,inf,inf,0.000000,inf,inf,0.012000,inf,inf,inf,inf,nan,0.000000,inf,inf,inf,inf,inf,inf,inf,inf,-0.000000,0.000000,0.000006,0,4
1780631147.312792,nominal,-0.000008,45.000004,0.000011,-0.000005,-2.170968,0.000000,45.000000,0.000000,45.000000,0.000022,-0.000010,0.326289,1,4.458882,0.521627,0.339498,0.226832,0.226832,0.652934,0.000000,0.226832,0.226832,0.012000,0.640933,0.481619,0.393619,inf,nan,0.000000,0.393619,0.393619,0.393619,0.118085,0.023617,0.393619,0.118085,0.023617,-0.000000,0.000000,0.000013,2,4
1780631147.405637,nominal,-0.000006,45.000003,0.000014,-0.000006,-1.820968,0.000000,45.000000,0.000000,45.000000,-0.000002,0.000001,0.283518,1,4.381341,0.513327,0.379002,0.261326,0.261326,0.668080,0.000000,0.261326,0.261326,0.012001,0.656080,0.473320,0.385320,inf,nan,0.000000,0.385320,0.385320,0.385320,0.115596,0.023119,0.385320,0.115596,0.023119,-0.000000,0.000000,0.000015,2,4
1780631147.519901,nominal,-0.000005,45.000002,0.000013,-0.000006,-1.470968,0.000000,45.000000,0.000000,45.000000,-0.000015,0.000007,0.232887,1,7.979445,0.530146,0.334668,0.225329,0.225329,0.647180,0.000000,0.225329,0.225329,0.012001,0.635180,0.490141,0.402141,inf,nan,0.000000,0.402141,0.402141,0.402141,0.120642,0.024128,0.402141,0.120642,0.024128,-0.000000,0.000000,0.000015,1,4
1780631147.611652,nominal,-0.000004,45.000002,0.000012,-0.000006,-1.120968,0.000000,45.000000,0.000000,45.000000,-0.000021,0.000009,0.180620,1,6.933526,0.536774,0.288195,0.185066,0.185066,0.626800,0.000000,0.185066,0.185066,0.012000,0.614799,0.496770,0.408770,inf,nan,0.000000,0.408770,0.408770,0.408770,0.122631,0.024526,0.408770,0.122631,0.024526,-0.000000,0.000000,0.000013,1,4
1780631147.720784,nominal,-0.000003,45.000001,0.000010,-0.000005,-0.770968,0.000000,45.000000,0.000000,45.000000,-0.000022,0.000010,0.128280,1,8.138068,0.539373,0.264163,0.150030,0.150030,0.620000,0.000000,0.150030,0.150030,0.012000,0.608000,0.499370,0.411370,inf,nan,0.000000,0.411370,0.411370,0.411370,0.123411,0.024682,0.411370,0.123411,0.024682,-0.000000,0.000000,0.000011,1,4
1780631147.806074,nominal,-0.000002,45.000001,0.000008,-0.000004,-0.584650,0.000000,45.000000,0.000000,45.000000,-0.000020,0.000009,0.094084,1,5.189641,0.525862,0.241223,0.130114,0.130114,0.620000,0.000000,0.130114,0.130114,0.012000,0.608000,0.485859,0.397859,inf,nan,0.000000,0.397859,0.397859,0.397859,0.119358,0.023872,0.397859,0.119358,0.023872,-0.000000,0.000000,0.000009,1,4
1780631147.917950,nominal,-0.000001,45.000001,0.000006,-0.000003,-0.500807,0.000000,45.000000,0.000000,45.000000,-0.000017,0.000008,0.075801,1,5.695074,inf,inf,inf,inf,inf,0.000000,inf,inf,0.012000,inf,inf,inf,inf,nan,0.000000,inf,inf,inf,inf,inf,inf,inf,inf,-0.000000,0.000000,0.000006,0,4
1780631148.006972,nominal,-0.000001,45.000000,0.000004,-0.000002,-0.463078,0.000000,45.000000,0.000000,45.000000,-0.000014,0.000006,0.066636,1,6.813633,inf,inf,inf,inf,inf,0.000000,inf,inf,0.012000,inf,inf,inf,inf,nan,0.000000,inf,inf,inf,inf,inf,inf,inf,inf,-0.000000,0.000000,0.000004,0,4
1780631148.116039,nominal,-0.000000,45.000000,0.000003,-0.000001,-0.446099,0.000000,45.000000,0.000000,45.000000,-0.000010,0.000005,0.062069,1,6.831753,0.520883,0.231045,0.122517,0.122517,0.620000,0.000000,0.122517,0.122517,0.012000,0.608000,0.480883,0.392883,inf,nan,0.000000,0.392883,0.392883,0.392883,0.117865,0.023573,0.392883,0.117865,0.023573,-0.000000,0.000000,0.000003,1,4
1780631148.202896,nominal,-0.000000,45.000000,0.000002,-0.000001,-0.438459,0.000000,45.000000,0.000000,45.000000,-0.000007,0.000003,0.059697,1,3.781342,0.520884,0.231136,0.122563,0.122563,0.620000,0.000000,0.122563,0.122563,0.012000,0.608000,0.480883,0.392883,inf,nan,0.000000,0.392883,0.392883,0.392883,0.117865,0.023573,0.392883,0.117865,0.023573,-0.000000,0.000000,0.000002,1,4
1780631148.307695,nominal,0.000000,45.000000,0.000001,-0.000000,-0.435021,0.000000,45.000000,0.000000,45.000000,-0.000005,0.000002,0.058347,1,3.775303,0.520885,0.231137,0.122565,0.122565,0.620000,0.000000,0.122565,0.122565,0.012000,0.608000,0.480885,0.392885,inf,nan,0.000000,0.392885,0.392885,0.392885,0.117865,0.023573,0.392885,0.117865,0.023573,-0.000000,0.000000,0.000001,1,4
1780631148.403656,nominal,0.000000,45.000000,0.000000,-0.000000,-0.785021,0.000000,45.000000,0.000000,45.000000,-0.000003,0.000001,0.095749,1,3.877206,0.530203,0.255618,0.144649,0.144649,0.620000,0.000000,0.144649,0.144649,0.012000,0.608000,0.490203,0.402203,inf,nan,0.000000,0.402203,0.402203,0.402203,0.120661,0.024132,0.402203,0.120661,0.024132,-0.000000,0.000000,0.000000,1,4
1780631148.525060,nominal,0.000000,45.000000,0.000000,-0.000000,-1.135021,0.000000,45.000000,0.000000,45.000000,-0.000002,0.000001,0.142600,1,7.371183,0.518533,0.268301,0.165242,0.165242,0.620000,0.000000,0.165242,0.165242,0.012000,0.608000,0.478533,0.390533,inf,nan,0.000000,0.390533,0.390533,0.390533,0.117160,0.023432,0.390533,0.117160,0.023432,-0.000000,0.000000,0.000000,1,4
1780631148.611030,nominal,0.000000,45.000000,-0.000000,0.000000,-1.485021,0.000000,45.000000,0.000000,45.000000,-0.000001,0.000000,0.191516,1,7.588494,0.518532,0.327898,0.217552,0.217552,0.642823,0.000000,0.217552,0.217552,0.012000,0.630823,0.478532,0.390532,inf,nan,0.000000,0.390532,0.390532,0.390532,0.117160,0.023432,0.390532,0.117160,0.023432,-0.000000,0.000000,0.000000,1,4
1780631148.711866,nominal,0.000000,45.000000,-0.000000,0.000000,-1.835021,0.000000,45.000000,0.000000,45.000000,-0.000000,0.000000,0.240637,1,4.312208,0.550793,0.416361,0.309692,0.309692,0.691580,0.000000,0.309692,0.309692,0.012000,0.679580,0.510793,0.422793,inf,nan,0.000000,0.422793,0.422793,0.422793,0.126838,0.025368,0.422793,0.126838,0.025368,-0.000000,0.000000,0.000000,1,4
1780631148.805095,nominal,0.000000,45.000000,-0.000000,0.000000,-2.185021,0.000000,45.000000,0.000000,45.000000,0.000000,-0.000000,0.289502,1,4.637664,0.530145,0.398419,0.291496,0.291496,0.699421,0.000000,0.291496,0.291496,0.012000,0.687421,0.490145,0.402145,inf,nan,0.000000,0.402145,0.402145,0.402145,0.120644,0.024129,0.402145,0.120644,0.024129,-0.000000,0.000000,0.000000,1,4
1780631148.918489,nominal,0.000000,45.000000,-0.000000,0.000000,-2.535021,0.000000,45.000000,0.000000,45.000000,0.000000,-0.000000,0.338004,1,7.415179,0.527186,0.338948,0.228142,0.228142,0.673261,0.000000,0.228142,0.228142,0.012000,0.661261,0.487186,0.399186,inf,nan,0.000000,0.399186,0.399186,0.399186,0.119756,0.023951,0.399186,0.119756,0.023951,-0.000000,0.000000,0.000000,1,4
1780631149.004405,nominal,0.000000,45.000000,-0.000000,0.000000,-2.885021,0.000000,45.000000,0.000000,45.000000,0.000000,-0.000000,0.386153,1,4.383266,0.530146,0.287236,0.184019,0.184019,0.651656,0.000000,0.184019,0.184019,0.012000,0.639656,0.490146,0.402146,inf,nan,0.000000,0.402146,0.402146,0.402146,0.120644,0.024129,0.402146,0.120644,0.024129,-0.000000,0.000000,0.000000,1,4
1780631149.111583,nominal,0.000000,45.000000,-0.000000,0.000000,3.048164,0.000000,45.000000,0.000000,45.000000,0.000000,-0.000000,-0.251666,1,4.230983,0.530146,0.256100,0.146157,0.146157,0.625920,0.000000,0.146157,0.146157,0.012000,0.613920,0.490146,0.402146,inf,nan,0.000000,0.402146,0.402146,0.402146,0.120644,0.024129,0.402146,0.120644,0.024129,-0.000000,0.000000,0.000000,1,4
1780631149.208131,nominal,0.000000,45.000000,-0.000000,0.000000,2.861835,0.000000,45.000000,0.000000,45.000000,0.000000,-0.000000,-0.388379,1,6.447303,0.527187,0.241576,0.130935,0.130935,0.620000,0.000000,0.130935,0.130935,0.012000,0.608000,0.487187,0.399187,inf,nan,0.000000,0.399187,0.399187,0.399187,0.119756,0.023951,0.399187,0.119756,0.023951,-0.000000,0.000000,0.000000,1,4
1780631149.307923,nominal,0.000000,45.000000,-0.000000,0.000000,2.777987,0.000000,45.000000,0.000000,45.000000,0.000000,-0.000000,-0.410807,1,3.279786,0.527109,0.237600,0.128870,0.128870,0.620000,0.000000,0.128870,0.128870,0.012000,0.608000,0.487109,0.399109,inf,nan,0.000000,0.399109,0.399109,0.399109,0.119733,0.023947,0.399109,0.119733,0.023947,-0.000000,0.000000,0.000000,1,4
1780631149.402125,nominal,0.000000,45.000000,-0.000000,0.000000,2.740256,0.000000,45.000000,0.000000,45.000000,0.000000,-0.000000,-0.409633,1,2.854027,0.533034,0.243190,0.134588,0.134588,0.620000,0.000000,0.134588,0.134588,0.012000,0.608000,0.493034,0.405034,inf,nan,0.000000,0.405034,0.405034,0.405034,0.121510,0.024302,0.405034,0.121510,0.024302,-0.000000,0.000000,0.000000,1,4
1780631149.516544,nominal,0.000000,45.000000,-0.000000,0.000000,2.723277,0.000000,45.000000,0.000000,45.000000,0.000000,-0.000000,-0.404846,1,6.958972,inf,inf,inf,inf,inf,0.000000,inf,inf,0.012000,inf,inf,inf,inf,nan,0.000000,inf,inf,inf,inf,inf,inf,inf,inf,-0.000000,0.000000,0.000000,0,4
1780631149.608258,nominal,0.000000,45.000000,-0.000000,0.000000,2.715636,0.000000,45.000000,0.000000,45.000000,0.000000,-0.000000,-0.400211,1,7.120854,inf,inf,inf,inf,inf,0.000000,inf,inf,0.012000,inf,inf,inf,inf,nan,0.000000,inf,inf,inf,inf,inf,inf,inf,inf,-0.000000,0.000000,0.000000,0,4
1780631149.708784,nominal,-0.000000,45.000000,-0.000000,0.000000,2.712199,0.000000,45.000000,0.000000,45.000000,0.000000,-0.000000,-0.396103,1,3.381430,inf,inf,inf,inf,inf,0.000000,inf,inf,0.012000,inf,inf,inf,inf,nan,0.000000,inf,inf,inf,inf,inf,inf,inf,inf,-0.000000,0.000000,0.000000,0,4
1780631149.809321,nominal,-0.000000,45.000000,-0.000000,0.000000,3.062199,0.000000,45.000000,0.000000,45.000000,0.000000,-0.000000,-0.431006,1,7.187988,0.515060,0.241361,0.132074,0.132074,0.620000,0.000000,0.132074,0.132074,0.012000,0.608000,0.475059,0.387059,inf,nan,0.000000,0.387059,0.387059,0.387059,0.116118,0.023224,0.387059,0.116118,0.023224,-0.000000,0.000000,0.000000,1,4
1780631149.918437,nominal,-0.000000,45.000000,-0.000000,0.000000,-2.870986,0.000000,45.000000,0.000000,45.000000,0.000000,-0.000000,0.209819,1,7.510794,0.530203,0.283430,0.180315,0.180315,0.646454,0.000000,0.180315,0.180315,0.012000,0.634454,0.490203,0.402203,inf,nan,0.000000,0.402203,0.402203,0.402203,0.120661,0.024132,0.402203,0.120661,0.024132,-0.000000,0.000000,0.000000,1,4
1780631150.009123,nominal,-0.000000,45.000000,0.000000,-0.000000,-2.520986,0.000000,45.000000,0.000000,45.000000,0.000000,-0.000000,0.330405,1,6.977273,0.527187,0.341833,0.230418,0.230418,0.674429,0.000000,0.230418,0.230418,0.012000,0.662429,0.487187,0.399187,inf,nan,0.000000,0.399187,0.399187,0.399187,0.119756,0.023951,0.399187,0.119756,0.023951,-0.000000,0.000000,0.000000,1,4
1780631150.108826,nominal,-0.000000,45.000000,0.000000,-0.000000,-2.170986,0.000000,45.000000,0.000000,45.000000,0.000000,-0.000000,0.320282,1,3.503231,0.513425,0.328843,0.216526,0.216526,0.647196,0.000000,0.216526,0.216526,0.012000,0.635196,0.473425,0.385425,inf,nan,0.000000,0.385425,0.385425,0.385425,0.115627,0.023125,0.385425,0.115627,0.023125,-0.000000,0.000000,0.000000,2,4
1780631150.204136,nominal,-0.000000,45.000000,0.000000,-0.000000,-1.820986,0.000000,45.000000,0.000000,45.000000,-0.000000,0.000000,0.277570,1,4.166480,0.513323,0.378998,0.261322,0.261322,0.668082,0.000000,0.261322,0.261322,0.012000,0.656082,0.473323,0.385323,inf,nan,0.000000,0.385323,0.385323,0.385323,0.115597,0.023119,0.385323,0.115597,0.023119,-0.000000,0.000000,0.000000,2,4
1780631150.320435,nominal,-0.000000,45.000000,0.000000,-0.000000,-1.470986,0.000000,45.000000,0.000000,45.000000,-0.000000,0.000000,0.226992,1,7.217175,0.530145,0.334667,0.225328,0.225328,0.647183,0.000000,0.225328,0.225328,0.012000,0.635183,0.490145,0.402145,inf,nan,0.000000,0.402145,0.402145,0.402145,0.120644,0.024129,0.402145,0.120644,0.024129,-0.000000,0.000000,0.000000,1,4
1780631150.411251,nominal,-0.000000,45.000000,0.000000,-0.000000,-1.120986,0.000000,45.000000,0.000000,45.000000,-0.000000,0.000000,0.174776,1,7.434310,0.518533,0.266534,0.163442,0.163442,0.620000,0.000000,0.163442,0.163442,0.012000,0.608000,0.478533,0.390533,inf,nan,0.000000,0.390533,0.390533,0.390533,0.117160,0.023432,0.390533,0.117160,0.023432,-0.000000,0.000000,0.000000,1,4
1780631150.510564,nominal,-0.000000,45.000000,0.000000,-0.000000,-0.770986,0.000000,45.000000,0.000000,45.000000,-0.000000,0.000000,0.122487,1,3.224459,0.528979,0.254050,0.142101,0.142101,0.620000,0.000000,0.142101,0.142101,0.012000,0.608000,0.488979,0.400979,inf,nan,0.000000,0.400979,0.400979,0.400979,0.120294,0.024059,0.400979,0.120294,0.024059,-0.000000,0.000000,0.000000,1,4
1780631150.607224,nominal,-0.000000,45.000000,0.000000,-0.000000,-0.584661,0.000000,45.000000,0.000000,45.000000,-0.000000,0.000000,0.088340,1,6.692218,inf,inf,inf,inf,inf,0.000000,inf,inf,0.012000,inf,inf,inf,inf,nan,0.000000,inf,inf,inf,inf,inf,inf,inf,inf,-0.000000,0.000000,0.000000,0,4
1780631150.717862,nominal,-0.000000,45.000000,0.000000,-0.000000,-0.500818,0.000000,45.000000,0.000000,45.000000,-0.000000,0.000000,0.070106,1,7.641354,inf,inf,inf,inf,inf,0.000000,inf,inf,0.012000,inf,inf,inf,inf,nan,0.000000,inf,inf,inf,inf,inf,inf,inf,inf,-0.000000,0.000000,0.000000,0,4
1780631150.808422,nominal,-0.000000,45.000000,0.000000,-0.000000,-0.463091,0.000000,45.000000,0.000000,45.000000,-0.000000,0.000000,0.060990,1,6.929115,0.520885,0.230895,0.122442,0.122442,0.620000,0.000000,0.122442,0.122442,0.012000,0.608000,0.480885,0.392885,inf,nan,0.000000,0.392885,0.392885,0.392885,0.117866,0.023573,0.392885,0.117866,0.023573,-0.000000,0.000000,0.000000,1,4
1780631150.908672,nominal,-0.000000,45.000000,0.000000,-0.000000,-0.446108,0.000000,45.000000,0.000000,45.000000,-0.000000,0.000000,0.056471,1,2.853389,0.511595,0.221758,0.113291,0.113291,0.620000,0.000000,0.113291,0.113291,0.012000,0.608000,0.471595,0.383595,inf,nan,0.000000,0.383595,0.383595,0.383595,0.115078,0.023016,0.383595,0.115078,0.023016,-0.000000,0.000000,0.000000,1,4
1780631151.006041,nominal,-0.000000,45.000000,0.000000,-0.000000,-0.438474,0.000000,45.000000,0.000000,45.000000,-0.000000,0.000000,0.054148,1,6.207992,inf,inf,inf,inf,inf,0.000000,inf,inf,0.012000,inf,inf,inf,inf,nan,0.000000,inf,inf,inf,inf,inf,inf,inf,inf,-0.000000,0.000000,0.000000,0,4
1780631151.108632,nominal,0.000000,45.000000,0.000000,-0.000000,-0.435022,0.000000,45.000000,0.000000,45.000000,-0.000000,0.000000,0.052844,1,3.744472,inf,inf,inf,inf,inf,0.000000,inf,inf,0.012000,inf,inf,inf,inf,nan,0.000000,inf,inf,inf,inf,inf,inf,inf,inf,-0.000000,0.000000,0.000000,0,4
