time_s,controller,x,y,vx,vy,yaw,ref_x,ref_y,goal_x,goal_y,ux,uy,alpha,feasible,solve_ms,clearance_m,d_lower_min,c_body,barrier,gamma_ref,recovery_energy,recoverable_margin,h_R,dynamic_reserve,recoverability_delta,pred_min_d_lower,pred_min_c_body,pred_min_gamma,pred_max_recovery_energy,pred_max_dynamic_reserve,pred_min_delta,pred_min_h_R,pred_min_psi0,pred_min_psi1,pred_min_psi2,pred_min_psi0_constraint,pred_min_psi1_constraint,pred_min_psi2_constraint,solver_constraint_margin,max_safety_slack,speed_mps,obstacle_count,guide_points
1780630701.599794,nominal,0.000000,-50.000000,0.000000,0.000000,1.570800,0.000000,-48.400000,0.000000,45.000000,0.000000,7.999991,-0.171058,1,10.578572,inf,inf,inf,inf,inf,0.016640,inf,inf,0.012000,inf,inf,inf,inf,nan,0.000000,inf,inf,inf,inf,inf,inf,inf,inf,-0.000000,0.000000,0.000000,0,2
1780630701.705089,nominal,0.000000,-50.000000,0.000000,0.000000,1.570800,0.000000,-48.400000,0.000000,45.000000,0.000000,7.999992,-0.212728,1,12.282502,inf,inf,inf,inf,inf,0.016640,inf,inf,0.012000,inf,inf,inf,inf,nan,0.000000,inf,inf,inf,inf,inf,inf,inf,inf,-0.000000,0.000000,0.000000,0,2
1780630701.802575,nominal,0.000000,-50.000000,0.000000,0.000000,1.570800,0.000000,-48.400000,0.000000,45.000000,0.000000,7.999992,-0.221782,1,12.213939,inf,inf,inf,inf,inf,0.016640,inf,inf,0.012000,inf,inf,inf,inf,nan,0.000000,inf,inf,inf,inf,inf,inf,inf,inf,-0.000000,0.000000,0.000000,0,2
1780630701.903560,nominal,0.000000,-49.960000,0.000000,0.799999,1.570799,0.000000,-48.360000,0.000000,45.000000,0.000000,7.999979,-0.222624,1,10.024282,inf,inf,inf,inf,inf,0.017408,inf,inf,0.041600,inf,inf,inf,inf,nan,0.000000,inf,inf,inf,inf,inf,inf,inf,inf,-0.000000,0.000000,0.799999,0,2
1780630701.996477,nominal,0.000000,-49.840000,0.000000,1.599997,1.570798,0.000000,-48.240000,0.000000,45.000000,0.000000,7.750965,-0.221408,1,6.578425,inf,inf,inf,inf,inf,0.019712,inf,inf,0.074400,inf,inf,inf,inf,nan,0.000000,inf,inf,inf,inf,inf,inf,inf,inf,-0.000000,0.000000,1.599997,0,2
1780630702.270425,nominal,0.000000,-49.641246,0.000000,2.375094,1.570798,-0.304189,-48.070428,0.000000,45.000000,-2.709432,4.032146,-0.219684,1,2.690619,inf,inf,inf,inf,inf,0.023409,inf,inf,0.109231,inf,inf,inf,inf,nan,0.000000,inf,inf,inf,inf,inf,inf,inf,inf,-0.000000,0.000000,2.375094,0,4
1780630702.274701,nominal,0.000000,-49.641246,0.000000,2.375094,1.570798,-0.304189,-48.070428,0.000000,45.000000,-2.913471,3.752093,-0.217845,1,2.453470,inf,inf,inf,inf,inf,0.023409,inf,inf,0.109231,inf,inf,inf,inf,nan,0.000000,inf,inf,inf,inf,inf,inf,inf,inf,-0.000000,0.000000,2.375094,0,4
1780630702.303608,nominal,-0.014567,-49.384976,-0.291347,2.750303,1.577533,-0.352548,-47.820702,0.000000,45.000000,-1.936548,2.007179,-0.216723,1,2.564013,1.455688,1.298128,1.173982,1.173982,1.327023,0.025827,1.153822,1.153822,0.127922,1.173275,1.415688,1.327688,inf,nan,0.000000,1.327688,1.327688,1.327688,0.416669,0.095599,1.327688,0.416669,0.095599,-0.000000,0.000000,2.765692,10,4
1780630702.404462,nominal,-0.053385,-49.099910,-0.485002,2.951021,1.653030,-0.407159,-47.538694,0.000000,45.000000,-1.144026,0.957554,-0.223276,1,2.216733,1.474050,1.343949,1.217399,1.217399,1.396169,0.027389,1.203108,1.203108,0.139031,1.229749,1.434050,1.346050,inf,nan,0.000000,1.346050,1.346050,1.346050,0.431212,0.098361,1.346050,0.431212,0.098361,-0.000000,0.000000,2.990610,10,4
1780630702.504954,nominal,-0.107605,-48.800020,-0.599404,3.046776,1.719006,-0.465093,-47.239523,0.000000,45.000000,-0.609596,0.447049,-0.230668,1,3.172286,1.501447,1.363069,1.242719,1.242719,0.713891,0.028230,0.540875,0.540875,0.144787,0.540875,0.595058,0.507058,inf,nan,0.000000,0.507058,0.507058,0.507058,0.094670,-0.196792,0.507058,0.094670,-0.196792,-0.000000,0.000000,3.105178,10,4
1780630702.609835,nominal,-0.170594,-48.493107,-0.660364,3.091481,1.758392,-0.524656,-46.931947,0.000000,45.000000,-0.268235,0.216071,-0.235328,1,1.976019,1.534672,1.391929,1.279383,1.279383,0.647425,0.028649,0.471150,0.471150,0.147626,0.471150,0.398008,0.310008,inf,nan,0.000000,0.310008,0.310008,0.310008,0.054608,-0.222309,0.310008,0.054608,-0.222309,-0.000000,0.000000,3.161224,10,4
1780630702.718435,nominal,-0.237971,-48.182878,-0.687187,3.113088,1.777271,-0.584995,-46.620356,0.000000,45.000000,-0.060772,0.114903,-0.237040,1,1.640535,1.568997,1.292815,1.176545,1.176545,0.620000,0.028849,0.442161,0.442161,0.148990,0.442161,0.299512,0.211512,inf,nan,0.000000,0.211512,0.211512,0.211512,0.013320,-0.043332,0.211512,0.013320,-0.043332,-0.000000,0.000000,3.188032,10,4
1780630702.810848,nominal,-0.306994,-47.870995,-0.693265,3.124579,1.783864,-0.645703,-46.306862,0.000000,45.000000,0.055887,0.070621,-0.236667,1,1.893074,1.266772,0.992303,0.878677,0.878677,0.620922,0.028940,0.442353,0.442353,0.149629,0.442353,0.308061,0.220061,inf,nan,0.000000,0.220061,0.220061,0.220061,-0.019629,-0.046230,0.220061,-0.019629,-0.046230,-0.000000,0.000000,3.200564,10,4
1780630702.918287,nominal,-0.376041,-47.558184,-0.687676,3.131641,1.784009,-0.706585,-45.992470,0.000000,45.000000,0.112590,0.050021,-0.235073,1,2.376041,0.973723,0.703257,0.594478,0.594478,0.656667,0.028981,0.477291,0.477291,0.149919,0.477768,0.310438,0.222438,inf,nan,0.000000,0.222438,0.222438,0.222438,-0.040178,-0.025634,0.222438,-0.040178,-0.025634,-0.000000,0.000000,3.206255,10,4
1780630703.009237,nominal,-0.444245,-47.244770,-0.676417,3.136643,1.781206,-0.767549,-45.677654,0.000000,45.000000,0.131374,0.038754,-0.232862,1,1.760912,0.701827,0.447770,0.343866,0.343866,0.722191,0.028998,0.343839,0.343839,0.150046,0.543147,0.320995,0.232995,inf,nan,0.000000,0.232995,0.232995,0.232995,-0.047569,-0.052150,0.232995,-0.047569,-0.052150,-0.000000,0.000000,3.208749,10,4
1780630703.115789,nominal,-0.511230,-46.930912,-0.663280,3.140518,1.777394,-0.828552,-45.362637,0.000000,45.000000,0.127753,0.031021,-0.230402,1,2.086984,0.530958,0.345916,0.233385,0.233385,0.759124,0.029005,0.233385,0.233385,0.150100,0.580019,0.376361,0.288361,inf,nan,0.000000,0.288361,0.288361,0.288361,0.006290,-0.010716,0.288361,0.006290,-0.010716,-0.000000,0.000000,3.209797,10,4
1780630703.210257,nominal,-0.576919,-46.616705,-0.650504,3.143620,1.773575,-0.889574,-45.047526,0.000000,45.000000,0.112350,0.024720,-0.227894,1,1.981805,0.531280,0.411002,0.298933,0.298933,0.863162,0.029007,0.298933,0.298933,0.150121,0.684033,0.491280,0.403280,inf,nan,0.000000,0.403280,0.403280,0.403280,0.140107,0.000575,0.403280,0.140107,0.000575,-0.000000,0.000000,3.210219,10,4
1780630703.320855,nominal,-0.641408,-46.302219,-0.639269,3.146092,1.770219,-0.950603,-44.732371,0.000000,45.000000,0.092126,0.019238,-0.225441,1,2.499359,0.526649,0.244106,0.132083,0.132083,0.991391,0.029008,0.132083,0.132083,0.150130,0.812253,0.486649,0.398649,inf,nan,0.000000,0.398649,0.398649,0.398649,0.145788,-0.029541,0.398649,0.145788,-0.029541,-0.000000,0.000000,3.210383,10,4
1780630703.415082,nominal,-0.704874,-45.987514,-0.630057,3.148016,1.767495,-1.011637,-44.417194,0.000000,45.000000,0.071374,0.014481,-0.223086,1,2.047646,0.613569,0.364720,0.260295,0.260295,0.988900,0.029008,0.260295,0.260295,0.150133,0.809758,0.573569,0.485569,inf,nan,0.000000,0.485569,0.485569,0.485569,0.157441,0.043420,0.485569,0.157441,0.043420,-0.000000,0.000000,3.210448,10,4
1780630703.523770,nominal,-0.767523,-45.672640,-0.622919,3.149464,1.765418,-1.072673,-44.102008,0.000000,45.000000,0.052496,0.010477,-0.220841,1,2.153958,0.625340,0.480827,0.373784,0.373784,0.620000,0.029009,0.371175,0.371175,0.150135,0.440857,-0.060834,-0.148834,inf,nan,0.000000,-0.148834,-0.148834,-0.148834,-0.202347,-0.327187,-0.148834,-0.202347,-0.327187,-0.000000,0.000000,3.210476,10,4
1780630703.610881,nominal,-0.829553,-45.357641,-0.617670,3.150512,1.763918,-1.133710,-43.786817,0.000000,45.000000,0.036614,0.007237,-0.218701,1,1.874042,0.748022,0.466509,0.350897,0.350897,0.631207,0.029009,0.350081,0.350081,0.150135,0.452063,-0.134997,-0.222997,inf,nan,0.000000,-0.222997,-0.222997,-0.222997,-0.241836,-0.092782,-0.222997,-0.241836,-0.092782,-0.000000,0.000000,3.210489,10,4
1780630703.719546,nominal,-0.891137,-45.042554,-0.614008,3.151236,1.762895,-1.194747,-43.471624,0.000000,45.000000,0.024035,0.004724,-0.216652,1,1.832670,0.520834,0.232085,0.123021,0.123021,0.773942,0.029009,0.123021,0.123021,0.150136,0.594797,-0.101172,-0.189172,inf,nan,0.000000,-0.189172,-0.189172,-0.189172,-0.240800,-0.079816,-0.189172,-0.240800,-0.079816,-0.000000,0.000000,3.210497,10,4
1780630703.809802,nominal,-0.952417,-44.727407,-0.611605,3.151708,1.762244,-1.255784,-43.156429,0.000000,45.000000,0.014586,0.002857,-0.214681,1,1.666643,0.683746,0.523864,0.418965,0.418965,0.871488,0.029009,0.418963,0.418963,0.150136,0.692343,0.482543,0.394543,inf,nan,0.000000,0.394543,0.394543,0.394543,0.009694,0.061921,0.394543,0.009694,0.061921,-0.000000,0.000000,3.210502,10,4
1780630703.921159,nominal,-1.013505,-44.412221,-0.610146,3.151994,1.761865,-1.316822,-42.841235,0.000000,45.000000,0.007846,0.001535,-0.212771,1,1.837031,0.620801,0.463397,0.349768,0.349768,0.647452,0.029009,0.349321,0.349321,0.150136,0.468307,0.360198,0.272198,inf,nan,0.000000,0.272198,0.272198,0.272198,-0.016608,-0.180119,0.272198,-0.016608,-0.180119,-0.000000,0.000000,3.210505,10,4
1780630704.011050,nominal,-1.074480,-44.097014,-0.609362,3.152147,1.761677,-1.377859,-42.526040,0.000000,45.000000,0.003302,0.000647,-0.210909,1,1.706278,0.604148,0.489048,0.370874,0.370874,0.769179,0.029009,0.370861,0.370861,0.150136,0.590034,0.358655,0.270655,inf,nan,0.000000,0.270655,0.270655,0.270655,-0.031879,-0.167279,0.270655,-0.031879,-0.167279,-0.000000,0.000000,3.210507,10,4
1780630704.119177,nominal,-1.135400,-43.781796,-0.609031,3.152212,1.761615,-1.438897,-42.210844,0.000000,45.000000,0.000445,0.000090,-0.209085,1,1.694866,0.539938,0.265150,0.152934,0.152934,0.916911,0.029009,0.152934,0.152934,0.150136,0.737766,0.364861,0.276861,inf,nan,0.000000,0.276861,0.276861,0.276861,0.025916,0.036137,0.276861,0.025916,0.036137,-0.000000,0.000000,3.210508,10,4
1780630704.211093,nominal,-1.196301,-43.466575,-0.608987,3.152221,1.761628,-1.499934,-41.895649,0.000000,45.000000,-0.001185,-0.000228,-0.207290,1,1.750403,0.802141,0.531759,0.418211,0.418211,1.263531,0.029009,0.418211,0.418211,0.150136,1.084386,0.762141,0.674141,inf,nan,0.000000,0.674141,0.674141,0.674141,0.259209,0.119778,0.674141,0.259209,0.119778,-0.000000,0.000000,3.210508,10,4
1780630704.332808,nominal,-1.257205,-43.151354,-0.609106,3.152198,1.761681,-1.560972,-41.580454,0.000000,45.000000,-0.001965,-0.000380,-0.205519,1,3.418413,0.859107,0.695613,0.582350,0.582350,1.014357,0.029009,0.582346,0.582346,0.150136,0.835212,0.819107,0.731107,inf,nan,0.000000,0.731107,0.731107,0.731107,0.234745,-0.060761,0.731107,0.234745,-0.060761,-0.000000,0.000000,3.210508,10,4
1780630704.409485,nominal,-1.318126,-42.836136,-0.609302,3.152160,1.761752,-1.622009,-41.265259,0.000000,45.000000,-0.002195,-0.000425,-0.203766,1,2.039186,1.222940,0.991334,0.885132,0.885132,1.410138,0.029009,0.885132,0.885132,0.150136,1.230993,1.213668,1.125668,inf,nan,0.000000,1.125668,1.125668,1.125668,0.511764,0.030686,1.125668,0.511764,0.030686,-0.000000,0.000000,3.210508,10,4
1780630704.518115,nominal,-1.379067,-42.520922,-0.609522,3.152118,1.761825,-1.683047,-40.950064,0.000000,45.000000,-0.002096,-0.000406,-0.202030,1,2.238596,1.490025,1.258411,1.148928,1.148928,1.499585,0.029009,1.148857,1.148857,0.150136,1.320440,1.488586,1.400586,inf,nan,0.000000,1.400586,1.400586,1.400586,0.522101,0.040268,1.400586,0.522101,0.040268,-0.000000,0.000000,3.210508,10,4
1780630704.610602,nominal,-1.440030,-42.205712,-0.609731,3.152077,1.761891,-1.744085,-40.634868,0.000000,45.000000,-0.001826,-0.000353,-0.200308,1,2.330137,1.710701,1.544339,1.424373,1.424373,1.606195,0.029009,1.405876,1.405876,0.150136,1.427050,1.670701,1.582701,inf,nan,0.000000,1.582701,1.582701,1.582701,0.525405,0.155638,1.582701,0.525405,0.155638,-0.000000,0.000000,3.210508,10,4
1780630704.719034,nominal,-1.501012,-41.890506,-0.609914,3.152042,1.761947,-1.805122,-40.319673,0.000000,45.000000,-0.001487,-0.000288,-0.198600,1,2.942252,1.761295,1.606270,1.492807,1.492807,1.725649,0.029009,1.488747,1.488747,0.150136,1.546504,1.721295,1.633295,inf,nan,0.000000,1.633295,1.633295,1.633295,0.592205,0.170274,1.633295,0.592205,0.170274,-0.000000,0.000000,3.210508,10,4
1780630704.798607,nominal,-1.562011,-41.575304,-0.610062,3.152013,1.761992,-1.866160,-40.004478,0.000000,45.000000,-0.001147,-0.000222,-0.196905,1,1.579398,1.863512,1.680843,1.570257,1.570257,1.854606,0.029009,1.569547,1.569547,0.150136,1.675461,1.823512,1.735512,inf,nan,0.000000,1.735512,1.735512,1.735512,0.667035,0.185723,1.735512,0.667035,0.185723,-0.000000,0.000000,3.210508,10,4
1780630704.916610,nominal,-1.623023,-41.260104,-0.610177,3.151991,1.762026,-1.927197,-39.689283,0.000000,45.000000,-0.000840,-0.000163,-0.195223,1,2.801273,2.009893,1.801097,1.694494,1.694494,1.990601,0.029009,1.694021,1.694021,0.150136,1.811456,1.969893,1.881893,inf,nan,0.000000,1.881893,1.881893,1.881893,0.746702,0.201822,1.881893,0.746702,0.201822,-0.000000,0.000000,3.210508,10,4
1780630705.007330,nominal,-1.684045,-40.944905,-0.610261,3.151974,1.762050,-1.988235,-39.374088,0.000000,45.000000,-0.000583,-0.000113,-0.193554,1,1.824704,2.192027,1.963708,1.858729,1.858729,2.131850,0.029009,1.857684,1.857684,0.150136,1.952705,2.152027,2.064027,inf,nan,0.000000,2.064027,2.064027,2.064027,0.829329,0.218434,2.064027,0.829329,0.218434,-0.000000,0.000000,3.210508,10,4
1780630705.094930,nominal,-1.745074,-40.629708,-0.610319,3.151963,1.762066,-2.049272,-39.058892,0.000000,45.000000,-0.000381,-0.000074,-0.191898,1,1.750331,2.402148,2.159745,2.054970,2.054970,2.277076,0.029009,2.049235,2.049235,0.150136,2.097931,2.362148,2.274148,inf,nan,0.000000,2.274148,2.274148,2.274148,0.913927,0.235452,2.274148,0.913927,0.235452,-0.000000,0.000000,3.210508,10,4
1780630705.193169,nominal,-1.806107,-40.314512,-0.610357,3.151956,1.762076,-2.110310,-38.743697,0.000000,45.000000,-0.000229,-0.000044,-0.190255,1,1.704229,2.633831,2.381453,2.276060,2.276060,2.425370,0.029009,2.237609,2.237609,0.150136,2.246225,2.593831,2.505831,inf,nan,0.000000,2.505831,2.505831,2.505831,0.999989,0.252796,2.505831,0.999989,0.252796,-0.000000,0.000000,3.210508,10,4
1780630705.322940,nominal,-1.867144,-39.999317,-0.610380,3.151951,1.762082,-2.171347,-38.428502,0.000000,45.000000,-0.000122,-0.000024,-0.188625,1,6.146571,1.579629,2.622678,2.516225,2.516225,2.576082,0.029009,2.396501,2.396501,0.150136,2.396937,2.842071,2.754071,inf,nan,0.000000,2.754071,2.754071,2.754071,1.087229,0.270401,2.754071,1.087229,0.270401,-0.000000,0.000000,3.210508,10,4
1780630705.409406,nominal,-1.928183,-39.684122,-0.610393,3.151949,1.762085,-2.232385,-38.113307,0.000000,45.000000,-0.000050,-0.000010,-0.187009,1,2.162271,1.189455,0.902821,0.791239,0.791239,0.620000,0.029009,0.440855,0.440855,0.150136,0.440855,-0.102392,-0.190392,inf,nan,0.000000,-0.190392,-0.190392,-0.190392,-0.179920,-0.076783,-0.190392,-0.179920,-0.076783,-0.000000,0.000000,3.210508,10,4
1780630705.520335,nominal,-1.989222,-39.368927,-0.610398,3.151948,1.762086,-2.293422,-37.798111,0.000000,45.000000,-0.000005,-0.000001,-0.185407,1,2.408897,0.873037,0.589415,0.476906,0.476906,0.620000,0.029009,0.433732,0.433732,0.150136,0.440855,-0.047591,-0.135591,inf,nan,0.000000,-0.135591,-0.135591,-0.135591,-0.213051,-0.089473,-0.135591,-0.213051,-0.089473,-0.000000,0.000000,3.210508,10,4
1780630705.609648,nominal,-2.050262,-39.053732,-0.610398,3.151948,1.762086,-2.354460,-37.482916,0.000000,45.000000,0.000021,0.000004,-0.183818,1,2.450982,0.561034,0.285835,0.170547,0.170547,0.750985,0.029009,0.170547,0.170547,0.150136,0.571840,-0.069105,-0.157105,inf,nan,0.000000,-0.157105,-0.157105,-0.157105,-0.252756,-0.119572,-0.157105,-0.252756,-0.119572,-0.000000,0.000000,3.210508,10,4
1780630705.720339,nominal,-2.111302,-38.738538,-0.610396,3.151948,1.762085,-2.415497,-37.167721,0.000000,45.000000,0.000033,0.000006,-0.182242,1,3.227639,1.760331,1.607469,1.490967,1.490967,1.109347,0.029009,0.930202,0.930202,0.150136,0.930202,1.305111,1.217111,inf,nan,0.000000,1.217111,1.217111,1.217111,0.329977,-0.007795,1.217111,0.329977,-0.007795,-0.000000,0.000000,3.210508,10,4
1780630705.809311,nominal,-2.172341,-38.423343,-0.610393,3.151949,1.762084,-2.476535,-36.852526,0.000000,45.000000,0.000036,0.000007,-0.180680,1,2.627732,1.708895,1.574352,1.458773,1.458773,1.041506,0.029009,0.862361,0.862361,0.150136,0.862361,1.176663,1.088663,inf,nan,0.000000,1.088663,1.088663,1.088663,0.300521,-0.089865,1.088663,0.300521,-0.089865,-0.000000,0.000000,3.210508,10,4
1780630705.915867,nominal,-2.233380,-38.108148,-0.610389,3.151950,1.762083,-2.537573,-36.537330,0.000000,45.000000,0.000034,0.000007,-0.179132,1,2.340504,1.709336,1.574415,1.459009,1.459009,0.998356,0.029009,0.819211,0.819211,0.150136,0.819211,1.050495,0.962495,inf,nan,0.000000,0.962495,0.962495,0.962495,0.266457,-0.127935,0.962495,0.266457,-0.127935,-0.000000,0.000000,3.210508,10,4
1780630706.006008,nominal,-2.294419,-37.792953,-0.610386,3.151950,1.762082,-2.598610,-36.222135,0.000000,45.000000,0.000030,0.000006,-0.177596,1,3.113520,0.513777,0.226323,0.116664,0.116664,0.975146,0.029009,0.116664,0.116664,0.150136,0.796001,0.473777,0.385777,inf,nan,0.000000,0.385777,0.385777,0.385777,0.244845,-0.090899,0.385777,0.244845,-0.090899,-0.000000,0.000000,3.210508,10,4
1780630706.121508,nominal,-2.355458,-37.477758,-0.610383,3.151951,1.762081,-2.659648,-35.906940,0.000000,45.000000,0.000024,0.000005,-0.176074,1,3.773736,0.779686,0.496305,0.381422,0.381422,0.974881,0.029009,0.381422,0.381422,0.150136,0.795736,0.739686,0.651686,inf,nan,0.000000,0.651686,0.651686,0.651686,0.221979,-0.127417,0.651686,0.221979,-0.127417,-0.000000,0.000000,3.210508,10,4
1780630706.208990,nominal,-2.416496,-37.162563,-0.610380,3.151951,1.762080,-2.720685,-35.591745,0.000000,45.000000,0.000018,0.000004,-0.174565,1,2.767606,1.096214,0.809477,0.697765,0.697765,0.995935,0.029009,0.697325,0.697325,0.150136,0.816790,1.005949,0.917949,inf,nan,0.000000,0.917949,0.917949,0.917949,0.207762,-0.137950,0.917949,0.207762,-0.137950,-0.000000,0.000000,3.210508,10,4
1780630706.303940,nominal,-2.477534,-36.847367,-0.610379,3.151952,1.762079,-2.781723,-35.276550,0.000000,45.000000,0.000013,0.000003,-0.173069,1,2.071318,1.170084,1.019210,0.901331,0.901331,0.950232,0.029009,0.770789,0.770789,0.150136,0.771087,0.901767,0.813767,inf,nan,0.000000,0.813767,0.813767,0.813767,0.196701,0.009669,0.813767,0.196701,0.009669,-0.000000,0.000000,3.210508,10,4
1780630706.409732,nominal,-2.538572,-36.532172,-0.610377,3.151952,1.762079,-2.842760,-34.961354,0.000000,45.000000,0.000009,0.000002,-0.171585,1,2.725997,1.091248,0.925447,0.811899,0.811899,0.620000,0.029009,0.440855,0.440855,0.150136,0.440855,0.004945,-0.083055,inf,nan,0.000000,-0.083055,-0.083055,-0.083055,-0.093737,-0.111967,-0.083055,-0.093737,-0.111967,-0.000000,0.000000,3.210508,10,4
1780630706.516078,nominal,-2.599609,-36.216977,-0.610376,3.151952,1.762079,-2.903798,-34.646159,0.000000,45.000000,0.000006,0.000001,-0.170115,1,3.315845,0.994501,0.832788,0.719647,0.719647,0.620000,0.029009,0.440853,0.440853,0.150136,0.440855,-0.099585,-0.187585,inf,nan,0.000000,-0.187585,-0.187585,-0.187585,-0.154432,-0.132877,-0.187585,-0.154432,-0.132877,-0.000000,0.000000,3.210508,10,4
1780630706.607605,nominal,-2.660647,-35.901782,-0.610376,3.151952,1.762079,-2.964835,-34.330964,0.000000,45.000000,0.000004,0.000001,-0.168657,1,2.737443,0.938127,0.775503,0.656739,0.656739,0.620000,0.029009,0.440840,0.440840,0.150136,0.440855,-0.096945,-0.184945,inf,nan,0.000000,-0.184945,-0.184945,-0.184945,-0.211736,-0.161610,-0.184945,-0.211736,-0.161610,-0.000000,0.000000,3.210508,10,4
1780630706.716784,nominal,-2.721684,-35.586587,-0.610375,3.151952,1.762079,-3.025873,-34.015769,0.000000,45.000000,0.000002,0.000000,-0.167211,1,3.178819,0.744468,0.454553,0.345099,0.345099,0.632668,0.029009,0.344463,0.344463,0.150136,0.453523,-0.100874,-0.188874,inf,nan,0.000000,-0.188874,-0.188874,-0.188874,-0.218054,-0.109265,-0.188874,-0.218054,-0.109265,-0.000000,0.000000,3.210508,10,4
1780630706.808254,nominal,-2.782722,-35.271391,-0.610375,3.151952,1.762079,-3.086910,-33.700573,0.000000,45.000000,0.000001,0.000000,-0.165778,1,3.498449,0.518759,0.242369,0.118160,0.118160,0.798234,0.029009,0.118160,0.118160,0.150136,0.619089,0.002521,-0.085479,inf,nan,0.000000,-0.085479,-0.085479,-0.085479,-0.183541,-0.001640,-0.085479,-0.183541,-0.001640,-0.000000,0.000000,3.210508,10,4
1780630706.916929,nominal,-2.843759,-34.956196,-0.610375,3.151952,1.762079,-3.147948,-33.385378,0.000000,45.000000,0.000000,0.000000,-0.164357,1,3.447277,0.556687,0.396320,0.287673,0.287673,0.620000,0.029009,0.287539,0.287539,0.150136,0.440855,0.276882,0.188882,inf,nan,0.000000,0.188882,0.188882,0.188882,0.007225,-0.104427,0.188882,0.007225,-0.104427,-0.000000,0.000000,3.210508,10,4
1780630706.999128,nominal,-2.904797,-34.641001,-0.610375,3.151952,1.762079,-3.208986,-33.070183,0.000000,45.000000,-0.000000,-0.000000,-0.162949,1,1.573591,0.574163,0.445572,0.336746,0.336746,0.620000,0.029009,0.336009,0.336009,0.150136,0.440855,0.013240,-0.074760,inf,nan,0.000000,-0.074760,-0.074760,-0.074760,-0.071133,-0.249335,-0.074760,-0.071133,-0.249335,-0.000000,0.000000,3.210508,10,4
1780630707.104454,nominal,-2.965834,-34.325806,-0.610375,3.151952,1.762079,-3.270023,-32.754988,0.000000,45.000000,-0.000001,-0.000000,-0.161552,1,4.174561,0.544684,0.318647,0.214085,0.214085,0.620000,0.029009,0.214075,0.214075,0.150136,0.440855,0.002808,-0.085192,inf,nan,0.000000,-0.085192,-0.085192,-0.085192,-0.114133,-0.253343,-0.085192,-0.114133,-0.253343,-0.000000,0.000000,3.210508,10,4
1780630707.207798,nominal,-3.026872,-34.010610,-0.610375,3.151952,1.762079,-3.331061,-32.439792,0.000000,45.000000,-0.000001,-0.000000,-0.160168,1,3.762315,0.579212,0.298723,0.185408,0.185408,0.620000,0.029009,0.185404,0.185404,0.150136,0.440855,0.003164,-0.084836,inf,nan,0.000000,-0.084836,-0.084836,-0.084836,-0.167148,-0.252541,-0.084836,-0.167148,-0.252541,-0.000000,0.000000,3.210508,10,4
1780630707.323195,nominal,-3.087909,-33.695415,-0.610375,3.151952,1.762079,-3.392098,-32.124597,0.000000,45.000000,-0.000001,-0.000000,-0.158795,1,6.542966,0.624524,0.353436,0.245478,0.245478,0.717597,0.029009,0.245477,0.245477,0.150136,0.538452,0.019024,-0.068976,inf,nan,0.000000,-0.068976,-0.068976,-0.068976,-0.196065,-0.101518,-0.068976,-0.196065,-0.101518,-0.000000,0.000000,3.210508,10,4
1780630707.409862,nominal,-3.148947,-33.380220,-0.610375,3.151952,1.762079,-3.453136,-31.809402,0.000000,45.000000,-0.000000,-0.000000,-0.157434,1,2.239538,0.511623,0.248482,0.143315,0.143315,0.784569,0.029009,0.143315,0.143315,0.150136,0.605424,-0.042316,-0.130316,inf,nan,0.000000,-0.130316,-0.130316,-0.130316,-0.217232,-0.101736,-0.130316,-0.217232,-0.101736,-0.000000,0.000000,3.210508,10,4
1780630707.516272,nominal,-3.209984,-33.065025,-0.610375,3.151952,1.762079,-3.514173,-31.494207,0.000000,45.000000,-0.000000,-0.000000,-0.156085,1,2.577269,0.906728,0.782478,0.672772,0.672772,1.308910,0.029009,0.672772,0.672772,0.150136,1.129765,0.891260,0.803260,inf,nan,0.000000,0.803260,0.803260,0.803260,0.350157,0.111417,0.803260,0.350157,0.111417,-0.000000,0.000000,3.210508,10,4
1780630707.606694,nominal,-3.271022,-32.749830,-0.610375,3.151952,1.762079,-3.575211,-31.179012,0.000000,45.000000,-0.000000,-0.000000,-0.154747,1,1.771496,1.040439,0.850946,0.741544,0.741544,1.450744,0.029009,0.741544,0.741544,0.150136,1.271599,1.000439,0.912439,inf,nan,0.000000,0.912439,0.912439,0.912439,0.398361,0.140797,0.912439,0.398361,0.140797,-0.000000,0.000000,3.210508,10,4
1780630707.718879,nominal,-3.332060,-32.434634,-0.610375,3.151952,1.762079,-3.636248,-30.863816,0.000000,45.000000,-0.000000,-0.000000,-0.153421,1,2.950412,0.524925,0.273879,0.170778,0.170778,1.407560,0.029009,0.170778,0.170778,0.150136,1.228415,0.484925,0.396925,inf,nan,0.000000,0.396925,0.396925,0.396925,0.393578,0.137719,0.396925,0.393578,0.137719,-0.000000,0.000000,3.210508,10,4
1780630707.809554,nominal,-3.393097,-32.119439,-0.610375,3.151952,1.762079,-3.697286,-30.548621,0.000000,45.000000,-0.000000,-0.000000,-0.152106,1,2.254326,0.630006,0.348958,0.235762,0.235762,1.499488,0.029009,0.235762,0.235762,0.150136,1.320343,0.590006,0.502006,inf,nan,0.000000,0.502006,0.502006,0.502006,0.466281,0.149336,0.502006,0.466281,0.149336,-0.000000,0.000000,3.210508,10,4
1780630707.914081,nominal,-3.454135,-31.804244,-0.610375,3.151952,1.762079,-3.758323,-30.233426,0.000000,45.000000,-0.000000,-0.000000,-0.150803,1,1.854985,0.734334,0.629516,0.518283,0.518283,1.650134,0.029009,0.518283,0.518283,0.150136,1.470989,0.876231,0.788231,inf,nan,0.000000,0.788231,0.788231,0.788231,0.555082,0.166868,0.788231,0.555082,0.166868,-0.000000,0.000000,3.210508,10,4
1780630708.007701,nominal,-3.515172,-31.489049,-0.610375,3.151952,1.762079,-3.819361,-29.918231,0.000000,45.000000,-0.000000,-0.000000,-0.149510,1,2.184299,1.055385,0.946619,0.835658,0.835658,1.557128,0.029009,0.835658,0.835658,0.150136,1.377983,1.194843,1.106843,inf,nan,0.000000,1.106843,1.106843,1.106843,0.593376,-0.008001,1.106843,0.593376,-0.008001,-0.000000,0.000000,3.210508,10,4
1780630708.122084,nominal,-3.576210,-31.173853,-0.610375,3.151952,1.762079,-3.880398,-29.603035,0.000000,45.000000,-0.000000,-0.000000,-0.148229,1,4.304952,1.376436,1.265504,1.154595,1.154595,1.546110,0.029009,1.154578,1.154578,0.150136,1.366965,1.514393,1.426393,inf,nan,0.000000,1.426393,1.426393,1.426393,0.581936,0.023433,1.426393,0.581936,0.023433,-0.000000,0.000000,3.210508,10,4
1780630708.196133,nominal,-3.637247,-30.858658,-0.610375,3.151952,1.762079,-3.941436,-29.287840,0.000000,45.000000,-0.000000,-0.000000,-0.146958,1,1.569601,1.697486,1.585187,1.474273,1.474273,1.549484,0.029009,1.369597,1.369597,0.150136,1.370339,1.834428,1.746428,inf,nan,0.000000,1.746428,1.746428,1.746428,0.574613,-0.011283,1.746428,0.574613,-0.011283,-0.000000,0.000000,3.210508,10,4
1780630708.323207,nominal,-3.698285,-30.543463,-0.610375,3.151952,1.762079,-4.002474,-28.972645,0.000000,45.000000,0.000000,0.000000,-0.145699,1,5.266977,1.761095,1.905297,1.794345,1.794345,1.568996,0.029009,1.389851,1.389851,0.150136,1.389851,2.111311,2.023311,inf,nan,0.000000,2.023311,2.023311,2.023311,0.569838,0.041529,2.023311,0.569838,0.041529,-0.000000,0.000000,3.210508,10,4
1780630708.411041,nominal,-3.759322,-30.228268,-0.610375,3.151952,1.762079,-4.032000,-28.654427,0.000000,45.000000,0.280672,0.026926,-0.144450,1,1.969013,2.072549,1.782601,1.671896,1.671896,1.639772,0.028952,1.460665,1.460665,0.150136,1.460683,2.032549,1.944549,inf,nan,0.000000,1.944549,1.944549,1.944549,0.606621,0.033140,1.944549,0.606621,0.033140,-0.000000,0.000000,3.210508,10,4
1780630708.523964,nominal,-3.818957,-29.912938,-0.582308,3.154645,1.751158,-4.032000,-28.333511,0.000000,45.000000,0.708385,0.066759,-0.142023,1,2.388502,2.206036,2.065658,1.944386,1.944386,1.725244,0.028859,1.546380,1.546380,0.150005,1.546381,2.151981,2.063981,inf,nan,0.000000,2.063981,2.063981,2.063981,0.609356,0.165016,2.063981,0.609356,0.165016,-0.000000,0.000000,3.207938,10,4
1780630708.608496,nominal,-3.873645,-29.597140,-0.511470,3.161321,1.725383,-4.032000,-28.013075,0.000000,45.000000,0.913264,0.081432,-0.137699,1,1.962465,2.191981,2.062512,1.942487,1.942487,1.824117,0.028780,1.645613,1.645613,0.149724,1.645613,2.151981,2.063981,inf,nan,0.000000,2.063981,2.063981,2.063981,0.657421,0.179620,2.063981,0.657421,0.179620,-0.000000,0.000000,3.202429,10,4
1780630708.721283,nominal,-3.920226,-29.280600,-0.420143,3.169464,1.694853,-4.032000,-27.693453,0.000000,45.000000,0.938196,0.073846,-0.132411,1,2.369851,2.230207,2.078500,1.964755,1.964755,1.934380,0.028721,1.756183,1.756183,0.149457,1.756202,2.190207,2.102207,inf,nan,0.000000,2.102207,2.102207,2.102207,0.719570,0.194638,2.102207,0.719570,0.194638,-0.000000,0.000000,3.197190,10,4
1780630708.808914,nominal,-3.957549,-28.963285,-0.326324,3.176849,1.665146,-4.032000,-27.374829,0.000000,45.000000,0.856054,0.052149,-0.127005,1,1.889538,2.319115,2.141216,2.029764,2.029764,2.053933,0.028675,1.875855,1.875855,0.149272,1.875986,2.279115,2.191115,inf,nan,0.000000,2.191115,2.191115,2.191115,0.791219,0.210060,2.191115,0.791219,0.210060,-0.000000,0.000000,3.193564,10,4
1780630708.921926,nominal,-3.985902,-28.645339,-0.240718,3.182063,1.638957,-4.032000,-27.045339,0.000000,45.000000,0.722404,0.130191,-0.121988,1,2.279647,2.453000,2.248364,2.141271,2.141271,2.185819,0.028874,2.007530,2.007530,0.149149,2.007796,2.413000,2.325000,inf,nan,0.000000,2.325000,2.325000,2.325000,0.869045,0.226761,2.325000,0.869045,0.226761,-0.000000,0.000000,3.191155,10,4
1780630709.024923,nominal,-4.006361,-28.326482,-0.168478,3.195083,1.618037,-4.032000,-26.726482,0.000000,45.000000,0.573904,0.078277,-0.117673,1,4.717786,2.624545,2.399659,2.294447,2.294447,2.319793,0.028929,2.141155,2.141155,0.149576,2.141289,2.584545,2.496545,inf,nan,0.000000,2.496545,2.496545,2.496545,0.950786,0.242998,2.496545,0.950786,0.242998,-0.000000,0.000000,3.199521,10,4
1780630709.111376,nominal,-4.020340,-28.006582,-0.111088,3.202910,1.601232,-4.032000,-26.406582,0.000000,45.000000,0.432473,0.039621,-0.114011,1,1.943964,2.826368,2.586626,2.481814,2.481814,2.459191,0.028966,2.280354,2.280354,0.149847,2.280378,2.786368,2.698368,inf,nan,0.000000,2.698368,2.698368,2.698368,1.034748,0.259680,2.698368,1.034748,0.259680,-0.000000,0.000000,3.204836,10,4
1780630709.198530,nominal,-4.029286,-27.686093,-0.067840,3.206872,1.588644,-4.032000,-26.086093,0.000000,45.000000,0.309535,0.019122,-0.110993,1,2.594176,3.051606,2.801290,2.696002,2.696002,2.602875,0.028986,2.423899,2.423899,0.149987,2.423901,3.011606,2.923606,inf,nan,0.000000,2.923606,2.923606,2.923606,1.120171,0.276721,2.923606,1.120171,0.276721,-0.000000,0.000000,3.207590,10,4
1780630709.322395,nominal,-4.034522,-27.365310,-0.036887,3.208784,1.579814,-4.032000,-25.765310,0.000000,45.000000,0.209516,0.009090,-0.108566,1,6.202682,0.623678,3.036961,2.930728,2.930728,2.749944,0.028997,2.570887,2.570887,0.150059,2.570888,3.254695,3.166695,inf,nan,0.000000,3.166695,3.166695,3.166695,1.206695,0.294051,3.166695,1.206695,0.294051,-0.000000,0.000000,3.208997,10,4
1780630709.406636,nominal,-4.037163,-27.044386,-0.015935,3.209694,1.574005,-4.032000,-25.444386,0.000000,45.000000,0.132505,0.004300,-0.106631,1,2.363854,0.514874,0.351341,0.237629,0.237629,0.771824,0.029003,0.237629,0.237629,0.150097,0.592724,0.474874,0.386874,inf,nan,0.000000,0.386874,0.386874,0.386874,0.127161,-0.009067,0.386874,0.127161,-0.009067,-0.000000,0.000000,3.209733,10,4
1780630709.521505,nominal,-4.038094,-26.723395,-0.002685,3.210123,1.570471,-4.032000,-25.123395,0.000000,45.000000,0.076180,0.002030,-0.105079,1,3.488579,0.532037,0.256979,0.144203,0.144203,0.880908,0.029006,0.144203,0.144203,0.150117,0.701785,0.492037,0.404037,inf,nan,0.000000,0.404037,0.404037,0.404037,0.131525,-0.070913,0.404037,0.131525,-0.070913,-0.000000,0.000000,3.210125,10,4
1780630709.592365,nominal,-4.037982,-26.402373,0.004933,3.210326,1.568557,-4.032000,-24.802373,0.000000,45.000000,0.037121,0.000958,-0.103809,1,1.815739,0.555897,0.302623,0.199286,0.199286,1.009158,0.029008,0.199286,0.199286,0.150127,0.830023,0.515897,0.427897,inf,nan,0.000000,0.427897,0.427897,0.427897,0.156072,-0.007430,0.427897,0.156072,-0.007430,-0.000000,0.000000,3.210330,10,4
1780630709.722543,nominal,-4.037303,-26.081336,0.008645,3.210422,1.567733,-4.032000,-24.481336,0.000000,45.000000,0.011654,0.000452,-0.102736,1,4.170677,0.631905,0.439348,0.320125,0.320125,1.131176,0.029008,0.320125,0.320125,0.150132,0.952035,0.591905,0.503905,inf,nan,0.000000,0.503905,0.503905,0.503905,0.159314,0.107408,0.503905,0.159314,0.107408,-0.000000,0.000000,3.210434,10,4
1780630709.809125,nominal,-4.036380,-25.760291,0.009811,3.210468,1.567595,-4.032000,-24.160291,0.000000,45.000000,-0.003656,0.000213,-0.101795,1,3.559614,0.637927,0.491817,0.384611,0.384611,1.147249,0.029009,0.384611,0.384611,0.150135,0.968105,0.600047,0.512047,inf,nan,0.000000,0.512047,0.512047,0.512047,0.287199,0.073726,0.512047,0.287199,0.073726,-0.000000,0.000000,3.210483,10,4
1780630709.918452,nominal,-4.035418,-25.439243,0.009445,3.210489,1.567850,-4.032000,-23.839243,0.000000,45.000000,-0.011762,0.000101,-0.100935,1,4.630000,0.773632,0.564540,0.457844,0.457844,1.267149,0.029009,0.457844,0.457844,0.150136,1.088004,0.733632,0.645632,inf,nan,0.000000,0.645632,0.645632,0.645632,0.406389,0.080054,0.645632,0.406389,0.080054,-0.000000,0.000000,3.210503,10,4
1780630710.007885,nominal,-4.034532,-25.118194,0.008269,3.210499,1.568296,-4.032000,-23.518194,0.000000,45.000000,-0.015040,0.000047,-0.100121,1,4.129563,0.987861,0.739142,0.634672,0.634672,0.620000,0.029009,0.440823,0.440823,0.150136,0.440855,0.048773,-0.039227,inf,nan,0.000000,-0.039227,-0.039227,-0.039227,-0.058117,-0.160264,-0.039227,-0.058117,-0.160264,-0.000000,0.000000,3.210510,10,4
1780630710.118150,nominal,-4.033780,-24.797144,0.006765,3.210504,1.568801,-4.032000,-23.197144,0.000000,45.000000,-0.015306,0.000022,-0.099331,1,4.366206,1.142710,0.949119,0.820612,0.820612,0.620000,0.029009,0.440855,0.440855,0.150136,0.440855,0.041048,-0.046952,inf,nan,0.000000,-0.046952,-0.046952,-0.046952,-0.111612,-0.166082,-0.046952,-0.111612,-0.166082,-0.000000,0.000000,3.210511,10,4
1780630710.207681,nominal,-4.033180,-24.476093,0.005234,3.210506,1.569286,-4.032000,-22.876093,0.000000,45.000000,-0.013876,0.000011,-0.098550,1,3.976153,0.994586,0.709252,0.597311,0.597311,0.620000,0.029009,0.440735,0.440735,0.150136,0.440855,0.040392,-0.047608,inf,nan,0.000000,-0.047608,-0.047608,-0.047608,-0.153494,-0.083838,-0.047608,-0.153494,-0.083838,-0.000000,0.000000,3.210510,10,4
1780630710.317301,nominal,-4.032726,-24.155043,0.003847,3.210507,1.569711,-4.032000,-22.555043,0.000000,45.000000,-0.011653,0.000005,-0.097769,1,2.478380,2.529245,2.292633,2.181041,2.181041,2.497418,0.029009,2.180807,2.180807,0.150136,2.318273,2.540612,2.452612,inf,nan,0.000000,2.452612,2.452612,2.452612,1.054727,0.266623,2.452612,1.054727,0.266623,-0.000000,0.000000,3.210509,4,4
1780630710.411444,nominal,-4.032400,-23.833992,0.002681,3.210507,1.570058,-4.032000,-22.233992,0.000000,45.000000,-0.009220,0.000002,-0.096985,1,1.894932,2.845376,2.611163,2.499678,2.499678,2.664012,0.029009,2.471519,2.471519,0.150136,2.484867,2.859556,2.771556,inf,nan,0.000000,2.771556,2.771556,2.771556,1.150805,0.285838,2.771556,1.150805,0.285838,-0.000000,0.000000,3.210509,4,4
1780630710.516293,nominal,-4.032178,-23.512941,0.001759,3.210508,1.570327,-4.032000,-21.912941,0.000000,45.000000,-0.006922,0.000001,-0.096197,1,2.178105,3.162483,2.930203,2.818791,2.818791,2.830623,0.029009,2.651397,2.651397,0.150136,2.651478,3.178894,3.090894,inf,nan,0.000000,3.090894,3.090894,3.090894,1.246900,0.305060,3.090894,1.246900,0.305060,-0.000000,0.000000,3.210508,4,4
1780630710.597633,nominal,-4.032036,-23.191890,0.001067,3.210508,1.570524,-4.032000,-21.591890,0.000000,45.000000,-0.004935,0.000001,-0.095405,1,1.823982,3.480302,3.249612,3.138250,3.138250,2.997278,0.029009,2.818133,2.818133,0.150136,2.818133,3.498526,3.410526,inf,nan,0.000000,3.410526,3.410526,3.410526,1.343014,0.324287,3.410526,1.343014,0.324287,-0.000000,0.000000,3.210508,4,4
1780630710.707565,nominal,-4.031954,-22.870840,0.000574,3.210508,1.570661,-4.032000,-21.270840,0.000000,45.000000,-0.003326,0.000000,-0.094610,1,2.937834,3.798657,3.569298,3.457971,3.457971,3.163968,0.029009,2.984823,2.984823,0.150136,2.984823,3.818382,3.730382,inf,nan,0.000000,3.730382,3.730382,3.730382,1.439146,0.343518,3.730382,1.439146,0.343518,-0.000000,0.000000,3.210508,4,4
1780630710.803110,nominal,-4.031914,-22.549789,0.000241,3.210508,1.570751,-4.032000,-20.949789,0.000000,45.000000,-0.002091,0.000000,-0.093815,1,2.755848,4.117427,3.889195,3.777894,3.777894,3.330580,0.029009,3.151435,3.151435,0.150136,3.151435,4.138414,4.050414,inf,nan,0.000000,4.050414,4.050414,4.050414,1.535295,0.362753,4.050414,1.535295,0.362753,-0.000000,0.000000,3.210508,4,4
1780630710.908581,nominal,-4.031900,-22.228738,0.000032,3.210508,1.570806,-4.032000,-20.628738,0.000000,45.000000,-0.001192,0.000000,-0.093021,1,3.361865,4.436522,4.209260,4.097978,4.097978,3.497215,0.029009,3.318070,3.318070,0.150136,3.318070,4.458585,4.370585,inf,nan,0.000000,4.370585,4.370585,4.370585,1.631460,0.381990,4.370585,1.631460,0.381990,-0.000000,0.000000,3.210508,4,4
1780630711.006804,nominal,-4.031903,-21.907687,-0.000087,3.210508,1.570835,-4.032000,-20.307687,0.000000,45.000000,-0.000570,0.000000,-0.092229,1,2.471207,4.755879,4.529458,4.418190,4.418190,3.663882,0.029009,3.484737,3.484737,0.150136,3.484737,4.778870,4.690870,inf,nan,0.000000,4.690870,4.690870,4.690870,1.727639,0.401230,4.690870,1.727639,0.401230,-0.000000,0.000000,3.210508,4,4
1780630711.100302,nominal,-4.031914,-21.586636,-0.000144,3.210508,1.570847,-4.032000,-19.986636,0.000000,45.000000,-0.000167,0.000000,-0.091442,1,1.703254,5.075449,4.849764,4.738507,4.738507,3.830562,0.029009,3.651417,3.651417,0.150136,3.651417,5.099247,5.011247,inf,nan,0.000000,5.011247,5.011247,5.011247,1.823829,0.420472,5.011247,1.823829,0.420472,-0.000000,0.000000,3.210508,4,4
1780630711.209781,nominal,-4.031929,-21.265586,-0.000161,3.210508,1.570849,-4.032000,-19.665586,0.000000,45.000000,0.000073,0.000000,-0.090659,1,1.815829,5.395194,5.170160,5.058904,5.058904,3.997238,0.029009,3.818093,3.818093,0.150136,3.818093,5.419702,5.331702,inf,nan,0.000000,5.331702,5.331702,5.331702,1.920031,0.439651,5.331702,1.920031,0.439651,-0.000000,0.000000,3.210508,4,4
1780630711.310601,nominal,-4.031945,-20.944535,-0.000154,3.210508,1.570844,-4.032000,-19.344535,0.000000,45.000000,0.000199,0.000000,-0.089882,1,2.148273,0.720053,0.554389,0.442009,0.442009,1.335984,0.029009,0.442009,0.442009,0.150136,1.156839,0.680053,0.592053,inf,nan,0.000000,0.592053,0.592053,0.592053,0.340805,0.132375,0.592053,0.340805,0.132375,-0.000000,0.000000,3.210508,10,4
1780630711.407233,nominal,-4.031960,-20.623484,-0.000134,3.210508,1.570837,-4.032000,-19.023484,0.000000,45.000000,0.000248,0.000000,-0.089111,1,2.006629,0.883242,0.659081,0.554143,0.554143,1.491336,0.029009,0.554143,0.554143,0.150136,1.312191,0.843242,0.755242,inf,nan,0.000000,0.755242,0.755242,0.755242,0.454078,0.150380,0.755242,0.454078,0.150380,-0.000000,0.000000,3.210508,10,4
1780630711.522784,nominal,-4.031972,-20.302433,-0.000109,3.210508,1.570828,-4.032000,-18.702433,0.000000,45.000000,0.000250,0.000000,-0.088346,1,2.527162,0.544320,0.306455,0.202940,0.202940,1.392470,0.029009,0.202940,0.202940,0.150136,1.213325,0.504320,0.416320,inf,nan,0.000000,0.416320,0.416320,0.416320,0.384311,0.136825,0.416320,0.384311,0.136825,-0.000000,0.000000,3.210508,10,4
1780630711.606120,nominal,-4.031981,-19.981382,-0.000084,3.210508,1.570821,-4.032000,-18.381382,0.000000,45.000000,0.000225,0.000000,-0.087587,1,2.079661,0.766344,0.494820,0.385998,0.385998,1.542349,0.029009,0.385998,0.385998,0.150136,1.363204,0.726344,0.638344,inf,nan,0.000000,0.638344,0.638344,0.638344,0.488975,0.154725,0.638344,0.488975,0.154725,-0.000000,0.000000,3.210508,10,4
1780630711.710052,nominal,-4.031989,-19.660332,-0.000061,3.210508,1.570814,-4.032000,-18.060332,0.000000,45.000000,0.000188,0.000000,-0.086836,1,3.856719,1.063817,0.788762,0.673687,0.673687,1.705766,0.029009,0.673687,0.673687,0.150136,1.526621,1.023817,0.935817,inf,nan,0.000000,0.935817,0.935817,0.935817,0.588096,0.173781,0.935817,0.588096,0.173781,-0.000000,0.000000,3.210508,10,4
1780630711.809934,nominal,-4.031994,-19.339281,-0.000043,3.210508,1.570808,-4.032000,-17.739281,0.000000,45.000000,0.000148,0.000000,-0.086091,1,2.284204,1.371167,1.091238,0.976801,0.976801,1.869985,0.029009,0.976801,0.976801,0.150136,1.690840,1.331167,1.243167,inf,nan,0.000000,1.243167,1.243167,1.243167,0.685108,0.192887,1.243167,0.685108,0.192887,-0.000000,0.000000,3.210508,10,4
1780630711.916196,nominal,-4.031997,-19.018230,-0.000028,3.210508,1.570804,-4.032000,-17.418230,0.000000,45.000000,0.000111,0.000000,-0.085352,1,2.649906,1.683325,1.399937,1.286769,1.286769,2.034763,0.029009,1.286769,1.286769,0.150136,1.855618,1.643325,1.555325,inf,nan,0.000000,1.555325,1.555325,1.555325,0.781428,0.212026,1.555325,0.781428,0.212026,-0.000000,0.000000,3.210508,10,4
1780630712.007975,nominal,-4.032000,-18.697179,-0.000017,3.210508,1.570801,-4.032000,-17.097179,0.000000,45.000000,0.000079,0.000000,-0.084620,1,2.962828,1.998155,1.712816,1.600324,1.600324,2.199946,0.029009,1.600324,1.600324,0.150136,2.020801,1.958155,1.870155,inf,nan,0.000000,1.870155,1.870155,1.870155,0.877508,0.231187,1.870155,0.877508,0.231187,-0.000000,0.000000,3.210508,10,4
1780630712.107290,nominal,-4.032001,-18.376128,-0.000009,3.210508,1.570798,-4.032000,-16.776128,0.000000,45.000000,0.000053,0.000000,-0.083895,1,4.206013,2.314617,2.028075,1.915977,1.915977,2.365429,0.029009,1.915975,1.915975,0.150136,2.186284,2.274617,2.186617,inf,nan,0.000000,2.186617,2.186617,2.186617,0.973514,0.250366,2.186617,0.973514,0.250366,-0.000000,0.000000,3.210508,10,4
1780630712.209505,nominal,-4.032001,-18.055078,-0.000004,3.210508,1.570797,-4.032000,-16.455078,0.000000,45.000000,0.000033,0.000000,-0.083175,1,2.820847,2.632146,2.344811,2.232961,2.232961,2.531144,0.029009,2.232521,2.232521,0.150136,2.351999,2.592146,2.504146,inf,nan,0.000000,2.504146,2.504146,2.504146,1.069508,0.269557,2.504146,1.069508,0.269557,-0.000000,0.000000,3.210508,10,4
1780630712.312838,nominal,-4.032002,-17.734027,-0.000000,3.210508,1.570796,-4.032000,-16.134027,0.000000,45.000000,0.000019,0.000000,-0.082462,1,3.447683,2.950410,2.662525,2.550838,2.550838,2.697038,0.029009,2.510055,2.510055,0.150136,2.517893,2.910410,2.822410,inf,nan,0.000000,2.822410,2.822410,2.822410,1.165514,0.288758,2.822410,1.165514,0.288758,-0.000000,0.000000,3.210508,10,4
1780630712.407749,nominal,-4.032002,-17.412976,0.000002,3.210508,1.570796,-4.032000,-15.812976,0.000000,45.000000,0.000009,0.000000,-0.081756,1,1.716515,3.389780,3.099960,2.988530,2.988530,2.925575,0.029009,2.746424,2.746424,0.150136,2.746430,3.349780,3.261780,inf,nan,0.000000,3.261780,3.261780,3.261780,1.299389,0.315623,3.261780,1.299389,0.315623,-0.000000,0.000000,3.210508,4,4
1780630712.523654,nominal,-4.032001,-17.091925,0.000002,3.210508,1.570795,-4.032000,-15.491925,0.000000,45.000000,0.000002,0.000000,-0.081055,1,2.032830,3.710635,3.420785,3.309431,3.309431,3.092455,0.029009,2.913310,2.913310,0.150136,2.913310,3.670635,3.582635,inf,nan,0.000000,3.582635,3.582635,3.582635,1.395676,0.334880,3.582635,1.395676,0.334880,-0.000000,0.000000,3.210508,4,4
1780630712.607162,nominal,-4.032001,-16.770875,0.000003,3.210508,1.570795,-4.032000,-15.170875,0.000000,45.000000,-0.000001,0.000000,-0.080360,1,2.030939,4.031521,3.741647,3.630358,3.630358,3.259343,0.029009,3.080198,3.080198,0.150136,3.080198,3.991521,3.903521,inf,nan,0.000000,3.903521,3.903521,3.903521,1.491965,0.354139,3.903521,1.491965,0.354139,-0.000000,0.000000,3.210508,4,4
1780630712.740865,nominal,-4.032001,-16.449824,0.000002,3.210508,1.570796,-4.032000,-14.849824,0.000000,45.000000,-0.000003,0.000000,-0.079672,1,8.250612,4.352430,4.062538,3.951303,3.951303,3.426238,0.029009,3.247093,3.247093,0.150136,3.247093,4.312430,4.224430,inf,nan,0.000000,4.224430,4.224430,4.224430,1.588257,0.373398,4.224430,1.588257,0.373398,-0.000000,0.000000,3.210508,4,4
1780630712.810918,nominal,-4.032001,-16.128773,0.000002,3.210508,1.570796,-4.032000,-14.528773,0.000000,45.000000,-0.000004,0.000000,-0.078989,1,1.804339,4.673358,4.383452,4.272263,4.272263,3.593138,0.029009,3.413993,3.413993,0.150136,3.413993,4.633358,4.545358,inf,nan,0.000000,4.545358,4.545358,4.545358,1.684551,0.392657,4.545358,1.684551,0.392657,-0.000000,0.000000,3.210508,4,4
1780630712.925498,nominal,-4.032000,-15.807722,0.000002,3.210508,1.570796,-4.032000,-14.207722,0.000000,45.000000,-0.000004,-0.000000,-0.078312,1,2.288919,4.994301,4.704384,4.593234,4.593234,3.760013,0.029009,3.580868,3.580868,0.150136,3.580868,4.954301,4.866301,inf,nan,0.000000,4.866301,4.866301,4.866301,1.780847,0.411917,4.866301,1.780847,0.411917,-0.000000,0.000000,3.210508,4,4
1780630713.010787,nominal,-4.032000,-15.486671,0.000001,3.210508,1.570796,-4.032000,-13.886671,0.000000,45.000000,-0.000004,0.000000,-0.077641,1,1.746405,5.315258,5.025330,4.914216,4.914216,3.926887,0.029009,3.747742,3.747742,0.150136,3.747742,5.275258,5.187258,inf,nan,0.000000,5.187258,5.187258,5.187258,1.877144,0.431177,5.187258,1.877144,0.431177,-0.000000,0.000000,3.210508,4,4
1780630713.116868,nominal,-4.032000,-15.165621,0.000001,3.210508,1.570796,-4.032000,-13.565621,0.000000,45.000000,-0.000003,0.000000,-0.076975,1,1.735963,5.636224,5.346289,5.235176,5.235176,4.093768,0.029009,3.914623,3.914623,0.150136,3.914623,5.596224,5.508224,inf,nan,0.000000,5.508224,5.508224,5.508224,1.973443,0.450437,5.508224,1.973443,0.450437,-0.000000,0.000000,3.210508,4,4
1780630713.211500,nominal,-4.032000,-14.844570,0.000001,3.210508,1.570796,-4.032000,-13.244570,0.000000,45.000000,-0.000002,0.000000,-0.076316,1,1.756674,5.957200,5.667258,5.556138,5.556138,4.260654,0.029009,4.081509,4.081509,0.150136,4.081509,5.917200,5.829200,inf,nan,0.000000,5.829200,5.829200,5.829200,2.069743,0.469698,5.829200,2.069743,0.469698,-0.000000,0.000000,3.210508,4,4
1780630713.310279,nominal,-4.032000,-14.523519,0.000000,3.210508,1.570796,-4.032000,-12.923519,0.000000,45.000000,-0.000002,0.000000,-0.075662,1,2.116043,6.278183,5.988235,5.877107,5.877107,4.427546,0.029009,4.248401,4.248401,0.150136,4.248401,6.238183,6.150183,inf,nan,0.000000,6.150183,6.150183,6.150183,2.166045,0.488958,6.150183,2.166045,0.488958,-0.000000,0.000000,3.210508,4,4
1780630713.411215,nominal,-4.032000,-14.202468,0.000000,3.210508,1.570796,-4.032000,-12.602468,0.000000,45.000000,-0.000001,0.000000,-0.075013,1,1.811150,6.599173,6.309220,6.198083,6.198083,4.594442,0.029009,4.415297,4.415297,0.150136,4.415297,6.559173,6.471173,inf,nan,0.000000,6.471173,6.471173,6.471173,2.262347,0.508219,6.471173,2.262347,0.508219,-0.000000,0.000000,3.210508,4,4
1780630713.522830,nominal,-4.032000,-13.881417,0.000000,3.210508,1.570796,-4.032000,-12.281417,0.000000,45.000000,-0.000001,-0.000000,-0.074370,1,2.553294,3.579700,3.289912,3.178878,3.178878,3.023232,0.029009,2.844087,2.844087,0.150136,2.844087,3.539700,3.451700,inf,nan,0.000000,3.451700,3.451700,3.451700,1.356328,0.327007,3.451700,1.356328,0.327007,-0.000000,0.000000,3.210508,4,4
1780630713.601269,nominal,-4.032000,-13.560367,0.000000,3.210508,1.570796,-4.032000,-11.960367,0.000000,45.000000,-0.000001,-0.000000,-0.073733,1,2.853050,3.900518,3.610696,3.499645,3.499645,3.189885,0.029009,3.010740,3.010740,0.150136,3.010740,3.860518,3.772518,inf,nan,0.000000,3.772518,3.772518,3.772518,1.452608,0.346264,3.772518,1.452608,0.346264,-0.000000,0.000000,3.210508,4,4
1780630713.700409,nominal,-4.032000,-13.239316,0.000000,3.210508,1.570796,-4.032000,-11.639316,0.000000,45.000000,-0.000000,-0.000000,-0.073101,1,1.722677,4.221371,3.931522,3.820456,3.820456,3.356571,0.029009,3.177426,3.177426,0.150136,3.177426,4.181371,4.093371,inf,nan,0.000000,4.093371,4.093371,4.093371,1.548891,0.365522,4.093371,1.548891,0.365522,-0.000000,0.000000,3.210508,4,4
1780630713.798754,nominal,-4.032000,-12.918265,-0.000000,3.210508,1.570796,-4.032000,-11.318265,0.000000,45.000000,-0.000000,0.000000,-0.072475,1,1.650816,4.542250,4.252381,4.141292,4.141292,3.523284,0.029009,3.344139,3.344139,0.150136,3.344139,4.502250,4.414250,inf,nan,0.000000,4.414250,4.414250,4.414250,1.645177,0.384780,4.414250,1.645177,0.384780,-0.000000,0.000000,3.210508,4,4
1780630713.900547,nominal,-4.032000,-12.597214,-0.000000,3.210508,1.570796,-4.032000,-10.997214,0.000000,45.000000,-0.000000,-0.000000,-0.071853,1,1.617830,4.863152,4.573266,4.462155,4.462155,3.690021,0.029009,3.510876,3.510876,0.150136,3.510876,4.823152,4.735152,inf,nan,0.000000,4.735152,4.735152,4.735152,1.741465,0.404038,4.735152,1.741465,0.404038,-0.000000,0.000000,3.210508,4,4
1780630714.007028,nominal,-4.032000,-12.276163,-0.000000,3.210508,1.570796,-4.032000,-10.676163,0.000000,45.000000,0.000000,-0.000000,-0.071238,1,1.780954,5.184072,4.894173,4.783042,4.783042,3.856778,0.029009,3.677633,3.677633,0.150136,3.677633,5.144072,5.056072,inf,nan,0.000000,5.056072,5.056072,5.056072,1.837756,0.423297,5.056072,1.837756,0.423297,-0.000000,0.000000,3.210508,4,4
1780630714.118590,nominal,-4.032000,-11.955113,-0.000000,3.210508,1.570796,-4.032000,-10.355113,0.000000,45.000000,0.000000,-0.000000,-0.070627,1,2.178702,5.505007,5.215096,5.103948,5.103948,4.023552,0.029009,3.844407,3.844407,0.150136,3.844407,5.465007,5.377007,inf,nan,0.000000,5.377007,5.377007,5.377007,1.934049,0.442556,5.377007,1.934049,0.442556,-0.000000,0.000000,3.210508,4,4
1780630714.204589,nominal,-4.032000,-11.634062,-0.000000,3.210508,1.570796,-4.032000,-10.034062,0.000000,45.000000,0.000000,-0.000000,-0.070022,1,2.752044,5.825954,5.536034,5.424788,5.424788,4.190342,0.029009,4.011197,4.011197,0.150136,4.011197,5.785954,5.697954,inf,nan,0.000000,5.697954,5.697954,5.697954,2.030344,0.461816,5.697954,2.030344,0.461816,-0.000000,0.000000,3.210508,4,4
1780630714.304560,nominal,-4.032000,-11.313011,-0.000000,3.210508,1.570796,-4.032000,-9.713011,0.000000,45.000000,0.000000,0.000000,-0.069422,1,3.173115,2.129232,1.872698,1.766953,1.766953,2.183377,0.029009,1.766946,1.766946,0.150136,2.004232,2.089232,2.001232,inf,nan,0.000000,2.001232,2.001232,2.001232,0.858564,0.220484,2.001232,0.858564,0.220484,-0.000000,0.000000,3.210508,10,4
1780630714.411007,nominal,-4.032000,-10.991960,-0.000000,3.210508,1.570796,-4.032000,-9.391960,0.000000,45.000000,0.000000,-0.000000,-0.068827,1,1.951429,2.387427,2.123741,2.016417,2.016417,2.321533,0.029009,2.016072,2.016072,0.150136,2.142388,2.347427,2.259427,inf,nan,0.000000,2.259427,2.259427,2.259427,0.949203,0.223535,2.259427,0.949203,0.223535,-0.000000,0.000000,3.210508,10,4
1780630714.515975,nominal,-4.032000,-10.670910,-0.000000,3.210508,1.570796,-4.032000,-9.070910,0.000000,45.000000,0.000000,0.000000,-0.068237,1,1.838832,2.658802,2.390598,2.281525,2.281525,2.456682,0.029009,2.259657,2.259657,0.150136,2.277537,2.618802,2.530802,inf,nan,0.000000,2.530802,2.530802,2.530802,1.040281,0.240171,2.530802,1.040281,0.240171,-0.000000,0.000000,3.210508,10,4
1780630714.609799,nominal,-4.032000,-10.349859,-0.000000,3.210508,1.570796,-4.032000,-8.749859,0.000000,45.000000,0.000000,-0.000000,-0.067652,1,2.043685,2.939842,2.668781,2.557973,2.557973,2.593507,0.029009,2.414176,2.414176,0.150136,2.414362,2.899842,2.811842,inf,nan,0.000000,2.811842,2.811842,2.811842,1.131817,0.252625,2.811842,1.131817,0.252625,-0.000000,0.000000,3.210508,10,4
1780630714.716896,nominal,-4.032000,-10.028808,-0.000000,3.210508,1.570796,-4.032000,-8.428808,0.000000,45.000000,0.000000,-0.000000,-0.067072,1,2.310448,3.228106,2.955247,2.842800,2.842800,2.733733,0.029009,2.554586,2.554586,0.150136,2.554588,3.188106,3.100106,inf,nan,0.000000,3.100106,3.100106,3.100106,1.221057,0.275718,3.100106,1.221057,0.275718,-0.000000,0.000000,3.210508,10,4
1780630714.798650,nominal,-4.032000,-9.707757,-0.000000,3.210508,1.570796,-4.032000,-8.107757,0.000000,45.000000,0.000000,-0.000000,-0.066497,1,1.645705,3.519132,3.247902,3.133783,3.133783,2.876814,0.029009,2.697669,2.697669,0.150136,2.697669,3.479132,3.391132,inf,nan,0.000000,3.391132,3.391132,3.391132,1.263437,0.303743,3.391132,1.263437,0.303743,-0.000000,0.000000,3.210508,10,4
1780630714.918035,nominal,-4.032000,-9.386706,-0.000000,3.210508,1.570796,-4.032000,-7.786706,0.000000,45.000000,0.000000,0.000000,-0.065928,1,2.392855,3.765229,3.507158,3.400796,3.400796,3.022342,0.029009,2.843197,2.843197,0.150136,2.843197,3.725229,3.637229,inf,nan,0.000000,3.637229,3.637229,3.637229,1.347568,0.320951,3.637229,1.347568,0.320951,-0.000000,0.000000,3.210508,10,4
1780630715.011109,nominal,-4.032000,-9.065656,-0.000000,3.210508,1.570796,-4.032000,-7.465656,0.000000,45.000000,0.000000,-0.000000,-0.065363,1,1.983804,4.021628,3.759395,3.652114,3.652114,3.169995,0.029009,2.990850,2.990850,0.150136,2.990850,3.981628,3.893628,inf,nan,0.000000,3.893628,3.893628,3.893628,1.432987,0.338379,3.893628,1.432987,0.338379,-0.000000,0.000000,3.210508,10,4
1780630715.110994,nominal,-4.032000,-8.744605,0.000000,3.210508,1.570796,-4.032000,-7.144605,0.000000,45.000000,0.000000,0.000000,-0.064802,1,2.667737,4.286527,4.021101,3.912835,3.912835,3.319507,0.029009,3.140362,3.140362,0.150136,3.140362,4.246527,4.158527,inf,nan,0.000000,4.158527,4.158527,4.158527,1.519510,0.355992,4.158527,1.519510,0.355992,-0.000000,0.000000,3.210508,10,4
1780630715.198564,nominal,-4.032000,-8.423554,0.000000,3.210508,1.570796,-4.032000,-6.823554,0.000000,45.000000,0.000000,-0.000000,-0.064247,1,1.565611,4.558479,4.290602,4.181328,4.181328,3.470652,0.029009,3.291507,3.291507,0.150136,3.291507,4.518479,4.430479,inf,nan,0.000000,4.430479,4.430479,4.430479,1.606985,0.373767,4.430479,1.606985,0.373767,-0.000000,0.000000,3.210508,10,4
1780630715.322371,nominal,-4.032000,-8.102503,0.000000,3.210508,1.570796,-4.032000,-6.502503,0.000000,45.000000,0.000000,0.000000,-0.063696,1,3.849379,0.934274,4.566561,4.456286,4.456286,3.623237,0.029009,3.444092,3.444092,0.150136,3.444092,4.796321,4.708321,inf,nan,0.000000,4.708321,4.708321,4.708321,1.695289,0.391681,4.708321,1.695289,0.391681,-0.000000,0.000000,3.210508,10,4
1780630715.399856,nominal,-4.032000,-7.781452,0.000000,3.210508,1.570796,-4.032000,-6.181452,0.000000,45.000000,-0.000000,-0.000000,-0.063150,1,2.879699,1.185402,0.949365,0.844069,0.844069,0.620000,0.029009,0.440855,0.440855,0.150136,0.440855,0.068612,-0.019388,inf,nan,0.000000,-0.019388,-0.019388,-0.019388,-0.067782,-0.128255,-0.019388,-0.067782,-0.128255,-0.000000,0.000000,3.210508,10,4
1780630715.495533,nominal,-4.032000,-7.460402,0.000000,3.210508,1.570796,-4.032000,-5.860402,0.000000,45.000000,-0.000000,0.000000,-0.062609,1,1.802136,1.059532,0.789305,0.680474,0.680474,0.620000,0.029009,0.440848,0.440848,0.150136,0.440855,0.032320,-0.055680,inf,nan,0.000000,-0.055680,-0.055680,-0.055680,-0.111313,-0.074862,-0.055680,-0.111313,-0.074862,-0.000000,0.000000,3.210508,10,4
1780630715.594340,nominal,-4.032000,-7.139351,0.000000,3.210508,1.570796,-4.032000,-5.539351,0.000000,45.000000,-0.000000,0.000000,-0.062073,1,2.111215,0.787535,0.531501,0.414600,0.414600,0.620000,0.029009,0.405008,0.405008,0.150136,0.440855,-0.028400,-0.116400,inf,nan,0.000000,-0.116400,-0.116400,-0.116400,-0.138078,-0.138306,-0.116400,-0.138078,-0.138306,-0.000000,0.000000,3.210508,10,4
1780630715.699175,nominal,-4.032000,-6.818300,0.000000,3.210508,1.570796,-4.032000,-5.218300,0.000000,45.000000,-0.000000,0.000000,-0.061541,1,2.631832,0.536681,0.262595,0.152524,0.152524,0.620000,0.029009,0.152523,0.152523,0.150136,0.440855,-0.018556,-0.106556,inf,nan,0.000000,-0.106556,-0.106556,-0.106556,-0.156622,-0.045566,-0.106556,-0.156622,-0.045566,-0.000000,0.000000,3.210508,10,4
1780630715.792314,nominal,-4.032000,-6.497249,0.000000,3.210508,1.570796,-4.032000,-4.897249,0.000000,45.000000,-0.000000,-0.000000,-0.061013,1,1.690330,0.577133,0.379978,0.253282,0.253282,0.652124,0.029009,0.253269,0.253269,0.150136,0.472979,-0.035632,-0.123632,inf,nan,0.000000,-0.123632,-0.123632,-0.123632,-0.154812,-0.086366,-0.123632,-0.154812,-0.086366,-0.000000,0.000000,3.210508,10,4
1780630715.917601,nominal,-4.032000,-6.176199,0.000000,3.210508,1.570796,-4.032000,-4.576199,0.000000,45.000000,-0.000000,0.000000,-0.060490,1,3.446550,0.551920,0.291788,0.178212,0.178212,0.620000,0.029009,0.178209,0.178209,0.150136,0.440855,-0.083908,-0.171908,inf,nan,0.000000,-0.171908,-0.171908,-0.171908,-0.264882,-0.133742,-0.171908,-0.264882,-0.133742,-0.000000,0.000000,3.210508,10,4
1780630716.008864,nominal,-4.032000,-5.855148,0.000000,3.210508,1.570796,-4.032000,-4.255148,0.000000,45.000000,-0.000000,-0.000000,-0.059972,1,3.001332,0.517179,0.235720,0.123078,0.123078,0.711059,0.029009,0.123078,0.123078,0.150136,0.531914,-0.022034,-0.110034,inf,nan,0.000000,-0.110034,-0.110034,-0.110034,-0.190922,-0.014349,-0.110034,-0.190922,-0.014349,-0.000000,0.000000,3.210508,10,4
1780630716.122503,nominal,-4.032000,-5.534097,0.000000,3.210508,1.570796,-4.032000,-3.934097,0.000000,45.000000,-0.000000,0.000000,-0.059458,1,7.299690,0.541523,0.266369,0.150322,0.150322,1.316708,0.029009,0.150322,0.150322,0.150136,1.137563,0.501523,0.413523,inf,nan,0.000000,0.413523,0.413523,0.413523,0.374738,0.105625,0.413523,0.374738,0.105625,-0.000000,0.000000,3.210508,10,4
1780630716.208734,nominal,-4.032000,-5.213046,0.000000,3.210508,1.570796,-4.032000,-3.613046,0.000000,45.000000,-0.000000,0.000000,-0.058948,1,3.252059,0.536725,0.277832,0.163017,0.163017,1.381968,0.029009,0.163017,0.163017,0.150136,1.202823,0.496725,0.408725,inf,nan,0.000000,0.408725,0.408725,0.408725,0.380539,0.136180,0.408725,0.380539,0.136180,-0.000000,0.000000,3.210508,10,4
1780630716.317459,nominal,-4.032000,-4.891995,0.000000,3.210508,1.570796,-4.032000,-3.291995,0.000000,45.000000,-0.000000,-0.000000,-0.058443,1,5.232741,0.628497,0.383477,0.270266,0.270266,1.503819,0.029009,0.270266,0.270266,0.150136,1.324674,0.628089,0.540089,inf,nan,0.000000,0.540089,0.540089,0.540089,0.479731,0.151559,0.540089,0.479731,0.151559,-0.000000,0.000000,3.210508,10,4
1780630716.410659,nominal,-4.032000,-4.570945,0.000000,3.210508,1.570796,-4.032000,-2.970945,0.000000,45.000000,-0.000000,-0.000000,-0.057942,1,2.062429,0.574025,0.284055,0.175283,0.175283,1.461636,0.029009,0.175283,0.175283,0.150136,1.282491,0.534025,0.446025,inf,nan,0.000000,0.446025,0.446025,0.446025,0.454842,0.146725,0.446025,0.454842,0.146725,-0.000000,0.000000,3.210508,10,4
1780630716.530811,nominal,-4.032000,-4.249894,-0.000000,3.210508,1.570796,-4.032000,-2.649894,0.000000,45.000000,-0.000000,-0.000000,-0.057446,1,6.536801,0.847387,0.557562,0.447814,0.447814,0.620000,0.029009,0.424319,0.424319,0.150136,0.440855,-0.097098,-0.185098,inf,nan,0.000000,-0.185098,-0.185098,-0.185098,-0.149411,-0.348372,-0.185098,-0.149411,-0.348372,-0.000000,0.000000,3.210508,10,4
1780630716.598531,nominal,-4.032000,-3.928843,-0.000000,3.210508,1.570796,-4.032000,-2.328843,0.000000,45.000000,-0.000000,0.000000,-0.056953,1,1.736159,1.017062,0.727415,0.616936,0.616936,0.620000,0.029009,0.440795,0.440795,0.150136,0.440855,-0.097166,-0.185166,inf,nan,0.000000,-0.185166,-0.185166,-0.185166,-0.189449,-0.092476,-0.185166,-0.189449,-0.092476,-0.000000,0.000000,3.210508,10,4
1780630716.732305,nominal,-4.032000,-3.607792,-0.000000,3.210508,1.570796,-4.032000,-2.007792,0.000000,45.000000,-0.000000,-0.000000,-0.056465,1,3.456509,0.696504,0.407282,0.297657,0.297657,0.697879,0.029009,0.297645,0.297645,0.150136,0.518734,-0.041380,-0.129380,inf,nan,0.000000,-0.129380,-0.129380,-0.129380,-0.227725,-0.108240,-0.129380,-0.227725,-0.108240,-0.000000,0.000000,3.210508,10,4
1780630716.810220,nominal,-4.032000,-3.286741,-0.000000,3.210508,1.570796,-4.032000,-1.686741,0.000000,45.000000,0.000000,0.000000,-0.055981,1,1.963882,0.872838,0.828069,0.709065,0.709065,1.258995,0.029009,0.709064,0.709064,0.150136,1.079850,0.909860,0.821860,inf,nan,0.000000,0.821860,0.821860,0.821860,0.286038,0.077573,0.821860,0.286038,0.077573,-0.000000,0.000000,3.210508,10,4
1780630716.924763,nominal,-4.032000,-2.965691,-0.000000,3.210508,1.570796,-4.032000,-1.365691,0.000000,45.000000,0.000000,0.000000,-0.055502,1,3.202597,0.892803,0.833903,0.722866,0.722866,1.315857,0.029009,0.722866,0.722866,0.150136,1.136712,0.949340,0.861340,inf,nan,0.000000,0.861340,0.861340,0.861340,0.383782,0.054144,0.861340,0.383782,0.054144,-0.000000,0.000000,3.210508,10,4
1780630717.005087,nominal,-4.032000,-2.644640,-0.000000,3.210508,1.570796,-4.032000,-1.044640,0.000000,45.000000,0.000000,0.000000,-0.055026,1,2.777009,1.011732,0.914317,0.806503,0.806503,1.122706,0.029009,0.806268,0.806268,0.150136,0.943561,1.074720,0.986720,inf,nan,0.000000,0.986720,0.986720,0.986720,0.344716,-0.003807,0.986720,0.344716,-0.003807,-0.000000,0.000000,3.210508,10,4
1780630717.107079,nominal,-4.032000,-2.323589,-0.000000,3.210508,1.570796,-4.032000,-0.723589,0.000000,45.000000,0.000000,-0.000000,-0.054554,1,3.261028,1.203006,1.068985,0.964494,0.964494,1.049180,0.029009,0.869007,0.869007,0.150136,0.870035,1.207493,1.119493,inf,nan,0.000000,1.119493,1.119493,1.119493,0.301106,-0.081741,1.119493,0.301106,-0.081741,-0.000000,0.000000,3.210508,10,4
1780630717.209963,nominal,-4.032000,-2.002538,-0.000000,3.210508,1.570796,-4.032000,-0.402538,0.000000,45.000000,0.000000,-0.000000,-0.054087,1,2.552319,0.692224,0.403012,0.290814,0.290814,1.012522,0.029009,0.290814,0.290814,0.150136,0.833377,0.652224,0.564224,inf,nan,0.000000,0.564224,0.564224,0.564224,0.270605,-0.169607,0.564224,0.270605,-0.169607,-0.000000,0.000000,3.210508,10,4
1780630717.310951,nominal,-4.032000,-1.681487,-0.000000,3.210508,1.570796,-4.032000,-0.081487,0.000000,45.000000,0.000000,-0.000000,-0.053623,1,3.749739,1.006723,0.721813,0.608183,0.608183,1.000845,0.029009,0.608167,0.608167,0.150136,0.821700,0.966723,0.878723,inf,nan,0.000000,0.878723,0.878723,0.878723,0.240143,-0.165989,0.878723,0.240143,-0.165989,-0.000000,0.000000,3.210508,10,4
1780630717.398593,nominal,-4.032000,-1.360437,-0.000000,3.210508,1.570796,-4.032000,0.239563,0.000000,45.000000,0.000000,0.000000,-0.053164,1,1.577914,1.420615,1.131126,1.020542,1.020542,1.902459,0.029009,1.020542,1.020542,0.150136,1.723314,1.380615,1.292615,inf,nan,0.000000,1.292615,1.292615,1.292615,0.708381,0.197436,1.292615,0.708381,0.197436,-0.000000,0.000000,3.210508,10,4
1780630717.530288,nominal,-4.032000,-1.039386,-0.000000,3.210508,1.570796,-4.032000,0.560614,0.000000,45.000000,0.000000,0.000000,-0.052708,1,4.924178,1.741211,1.451549,1.340858,1.340858,2.069082,0.029009,1.340858,1.340858,0.150136,1.889937,1.701211,1.613211,inf,nan,0.000000,1.613211,1.613211,1.613211,0.804694,0.216693,1.613211,0.804694,0.216693,-0.000000,0.000000,3.210508,10,4
1780630717.608493,nominal,-4.032000,-0.718335,-0.000000,3.210508,1.570796,-4.032000,0.881665,0.000000,45.000000,0.000000,-0.000000,-0.052256,1,1.773161,2.061941,1.772182,1.661408,1.661408,2.235765,0.029009,1.661408,1.661408,0.150136,2.056619,2.021941,1.933941,inf,nan,0.000000,1.933941,1.933941,1.933941,0.900995,0.235950,1.933941,0.900995,0.235950,-0.000000,0.000000,3.210508,10,4
1780630717.725067,nominal,-4.032000,-0.397284,-0.000000,3.210508,1.570796,-4.032000,1.202716,0.000000,45.000000,0.000000,-0.000000,-0.051808,1,2.142461,2.382754,2.092934,1.982097,1.982097,2.402492,0.029009,1.982091,1.982091,0.150136,2.223347,2.342754,2.254754,inf,nan,0.000000,2.254754,2.254754,2.254754,0.997294,0.255209,2.254754,0.997294,0.255209,-0.000000,0.000000,3.210508,10,4
1780630717.795161,nominal,-4.032000,-0.076234,-0.000000,3.210508,1.570796,-4.032000,1.523766,0.000000,45.000000,0.000000,0.000000,-0.051364,1,1.756488,2.703622,2.413761,2.302873,2.302873,2.569254,0.029009,2.301555,2.301555,0.150136,2.390109,2.663622,2.575622,inf,nan,0.000000,2.575622,2.575622,2.575622,1.093591,0.274468,2.575622,1.093591,0.274468,-0.000000,0.000000,3.210508,10,4
1780630717.920334,nominal,-4.032000,0.244817,0.000000,3.210508,1.570796,-4.032000,1.844817,0.000000,45.000000,0.000000,-0.000000,-0.050924,1,2.283641,3.024526,2.734637,2.623709,2.623709,2.736042,0.029009,2.554266,2.554266,0.150136,2.556897,2.984526,2.896526,inf,nan,0.000000,2.896526,2.896526,2.896526,1.189890,0.293728,2.896526,1.189890,0.293728,-0.000000,0.000000,3.210508,10,4
1780630718.001917,nominal,-4.032000,0.565868,0.000000,3.210508,1.570796,-4.032000,2.165868,0.000000,45.000000,0.000000,0.000000,-0.050488,1,1.584730,3.345458,3.055549,2.944587,2.944587,2.902852,0.029009,2.723695,2.723695,0.150136,2.723707,3.305458,3.217458,inf,nan,0.000000,3.217458,3.217458,3.217458,1.286190,0.312988,3.217458,1.286190,0.312988,-0.000000,0.000000,3.210508,10,4
1780630718.120560,nominal,-4.032000,0.886919,0.000000,3.210508,1.570796,-4.032000,2.486919,0.000000,45.000000,0.000000,-0.000000,-0.050055,1,2.331507,3.666411,3.376486,3.265495,3.265495,3.069680,0.029009,2.890534,2.890534,0.150136,2.890535,3.626411,3.538411,inf,nan,0.000000,3.538411,3.538411,3.538411,1.382491,0.332249,3.538411,1.382491,0.332249,-0.000000,0.000000,3.210508,10,4
1780630718.210322,nominal,-4.032000,1.207970,0.000000,3.210508,1.570796,-4.032000,2.807970,0.000000,45.000000,-0.000000,0.000000,-0.049626,1,1.943232,3.987378,3.697442,3.586427,3.586427,3.236521,0.029009,3.057376,3.057376,0.150136,3.057376,3.947378,3.859378,inf,nan,0.000000,3.859378,3.859378,3.859378,1.478793,0.351509,3.859378,1.478793,0.351509,-0.000000,0.000000,3.210508,10,4
1780630718.323419,nominal,-4.032000,1.529020,0.000000,3.210508,1.570796,-4.032000,3.129020,0.000000,45.000000,-0.000000,0.000000,-0.049201,1,2.697303,1.173301,4.018412,3.907377,3.907377,3.403374,0.029009,3.224229,3.224229,0.150136,3.224229,4.268358,4.180358,inf,nan,0.000000,4.180358,4.180358,4.180358,1.575097,0.370770,4.180358,1.575097,0.370770,-0.000000,0.000000,3.210508,9,4
1780630718.410703,nominal,-4.032000,1.850071,0.000000,3.210508,1.570796,-4.032000,3.450071,0.000000,45.000000,-0.000000,-0.000000,-0.048779,1,2.107797,1.308789,1.048347,0.942484,0.942484,1.277545,0.029009,0.942363,0.942363,0.150136,1.098400,1.268789,1.180789,inf,nan,0.000000,1.180789,1.180789,1.180789,0.399235,-0.100967,1.180789,0.399235,-0.100967,-0.000000,0.000000,3.210508,10,4
1780630718.523859,nominal,-4.032000,2.171122,0.000000,3.210508,1.570796,-4.032000,3.771122,0.000000,45.000000,-0.000000,0.000000,-0.048361,1,2.565487,1.579805,1.310865,1.201394,1.201394,0.742139,0.029009,0.562994,0.562994,0.150136,0.562994,0.613775,0.525775,inf,nan,0.000000,0.525775,0.525775,0.525775,0.098522,-0.089421,0.525775,0.098522,-0.089421,-0.000000,0.000000,3.210508,10,4
1780630718.610352,nominal,-4.032000,2.492173,0.000000,3.210508,1.570796,-4.032000,4.092173,0.000000,45.000000,-0.000000,-0.000000,-0.047947,1,3.755877,1.541774,1.403195,1.289700,1.289700,0.620000,0.029009,0.440855,0.440855,0.150136,0.440855,0.374238,0.286238,inf,nan,0.000000,0.286238,0.286238,0.286238,0.040029,-0.138373,0.286238,0.040029,-0.138373,-0.000000,0.000000,3.210508,10,4
1780630718.720340,nominal,-4.032000,2.813224,0.000000,3.210508,1.570796,-4.032000,4.413224,0.000000,45.000000,-0.000000,-0.000000,-0.047536,1,2.858765,1.534425,1.322302,1.204435,1.204435,0.620000,0.029009,0.440855,0.440855,0.150136,0.440855,0.265267,0.177267,inf,nan,0.000000,0.177267,0.177267,0.177267,-0.000673,-0.085259,0.177267,-0.000673,-0.085259,-0.000000,0.000000,3.210508,10,4
1780630718.809899,nominal,-4.032000,3.134274,0.000000,3.210508,1.570796,-4.032000,4.734274,0.000000,45.000000,-0.000000,0.000000,-0.047128,1,2.137998,1.294278,1.017802,0.902000,0.902000,0.620000,0.029009,0.440855,0.440855,0.150136,0.440855,0.266723,0.178723,inf,nan,0.000000,0.178723,0.178723,0.178723,-0.042813,-0.055071,0.178723,-0.042813,-0.055071,-0.000000,0.000000,3.210508,10,4
1780630718.922283,nominal,-4.032000,3.455325,0.000000,3.210508,1.570796,-4.032000,5.055325,0.000000,45.000000,-0.000000,-0.000000,-0.046724,1,2.221738,0.991685,0.717649,0.605397,0.605397,0.687160,0.029009,0.507085,0.507085,0.150136,0.508015,0.278397,0.190397,inf,nan,0.000000,0.190397,0.190397,0.190397,-0.069553,-0.046184,0.190397,-0.069553,-0.046184,-0.000000,0.000000,3.210508,10,4
1780630718.998970,nominal,-4.032000,3.776376,0.000000,3.210508,1.570796,-4.032000,5.376376,0.000000,45.000000,-0.000000,0.000000,-0.046324,1,1.575903,0.703368,0.437417,0.331522,0.331522,0.828295,0.029009,0.331521,0.331521,0.150136,0.649150,0.271318,0.183318,inf,nan,0.000000,0.183318,0.183318,0.183318,-0.078999,0.019886,0.183318,-0.078999,0.019886,-0.000000,0.000000,3.210508,10,4
1780630719.117197,nominal,-4.032000,4.097427,0.000000,3.210508,1.570796,-4.032000,5.697427,0.000000,45.000000,-0.000000,0.000000,-0.045927,1,3.302262,0.549178,0.342719,0.235408,0.235408,0.998535,0.029009,0.235408,0.235408,0.150136,0.819390,0.388726,0.300726,inf,nan,0.000000,0.300726,0.300726,0.300726,0.005901,0.090293,0.300726,0.005901,0.090293,-0.000000,0.000000,3.210508,10,4
1780630719.206770,nominal,-4.032000,4.418478,0.000000,3.210508,1.570796,-4.032000,6.018478,0.000000,45.000000,-0.000000,-0.000000,-0.045533,1,2.250278,0.644081,0.564298,0.452104,0.452104,1.178385,0.029009,0.452104,0.452104,0.150136,0.999240,0.650319,0.562319,inf,nan,0.000000,0.562319,0.562319,0.562319,0.207277,0.089136,0.562319,0.207277,0.089136,-0.000000,0.000000,3.210508,10,4
1780630719.322597,nominal,-4.032000,4.739528,-0.000000,3.210508,1.570796,-4.032000,6.339528,0.000000,45.000000,-0.000000,0.000000,-0.045143,1,3.051333,0.539838,0.362807,0.249609,0.249609,0.830387,0.029009,0.249609,0.249609,0.150136,0.651242,0.499838,0.411838,inf,nan,0.000000,0.411838,0.411838,0.411838,0.122050,-0.131960,0.411838,0.122050,-0.131960,-0.000000,0.000000,3.210508,10,4
1780630719.409123,nominal,-4.032000,5.060579,-0.000000,3.210508,1.570796,-4.032000,6.660579,0.000000,45.000000,-0.000000,-0.000000,-0.044756,1,2.430054,0.623216,0.367925,0.264202,0.264202,0.925201,0.029009,0.264202,0.264202,0.150136,0.746055,0.583216,0.495216,inf,nan,0.000000,0.495216,0.495216,0.495216,0.116202,-0.196414,0.495216,0.116202,-0.196414,-0.000000,0.000000,3.210508,10,4
1780630719.517574,nominal,-4.032000,5.381630,-0.000000,3.210508,1.570796,-4.032000,6.981630,0.000000,45.000000,-0.000000,-0.000000,-0.044372,1,3.764723,0.834900,0.614271,0.499584,0.499584,1.050182,0.029009,0.499584,0.499584,0.150136,0.871037,0.717920,0.629920,inf,nan,0.000000,0.629920,0.629920,0.629920,0.113725,0.094486,0.629920,0.113725,0.094486,-0.000000,0.000000,3.210508,10,4
1780630719.608791,nominal,-4.032000,5.702681,-0.000000,3.210508,1.570796,-4.032000,7.302681,0.000000,45.000000,0.000000,-0.000000,-0.043992,1,2.582265,0.757920,0.617477,0.509012,0.509012,1.187613,0.029009,0.509012,0.509012,0.150136,1.008468,0.717920,0.629920,inf,nan,0.000000,0.629920,0.629920,0.629920,0.193564,0.110372,0.629920,0.193564,0.110372,-0.000000,0.000000,3.210508,10,4
1780630719.726635,nominal,-4.032000,6.023731,-0.000000,3.210508,1.570796,-4.032000,7.623731,0.000000,45.000000,-0.000000,0.000000,-0.043615,1,3.433915,0.762508,0.618175,0.509898,0.509898,1.330967,0.029009,0.509898,0.509898,0.150136,1.151822,0.722508,0.634508,inf,nan,0.000000,0.634508,0.634508,0.634508,0.305469,0.127119,0.634508,0.305469,0.127119,-0.000000,0.000000,3.210508,10,4
1780630719.797992,nominal,-4.032000,6.344782,-0.000000,3.210508,1.570796,-4.032000,7.944782,0.000000,45.000000,0.000000,-0.000000,-0.043241,1,1.629763,0.874739,0.680987,0.572442,0.572442,0.903645,0.029009,0.572303,0.572303,0.150136,0.724500,0.837625,0.749625,inf,nan,0.000000,0.749625,0.749625,0.749625,0.185425,-0.199434,0.749625,0.185425,-0.199434,-0.000000,0.000000,3.210508,10,4
1780630719.894714,nominal,-4.032000,6.665833,-0.000000,3.210508,1.570796,-4.032000,8.265833,0.000000,45.000000,0.000000,-0.000000,-0.042871,1,1.720403,1.060076,0.833074,0.728846,0.728846,0.908779,0.029009,0.709433,0.709433,0.150136,0.729634,0.856074,0.768074,inf,nan,0.000000,0.768074,0.768074,0.768074,0.163726,-0.245727,0.768074,0.163726,-0.245727,-0.000000,0.000000,3.210508,10,4
1780630719.992000,nominal,-4.032000,6.986884,-0.000000,3.210508,1.570796,-4.032000,8.586884,0.000000,45.000000,-0.000000,0.000000,-0.042503,1,1.631387,1.299424,1.053526,0.937885,0.937885,0.932452,0.029009,0.753263,0.753263,0.150136,0.753307,0.859140,0.771140,inf,nan,0.000000,0.771140,0.771140,0.771140,0.149876,0.017799,0.771140,0.149876,0.017799,-0.000000,0.000000,3.210508,10,4
1780630720.093172,nominal,-4.032000,7.307935,-0.000000,3.210508,1.570796,-4.032000,8.907935,0.000000,45.000000,-0.000000,0.000000,-0.042139,1,1.607114,1.112642,0.905360,0.799624,0.799624,0.983852,0.029009,0.782248,0.782248,0.150136,0.804707,0.858460,0.770460,inf,nan,0.000000,0.770460,0.770460,0.770460,0.144758,0.042840,0.770460,0.144758,0.042840,-0.000000,0.000000,3.210508,10,4
1780630720.190879,nominal,-4.032000,7.628985,-0.000000,3.210508,1.570796,-4.032000,9.228985,0.000000,45.000000,-0.000000,0.000000,-0.041778,1,1.628075,0.928052,0.800644,0.686438,0.686438,1.013349,0.029009,0.686276,0.686276,0.150136,0.834204,0.857394,0.769394,inf,nan,0.000000,0.769394,0.769394,0.769394,0.181051,0.024848,0.769394,0.181051,0.024848,-0.000000,0.000000,3.210508,10,4
1780630720.295640,nominal,-4.032000,7.950036,-0.000000,3.210508,1.570796,-4.032000,9.550036,0.000000,45.000000,-0.000000,-0.000000,-0.041420,1,1.722348,1.390336,1.169999,1.064596,1.064596,1.060578,0.029009,0.881386,0.881386,0.150136,0.881433,1.064295,0.976295,inf,nan,0.000000,0.976295,0.976295,0.976295,0.215581,0.060355,0.976295,0.215581,0.060355,-0.000000,0.000000,3.210508,10,4
1780630720.408514,nominal,-4.032000,8.271087,-0.000000,3.210508,1.570796,-4.032000,9.871087,0.000000,45.000000,0.000000,0.000000,-0.041065,1,1.977839,1.227216,1.043281,0.932723,0.932723,1.134115,0.029009,0.921930,0.921930,0.150136,0.954970,1.066053,0.978053,inf,nan,0.000000,0.978053,0.978053,0.978053,0.230059,0.094349,0.978053,0.230059,0.094349,-0.000000,0.000000,3.210508,10,4
1780630720.512894,nominal,-4.032000,8.592138,-0.000000,3.210508,1.570796,-4.032000,10.192138,0.000000,45.000000,0.000000,-0.000000,-0.040713,1,3.443739,1.127510,0.980844,0.870147,0.870147,1.236281,0.029009,0.870106,0.870106,0.150136,1.057136,1.066907,0.978907,inf,nan,0.000000,0.978907,0.978907,0.978907,0.279250,0.116973,0.978907,0.279250,0.116973,-0.000000,0.000000,3.210508,10,4
1780630720.608959,nominal,-4.032000,8.913189,-0.000000,3.210508,1.570796,-4.032000,10.513189,0.000000,45.000000,0.000000,0.000000,-0.040364,1,2.089749,1.106907,0.977838,0.862460,0.862460,1.357744,0.029009,0.862459,0.862459,0.150136,1.178599,1.066907,0.978907,inf,nan,0.000000,0.978907,0.978907,0.978907,0.356000,0.132264,0.978907,0.356000,0.132264,-0.000000,0.000000,3.210508,10,4
1780630720.705060,nominal,-4.032000,9.234239,-0.000000,3.210508,1.570796,-4.032000,10.834239,0.000000,45.000000,0.000000,0.000000,-0.040018,1,1.839885,1.169235,1.006877,0.893022,0.893022,1.491811,0.029009,0.893022,0.893022,0.150136,1.312666,1.129235,1.041235,inf,nan,0.000000,1.041235,1.041235,1.041235,0.446702,0.148538,1.041235,0.446702,0.148538,-0.000000,0.000000,3.210508,10,4
1780630720.808799,nominal,-4.032000,9.555290,-0.000000,3.210508,1.570796,-4.032000,11.155290,0.000000,45.000000,0.000000,0.000000,-0.039675,1,2.061195,1.303566,1.099157,0.991963,0.991963,1.634218,0.029009,0.991963,0.991963,0.150136,1.455073,1.263566,1.175566,inf,nan,0.000000,1.175566,1.175566,1.175566,0.540991,0.165518,1.175566,0.540991,0.165518,-0.000000,0.000000,3.210508,10,4
1780630720.920552,nominal,-4.032000,9.876341,-0.000000,3.210508,1.570796,-4.032000,11.476341,0.000000,45.000000,0.000000,-0.000000,-0.039335,1,2.864957,1.491888,1.258504,1.153901,1.153901,1.782300,0.029009,1.153901,1.153901,0.150136,1.603155,1.451888,1.363888,inf,nan,0.000000,1.363888,1.363888,1.363888,0.634863,0.182996,1.363888,0.634863,0.182996,-0.000000,0.000000,3.210508,10,4
1780630721.010054,nominal,-4.032000,10.197392,-0.000000,3.210508,1.570796,-4.032000,11.797392,0.000000,45.000000,0.000000,0.000000,-0.038998,1,2.231677,1.717585,1.466638,1.361691,1.361691,1.934364,0.029009,1.361691,1.361691,0.150136,1.755219,1.677585,1.589585,inf,nan,0.000000,1.589585,1.589585,1.589585,0.727808,0.200830,1.589585,0.727808,0.200830,-0.000000,0.000000,3.210508,10,4
1780630721.103051,nominal,-4.032000,10.518443,-0.000000,3.210508,1.570796,-4.032000,12.118443,0.000000,45.000000,0.000000,-0.000000,-0.038664,1,2.303256,1.968517,1.707230,1.600694,1.600694,2.089309,0.029009,1.600694,1.600694,0.150136,1.910164,1.928517,1.840517,inf,nan,0.000000,1.840517,1.840517,1.840517,0.820242,0.218922,1.840517,0.820242,0.218922,-0.000000,0.000000,3.210508,10,4
1780630721.208309,nominal,-4.032000,10.839493,-0.000000,3.210508,1.570796,-4.032000,12.439493,0.000000,45.000000,0.000000,0.000000,-0.038332,1,2.102565,2.236604,1.969253,1.860719,1.860719,2.246391,0.029009,1.860698,1.860698,0.150136,2.067246,2.196604,2.108604,inf,nan,0.000000,2.108604,2.108604,2.108604,0.912574,0.237209,2.108604,0.912574,0.237209,-0.000000,0.000000,3.210508,10,4
1780630721.328364,nominal,-4.032000,11.160544,-0.000000,3.210508,1.570796,-4.032000,12.760544,0.000000,45.000000,0.000000,0.000000,-0.038004,1,4.838768,1.139344,2.245686,2.135119,2.135119,2.405099,0.029009,2.133954,2.133954,0.150136,2.225954,2.476597,2.388597,inf,nan,0.000000,2.388597,2.388597,2.388597,1.005050,0.255645,2.388597,1.005050,0.255645,-0.000000,0.000000,3.210508,10,4
1780630721.409956,nominal,-4.032000,11.481595,-0.000000,3.210508,1.570796,-4.032000,13.081595,0.000000,45.000000,0.000000,0.000000,-0.037678,1,2.404235,0.816775,0.600172,0.494460,0.494460,0.620000,0.029009,0.436783,0.436783,0.150136,0.440855,0.074881,-0.013119,inf,nan,0.000000,-0.013119,-0.013119,-0.013119,-0.136248,-0.136050,-0.013119,-0.136248,-0.136050,-0.000000,0.000000,3.210508,10,4
1780630721.529055,nominal,-4.032000,11.802646,-0.000000,3.210508,1.570796,-4.032000,13.402646,0.000000,45.000000,0.000000,0.000000,-0.037355,1,1.787018,0.668864,0.429794,0.314214,0.314214,0.677960,0.029009,0.314169,0.314169,0.150136,0.498815,0.101754,0.013754,inf,nan,0.000000,0.013754,0.013754,0.013754,-0.158602,-0.077312,0.013754,-0.158602,-0.077312,-0.000000,0.000000,3.210508,10,4
1780630721.612572,nominal,-4.032000,12.123696,-0.000000,3.210508,1.570796,-4.032000,13.723696,0.000000,45.000000,0.000000,-0.000000,-0.037035,1,2.741163,0.534035,0.267076,0.161810,0.161810,0.831324,0.029009,0.161810,0.161810,0.150136,0.652179,0.171443,0.083443,inf,nan,0.000000,0.083443,0.083443,0.083443,-0.125997,0.073482,0.083443,-0.125997,0.073482,-0.000000,0.000000,3.210508,10,4
1780630721.720193,nominal,-4.032000,12.444747,-0.000000,3.210508,1.570796,-4.032000,14.044747,0.000000,45.000000,0.000000,-0.000000,-0.036718,1,1.733377,0.556250,0.399595,0.270896,0.270896,1.026747,0.029009,0.270896,0.270896,0.150136,0.847602,0.476214,0.388214,inf,nan,0.000000,0.388214,0.388214,0.388214,0.088439,0.097485,0.388214,0.088439,0.097485,-0.000000,0.000000,3.210508,10,4
1780630721.809401,nominal,-4.032000,12.765798,-0.000000,3.210508,1.570796,-4.032000,14.365798,0.000000,45.000000,0.000000,-0.000000,-0.036403,1,2.837363,0.555270,0.438185,0.322964,0.322964,1.181138,0.029009,0.322964,0.322964,0.150136,1.001993,0.515270,0.427270,inf,nan,0.000000,0.427270,0.427270,0.427270,0.212371,0.114848,0.427270,0.212371,0.114848,-0.000000,0.000000,3.210508,10,4
1780630721.928847,nominal,-4.032000,13.086849,-0.000000,3.210508,1.570796,-4.032000,14.686849,0.000000,45.000000,0.000000,0.000000,-0.036091,1,4.324460,0.595555,0.351253,0.247856,0.247856,0.832454,0.029009,0.247856,0.247856,0.150136,0.653309,0.555555,0.467555,inf,nan,0.000000,0.467555,0.467555,0.467555,0.151136,-0.110381,0.467555,0.151136,-0.110381,-0.000000,0.000000,3.210508,10,4
1780630722.016462,nominal,-4.032000,13.407900,-0.000000,3.210508,1.570796,-4.032000,15.007900,0.000000,45.000000,0.000000,-0.000000,-0.035782,1,7.173507,0.679379,0.405770,0.295350,0.295350,0.695906,0.029009,0.295337,0.295337,0.150136,0.516761,0.538969,0.450969,inf,nan,0.000000,0.450969,0.450969,0.450969,0.084964,-0.150263,0.450969,0.084964,-0.150263,-0.000000,0.000000,3.210508,10,4
1780630722.099944,nominal,-4.032000,13.728950,-0.000000,3.210508,1.570796,-4.032000,15.328950,0.000000,45.000000,0.000000,0.000000,-0.035475,1,4.233291,0.982654,0.705378,0.590049,0.590049,0.620000,0.029009,0.440701,0.440701,0.150136,0.440855,0.370190,0.282190,inf,nan,0.000000,0.282190,0.282190,0.282190,0.045212,-0.216519,0.282190,0.045212,-0.216519,-0.000000,0.000000,3.210508,10,4
1780630722.199971,nominal,-4.032000,14.050001,-0.000000,3.210508,1.570796,-4.032000,15.650001,0.000000,45.000000,0.000000,0.000000,-0.035171,1,2.561972,1.293857,1.011063,0.897678,0.897678,0.620000,0.029009,0.440855,0.440855,0.150136,0.440855,0.348380,0.260380,inf,nan,0.000000,0.260380,0.260380,0.260380,0.004827,-0.143582,0.260380,0.004827,-0.143582,-0.000000,0.000000,3.210508,10,4
1780630722.316376,nominal,-4.032000,14.371052,-0.000000,3.210508,1.570796,-4.032000,15.971052,0.000000,45.000000,0.000000,-0.000000,-0.034869,1,7.048102,1.168847,0.895086,0.782869,0.782869,0.652466,0.029009,0.473320,0.473320,0.150136,0.473321,0.348674,0.260674,inf,nan,0.000000,0.260674,0.260674,0.260674,-0.023980,-0.043314,0.260674,-0.023980,-0.043314,-0.000000,0.000000,3.210508,10,4
1780630722.410021,nominal,-4.032000,14.692103,-0.000000,3.210508,1.570796,-4.032000,16.292103,0.000000,45.000000,0.000000,-0.000000,-0.034571,1,2.599495,0.879564,0.607365,0.497587,0.497587,0.742804,0.029009,0.494889,0.494889,0.150136,0.563659,0.269480,0.181480,inf,nan,0.000000,0.181480,0.181480,0.181480,-0.071942,-0.030196,0.181480,-0.071942,-0.030196,-0.000000,0.000000,3.210508,10,4
1780630722.519972,nominal,-4.032000,15.013154,-0.000000,3.210508,1.570796,-4.032000,16.613154,0.000000,45.000000,0.000000,0.000000,-0.034274,1,3.493575,0.601913,0.345550,0.241828,0.241828,0.884454,0.029009,0.241828,0.241828,0.150136,0.705309,0.272801,0.184801,inf,nan,0.000000,0.184801,0.184801,0.184801,-0.079281,0.071505,0.184801,-0.079281,0.071505,-0.000000,0.000000,3.210508,10,4
1780630722.594011,nominal,-4.032000,15.334204,-0.000000,3.210508,1.570796,-4.032000,16.934204,0.000000,45.000000,0.000000,-0.000000,-0.033981,1,1.895402,0.630747,0.551295,0.443669,0.443669,1.161337,0.029009,0.443669,0.443669,0.150136,0.982192,0.653444,0.565444,inf,nan,0.000000,0.565444,0.565444,0.565444,0.167862,0.107653,0.565444,0.167862,0.107653,-0.000000,0.000000,3.210508,10,4
1780630722.726989,nominal,-4.032000,15.655255,-0.000000,3.210508,1.570796,-4.032000,17.255255,0.000000,45.000000,0.000000,0.000000,-0.033689,1,6.451780,0.625575,0.555502,0.447827,0.447827,1.308286,0.029009,0.447827,0.447827,0.150136,1.129141,0.658374,0.570374,inf,nan,0.000000,0.570374,0.570374,0.570374,0.288550,0.124804,0.570374,0.288550,0.124804,-0.000000,0.000000,3.210508,10,4
1780630722.799881,nominal,-4.032000,15.976306,-0.000000,3.210508,1.570796,-4.032000,17.576306,0.000000,45.000000,0.000000,-0.000000,-0.033401,1,1.609769,0.560887,0.346388,0.240343,0.240343,1.374336,0.029009,0.240343,0.240343,0.150136,1.195191,0.520887,0.432887,inf,nan,0.000000,0.432887,0.432887,0.432887,0.363934,0.094692,0.432887,0.363934,0.094692,-0.000000,0.000000,3.210508,10,4
1780630722.923771,nominal,-4.032000,16.297357,-0.000000,3.210508,1.570796,-4.032000,17.897357,0.000000,45.000000,0.000000,-0.000000,-0.033114,1,3.934319,0.672936,0.447667,0.341676,0.341676,1.373314,0.029009,0.341676,0.341676,0.150136,1.194169,0.673784,0.585784,inf,nan,0.000000,0.585784,0.585784,0.585784,0.464129,0.008198,0.585784,0.464129,0.008198,-0.000000,0.000000,3.210508,10,4
1780630723.009150,nominal,-4.032000,16.618408,-0.000000,3.210508,1.570796,-4.032000,18.218408,0.000000,45.000000,0.000000,0.000000,-0.032830,1,2.887014,0.988007,0.728145,0.615872,0.615872,1.242307,0.029009,0.615872,0.615872,0.150136,1.063162,0.962178,0.874178,inf,nan,0.000000,0.874178,0.874178,0.874178,0.413618,-0.025887,0.874178,0.413618,-0.025887,-0.000000,0.000000,3.210508,10,4
1780630723.103789,nominal,-4.032000,16.939458,-0.000000,3.210508,1.570796,-4.032000,18.539458,0.000000,45.000000,0.000000,-0.000000,-0.032549,1,3.101180,1.304710,1.028286,0.912460,0.912460,1.162379,0.029009,0.910156,0.910156,0.150136,0.983234,1.264710,1.176710,inf,nan,0.000000,1.176710,1.176710,1.176710,0.376771,-0.057146,1.176710,0.376771,-0.057146,-0.000000,0.000000,3.210508,10,4
1780630723.209047,nominal,-4.032000,17.260509,-0.000000,3.210508,1.570796,-4.032000,18.860509,0.000000,45.000000,0.000000,-0.000000,-0.032270,1,3.093270,1.613954,1.332716,1.218717,1.218717,1.114439,0.029009,0.935293,0.935293,0.150136,0.935294,1.341966,1.253966,inf,nan,0.000000,1.253966,1.253966,1.253966,0.348488,-0.110322,1.253966,0.348488,-0.110322,-0.000000,0.000000,3.210508,10,4
1780630723.314862,nominal,-4.032000,17.581560,-0.000000,3.210508,1.570796,-4.032000,19.181560,0.000000,45.000000,0.000000,0.000000,-0.031994,1,4.839231,1.749412,1.642953,1.529777,1.529777,1.099957,0.029009,0.920812,0.920812,0.150136,0.920812,1.305682,1.217682,inf,nan,0.000000,1.217682,1.217682,1.217682,0.322469,-0.060333,1.217682,0.322469,-0.060333,-0.000000,0.000000,3.210508,10,4
1780630723.410213,nominal,-4.032000,17.902611,-0.000000,3.210508,1.570796,-4.032000,19.502611,0.000000,45.000000,0.000000,-0.000000,-0.031719,1,2.629269,1.940600,1.730748,1.620477,1.620477,1.109937,0.029009,0.930792,0.930792,0.150136,0.930792,1.323892,1.235892,inf,nan,0.000000,1.235892,1.235892,1.235892,0.318067,0.025903,1.235892,0.318067,0.025903,-0.000000,0.000000,3.210508,10,4
1780630723.525309,nominal,-4.032000,18.223661,-0.000000,3.210508,1.570796,-4.032000,19.823661,0.000000,45.000000,0.000000,-0.000000,-0.031448,1,6.461815,1.762025,1.534411,1.429464,1.429464,1.129217,0.029009,0.950072,0.950072,0.150136,0.950072,1.323944,1.235944,inf,nan,0.000000,1.235944,1.235944,1.235944,0.308305,0.059355,1.235944,0.308305,0.059355,-0.000000,0.000000,3.210508,10,4
1780630723.607608,nominal,-4.032000,18.544712,-0.000000,3.210508,1.570796,-4.032000,20.144712,0.000000,45.000000,0.000000,0.000000,-0.031178,1,3.079714,1.583005,1.380821,1.273361,1.273361,1.182458,0.029009,1.003311,1.003311,0.150136,1.003313,1.325152,1.237152,inf,nan,0.000000,1.237152,1.237152,1.237152,0.303689,0.081395,1.237152,0.303689,0.081395,-0.000000,0.000000,3.210508,10,4
1780630723.725622,nominal,-4.032000,18.865763,-0.000000,3.210508,1.570796,-4.032000,20.465763,0.000000,45.000000,0.000000,0.000000,-0.030911,1,3.636466,1.450193,1.283783,1.169581,1.169581,1.266188,0.029009,1.085496,1.085496,0.150136,1.087043,1.328209,1.240209,inf,nan,0.000000,1.240209,1.240209,1.240209,0.322495,0.108593,1.240209,0.322495,0.108593,-0.000000,0.000000,3.210508,10,4
1780630723.809311,nominal,-4.032000,19.186814,-0.000000,3.210508,1.570796,-4.032000,20.786814,0.000000,45.000000,0.000000,-0.000000,-0.030646,1,2.616340,1.376030,1.236881,1.124194,1.124194,1.372269,0.029009,1.121743,1.121743,0.150136,1.193124,1.329363,1.241363,inf,nan,0.000000,1.241363,1.241363,1.241363,0.367742,0.128394,1.241363,0.367742,0.128394,-0.000000,0.000000,3.210508,10,4
1780630723.925129,nominal,-4.032000,19.507865,-0.000000,3.210508,1.570796,-4.032000,21.107865,0.000000,45.000000,0.000000,-0.000000,-0.030383,1,3.689126,1.369363,1.235924,1.121208,1.121208,1.493469,0.029009,1.121175,1.121175,0.150136,1.314324,1.329363,1.241363,inf,nan,0.000000,1.241363,1.241363,1.241363,0.434114,0.143064,1.241363,0.434114,0.143064,-0.000000,0.000000,3.210508,10,4
1780630724.008632,nominal,-4.032000,19.828915,-0.000000,3.210508,1.570796,-4.032000,21.428915,0.000000,45.000000,0.000000,-0.000000,-0.030123,1,3.015971,1.431068,1.270538,1.156431,1.156431,1.623902,0.029009,1.156430,1.156430,0.150136,1.444757,1.391068,1.303068,inf,nan,0.000000,1.303068,1.303068,1.303068,0.513407,0.110448,1.303068,0.513407,0.110448,-0.000000,0.000000,3.210508,10,4
1780630724.110389,nominal,-4.032000,20.149966,-0.000000,3.210508,1.570796,-4.032000,21.749966,0.000000,45.000000,0.000000,-0.000000,-0.029865,1,4.018762,1.553555,1.357401,1.249058,1.249058,1.667492,0.029009,1.249051,1.249051,0.150136,1.488347,1.513555,1.425555,inf,nan,0.000000,1.425555,1.425555,1.425555,0.598801,0.041436,1.425555,0.598801,0.041436,-0.000000,0.000000,3.210508,10,4
1780630724.208394,nominal,-4.032000,20.471017,-0.000000,3.210508,1.570796,-4.032000,22.071017,0.000000,45.000000,0.000000,0.000000,-0.029609,1,3.891356,1.724690,1.501225,1.396020,1.396020,1.665636,0.029009,1.394841,1.394841,0.150136,1.486491,1.684690,1.596690,inf,nan,0.000000,1.596690,1.596690,1.596690,0.660601,0.043255,1.596690,0.660601,0.043255,-0.000000,0.000000,3.210508,10,4
1780630724.320909,nominal,-4.032000,20.792068,-0.000000,3.210508,1.570796,-4.013479,22.390437,0.000000,45.000000,0.164967,-0.014528,-0.029355,1,7.258463,1.398924,1.690374,1.585729,1.585729,1.685518,0.028977,1.504679,1.504679,0.150136,1.506405,1.892279,1.804279,inf,nan,0.000000,1.804279,1.804279,1.804279,0.667034,-0.014524,1.804279,0.667034,-0.014524,-0.000000,0.000000,3.210508,10,4
1780630724.408407,nominal,-4.031175,21.113046,0.016497,3.209055,1.564400,-3.957379,22.706474,0.000000,45.000000,0.596507,-0.053180,-0.028407,1,2.606731,1.099444,0.885443,0.779429,0.779429,0.898697,0.028897,0.716402,0.716402,0.150064,0.719736,0.742232,0.654232,inf,nan,0.000000,0.654232,0.654232,0.654232,0.120479,0.012896,0.654232,0.120479,0.012896,-0.000000,0.000000,3.209097,10,4
1780630724.534689,nominal,-4.026543,21.433686,0.076147,3.203737,1.542239,-3.901337,23.022178,0.000000,45.000000,0.822124,-0.076445,-0.025575,1,9.088519,0.942490,0.739453,0.631837,0.631837,1.001890,0.028827,0.631802,0.631802,0.149837,0.823226,0.737578,0.649578,inf,nan,0.000000,0.649578,0.649578,0.649578,0.114954,0.078048,0.649578,0.114954,0.078048,-0.000000,0.000000,3.204642,10,4
1780630724.607825,nominal,-4.014818,21.753677,0.158360,3.196093,1.514426,-3.845409,23.337244,0.000000,45.000000,0.867894,-0.088135,-0.021674,1,2.776361,0.813096,0.657556,0.547613,0.547613,1.123747,0.028775,0.547613,0.547613,0.149601,0.945372,0.736803,0.648803,inf,nan,0.000000,0.648803,0.648803,0.648803,0.169236,0.102211,0.648803,0.169236,0.102211,-0.000000,0.000000,3.200013,10,4
1780630724.718262,nominal,-3.994642,22.072846,0.245149,3.187279,1.486679,-3.789625,23.651500,0.000000,45.000000,0.803257,-0.093651,-0.017538,1,3.475489,0.750440,0.654476,0.538428,0.538428,0.925420,0.028735,0.538409,0.538409,0.149431,0.747254,0.736803,0.648803,inf,nan,0.000000,0.648803,0.648803,0.648803,0.208773,-0.061548,0.648803,0.208773,-0.061548,-0.000000,0.000000,3.196693,10,4
1780630724.806868,nominal,-3.966111,22.391105,0.325475,3.177914,1.461865,-3.732269,23.974608,0.000000,45.000000,0.698569,-0.009308,-0.013690,1,2.649613,0.741660,0.678897,0.565710,0.565710,0.734276,0.028900,0.540672,0.540672,0.149321,0.556054,0.632339,0.544339,inf,nan,0.000000,0.544339,0.544339,0.544339,0.093934,-0.233022,0.544339,0.093934,-0.233022,-0.000000,0.000000,3.194538,10,4
1780630724.926786,nominal,-3.930071,22.708850,0.395332,3.176983,1.441722,-3.676487,24.288849,0.000000,45.000000,0.556430,-0.030038,-0.010446,1,6.125709,0.854637,0.782088,0.676162,0.676162,0.620000,0.028944,0.441373,0.441373,0.149676,0.441380,0.314463,0.226463,inf,nan,0.000000,0.226463,0.226463,0.226463,-0.000970,-0.266829,0.226463,-0.000970,-0.266829,-0.000000,0.000000,3.201485,10,4
1780630725.008526,nominal,-3.887755,23.026398,0.450975,3.173979,1.425481,-3.620548,24.603979,0.000000,45.000000,0.420080,-0.039807,-0.007800,1,3.972634,1.052109,0.962962,0.858654,0.858654,0.620000,0.028974,0.441127,0.441127,0.149899,0.441127,0.002659,-0.085341,inf,nan,0.000000,-0.085341,-0.085341,-0.085341,-0.091564,-0.297014,-0.085341,-0.091564,-0.297014,-0.000000,0.000000,3.205858,10,4
1780630725.112648,nominal,-3.840557,23.343597,0.492983,3.169999,1.413239,-3.564519,24.919610,0.000000,45.000000,0.301995,-0.036834,-0.005755,1,4.863825,1.296977,1.081907,0.963499,0.963499,0.620000,0.028990,0.440996,0.440996,0.150013,0.440996,-0.079466,-0.167466,inf,nan,0.000000,-0.167466,-0.167466,-0.167466,-0.138161,-0.081947,-0.167466,-0.138161,-0.081947,-0.000000,0.000000,3.208103,10,4
1780630725.194858,nominal,-3.789749,23.660413,0.523182,3.166315,1.404574,-3.508447,25.235491,0.000000,45.000000,0.205940,-0.028584,-0.004264,1,1.599026,1.053794,0.764385,0.653005,0.653005,0.620000,0.028999,0.440912,0.440912,0.150072,0.440929,-0.076963,-0.164963,inf,nan,0.000000,-0.164963,-0.164963,-0.164963,-0.187618,-0.090033,-0.164963,-0.187618,-0.090033,-0.000000,0.000000,3.209248,10,4
1780630725.328209,nominal,-3.736401,23.976901,0.543776,3.163457,1.398809,-3.452352,25.551492,0.000000,45.000000,0.131751,-0.019616,-0.003236,1,6.442907,0.733643,0.444724,0.334849,0.334849,0.620000,0.029004,0.334159,0.334159,0.150103,0.440893,-0.064018,-0.152018,inf,nan,0.000000,-0.152018,-0.152018,-0.152018,-0.215832,-0.179140,-0.152018,-0.215832,-0.179140,-0.000000,0.000000,3.209852,10,4
1780630725.409586,nominal,-3.681365,24.293149,0.556951,3.161495,1.395245,-3.396248,25.867550,0.000000,45.000000,0.077192,-0.011922,-0.002570,1,2.563674,0.594392,0.386602,0.279804,0.279804,0.620000,0.029006,0.279702,0.279702,0.150119,0.440874,0.088296,0.000296,inf,nan,0.000000,0.000296,0.000296,0.000296,-0.071340,-0.086179,0.000296,-0.071340,-0.086179,-0.000000,0.000000,3.210179,10,4
1780630725.524322,nominal,-3.625284,24.609239,0.564671,3.160303,1.393265,-3.340139,26.183635,0.000000,45.000000,0.039067,-0.006094,-0.002171,1,2.862507,0.552437,0.412178,0.305954,0.305954,0.620000,0.029008,0.305701,0.305701,0.150128,0.440864,-0.031689,-0.119689,inf,nan,0.000000,-0.119689,-0.119689,-0.119689,-0.094394,-0.177892,-0.119689,-0.094394,-0.177892,-0.000000,0.000000,3.210353,10,4
1780630725.609295,nominal,-3.568621,24.925239,0.568577,3.159694,1.392364,-3.284028,26.499733,0.000000,45.000000,0.013945,-0.002079,-0.001959,1,2.566201,0.529880,0.271906,0.165972,0.165972,0.620000,0.029008,0.165970,0.165970,0.150133,0.440859,-0.033380,-0.121380,inf,nan,0.000000,-0.121380,-0.121380,-0.121380,-0.109317,-0.028457,-0.121380,-0.109317,-0.028457,-0.000000,0.000000,3.210443,10,4
1780630725.709963,nominal,-3.511694,25.241198,0.569972,3.159486,1.392150,-3.227916,26.815837,0.000000,45.000000,-0.001397,0.000435,-0.001871,1,3.237708,0.544760,0.344715,0.216169,0.216169,0.653764,0.029009,0.216166,0.216166,0.150135,0.474620,-0.002110,-0.090110,inf,nan,0.000000,-0.090110,-0.090110,-0.090110,-0.198018,-0.117582,-0.090110,-0.198018,-0.117582,-0.000000,0.000000,3.210486,10,4
1780630725.809989,nominal,-3.454704,25.557149,0.569832,3.159529,1.392338,-3.171803,27.131943,0.000000,45.000000,-0.009747,0.001818,-0.001857,1,2.749470,0.513504,0.258551,0.154765,0.154765,0.620000,0.029009,0.154764,0.154764,0.150136,0.440855,-0.032754,-0.120754,inf,nan,0.000000,-0.120754,-0.120754,-0.120754,-0.123411,-0.038579,-0.120754,-0.123411,-0.038579,-0.000000,0.000000,3.210504,10,4
1780630725.924010,nominal,-3.397769,25.873111,0.568857,3.159711,1.392729,-3.115690,27.448051,0.000000,45.000000,-0.013365,0.002414,-0.001884,1,3.222640,0.529116,0.253975,0.138038,0.138038,0.738123,0.029009,0.138038,0.138038,0.150136,0.558978,-0.073255,-0.161255,inf,nan,0.000000,-0.161255,-0.161255,-0.161255,-0.234061,-0.092643,-0.161255,-0.234061,-0.092643,-0.000000,0.000000,3.210510,10,4
1780630726.009428,nominal,-3.340950,26.189094,0.567521,3.159953,1.393192,-3.059576,27.764159,0.000000,45.000000,-0.013991,0.002503,-0.001929,1,2.792512,0.561598,0.336872,0.222161,0.222161,0.876239,0.029009,0.222161,0.222161,0.150136,0.697093,0.440989,0.352989,inf,nan,0.000000,0.352989,0.352989,0.352989,0.049471,0.036346,0.352989,0.049471,0.036346,-0.000000,0.000000,3.210511,10,4
1780630726.127304,nominal,-3.284268,26.505102,0.566122,3.160203,1.393647,-3.003463,28.080268,0.000000,45.000000,-0.012895,0.002298,-0.001978,1,4.045327,0.535518,0.284942,0.172771,0.172771,0.987522,0.029009,0.172771,0.172771,0.150136,0.808377,0.495518,0.407518,inf,nan,0.000000,0.407518,0.407518,0.407518,0.174957,-0.012344,0.407518,0.174957,-0.012344,-0.000000,0.000000,3.210510,10,4
1780630726.206903,nominal,-3.227720,26.821133,0.564832,3.160433,1.394050,-2.947350,28.396377,0.000000,45.000000,-0.010958,0.001950,-0.002021,1,3.125198,0.563904,0.364888,0.245022,0.245022,1.112591,0.029009,0.245022,0.245022,0.150136,0.933446,0.523904,0.435904,inf,nan,0.000000,0.435904,0.435904,0.435904,0.236401,-0.010270,0.435904,0.236401,-0.010270,-0.000000,0.000000,3.210509,10,4
1780630726.330343,nominal,-3.171292,27.137186,0.563737,3.160628,1.394383,-2.891237,28.712486,0.000000,45.000000,-0.008755,0.001556,-0.002055,1,5.696874,0.537940,0.262801,0.147062,0.147062,1.246256,0.029009,0.147062,0.147062,0.150136,1.067111,0.497940,0.409940,inf,nan,0.000000,0.409940,0.409940,0.409940,0.348431,0.041523,0.409940,0.348431,0.041523,-0.000000,0.000000,3.210509,10,4
1780630726.427995,nominal,-3.114962,27.453257,0.562861,3.160783,1.394643,-2.835123,29.028595,0.000000,45.000000,-0.006632,0.001178,-0.002079,1,4.864459,0.901711,0.611818,0.501797,0.501797,1.428295,0.029009,0.501797,0.501797,0.150136,1.249150,0.861711,0.773711,inf,nan,0.000000,0.773711,0.773711,0.773711,0.393965,0.138668,0.773711,0.393965,0.138668,-0.000000,0.000000,3.210508,10,4
1780630726.523038,nominal,-3.058709,27.769341,0.562198,3.160901,1.394835,-2.779010,29.344704,0.000000,45.000000,-0.004772,0.000848,-0.002093,1,2.594187,1.063562,0.851571,0.744061,0.744061,1.573321,0.029009,0.744061,0.744061,0.150136,1.394176,1.023562,0.935562,inf,nan,0.000000,0.935562,0.935562,0.935562,0.486153,0.156185,0.935562,0.486153,0.156185,-0.000000,0.000000,3.210508,10,4
1780630726.598245,nominal,-3.002513,28.085435,0.561721,3.160986,1.394971,-2.722897,29.660813,0.000000,45.000000,-0.003250,0.000577,-0.002097,1,1.728394,1.269046,1.026111,0.921768,0.921768,1.457156,0.029009,0.921768,0.921768,0.150136,1.278011,1.229046,1.141046,inf,nan,0.000000,1.141046,1.141046,1.141046,0.533351,-0.002854,1.141046,0.533351,-0.002854,-0.000000,0.000000,3.210508,10,4
1780630726.719093,nominal,-2.946357,28.401537,0.561396,3.161044,1.395061,-2.666783,29.976922,0.000000,45.000000,-0.002071,0.000368,-0.002095,1,2.637941,1.512503,1.253415,1.147611,1.147611,1.529143,0.029009,1.147587,1.147587,0.150136,1.349998,1.472503,1.384503,inf,nan,0.000000,1.384503,1.384503,1.384503,0.534354,-0.011366,1.384503,0.534354,-0.011366,-0.000000,0.000000,3.210508,10,4
1780630726.797522,nominal,-2.890228,28.717643,0.561188,3.161080,1.395116,-2.610670,30.293031,0.000000,45.000000,-0.001205,0.000214,-0.002087,1,1.749474,1.779302,1.511964,1.403306,1.403306,1.619865,0.029009,1.396478,1.396478,0.150136,1.440720,1.739302,1.651302,inf,nan,0.000000,1.651302,1.651302,1.651302,0.537186,0.156285,1.651302,0.537186,0.156285,-0.000000,0.000000,3.210508,10,4
1780630726.917851,nominal,-2.834115,29.033752,0.561068,3.161102,1.395146,-2.554557,30.609140,0.000000,45.000000,-0.000601,0.000107,-0.002075,1,4.043918,1.821097,1.670230,1.556753,1.556753,1.048177,0.029009,0.869032,0.869032,0.150136,0.869032,1.203048,1.115048,inf,nan,0.000000,1.115048,1.115048,1.115048,0.293059,-0.110298,1.115048,0.293059,-0.110298,-0.000000,0.000000,3.210508,10,4
1780630726.997232,nominal,-2.778012,29.349863,0.561008,3.161112,1.395160,-2.498444,30.925249,0.000000,45.000000,-0.000204,0.000036,-0.002060,1,1.606894,1.830700,1.584635,1.479499,1.479499,1.052122,0.029009,0.872977,0.872977,0.150136,0.872977,1.203341,1.115341,inf,nan,0.000000,1.115341,1.115341,1.115341,0.274135,0.038080,1.115341,0.274135,0.038080,-0.000000,0.000000,3.210508,10,4
1780630727.124645,nominal,-2.721912,29.665974,0.560988,3.161116,1.395163,-2.442330,31.241358,0.000000,45.000000,0.000037,-0.000007,-0.002043,1,1.594601,1.614959,1.387046,1.282150,1.282150,0.748903,0.029009,0.569758,0.569758,0.150136,0.569758,0.694180,0.606180,inf,nan,0.000000,0.606180,0.606180,0.606180,0.113717,-0.083749,0.606180,0.113717,-0.083749,-0.000000,0.000000,3.210508,10,4
1780630727.211776,nominal,-2.665813,29.982086,0.560991,3.161115,1.395159,-2.386217,31.557467,0.000000,45.000000,0.000166,-0.000030,-0.002026,1,5.277947,1.436221,1.236438,1.128616,1.128616,0.620000,0.029009,0.440855,0.440855,0.150136,0.440855,0.381376,0.293376,inf,nan,0.000000,0.293376,0.293376,0.293376,0.021279,-0.119328,0.293376,0.021279,-0.119328,-0.000000,0.000000,3.210508,10,4
1780630727.321679,nominal,-2.609713,30.298197,0.561008,3.161112,1.395152,-2.330104,31.873576,0.000000,45.000000,0.000221,-0.000039,-0.002007,1,5.140026,1.308541,1.147183,1.033174,1.033174,0.620000,0.029009,0.440855,0.440855,0.150136,0.440855,0.091309,0.003309,inf,nan,0.000000,0.003309,0.003309,0.003309,-0.057157,-0.140130,0.003309,-0.057157,-0.140130,-0.000000,0.000000,3.210508,10,4
1780630727.413379,nominal,-2.553611,30.614308,0.561030,3.161108,1.395145,-2.273990,32.189685,0.000000,45.000000,0.000229,-0.000041,-0.001989,1,2.048550,1.180929,0.943190,0.831357,0.831357,0.620000,0.029009,0.440855,0.440855,0.150136,0.440855,-0.119875,-0.207875,inf,nan,0.000000,-0.207875,-0.207875,-0.207875,-0.132932,-0.104593,-0.207875,-0.132932,-0.104593,-0.000000,0.000000,3.210508,10,4
1780630727.524795,nominal,-2.497507,30.930419,0.561053,3.161104,1.395137,-2.217877,32.505794,0.000000,45.000000,0.000209,-0.000037,-0.001971,1,2.191120,0.912961,0.627043,0.515470,0.515470,0.620000,0.029009,0.438831,0.438831,0.150136,0.440855,-0.063936,-0.151936,inf,nan,0.000000,-0.151936,-0.151936,-0.151936,-0.166628,-0.126735,-0.151936,-0.166628,-0.126735,-0.000000,0.000000,3.210508,10,4
1780630727.599352,nominal,-2.441401,31.246529,0.561074,3.161101,1.395131,-2.161764,32.821903,0.000000,45.000000,0.000177,-0.000031,-0.001953,1,1.725169,0.597674,0.317626,0.204051,0.204051,0.620000,0.029009,0.204044,0.204044,0.150136,0.440855,-0.142728,-0.230728,inf,nan,0.000000,-0.230728,-0.230728,-0.230728,-0.184260,-0.178305,-0.230728,-0.184260,-0.178305,-0.000000,0.000000,3.210508,10,4
1780630727.720862,nominal,-2.385292,31.562639,0.561091,3.161098,1.395126,-2.105651,33.138012,0.000000,45.000000,0.000141,-0.000025,-0.001936,1,2.574209,0.578053,0.409327,0.296697,0.296697,0.620000,0.029009,0.296514,0.296514,0.150136,0.440855,-0.130433,-0.218433,inf,nan,0.000000,-0.218433,-0.218433,-0.218433,-0.228262,-0.215726,-0.218433,-0.228262,-0.215726,-0.000000,0.000000,3.210508,10,4
1780630727.810770,nominal,-2.329182,31.878749,0.561106,3.161095,1.395121,-2.049537,33.454121,0.000000,45.000000,0.000106,-0.000019,-0.001918,1,1.963917,0.562004,0.278677,0.166559,0.166559,0.757220,0.029009,0.166559,0.166559,0.150136,0.578075,-0.022793,-0.110793,inf,nan,0.000000,-0.110793,-0.110793,-0.110793,-0.197026,-0.052535,-0.110793,-0.197026,-0.052535,-0.000000,0.000000,3.210508,10,4
1780630727.908570,nominal,-2.273071,32.194858,0.561116,3.161093,1.395118,-1.993424,33.770230,0.000000,45.000000,0.000076,-0.000014,-0.001902,1,2.523130,0.597379,0.400273,0.291421,0.291421,1.057836,0.029009,0.291421,0.291421,0.150136,0.878691,0.557379,0.469379,inf,nan,0.000000,0.469379,0.469379,0.469379,0.269097,-0.013860,0.469379,0.269097,-0.013860,-0.000000,0.000000,3.210508,10,4
1780630728.010483,nominal,-2.216959,32.510967,0.561124,3.161092,1.395116,-1.937311,34.086339,0.000000,45.000000,0.000052,-0.000009,-0.001885,1,2.063409,0.548738,0.273584,0.160258,0.160258,1.180442,0.029009,0.160258,0.160258,0.150136,1.001297,0.508738,0.420738,inf,nan,0.000000,0.420738,0.420738,0.420738,0.299465,-0.049777,0.420738,0.299465,-0.049777,-0.000000,0.000000,3.210508,10,4
1780630728.133810,nominal,-2.160847,32.827077,0.561129,3.161091,1.395115,-1.881197,34.402448,0.000000,45.000000,0.000033,-0.000006,-0.001868,1,8.187802,0.705435,0.415436,0.306138,0.306138,1.311492,0.029009,0.306138,0.306138,0.150136,1.132347,0.665435,0.577435,inf,nan,0.000000,0.577435,0.577435,0.577435,0.389983,0.060447,0.577435,0.389983,0.060447,-0.000000,0.000000,3.210508,10,4
1780630728.212833,nominal,-2.104734,33.143186,0.561132,3.161090,1.395114,-1.825084,34.718557,0.000000,45.000000,0.000019,-0.000003,-0.001852,1,2.590849,0.560806,0.272488,0.162989,0.162989,1.441727,0.029009,0.162989,0.162989,0.150136,1.262582,0.520806,0.432806,inf,nan,0.000000,0.432806,0.432806,0.432806,0.449974,0.123759,0.432806,0.449974,0.123759,-0.000000,0.000000,3.210508,10,4
1780630728.323242,nominal,-2.048620,33.459295,0.561134,3.161090,1.395113,-1.768971,35.034666,0.000000,45.000000,0.000009,-0.000002,-0.001836,1,6.762650,0.844888,0.577640,0.467414,0.467414,1.597998,0.029009,0.467414,0.467414,0.150136,1.418853,0.826468,0.738468,inf,nan,0.000000,0.738468,0.738468,0.738468,0.541748,0.153380,0.738468,0.541748,0.153380,-0.000000,0.000000,3.210508,10,4
1780630728.410290,nominal,-1.992507,33.775404,0.561135,3.161090,1.395113,-1.712858,35.350775,0.000000,45.000000,0.000003,-0.000001,-0.001821,1,2.656288,1.155237,0.897288,0.786856,0.786856,0.768375,0.029009,0.589202,0.589202,0.150136,0.589230,0.654854,0.566854,inf,nan,0.000000,0.566854,0.566854,0.566854,0.097682,-0.211738,0.566854,0.097682,-0.211738,-0.000000,0.000000,3.210508,10,4
1780630728.526367,nominal,-1.936393,34.091513,0.561135,3.161090,1.395113,-1.656744,35.666884,0.000000,45.000000,-0.000001,0.000000,-0.001805,1,4.265748,1.267085,1.006754,0.900893,0.900893,0.814084,0.029009,0.634936,0.634936,0.150136,0.634939,0.654821,0.566821,inf,nan,0.000000,0.566821,0.566821,0.566821,0.077864,0.000377,0.566821,0.077864,0.000377,-0.000000,0.000000,3.210508,10,4
1780630728.610330,nominal,-1.880280,34.407622,0.561135,3.161090,1.395113,-1.600631,35.982993,0.000000,45.000000,-0.000003,0.000001,-0.001789,1,2.723683,1.022219,0.781677,0.677533,0.677533,0.914985,0.029009,0.674043,0.674043,0.150136,0.735840,0.661379,0.573379,inf,nan,0.000000,0.573379,0.573379,0.573379,0.070725,0.039909,0.573379,0.070725,0.039909,-0.000000,0.000000,3.210508,10,4
1780630728.714645,nominal,-1.824166,34.723731,0.561135,3.161090,1.395113,-1.544518,36.299102,0.000000,45.000000,-0.000004,0.000001,-0.001774,1,2.903922,0.824679,0.627246,0.518786,0.518786,1.037262,0.029009,0.518786,0.518786,0.150136,0.858117,0.669168,0.581168,inf,nan,0.000000,0.581168,0.581168,0.581168,0.093761,0.092721,0.581168,0.093761,0.092721,-0.000000,0.000000,3.210508,10,4
1780630728.807266,nominal,-1.768053,35.039840,0.561135,3.161090,1.395113,-1.488404,36.615211,0.000000,45.000000,-0.000004,0.000001,-0.001759,1,2.456448,0.709437,0.567172,0.459353,0.459353,1.168231,0.029009,0.459353,0.459353,0.150136,0.989086,0.669437,0.581437,inf,nan,0.000000,0.581437,0.581437,0.581437,0.176868,0.108716,0.581437,0.176868,0.108716,-0.000000,0.000000,3.210508,10,4
1780630728.900542,nominal,-1.711939,35.355949,0.561134,3.161090,1.395114,-1.432291,36.931320,0.000000,45.000000,-0.000003,0.000001,-0.001744,1,1.607778,0.711873,0.567547,0.459758,0.459758,1.308356,0.029009,0.459758,0.459758,0.150136,1.129211,0.671873,0.583873,inf,nan,0.000000,0.583873,0.583873,0.583873,0.294364,0.125617,0.583873,0.294364,0.125617,-0.000000,0.000000,3.210508,10,4
1780630729.011336,nominal,-1.655826,35.672058,0.561134,3.161090,1.395114,-1.376178,37.247429,0.000000,45.000000,-0.000003,0.000001,-0.001729,1,3.584440,0.831075,0.631350,0.523273,0.523273,1.138794,0.029009,0.523273,0.523273,0.150136,0.959649,0.791075,0.703075,inf,nan,0.000000,0.703075,0.703075,0.703075,0.328019,-0.102572,0.703075,0.328019,-0.102572,-0.000000,0.000000,3.210508,10,4
1780630729.121085,nominal,-1.599713,35.988167,0.561134,3.161090,1.395114,-1.320065,37.563539,0.000000,45.000000,-0.000002,0.000000,-0.001714,1,5.671273,1.031015,0.789370,0.685229,0.685229,0.978288,0.029009,0.684704,0.684704,0.150136,0.799143,0.991015,0.903015,inf,nan,0.000000,0.903015,0.903015,0.903015,0.233604,-0.151011,0.903015,0.233604,-0.151011,-0.000000,0.000000,3.210508,10,4
1780630729.208744,nominal,-1.543599,36.304276,0.561133,3.161090,1.395114,-1.263951,37.879648,0.000000,45.000000,-0.000002,0.000000,-0.001699,1,3.166641,1.277212,1.016393,0.910492,0.910492,0.821715,0.029009,0.642568,0.642568,0.150136,0.642570,0.780213,0.692213,inf,nan,0.000000,0.692213,0.692213,0.692213,0.140684,-0.305795,0.692213,0.140684,-0.305795,-0.000000,0.000000,3.210508,10,4
1780630729.313791,nominal,-1.487486,36.620385,0.561133,3.161090,1.395114,-1.207838,38.195757,0.000000,45.000000,-0.000001,0.000000,-0.001685,1,2.017077,1.327255,1.128301,1.020333,1.020333,0.669281,0.029009,0.490136,0.490136,0.150136,0.490136,0.475573,0.387573,inf,nan,0.000000,0.387573,0.387573,0.387573,0.051896,-0.191139,0.387573,0.051896,-0.191139,-0.000000,0.000000,3.210508,10,4
1780630729.410763,nominal,-1.431373,36.936494,0.561133,3.161090,1.395114,-1.151725,38.511866,0.000000,45.000000,-0.000001,0.000000,-0.001670,1,1.982914,1.507533,1.278418,1.173603,1.173603,0.620000,0.029009,0.440855,0.440855,0.150136,0.440855,0.202946,0.114946,inf,nan,0.000000,0.114946,0.114946,0.114946,-0.019274,-0.219298,0.114946,-0.019274,-0.219298,-0.000000,0.000000,3.210508,10,4
1780630729.526927,nominal,-1.375259,37.252603,0.561133,3.161090,1.395114,-1.095611,38.827975,0.000000,45.000000,-0.000001,0.000000,-0.001656,1,2.417183,1.506034,1.219423,1.107609,1.107609,0.620000,0.029009,0.440855,0.440855,0.150136,0.440855,0.096257,0.008257,inf,nan,0.000000,0.008257,0.008257,0.008257,-0.063555,-0.059117,0.008257,-0.063555,-0.059117,-0.000000,0.000000,3.210508,10,4
1780630729.610268,nominal,-1.319146,37.568712,0.561133,3.161090,1.395114,-1.039498,39.144084,0.000000,45.000000,-0.000000,0.000000,-0.001642,1,1.995021,1.189572,0.905066,0.792601,0.792601,0.620000,0.029009,0.440855,0.440855,0.150136,0.440855,0.071941,-0.016059,inf,nan,0.000000,-0.016059,-0.016059,-0.016059,-0.107342,-0.072978,-0.016059,-0.107342,-0.072978,-0.000000,0.000000,3.210508,10,4
1780630729.725241,nominal,-1.263033,37.884821,0.561133,3.161090,1.395114,-0.983385,39.460193,0.000000,45.000000,-0.000000,0.000000,-0.001628,1,2.374466,0.876080,0.596429,0.482199,0.482199,0.620000,0.029009,0.434818,0.434818,0.150136,0.440855,0.026747,-0.061253,inf,nan,0.000000,-0.061253,-0.061253,-0.061253,-0.138982,-0.073403,-0.061253,-0.138982,-0.073403,-0.000000,0.000000,3.210508,10,4
1780630729.810528,nominal,-1.206920,38.200930,0.561133,3.161090,1.395114,-0.927272,39.776302,0.000000,45.000000,-0.000000,0.000000,-0.001614,1,1.944366,0.579018,0.305366,0.195563,0.195563,0.620000,0.029009,0.195557,0.195557,0.150136,0.440855,0.028903,-0.059097,inf,nan,0.000000,-0.059097,-0.059097,-0.059097,-0.142811,-0.019954,-0.059097,-0.142811,-0.019954,-0.000000,0.000000,3.210508,10,4
1780630729.924602,nominal,-1.150806,38.517039,0.561133,3.161090,1.395114,-0.871158,40.092411,0.000000,45.000000,0.000000,-0.000000,-0.001600,1,2.252992,0.615188,0.340328,0.227877,0.227877,0.679598,0.029009,0.227875,0.227875,0.150136,0.500453,0.020869,-0.067131,inf,nan,0.000000,-0.067131,-0.067131,-0.067131,-0.142681,-0.012936,-0.067131,-0.142681,-0.012936,-0.000000,0.000000,3.210508,10,4
1780630730.010539,nominal,-1.094693,38.833148,0.561133,3.161090,1.395114,-0.815045,40.408520,0.000000,45.000000,0.000000,-0.000000,-0.001586,1,1.997272,0.556469,0.303303,0.199991,0.199991,0.891875,0.029009,0.199991,0.199991,0.150136,0.712730,0.266388,0.178388,inf,nan,0.000000,0.178388,0.178388,0.178388,-0.082767,0.080043,0.178388,-0.082767,0.080043,-0.000000,0.000000,3.210508,10,4
1780630730.135227,nominal,-1.038580,39.149257,0.561133,3.161090,1.395114,-0.758932,40.724629,0.000000,45.000000,0.000000,-0.000000,-0.001573,1,4.216457,1.589869,1.442771,1.330422,1.330422,1.035974,0.029009,0.856829,0.856829,0.150136,0.856829,1.174293,1.086293,inf,nan,0.000000,1.086293,1.086293,1.086293,0.268007,-0.107926,1.086293,0.268007,-0.107926,-0.000000,0.000000,3.210508,10,4
1780630730.206858,nominal,-0.982466,39.465366,0.561133,3.161090,1.395114,-0.702818,41.040738,0.000000,45.000000,0.000000,-0.000000,-0.001559,1,3.996396,0.518143,0.251839,0.146918,0.146918,1.064699,0.029009,0.146918,0.146918,0.150136,0.885554,0.478143,0.390143,inf,nan,0.000000,0.390143,0.390143,0.390143,0.313718,-0.022300,0.390143,0.313718,-0.022300,-0.000000,0.000000,3.210508,10,4
1780630730.332149,nominal,-0.926353,39.781475,0.561133,3.161090,1.395114,-0.646705,41.356847,0.000000,45.000000,0.000000,-0.000000,-0.001546,1,8.040573,0.572845,0.318710,0.215276,0.215276,1.026502,0.029009,0.215276,0.215276,0.150136,0.847357,0.532845,0.444845,inf,nan,0.000000,0.444845,0.444845,0.444845,0.305549,-0.013886,0.444845,0.305549,-0.013886,-0.000000,0.000000,3.210508,10,4
1780630730.409562,nominal,-0.870240,40.097584,0.561133,3.161090,1.395114,-0.590592,41.672956,0.000000,45.000000,0.000000,-0.000000,-0.001533,1,2.219539,0.591576,0.316391,0.202156,0.202156,0.884789,0.029009,0.202156,0.202156,0.150136,0.705644,0.551576,0.463576,inf,nan,0.000000,0.463576,0.463576,0.463576,0.139408,-0.200886,0.463576,0.139408,-0.200886,-0.000000,0.000000,3.210508,10,4
1780630730.524752,nominal,-0.814127,40.413693,0.561133,3.161090,1.395114,-0.534479,41.989065,0.000000,45.000000,0.000000,-0.000000,-0.001520,1,1.585046,0.518379,0.244205,0.134169,0.134169,0.998419,0.029009,0.134169,0.134169,0.150136,0.819274,0.478379,0.390379,inf,nan,0.000000,0.390379,0.390379,0.390379,0.148864,-0.160275,0.390379,0.148864,-0.160275,-0.000000,0.000000,3.210508,10,4
1780630730.610302,nominal,-0.758013,40.729802,0.561133,3.161090,1.395114,-0.478365,42.305174,0.000000,45.000000,0.000000,-0.000000,-0.001507,1,2.255376,0.715149,0.468720,0.358129,0.358129,1.112001,0.029009,0.358129,0.358129,0.150136,0.932856,0.698992,0.610992,inf,nan,0.000000,0.610992,0.610992,0.610992,0.182294,0.081127,0.610992,0.182294,0.081127,-0.000000,0.000000,3.210508,10,4
1780630730.727823,nominal,-0.701900,41.045911,0.561133,3.161090,1.395114,-0.422252,42.621283,0.000000,45.000000,0.000000,-0.000000,-0.001494,1,2.819421,0.722765,0.618802,0.501782,0.501782,1.218264,0.029009,0.501782,0.501782,0.150136,1.039119,0.698992,0.610992,inf,nan,0.000000,0.610992,0.610992,0.610992,0.251844,0.082613,0.610992,0.251844,0.082613,-0.000000,0.000000,3.210508,10,4
1780630730.805576,nominal,-0.645787,41.362020,0.561133,3.161090,1.395114,-0.366139,42.937392,0.000000,45.000000,0.000000,-0.000000,-0.001481,1,2.962670,0.738442,0.639247,0.524982,0.524982,0.620000,0.029009,0.439389,0.439389,0.150136,0.440855,0.093673,0.005673,inf,nan,0.000000,0.005673,0.005673,0.005673,-0.087131,-0.265759,0.005673,-0.087131,-0.265759,-0.000000,0.000000,3.210508,10,4
1780630730.934663,nominal,-0.589673,41.678129,0.561133,3.161090,1.395114,-0.310025,43.253501,0.000000,45.000000,0.000000,-0.000000,-0.001468,1,6.581529,0.867468,0.747749,0.622314,0.622314,0.620000,0.029009,0.440805,0.440805,0.150136,0.440855,-0.087443,-0.175443,inf,nan,0.000000,-0.175443,-0.175443,-0.175443,-0.185225,-0.117350,-0.175443,-0.185225,-0.117350,-0.000000,0.000000,3.210508,10,4
1780630731.008516,nominal,-0.533560,41.994238,0.561133,3.161090,1.395114,-0.253912,43.569610,0.000000,45.000000,0.000000,-0.000000,-0.001456,1,2.527054,0.733278,0.458070,0.342156,0.342156,0.620000,0.029009,0.341267,0.341267,0.150136,0.440855,-0.122869,-0.210869,inf,nan,0.000000,-0.210869,-0.210869,-0.210869,-0.251585,-0.126818,-0.210869,-0.251585,-0.126818,-0.000000,0.000000,3.210508,10,4
1780630731.122953,nominal,-0.477447,42.310347,0.561133,3.161090,1.395114,-0.197799,43.885719,0.000000,45.000000,0.000000,-0.000000,-0.001443,1,4.044588,0.546155,0.259471,0.142120,0.142120,0.712564,0.029009,0.142120,0.142120,0.150136,0.533419,-0.062956,-0.150956,inf,nan,0.000000,-0.150956,-0.150956,-0.150956,-0.222529,-0.070160,-0.150956,-0.222529,-0.070160,-0.000000,0.000000,3.210508,10,4
1780630731.208746,nominal,-0.421334,42.626456,0.561133,3.161090,1.395114,-0.141685,44.201828,0.000000,45.000000,0.000000,-0.000000,-0.001431,1,3.315661,0.576973,0.445668,0.337734,0.337734,0.620000,0.029009,0.336971,0.336971,0.150136,0.440855,0.002757,-0.085243,inf,nan,0.000000,-0.085243,-0.085243,-0.085243,-0.082647,-0.168422,-0.085243,-0.082647,-0.168422,-0.000000,0.000000,3.210508,10,4
1780630731.326479,nominal,-0.365220,42.942565,0.561133,3.161090,1.395114,-0.085572,44.517937,0.000000,45.000000,-0.000000,0.000000,-0.001418,1,5.825038,0.587447,0.425060,0.315294,0.315294,0.620000,0.029009,0.314944,0.314944,0.150136,0.440855,-0.083978,-0.171978,inf,nan,0.000000,-0.171978,-0.171978,-0.171978,-0.136305,-0.185913,-0.171978,-0.136305,-0.185913,-0.000000,0.000000,3.210508,10,4
1780630731.411010,nominal,-0.309107,43.258674,0.561133,3.161090,1.395114,-0.029459,44.834046,0.000000,45.000000,-0.000000,0.000000,-0.001406,1,1.762696,2.094030,1.832965,1.726419,1.726419,2.174237,0.029009,1.726417,1.726417,0.150136,1.995092,2.054030,1.966030,inf,nan,0.000000,1.966030,1.966030,1.966030,0.856878,0.225970,1.966030,0.856878,0.225970,-0.000000,0.000000,3.210508,10,4
1780630731.528198,nominal,-0.252994,43.574783,0.561133,3.161090,1.395114,0.000000,45.000000,0.000000,45.000000,-0.237413,-1.337442,-0.001394,1,2.656495,2.361099,2.094181,1.985772,1.985772,2.254819,0.025988,1.984688,1.984688,0.150136,2.078695,2.321099,2.233099,inf,nan,0.000000,2.233099,2.233099,2.233099,0.942578,0.231241,2.233099,0.942578,0.231241,-0.000000,0.000000,3.210508,10,4
1780630731.611007,nominal,-0.198067,43.884205,0.537392,3.027346,1.395114,0.000000,45.000000,0.000000,45.000000,-0.639137,-3.600518,-0.001382,1,1.878191,2.633747,2.363332,2.253056,2.253056,2.254819,0.019692,2.091778,2.091778,0.143248,2.091879,2.593747,2.505747,inf,nan,0.000000,2.505747,2.505747,2.505747,1.009814,0.223487,2.505747,1.009814,0.223487,-0.000000,0.000000,3.074673,10,4
1780630731.718400,nominal,-0.147524,44.168937,0.473478,2.667294,1.395114,0.000000,45.000000,0.000000,45.000000,-0.835874,-4.708813,-0.001370,1,1.881399,2.891837,2.619415,2.507497,2.507497,2.254819,0.013437,2.116220,2.116220,0.125161,2.116220,2.851837,2.763837,inf,nan,0.000000,2.763837,2.763837,2.763837,1.053760,0.218075,2.763837,1.053760,0.218075,-0.000000,0.000000,2.708992,10,4
1780630731.810907,nominal,-0.104356,44.412122,0.389891,2.196413,1.395114,0.000000,45.000000,0.000000,45.000000,-0.864153,-4.868120,-0.001359,1,1.754819,3.116446,2.842910,2.729682,2.729682,2.254819,0.008289,2.144013,2.144013,0.102517,2.144013,3.076446,2.988446,inf,nan,0.000000,2.988446,2.988446,2.988446,1.079158,0.214520,2.988446,1.079158,0.214520,-0.000000,0.000000,2.230750,10,4
1780630731.921477,nominal,-0.069687,44.607423,0.303475,1.709601,1.395114,0.000000,45.000000,0.000000,45.000000,-0.791482,-4.458736,-0.001346,1,1.796633,3.299070,3.024919,2.910707,2.910707,2.254819,0.004651,2.169859,2.169859,0.080309,2.169859,3.259070,3.171070,inf,nan,0.000000,3.171070,3.171070,3.171070,1.074834,0.212357,3.171070,1.074834,0.212357,-0.000000,0.000000,1.736327,10,4
1780630732.010886,nominal,-0.043297,44.756089,0.224327,1.263727,1.395114,0.000000,45.000000,0.000000,45.000000,-0.669732,-3.772876,-0.001334,1,1.433403,3.439219,3.164725,3.049805,3.049805,2.254819,0.002376,2.191403,2.191403,0.061040,2.191403,3.399219,3.311219,inf,nan,0.000000,3.311219,3.311219,3.311219,1.068431,0.211186,3.311219,1.068431,0.211186,-0.000000,0.000000,1.283483,10,4
1780630732.121500,nominal,-0.024213,44.863598,0.157354,0.886440,1.395114,0.000000,45.000000,0.000000,45.000000,-0.533255,-3.004047,-0.001323,1,1.648014,3.541106,3.266419,3.151008,3.151008,2.254819,0.001097,2.208185,2.208185,0.045537,2.208185,3.501106,3.413106,inf,nan,0.000000,3.413106,3.413106,3.413106,1.064314,0.210683,3.413106,1.064314,0.210683,-0.000000,0.000000,0.900298,10,4
1780630732.210825,nominal,-0.011144,44.937221,0.104028,0.586035,1.395114,0.000000,45.000000,0.000000,45.000000,-0.402675,-2.268437,-0.001312,1,1.471938,3.611120,3.336323,3.220586,3.220586,2.254819,0.000452,2.220650,2.220650,0.033718,2.220650,3.571120,3.483120,inf,nan,0.000000,3.483120,3.483120,3.483120,1.061887,0.210547,3.483120,1.061887,0.210547,-0.000000,0.000000,0.595197,10,4
1780630732.324076,nominal,-0.002755,44.984483,0.063761,0.359191,1.395114,0.000000,45.000000,0.000000,45.000000,-0.288821,-1.627051,-0.001300,1,3.469656,2.033303,3.381301,3.265359,3.265359,2.254819,0.000161,2.229557,2.229557,0.025101,2.229557,3.616160,3.528160,inf,nan,0.000000,3.528160,3.528160,3.528160,1.060645,0.210581,3.528160,1.060645,0.210581,-0.000000,0.000000,0.364807,10,4
1780630732.411690,nominal,0.002177,45.012267,0.034879,0.196486,1.395114,0.000000,45.000000,0.000000,45.000000,-0.195970,-1.103982,-0.001289,1,1.531208,1.989877,1.699877,1.589223,1.589223,1.352401,0.000049,1.333264,1.333264,0.019084,1.333268,1.941541,1.853541,inf,nan,0.000000,1.853541,1.853541,1.853541,0.551953,0.109079,1.853541,0.551953,0.109079,-0.000000,0.000000,0.199558,1,4
1780630732.525755,nominal,0.004685,45.026395,0.015282,0.086088,1.040904,0.000000,45.000000,0.000000,45.000000,-0.124327,-0.700384,0.037293,1,1.728802,2.004227,1.729449,1.614313,1.614313,1.359023,0.000014,1.343928,1.343928,0.015079,1.343930,1.939228,1.851228,inf,nan,0.000000,1.851228,1.851228,1.851228,0.551980,0.109405,1.851228,0.551980,0.109405,-0.000000,0.000000,0.087434,1,4
1780630732.607865,nominal,0.005592,45.031502,0.002849,0.016050,0.688310,0.000000,45.000000,0.000000,45.000000,-0.071818,-0.404580,0.085096,1,1.444543,2.009414,1.755989,1.650681,1.650681,1.376259,0.000007,1.363680,1.363680,0.012571,1.363681,1.937760,1.849760,inf,nan,0.000000,1.849760,1.849760,1.849760,0.552288,0.109584,1.849760,0.552288,0.109584,-0.000000,0.000000,0.016301,1,4
1780630732.720780,nominal,0.005518,45.031084,-0.004333,-0.024408,0.337558,0.000000,45.000000,0.000000,45.000000,-0.035323,-0.198990,0.134698,1,1.739868,2.008989,1.805334,1.698103,1.698103,1.401867,0.000007,1.388990,1.388990,0.012869,1.388990,1.936911,1.848911,inf,nan,0.000000,1.848911,1.848911,1.848911,0.552721,0.109761,1.848911,0.552721,0.109761,-0.000000,0.000000,0.024790,1,4
1780630732.810300,nominal,0.004908,45.027648,-0.007865,-0.044307,-0.012510,0.000000,45.000000,0.000000,45.000000,-0.011463,-0.064574,0.184360,1,1.355995,2.005500,1.860182,1.746818,1.746818,1.428339,0.000008,1.414752,1.414752,0.013580,1.414752,1.936493,1.848493,inf,nan,0.000000,1.848493,1.848493,1.848493,0.553177,0.109983,1.848493,0.553177,0.109983,-0.000000,0.000000,0.045000,1,4
1780630732.908493,nominal,0.004064,45.022895,-0.009011,-0.050765,-0.362502,0.000000,45.000000,0.000000,45.000000,0.002938,0.016553,0.233715,1,1.935626,2.000672,1.852130,1.738902,1.738902,1.422721,0.000007,1.408903,1.408903,0.013811,1.408904,1.936357,1.848357,inf,nan,0.000000,1.848357,1.848357,1.848357,0.553600,0.110207,1.848357,0.553600,0.110207,-0.000000,0.000000,0.051558,1,4
1780630733.007796,nominal,0.003178,45.017901,-0.008718,-0.049109,-0.712500,0.000000,45.000000,0.000000,45.000000,0.010614,0.059794,0.282686,1,1.309975,1.995600,1.787619,1.680921,1.680921,1.394849,0.000005,1.381091,1.381091,0.013752,1.381092,1.936391,1.848391,inf,nan,0.000000,1.848391,1.848391,1.848391,0.553961,0.110410,1.848391,0.553961,0.110410,-0.000000,0.000000,0.049877,1,4
1780630733.122619,nominal,0.002359,45.013289,-0.007656,-0.043130,-1.062481,0.000000,45.000000,0.000000,45.000000,0.013773,0.077587,0.331273,1,1.519277,1.990916,1.735038,1.629443,1.629443,1.371050,0.000003,1.357507,1.357507,0.013538,1.357509,1.936516,1.848516,inf,nan,0.000000,1.848516,1.848516,1.848516,0.554245,0.110579,1.848516,0.554245,0.110579,-0.000000,0.000000,0.043804,1,4
1780630733.209840,nominal,0.001662,45.009364,-0.006279,-0.035371,-1.412461,0.000000,45.000000,0.000000,45.000000,0.014103,0.079447,0.379816,1,1.350214,1.986929,1.711884,1.595755,1.595755,1.356422,0.000002,1.343155,1.343155,0.013261,1.343160,1.936678,1.848678,inf,nan,0.000000,1.848678,1.848678,1.848678,0.554257,0.110713,1.848678,0.554257,0.110713,-0.000000,0.000000,0.035924,1,4
1780630733.324026,nominal,0.001105,45.006224,-0.004869,-0.027427,-1.596161,0.000000,45.000000,0.000000,45.000000,0.012832,0.072288,0.635310,1,3.055966,0.620131,1.696905,1.585004,1.585004,1.352977,0.000001,1.339994,1.339994,0.012977,1.339999,1.936845,1.848845,inf,nan,0.000000,1.848845,1.848845,1.848845,0.554256,0.110813,1.848845,0.554256,0.110813,-0.000000,0.000000,0.027855,1,4
1780630733.406317,nominal,0.000682,45.003843,-0.003585,-0.020198,-1.678832,0.000000,45.000000,0.000000,45.000000,0.010805,0.060870,0.792299,1,6.419346,0.521346,0.247038,0.136435,0.136435,0.639993,0.000001,0.136435,0.136435,0.012719,0.627273,0.477364,0.389364,inf,nan,0.000000,0.389364,0.389364,0.389364,0.116424,0.023315,0.389364,0.116424,0.023315,-0.000000,0.000000,0.020513,10,4
1780630733.522177,nominal,0.000378,45.002128,-0.002505,-0.014111,-1.716036,0.000000,45.000000,0.000000,45.000000,0.008568,0.048270,0.724995,1,8.460862,0.519767,0.246731,0.137916,0.137916,0.642162,0.000000,0.137916,0.137916,0.012502,0.629660,0.477359,0.389359,inf,nan,0.000000,0.389359,0.389359,0.389359,0.116453,0.023358,0.389359,0.116453,0.023358,-0.000000,0.000000,0.014331,10,4
1780630733.608330,nominal,0.000170,45.000958,-0.001648,-0.009284,-1.732779,0.000000,45.000000,0.000000,45.000000,0.006446,0.036313,0.566648,1,8.623789,0.520156,0.248376,0.140651,0.140651,0.644492,0.000000,0.140651,0.140651,0.012330,0.632162,0.478818,0.390818,inf,nan,0.000000,0.390818,0.390818,0.390818,0.116963,0.023474,0.390818,0.116963,0.023474,-0.000000,0.000000,0.009429,10,4
1780630733.720549,nominal,0.000037,45.000211,-0.001003,-0.005652,-1.740314,0.000000,45.000000,0.000000,45.000000,0.004606,0.025945,0.457566,1,5.865744,0.519472,0.248112,0.140697,0.140697,0.644987,0.000000,0.140697,0.140697,0.012201,0.632786,0.478809,0.390809,inf,nan,0.000000,0.390809,0.390809,0.390809,0.117043,0.023489,0.390809,0.117043,0.023489,-0.000000,0.000000,0.005741,10,4
1780630733.805769,nominal,-0.000040,44.999776,-0.000543,-0.003058,-1.743705,0.000000,45.000000,0.000000,45.000000,0.003111,0.017527,0.425416,1,5.024952,0.519074,0.247914,0.140639,0.140639,0.645202,0.000000,0.140639,0.140639,0.012109,0.633093,0.478806,0.390806,inf,nan,0.000000,0.390806,0.390806,0.390806,0.117122,0.023496,0.390806,0.117122,0.023496,-0.000000,0.000000,0.003106,10,4
1780630733.921490,nominal,-0.000079,44.999557,-0.000232,-0.001305,-1.393703,0.000000,45.000000,0.000000,45.000000,0.001963,0.011056,0.375383,1,5.660964,0.518874,0.230751,0.120613,0.120613,0.629751,0.000000,0.120613,0.120613,0.012046,0.617705,0.478805,0.390805,inf,nan,0.000000,0.390805,0.390805,0.390805,0.117193,0.023496,0.390805,0.117193,0.023496,-0.000000,0.000000,0.001326,10,4
1780630734.005393,nominal,-0.000092,44.999482,-0.000035,-0.000200,-1.043703,0.000000,45.000000,0.000000,45.000000,0.001124,0.006331,0.322306,1,4.779545,0.518805,0.241963,0.123140,0.123140,0.623614,0.000000,0.123140,0.123140,0.012007,0.611607,0.478805,0.390805,inf,nan,0.000000,0.390805,0.390805,0.390805,0.117252,0.023491,0.390805,0.117252,0.023491,-0.000000,0.000000,0.000203,10,4
1780630734.121560,nominal,-0.000090,44.999494,0.000077,0.000433,-0.693703,0.000000,45.000000,0.000000,45.000000,0.000543,0.003061,0.268841,1,6.266440,0.518816,0.260793,0.138081,0.138081,0.625315,0.000000,0.138081,0.138081,0.012015,0.613300,0.478816,0.390816,inf,nan,0.000000,0.390816,0.390816,0.390816,0.117298,0.023487,0.390816,0.117298,0.023487,-0.000000,0.000000,0.000440,10,4
1780630734.195365,nominal,-0.000079,44.999553,0.000131,0.000740,-0.343703,0.000000,45.000000,0.000000,45.000000,0.000166,0.000933,0.215630,1,1.243023,0.518870,0.268238,0.151948,0.151948,0.627882,0.000000,0.151948,0.151948,0.012026,0.615856,0.478870,0.390870,inf,nan,0.000000,0.390870,0.390870,0.390870,0.117333,0.023484,0.390870,0.117333,0.023484,-0.000000,0.000000,0.000751,10,4
1780630734.312149,nominal,-0.000065,44.999631,0.000148,0.000833,0.006297,0.000000,45.000000,0.000000,45.000000,-0.000061,-0.000341,0.162829,1,3.365390,0.519715,0.299978,0.188368,0.188368,0.640515,0.000000,0.188368,0.188368,0.012030,0.628486,0.479715,0.391715,inf,nan,0.000000,0.391715,0.391715,0.391715,0.117588,0.023527,0.391715,0.117588,0.023527,-0.000000,0.000000,0.000846,10,4
1780630734.406092,nominal,-0.000051,44.999713,0.000142,0.000799,0.356297,0.000000,45.000000,0.000000,45.000000,-0.000180,-0.001012,0.110470,1,4.348306,0.519788,0.337120,0.228085,0.228085,0.657394,0.000000,0.228085,0.228085,0.012028,0.645366,0.479788,0.391788,inf,nan,0.000000,0.391788,0.391788,0.391788,0.117604,0.023525,0.391788,0.117604,0.023525,-0.000000,0.000000,0.000811,10,4
1780630734.517305,nominal,-0.000038,44.999788,0.000124,0.000697,0.706297,0.000000,45.000000,0.000000,45.000000,-0.000227,-0.001280,0.058558,1,5.699454,0.519856,0.352683,0.235456,0.235456,0.677438,0.000000,0.235456,0.235456,0.012025,0.665413,0.479856,0.391856,inf,nan,0.000000,0.391856,0.391856,0.391856,0.117614,0.023524,0.391856,0.117614,0.023524,-0.000000,0.000000,0.000708,10,4
1780630734.606447,nominal,-0.000026,44.999851,0.000101,0.000569,1.056297,0.000000,45.000000,0.000000,45.000000,-0.000230,-0.001296,0.007092,1,4.761722,0.519913,0.290578,0.186196,0.186196,0.667188,0.000000,0.186196,0.186196,0.012020,0.655168,0.479913,0.391913,inf,nan,0.000000,0.391913,0.391913,0.391913,0.117619,0.023523,0.391913,0.117619,0.023523,-0.000000,0.000000,0.000578,10,4
1780630734.716520,nominal,-0.000018,44.999901,0.000078,0.000440,1.242647,0.000000,45.000000,0.000000,45.000000,-0.000208,-0.001172,-0.026113,1,1.685638,0.519959,0.264254,0.160852,0.160852,0.655659,0.000000,0.160852,0.160852,0.012016,0.643644,0.479959,0.391959,inf,nan,0.000000,0.391959,0.391959,0.391959,0.117617,0.023523,0.391959,0.117617,0.023523,-0.000000,0.000000,0.000447,10,4
1780630734.806001,nominal,-0.000011,44.999939,0.000057,0.000323,1.326504,0.000000,45.000000,0.000000,45.000000,-0.000174,-0.000982,-0.043379,1,4.742717,0.519993,0.255741,0.151177,0.151177,0.651000,0.000000,0.151177,0.151177,0.012011,0.638988,0.479993,0.391993,inf,nan,0.000000,0.391993,0.391993,0.391993,0.117616,0.023523,0.391993,0.117616,0.023523,-0.000000,0.000000,0.000328,10,4
1780630734.922345,nominal,-0.000006,44.999967,0.000040,0.000225,1.364239,0.000000,45.000000,0.000000,45.000000,-0.000138,-0.000775,-0.051527,1,6.165632,0.520018,0.252677,0.147245,0.147245,0.649072,0.000000,0.147245,0.147245,0.012008,0.637064,0.480018,0.392018,inf,nan,0.000000,0.392018,0.392018,0.392018,0.117615,0.023522,0.392018,0.117615,0.023522,-0.000000,0.000000,0.000228,10,4
1780630734.995115,nominal,-0.000003,44.999985,0.000026,0.000147,1.381221,0.000000,45.000000,0.000000,45.000000,-0.000103,-0.000581,-0.055083,1,1.240797,0.520035,0.251464,0.145568,0.145568,0.648243,0.000000,0.145568,0.145568,0.012005,0.636237,0.480035,0.392035,inf,nan,0.000000,0.392035,0.392035,0.392035,0.117614,0.023522,0.392035,0.117614,0.023522,-0.000000,0.000000,0.000149,10,4
1780630735.118188,nominal,-0.000000,44.999997,0.000016,0.000089,1.388862,0.000000,45.000000,0.000000,45.000000,-0.000073,-0.000414,-0.056451,1,6.009539,0.520046,0.250954,0.144833,0.144833,0.647877,0.000000,0.144833,0.144833,0.012003,0.635874,0.480046,0.392046,inf,nan,0.000000,0.392046,0.392046,0.392046,0.117614,0.023522,0.392046,0.117614,0.023522,-0.000000,0.000000,0.000090,10,4
1780630735.206280,nominal,0.000001,45.000004,0.000008,0.000048,1.392300,0.000000,45.000000,0.000000,45.000000,-0.000049,-0.000278,-0.056805,1,4.625304,0.520052,0.250732,0.144508,0.144508,0.647715,0.000000,0.144508,0.144508,0.012002,0.635713,0.480049,0.392049,inf,nan,0.000000,0.392049,0.392049,0.392049,0.117614,0.023522,0.392049,0.117614,0.023522,-0.000000,0.000000,0.000048,10,4
1780630735.323874,nominal,0.000001,45.000007,0.000004,0.000020,1.042300,0.000000,45.000000,0.000000,45.000000,-0.000031,-0.000174,-0.018417,1,6.451407,0.520055,0.293032,0.188377,0.188377,0.668061,0.000000,0.188377,0.188377,0.012001,0.656060,0.480049,0.392049,inf,nan,0.000000,0.392049,0.392049,0.392049,0.117614,0.023523,0.392049,0.117614,0.023523,-0.000000,0.000000,0.000020,10,4
1780630735.405570,nominal,0.000002,45.000009,0.000000,0.000002,0.692300,0.000000,45.000000,0.000000,45.000000,-0.000018,-0.000099,0.029411,1,4.393797,0.517974,0.352465,0.233252,0.233252,0.673582,0.000000,0.233252,0.233252,0.012000,0.661582,0.477966,0.389966,inf,nan,0.000000,0.389966,0.389966,0.389966,0.116989,0.023398,0.389966,0.116989,0.023398,-0.000000,0.000000,0.000002,10,4
1780630735.518486,nominal,0.000001,45.000008,-0.000001,-0.000008,0.342300,0.000000,45.000000,0.000000,45.000000,-0.000008,-0.000047,0.079294,1,5.883523,0.517974,0.325443,0.218054,0.218054,0.651779,0.000000,0.218054,0.218054,0.012000,0.639779,0.477966,0.389966,inf,nan,0.000000,0.389966,0.389966,0.389966,0.116989,0.023398,0.389966,0.116989,0.023398,-0.000000,0.000000,0.000008,10,4
1780630735.606260,nominal,0.000001,45.000007,-0.000002,-0.000012,-0.007700,0.000000,45.000000,0.000000,45.000000,-0.000002,-0.000013,0.129371,1,4.619708,0.517973,0.289580,0.178213,0.178213,0.635477,0.000000,0.178213,0.178213,0.012000,0.623476,0.477966,0.389966,inf,nan,0.000000,0.389966,0.389966,0.389966,0.116989,0.023398,0.389966,0.116989,0.023398,-0.000000,0.000000,0.000013,10,4
1780630735.724253,nominal,0.000001,45.000006,-0.000002,-0.000014,-0.357700,0.000000,45.000000,0.000000,45.000000,0.000001,0.000007,0.179178,1,6.177676,0.517972,0.272985,0.154179,0.154179,0.628949,0.000000,0.154179,0.154179,0.012000,0.616948,0.477966,0.389966,inf,nan,0.000000,0.389966,0.389966,0.389966,0.116990,0.023398,0.389966,0.116990,0.023398,-0.000000,0.000000,0.000014,10,4
1780630735.801258,nominal,0.000001,45.000005,-0.000002,-0.000013,-0.707700,0.000000,45.000000,0.000000,45.000000,0.000003,0.000017,0.228601,1,3.432525,0.517970,0.255956,0.136991,0.136991,0.625751,0.000000,0.136991,0.136991,0.012000,0.613750,0.477966,0.389966,inf,nan,0.000000,0.389966,0.389966,0.389966,0.116990,0.023398,0.389966,0.116990,0.023398,-0.000000,0.000000,0.000013,10,4
1780630735.925131,nominal,0.000001,45.000003,-0.000002,-0.000011,-1.057700,0.000000,45.000000,0.000000,45.000000,0.000004,0.000021,0.277618,1,6.726893,0.517969,0.237473,0.121266,0.121266,0.624813,0.000000,0.121266,0.121266,0.012000,0.612813,0.477966,0.389966,inf,nan,0.000000,0.389966,0.389966,0.389966,0.116990,0.023398,0.389966,0.116990,0.023398,-0.000000,0.000000,0.000011,10,4
1780630736.008801,nominal,0.000000,45.000002,-0.000002,-0.000009,-1.407700,0.000000,45.000000,0.000000,45.000000,0.000004,0.000021,0.326236,1,6.093543,0.517968,0.231692,0.120774,0.120774,0.632112,0.000000,0.120774,0.120774,0.012000,0.620112,0.477966,0.389966,inf,nan,0.000000,0.389966,0.389966,0.389966,0.116990,0.023398,0.389966,0.116990,0.023398,-0.000000,0.000000,0.000009,10,4
1780630736.113920,nominal,0.000000,45.000002,-0.000001,-0.000007,-1.594028,0.000000,45.000000,0.000000,45.000000,0.000003,0.000019,0.356622,1,4.645520,0.517968,0.242855,0.129803,0.129803,0.639401,0.000000,0.129803,0.129803,0.012000,0.627401,0.477966,0.389966,inf,nan,0.000000,0.389966,0.389966,0.389966,0.116990,0.023398,0.389966,0.116990,0.023398,-0.000000,0.000000,0.000007,10,4
1780630736.205690,nominal,0.000000,45.000001,-0.000001,-0.000005,-1.677876,0.000000,45.000000,0.000000,45.000000,0.000003,0.000016,0.371081,1,4.288837,0.517967,0.244891,0.136043,0.136043,0.643644,0.000000,0.136043,0.136043,0.012000,0.631644,0.477966,0.389966,inf,nan,0.000000,0.389966,0.389966,0.389966,0.116990,0.023398,0.389966,0.116990,0.023398,-0.000000,0.000000,0.000005,10,4
1780630736.308643,nominal,0.000000,45.000001,-0.000001,-0.000004,-1.715607,0.000000,45.000000,0.000000,45.000000,0.000002,0.000012,0.376430,1,3.114665,0.517967,0.246655,0.139292,0.139292,0.645718,0.000000,0.139292,0.139292,0.012000,0.633718,0.477966,0.389966,inf,nan,0.000000,0.389966,0.389966,0.389966,0.116990,0.023398,0.389966,0.116990,0.023398,-0.000000,0.000000,0.000004,10,4
1780630736.405570,nominal,0.000000,45.000000,-0.000000,-0.000002,-1.732586,0.000000,45.000000,0.000000,45.000000,0.000002,0.000009,0.377200,1,4.563727,0.519388,0.248598,0.141311,0.141311,0.646382,0.000000,0.141311,0.141311,0.012000,0.634382,0.479387,0.391387,inf,nan,0.000000,0.391387,0.391387,0.391387,0.117416,0.023483,0.391387,0.117416,0.023483,-0.000000,0.000000,0.000002,10,4
1780630736.509606,nominal,0.000000,45.000000,-0.000000,-0.000001,-1.740227,0.000000,45.000000,0.000000,45.000000,0.000001,0.000007,0.375801,1,5.169086,0.519387,0.249044,0.142020,0.142020,0.646821,0.000000,0.142020,0.142020,0.012000,0.634821,0.479387,0.391387,inf,nan,0.000000,0.391387,0.391387,0.391387,0.117416,0.023483,0.391387,0.117416,0.023483,-0.000000,0.000000,0.000001,10,4
1780630736.603123,nominal,-0.000000,45.000000,-0.000000,-0.000001,-1.743666,0.000000,45.000000,0.000000,45.000000,0.000001,0.000004,0.373410,1,3.424398,0.519387,0.249251,0.142343,0.142343,0.647020,0.000000,0.142343,0.142343,0.012000,0.635020,0.479387,0.391387,inf,nan,0.000000,0.391387,0.391387,0.391387,0.117416,0.023483,0.391387,0.117416,0.023483,-0.000000,0.000000,0.000001,10,4
1780630736.716990,nominal,-0.000000,45.000000,-0.000000,-0.000000,-1.393666,0.000000,45.000000,0.000000,45.000000,0.000000,0.000003,0.332251,1,2.028564,0.519387,0.232017,0.120819,0.120819,0.631205,0.000000,0.120819,0.120819,0.012000,0.619204,0.479387,0.391387,inf,nan,0.000000,0.391387,0.391387,0.391387,0.117416,0.023483,0.391387,0.117416,0.023483,-0.000000,0.000000,0.000000,10,4
1780630736.794390,nominal,-0.000000,45.000000,-0.000000,-0.000000,-1.043666,0.000000,45.000000,0.000000,45.000000,0.000000,0.000002,0.281699,1,1.248229,0.519387,0.240822,0.119489,0.119489,0.623889,0.000000,0.119489,0.119489,0.012000,0.611889,0.479387,0.391387,inf,nan,0.000000,0.391387,0.391387,0.391387,0.117416,0.023483,0.391387,0.117416,0.023483,-0.000000,0.000000,0.000000,10,4
1780630736.921866,nominal,-0.000000,45.000000,0.000000,0.000000,-0.693666,0.000000,45.000000,0.000000,45.000000,0.000000,0.000001,0.229133,1,5.732274,0.519387,0.253634,0.123908,0.123908,0.622171,0.000000,0.123908,0.123908,0.012000,0.610171,0.479387,0.391387,inf,nan,0.000000,0.391387,0.391387,0.391387,0.117416,0.023483,0.391387,0.117416,0.023483,-0.000000,0.000000,0.000000,10,4
1780630737.007339,nominal,-0.000000,45.000000,0.000000,0.000000,-0.343666,0.000000,45.000000,0.000000,45.000000,0.000000,0.000000,0.176406,1,5.625807,0.519387,0.239188,0.127105,0.127105,0.620000,0.000000,0.127105,0.127105,0.012000,0.608000,0.479387,0.391387,inf,nan,0.000000,0.391387,0.391387,0.391387,0.117416,0.023483,0.391387,0.117416,0.023483,-0.000000,0.000000,0.000000,10,4
1780630737.122693,nominal,-0.000000,45.000000,0.000000,0.000000,0.006334,0.000000,45.000000,0.000000,45.000000,-0.000000,-0.000000,0.123979,1,5.451697,0.519387,0.255263,0.145013,0.145013,0.621680,0.000000,0.145013,0.145013,0.012000,0.609680,0.479387,0.391387,inf,nan,0.000000,0.391387,0.391387,0.391387,0.117416,0.023483,0.391387,0.117416,0.023483,-0.000000,0.000000,0.000000,10,4
1780630737.203624,nominal,-0.000000,45.000000,0.000000,0.000000,0.356334,0.000000,45.000000,0.000000,45.000000,-0.000000,-0.000000,0.071963,1,3.549502,0.519387,0.288263,0.183782,0.183782,0.635756,0.000000,0.183782,0.183782,0.012000,0.623756,0.479387,0.391387,inf,nan,0.000000,0.391387,0.391387,0.391387,0.117416,0.023483,0.391387,0.117416,0.023483,-0.000000,0.000000,0.000000,10,4
1780630737.316929,nominal,-0.000000,45.000000,0.000000,0.000000,0.706334,0.000000,45.000000,0.000000,45.000000,-0.000000,-0.000000,0.020385,1,5.788943,0.519387,0.351352,0.218048,0.218048,0.659238,0.000000,0.218048,0.218048,0.012000,0.647238,0.479387,0.391387,inf,nan,0.000000,0.391387,0.391387,0.391387,0.117416,0.023483,0.391387,0.117416,0.023483,-0.000000,0.000000,0.000000,10,4
1780630737.403823,nominal,-0.000000,45.000000,0.000000,0.000000,1.056334,0.000000,45.000000,0.000000,45.000000,-0.000000,-0.000000,-0.030754,1,3.565679,0.520284,0.291334,0.185948,0.185948,0.664185,0.000000,0.185948,0.185948,0.012000,0.652185,0.480284,0.392284,inf,nan,0.000000,0.392284,0.392284,0.392284,0.117685,0.023537,0.392284,0.117685,0.023537,-0.000000,0.000000,0.000000,10,4
1780630737.523376,nominal,-0.000000,45.000000,0.000000,0.000000,1.242663,0.000000,45.000000,0.000000,45.000000,-0.000000,-0.000000,-0.063632,1,5.513866,0.520284,0.264859,0.161139,0.161139,0.655501,0.000000,0.161139,0.161139,0.012000,0.643501,0.480284,0.392284,inf,nan,0.000000,0.392284,0.392284,0.392284,0.117685,0.023537,0.392284,0.117685,0.023537,-0.000000,0.000000,0.000000,10,4
1780630737.603308,nominal,-0.000000,45.000000,0.000000,0.000000,1.326511,0.000000,45.000000,0.000000,45.000000,-0.000000,-0.000000,-0.080575,1,3.501550,0.520284,0.256251,0.151437,0.151437,0.651231,0.000000,0.151437,0.151437,0.012000,0.639231,0.480284,0.392284,inf,nan,0.000000,0.392284,0.392284,0.392284,0.117685,0.023537,0.392284,0.117685,0.023537,-0.000000,0.000000,0.000000,10,4
1780630737.722602,nominal,-0.000000,45.000000,0.000000,0.000000,1.364243,0.000000,45.000000,0.000000,45.000000,-0.000000,-0.000000,-0.088403,1,5.586503,0.520284,0.253133,0.147442,0.147442,0.649402,0.000000,0.147442,0.147442,0.012000,0.637402,0.480284,0.392284,inf,nan,0.000000,0.392284,0.392284,0.392284,0.117685,0.023537,0.392284,0.117685,0.023537,-0.000000,0.000000,0.000000,10,4
1780630737.805631,nominal,-0.000000,45.000000,0.000000,0.000000,1.381222,0.000000,45.000000,0.000000,45.000000,-0.000000,-0.000000,-0.091642,1,4.249454,0.520284,0.251889,0.145730,0.145730,0.648607,0.000000,0.145730,0.145730,0.012000,0.636607,0.480284,0.392284,inf,nan,0.000000,0.392284,0.392284,0.392284,0.117685,0.023537,0.392284,0.117685,0.023537,-0.000000,0.000000,0.000000,10,4
1780630737.922050,nominal,-0.000000,45.000000,0.000000,0.000000,1.388863,0.000000,45.000000,0.000000,45.000000,-0.000000,-0.000000,-0.092697,1,5.053787,0.520284,0.251362,0.144977,0.144977,0.648255,0.000000,0.144977,0.144977,0.012000,0.636255,0.480284,0.392284,inf,nan,0.000000,0.392284,0.392284,0.392284,0.117685,0.023537,0.392284,0.117685,0.023537,-0.000000,0.000000,0.000000,10,4
1780630738.005558,nominal,0.000000,45.000000,0.000000,0.000000,1.392302,0.000000,45.000000,0.000000,45.000000,-0.000000,-0.000000,-0.092741,1,4.262358,0.520284,0.251132,0.144641,0.144641,0.648098,0.000000,0.144641,0.144641,0.012000,0.636098,0.480284,0.392284,inf,nan,0.000000,0.392284,0.392284,0.392284,0.117685,0.023537,0.392284,0.117685,0.023537,-0.000000,0.000000,0.000000,10,4
1780630738.122864,nominal,0.000000,45.000000,0.000000,0.000000,1.042302,0.000000,45.000000,0.000000,45.000000,-0.000000,-0.000000,-0.054045,1,5.386456,0.520284,0.293685,0.187924,0.187924,0.664646,0.000000,0.187924,0.187924,0.012000,0.652646,0.480284,0.392284,inf,nan,0.000000,0.392284,0.392284,0.392284,0.117685,0.023537,0.392284,0.117685,0.023537,-0.000000,0.000000,0.000000,10,4
1780630738.205551,nominal,0.000000,45.000000,0.000000,0.000000,0.692302,0.000000,45.000000,0.000000,45.000000,-0.000000,-0.000000,-0.005911,1,4.315447,0.520284,0.343921,0.215625,0.215625,0.656237,0.000000,0.215625,0.215625,0.012000,0.644237,0.480284,0.392284,inf,nan,0.000000,0.392284,0.392284,0.392284,0.117685,0.023537,0.392284,0.117685,0.023537,-0.000000,0.000000,0.000000,10,4
1780630738.310740,nominal,0.000000,45.000000,-0.000000,-0.000000,0.342302,0.000000,45.000000,0.000000,45.000000,-0.000000,-0.000000,0.044274,1,2.531471,0.520284,0.280885,0.176841,0.176841,0.632936,0.000000,0.176841,0.176841,0.012000,0.620936,0.480284,0.392284,inf,nan,0.000000,0.392284,0.392284,0.392284,0.117685,0.023537,0.392284,0.117685,0.023537,-0.000000,0.000000,0.000000,10,4
1780630738.405312,nominal,0.000000,45.000000,-0.000000,-0.000000,-0.007698,0.000000,45.000000,0.000000,45.000000,-0.000000,-0.000000,0.094650,1,4.335627,0.516595,0.298260,0.185295,0.185295,0.639579,0.000000,0.185295,0.185295,0.012000,0.627579,0.476595,0.388595,inf,nan,0.000000,0.388595,0.388595,0.388595,0.116578,0.023316,0.388595,0.116578,0.023316,-0.000000,0.000000,0.000000,10,4
1780630738.524085,nominal,0.000000,45.000000,-0.000000,-0.000000,-0.357698,0.000000,45.000000,0.000000,45.000000,0.000000,0.000000,0.144752,1,6.349342,0.516595,0.281727,0.159212,0.159212,0.631959,0.000000,0.159212,0.159212,0.012000,0.619959,0.476595,0.388595,inf,nan,0.000000,0.388595,0.388595,0.388595,0.116578,0.023316,0.388595,0.116578,0.023316,-0.000000,0.000000,0.000000,10,4
1780630738.594007,nominal,0.000000,45.000000,-0.000000,-0.000000,-0.707698,0.000000,45.000000,0.000000,45.000000,0.000000,0.000000,0.194468,1,1.363774,0.516595,0.252919,0.137604,0.137604,0.627108,0.000000,0.137604,0.137604,0.012000,0.615108,0.476595,0.388595,inf,nan,0.000000,0.388595,0.388595,0.388595,0.116578,0.023316,0.388595,0.116578,0.023316,-0.000000,0.000000,0.000000,10,4
1780630738.723568,nominal,0.000000,45.000000,-0.000000,-0.000000,-1.057698,0.000000,45.000000,0.000000,45.000000,0.000000,0.000000,0.243771,1,5.968878,0.516595,0.234614,0.119996,0.119996,0.625785,0.000000,0.119996,0.119996,0.012000,0.613785,0.476595,0.388595,inf,nan,0.000000,0.388595,0.388595,0.388595,0.116578,0.023316,0.388595,0.116578,0.023316,-0.000000,0.000000,0.000000,10,4
1780630738.806526,nominal,0.000000,45.000000,-0.000000,-0.000000,-1.407698,0.000000,45.000000,0.000000,45.000000,0.000000,0.000000,0.292663,1,4.968273,0.516595,0.231378,0.120114,0.120114,0.632243,0.000000,0.120114,0.120114,0.012000,0.620243,0.476595,0.388595,inf,nan,0.000000,0.388595,0.388595,0.388595,0.116578,0.023316,0.388595,0.116578,0.023316,-0.000000,0.000000,0.000000,10,4
1780630738.916101,nominal,0.000000,45.000000,-0.000000,-0.000000,-1.594027,0.000000,45.000000,0.000000,45.000000,0.000000,0.000000,0.323315,1,6.279988,0.516595,0.241698,0.129733,0.129733,0.639447,0.000000,0.129733,0.129733,0.012000,0.627447,0.476595,0.388595,inf,nan,0.000000,0.388595,0.388595,0.388595,0.116578,0.023316,0.388595,0.116578,0.023316,-0.000000,0.000000,0.000000,10,4
1780630739.010445,nominal,0.000000,45.000000,-0.000000,-0.000000,-1.677876,0.000000,45.000000,0.000000,45.000000,0.000000,0.000000,0.338043,1,6.753715,0.516595,0.244297,0.136253,0.136253,0.643650,0.000000,0.136253,0.136253,0.012000,0.631650,0.476595,0.388595,inf,nan,0.000000,0.388595,0.388595,0.388595,0.116578,0.023316,0.388595,0.116578,0.023316,-0.000000,0.000000,0.000000,10,4
1780630739.124573,nominal,0.000000,45.000000,-0.000000,-0.000000,-1.715609,0.000000,45.000000,0.000000,45.000000,0.000000,0.000000,0.343670,1,6.379269,0.516595,0.246310,0.139630,0.139630,0.645241,0.000000,0.139630,0.139630,0.012000,0.633241,0.476595,0.388595,inf,nan,0.000000,0.388595,0.388595,0.388595,0.116578,0.023316,0.388595,0.116578,0.023316,-0.000000,0.000000,0.000000,10,4
1780630739.205472,nominal,0.000000,45.000000,-0.000000,-0.000000,-1.732591,0.000000,45.000000,0.000000,45.000000,0.000000,0.000000,0.344722,1,4.198260,0.516595,0.247383,0.141239,0.141239,0.645999,0.000000,0.141239,0.141239,0.012000,0.633999,0.476595,0.388595,inf,nan,0.000000,0.388595,0.388595,0.388595,0.116578,0.023316,0.388595,0.116578,0.023316,-0.000000,0.000000,0.000000,10,4
1780630739.316714,nominal,0.000000,45.000000,-0.000000,-0.000000,-1.740239,0.000000,45.000000,0.000000,45.000000,0.000000,0.000000,0.343607,1,5.104750,0.516595,0.247900,0.141982,0.141982,0.646348,0.000000,0.141982,0.141982,0.012000,0.634348,0.476595,0.388595,inf,nan,0.000000,0.388595,0.388595,0.388595,0.116578,0.023316,0.388595,0.116578,0.023316,-0.000000,0.000000,0.000000,10,4
1780630739.406487,nominal,-0.000000,45.000000,-0.000000,-0.000000,-1.743847,0.000000,45.000000,0.000000,45.000000,0.000000,0.000000,0.341517,1,4.436024,0.518153,0.248532,0.142141,0.142141,0.647322,0.000000,0.142141,0.142141,0.012000,0.635322,0.478153,0.390153,inf,nan,0.000000,0.390153,0.390153,0.390153,0.117046,0.023409,0.390153,0.117046,0.023409,-0.000000,0.000000,0.000000,10,4
1780630739.523745,nominal,-0.000000,45.000000,-0.000000,-0.000000,-1.393847,0.000000,45.000000,0.000000,45.000000,0.000000,0.000000,0.300667,1,5.788641,0.518153,0.231177,0.120582,0.120582,0.631719,0.000000,0.120582,0.120582,0.012000,0.619719,0.478153,0.390153,inf,nan,0.000000,0.390153,0.390153,0.390153,0.117046,0.023409,0.390153,0.117046,0.023409,-0.000000,0.000000,0.000000,10,4
1780630739.606318,nominal,-0.000000,45.000000,0.000000,0.000000,-1.043847,0.000000,45.000000,0.000000,45.000000,0.000000,0.000000,0.250403,1,4.485341,0.518153,0.238843,0.121933,0.121933,0.624868,0.000000,0.121933,0.121933,0.012000,0.612868,0.478153,0.390153,inf,nan,0.000000,0.390153,0.390153,0.390153,0.117046,0.023409,0.390153,0.117046,0.023409,-0.000000,0.000000,0.000000,10,4
1780630739.717874,nominal,-0.000000,45.000000,0.000000,0.000000,-0.693847,0.000000,45.000000,0.000000,45.000000,0.000000,0.000000,0.198113,1,5.572031,0.518153,0.257449,0.138213,0.138213,0.626091,0.000000,0.138213,0.138213,0.012000,0.614091,0.478153,0.390153,inf,nan,0.000000,0.390153,0.390153,0.390153,0.117046,0.023409,0.390153,0.117046,0.023409,-0.000000,0.000000,0.000000,10,4
1780630739.805482,nominal,-0.000000,45.000000,0.000000,0.000000,-0.343847,0.000000,45.000000,0.000000,45.000000,0.000000,0.000000,0.145655,1,4.380278,0.518153,0.274714,0.155860,0.155860,0.629496,0.000000,0.155860,0.155860,0.012000,0.617496,0.478153,0.390153,inf,nan,0.000000,0.390153,0.390153,0.390153,0.117046,0.023409,0.390153,0.117046,0.023409,-0.000000,0.000000,0.000000,10,4
1780630739.923965,nominal,-0.000000,45.000000,0.000000,0.000000,0.006153,0.000000,45.000000,0.000000,45.000000,-0.000000,-0.000000,0.093493,1,5.486210,0.518153,0.291543,0.180722,0.180722,0.636465,0.000000,0.180722,0.180722,0.012000,0.624465,0.478153,0.390153,inf,nan,0.000000,0.390153,0.390153,0.390153,0.117046,0.023409,0.390153,0.117046,0.023409,-0.000000,0.000000,0.000000,10,4
1780630740.005388,nominal,-0.000000,45.000000,0.000000,0.000000,0.356153,0.000000,45.000000,0.000000,45.000000,-0.000000,-0.000000,0.041740,1,4.555930,0.518153,0.328981,0.220915,0.220915,0.653267,0.000000,0.220915,0.220915,0.012000,0.641267,0.478153,0.390153,inf,nan,0.000000,0.390153,0.390153,0.390153,0.117046,0.023409,0.390153,0.117046,0.023409,-0.000000,0.000000,0.000000,10,4
1780630740.124036,nominal,-0.000000,45.000000,0.000000,0.000000,0.706153,0.000000,45.000000,0.000000,45.000000,-0.000000,-0.000000,-0.009579,1,5.657981,0.518153,0.351080,0.232578,0.232578,0.674548,0.000000,0.232578,0.232578,0.012000,0.662548,0.478153,0.390153,inf,nan,0.000000,0.390153,0.390153,0.390153,0.117046,0.023409,0.390153,0.117046,0.023409,-0.000000,0.000000,0.000000,10,4
1780630740.193938,nominal,-0.000000,45.000000,0.000000,0.000000,1.056153,0.000000,45.000000,0.000000,45.000000,-0.000000,-0.000000,-0.060461,1,1.248003,0.518153,0.288988,0.184527,0.184527,0.666663,0.000000,0.184527,0.184527,0.012000,0.654663,0.478153,0.390153,inf,nan,0.000000,0.390153,0.390153,0.390153,0.117046,0.023409,0.390153,0.117046,0.023409,-0.000000,0.000000,0.000000,10,4
1780630740.312432,nominal,-0.000000,45.000000,0.000000,0.000000,1.242574,0.000000,45.000000,0.000000,45.000000,-0.000000,-0.000000,-0.093095,1,3.135847,0.517408,0.262835,0.159314,0.159314,0.654952,0.000000,0.159314,0.159314,0.012000,0.642952,0.477408,0.389408,inf,nan,0.000000,0.389408,0.389408,0.389408,0.116822,0.023364,0.389408,0.116822,0.023364,-0.000000,0.000000,0.000000,10,4
1780630740.406114,nominal,-0.000000,45.000000,0.000000,0.000000,1.326433,0.000000,45.000000,0.000000,45.000000,-0.000000,-0.000000,-0.109789,1,4.401279,0.517408,0.254022,0.149474,0.149474,0.650635,0.000000,0.149474,0.149474,0.012000,0.638635,0.477408,0.389408,inf,nan,0.000000,0.389408,0.389408,0.389408,0.116822,0.023364,0.389408,0.116822,0.023364,-0.000000,0.000000,0.000000,10,4
1780630740.524935,nominal,-0.000000,45.000000,0.000000,0.000000,1.364115,0.000000,45.000000,0.000000,45.000000,-0.000000,-0.000000,-0.117362,1,6.176198,0.517408,0.250813,0.145440,0.145440,0.648809,0.000000,0.145440,0.145440,0.012000,0.636809,0.477408,0.389408,inf,nan,0.000000,0.389408,0.389408,0.389408,0.116822,0.023364,0.389408,0.116822,0.023364,-0.000000,0.000000,0.000000,10,4
1780630740.603261,nominal,-0.000000,45.000000,0.000000,0.000000,1.381193,0.000000,45.000000,0.000000,45.000000,-0.000000,-0.000000,-0.120363,1,3.494249,0.517408,0.249518,0.143698,0.143698,0.648011,0.000000,0.143698,0.143698,0.012000,0.636011,0.477408,0.389408,inf,nan,0.000000,0.389408,0.389408,0.389408,0.116822,0.023364,0.389408,0.116822,0.023364,-0.000000,0.000000,0.000000,10,4
1780630740.717422,nominal,-0.000000,45.000000,0.000000,0.000000,1.388707,0.000000,45.000000,0.000000,45.000000,-0.000000,-0.000000,-0.121160,1,5.835790,0.517408,0.248980,0.142949,0.142949,0.647667,0.000000,0.142949,0.142949,0.012000,0.635667,0.477408,0.389408,inf,nan,0.000000,0.389408,0.389408,0.389408,0.116822,0.023364,0.389408,0.116822,0.023364,-0.000000,0.000000,0.000000,10,4
1780630740.794596,nominal,0.000000,45.000000,0.000000,0.000000,1.406913,0.000000,45.000000,0.000000,45.000000,-0.000000,-0.000000,-0.122566,1,1.248327,0.517408,0.247760,0.141178,0.141178,0.646849,0.000000,0.141178,0.141178,0.012000,0.634849,0.477408,0.389408,inf,nan,0.000000,0.389408,0.389408,0.389408,0.116822,0.023364,0.389408,0.116822,0.023364,-0.000000,0.000000,0.000000,10,4
1780630740.916268,nominal,0.000000,45.000000,0.000000,0.000000,1.756913,0.000000,45.000000,0.000000,45.000000,-0.000000,-0.000000,-0.160247,1,2.410982,0.517408,0.230411,0.119250,0.119250,0.631634,0.000000,0.119250,0.119250,0.012000,0.619634,0.477408,0.389408,inf,nan,0.000000,0.389408,0.389408,0.389408,0.116822,0.023364,0.389408,0.116822,0.023364,-0.000000,0.000000,0.000000,10,4
1780630740.995436,nominal,0.000000,45.000000,-0.000000,-0.000000,2.106913,0.000000,45.000000,0.000000,45.000000,-0.000000,-0.000000,-0.206757,1,1.269688,0.517408,0.238149,0.118206,0.118206,0.624464,0.000000,0.118206,0.118206,0.012000,0.612464,0.477408,0.389408,inf,nan,0.000000,0.389408,0.389408,0.389408,0.116822,0.023364,0.389408,0.116822,0.023364,-0.000000,0.000000,0.000000,10,4
1780630741.123421,nominal,0.000000,45.000000,-0.000000,-0.000000,2.456913,0.000000,45.000000,0.000000,45.000000,-0.000000,-0.000000,-0.255182,1,5.525722,0.517408,0.256637,0.124676,0.124676,0.623289,0.000000,0.124676,0.124676,0.012000,0.611289,0.477408,0.389408,inf,nan,0.000000,0.389408,0.389408,0.389408,0.116822,0.023364,0.389408,0.116822,0.023364,-0.000000,0.000000,0.000000,10,4
1780630741.203600,nominal,0.000000,45.000000,-0.000000,-0.000000,2.806913,0.000000,45.000000,0.000000,45.000000,-0.000000,-0.000000,-0.303785,1,2.989970,0.517408,0.242114,0.129448,0.129448,0.621330,0.000000,0.129448,0.129448,0.012000,0.609330,0.477408,0.389408,inf,nan,0.000000,0.389408,0.389408,0.389408,0.116822,0.023364,0.389408,0.116822,0.023364,-0.000000,0.000000,0.000000,10,4
1780630741.341761,nominal,0.000000,45.000000,-0.000000,-0.000000,-3.126272,0.000000,45.000000,0.000000,45.000000,2.270054,4.418658,6.000000,0,29.706711,0.517408,0.258122,0.147526,0.147526,0.623845,0.000000,0.147526,0.147526,0.012000,0.611845,0.477408,0.389408,inf,nan,0.000000,0.389408,0.389408,0.389408,0.116822,0.023364,0.389408,0.116822,0.023364,-0.010729,0.000000,0.000000,10,4
1780630741.403311,nominal,0.011350,45.022093,0.227005,0.441866,-2.890367,0.000000,45.000000,0.000000,45.000000,-0.937814,-1.825455,1.844543,1,3.877845,0.505831,0.326466,0.211022,0.211022,0.651845,0.000300,0.211022,0.211022,0.030004,0.621541,0.455563,0.367563,inf,nan,0.000000,0.367563,0.367563,0.367563,0.099882,0.016603,0.367563,0.099882,0.016603,-0.000000,0.000000,0.496766,10,4
1780630741.525186,nominal,0.029362,45.057153,0.133224,0.259320,-2.558517,0.000000,45.000000,0.000000,45.000000,-0.923527,-1.797644,0.757239,1,4.960525,0.531796,0.321224,0.209217,0.209217,0.645963,0.000129,0.209217,0.209217,0.022416,0.623418,0.439190,0.351190,inf,nan,0.000000,0.351190,0.351190,0.351190,0.096621,0.016737,0.351190,0.096621,0.016737,-0.000000,0.000000,0.291540,10,4
1780630741.606521,nominal,0.038066,45.074096,0.040871,0.079556,-2.285744,0.000000,45.000000,0.000000,45.000000,-0.590035,-1.148503,0.450792,1,3.819795,0.540972,0.285124,0.181427,0.181427,0.620479,0.000055,0.181427,0.181427,0.015150,0.605274,0.426421,0.338421,inf,nan,0.000000,0.338421,0.338421,0.338421,0.094589,0.016714,0.338421,0.094589,0.016714,-0.000000,0.000000,0.089440,10,4
1780630741.726623,nominal,0.039203,45.076309,-0.018132,-0.035294,-2.155405,0.000000,45.000000,0.000000,45.000000,-0.313133,-0.609514,0.357081,1,4.716754,0.540383,0.272350,0.166639,0.166639,0.620000,0.000050,0.166639,0.166639,0.013393,0.606558,0.421106,0.333106,inf,nan,0.000000,0.333106,0.333106,0.333106,0.094728,0.016886,0.333106,0.094728,0.016886,-0.000000,0.000000,0.039680,10,4
1780630741.805679,nominal,0.035825,45.069732,-0.049446,-0.096246,-2.095132,0.000000,45.000000,0.000000,45.000000,-0.123186,-0.239782,0.324796,1,3.533708,0.539294,0.268088,0.160830,0.160830,0.620000,0.000054,0.160830,0.160830,0.015816,0.604130,0.425749,0.337749,inf,nan,0.000000,0.337749,0.337749,0.337749,0.097623,0.017800,0.337749,0.097623,0.017800,-0.000000,0.000000,0.108204,10,4
1780630741.923425,nominal,0.030264,45.058909,-0.061764,-0.120224,-2.067784,0.000000,45.000000,0.000000,45.000000,-0.004672,-0.009095,0.311662,1,4.379578,0.532997,0.260989,0.153212,0.153212,0.620000,0.000050,0.153212,0.153212,0.016776,0.603173,0.430271,0.342271,inf,nan,0.000000,0.342271,0.342271,0.342271,0.100190,0.018682,0.342271,0.100190,0.018682,-0.000000,0.000000,0.135161,10,4
1780630742.004085,nominal,0.024064,45.046841,-0.062231,-0.121133,-2.055460,0.000000,45.000000,0.000000,45.000000,0.061549,0.119804,0.305037,1,2.970972,0.524580,0.252058,0.143931,0.143931,0.620000,0.000040,0.143931,0.143931,0.016813,0.603147,0.434079,0.346079,inf,nan,0.000000,0.346079,0.346079,0.346079,0.102248,0.019432,0.346079,0.102248,0.019432,-0.000000,0.000000,0.136184,10,4
1780630742.124633,nominal,0.018149,45.035327,-0.056077,-0.109153,-2.049916,0.000000,45.000000,0.000000,45.000000,0.091903,0.178890,0.300821,1,5.638050,0.514659,0.242132,0.134099,0.134099,0.620000,0.000028,0.134099,0.134099,0.016333,0.603639,0.436207,0.348207,inf,nan,0.000000,0.348207,0.348207,0.348207,0.103561,0.019985,0.348207,0.103561,0.019985,-0.000000,0.000000,0.122715,10,4
1780630742.194612,nominal,0.013001,45.025306,-0.046886,-0.091264,-2.047421,0.000000,45.000000,0.000000,45.000000,0.099249,0.193187,0.297566,1,1.264202,0.508594,0.237926,0.131276,0.131276,0.620000,0.000018,0.131276,0.131276,0.015617,0.604365,0.441236,0.353236,inf,nan,0.000000,0.353236,0.353236,0.353236,0.105183,0.020625,0.353236,0.105183,0.020625,-0.000000,0.000000,0.102603,10,4
1780630742.318788,nominal,0.008808,45.017145,-0.036961,-0.071945,-2.046297,0.000000,45.000000,0.000000,45.000000,0.093088,0.181195,0.294723,1,5.884672,0.502844,0.233176,0.127108,0.127108,0.620000,0.000010,0.127108,0.127108,0.014847,0.605142,0.444228,0.356228,inf,nan,0.000000,0.356228,0.356228,0.356228,0.105965,0.021043,0.356228,0.105965,0.021043,-0.000000,0.000000,0.080884,10,4
1780630742.405626,nominal,0.005578,45.010857,-0.027653,-0.053826,-2.045792,0.000000,45.000000,0.000000,45.000000,0.080078,0.155873,0.292067,1,4.414270,0.510115,0.255098,0.151657,0.151657,0.645222,0.000005,0.151657,0.151657,0.014127,0.631089,0.459226,0.371226,inf,nan,0.000000,0.371226,0.371226,0.371226,0.110459,0.022129,0.371226,0.110459,0.022129,-0.000000,0.000000,0.060514,10,4
1780630742.524120,nominal,0.003213,45.006254,-0.019645,-0.038239,-2.045564,0.000000,45.000000,0.000000,45.000000,0.064616,0.125776,0.289506,1,5.498166,0.522436,0.282941,0.178810,0.178810,0.661248,0.000003,0.178810,0.178810,0.013509,0.647736,0.476357,0.388357,inf,nan,0.000000,0.388357,0.388357,0.388357,0.115702,0.023273,0.388357,0.115702,0.023273,-0.000000,0.000000,0.042990,10,4
1780630742.605614,nominal,0.001571,45.003059,-0.013183,-0.025661,-2.045461,0.000000,45.000000,0.000000,45.000000,0.049389,0.096136,0.286998,1,4.414090,0.524066,0.288952,0.184350,0.184350,0.662982,0.000001,0.184350,0.184350,0.013012,0.649969,0.480672,0.392672,inf,nan,0.000000,0.392672,0.392672,0.392672,0.117150,0.023598,0.392672,0.117150,0.023598,-0.000000,0.000000,0.028849,10,4
1780630742.719783,nominal,0.000500,45.000973,-0.008244,-0.016047,-2.045415,0.000000,45.000000,0.000000,45.000000,0.035862,0.069804,0.284526,1,5.644993,0.522396,0.287735,0.183136,0.183136,0.662980,0.000000,0.183136,0.183136,0.012632,0.650347,0.480648,0.392648,inf,nan,0.000000,0.392648,0.392648,0.392648,0.117315,0.023635,0.392648,0.117315,0.023635,-0.000000,0.000000,0.018041,10,4
1780630742.805737,nominal,-0.000145,44.999718,-0.004658,-0.009067,-2.045394,0.000000,45.000000,0.000000,45.000000,0.024670,0.048020,0.282082,1,4.659858,0.524325,0.288950,0.184364,0.184364,0.663672,0.000000,0.184364,0.184364,0.012357,0.651315,0.483560,0.395560,inf,nan,0.000000,0.395560,0.395560,0.395560,0.118362,0.023831,0.395560,0.118362,0.023831,-0.000000,0.000000,0.010194,10,4
1780630742.919722,nominal,-0.000488,44.999051,-0.002191,-0.004265,-2.395404,0.000000,45.000000,0.000000,45.000000,0.015927,0.031001,0.317796,1,2.992025,0.523790,0.352488,0.220246,0.220246,0.661142,0.000000,0.220246,0.220246,0.012168,0.648974,0.483553,0.395553,inf,nan,0.000000,0.395553,0.395553,0.395553,0.118519,0.023836,0.395553,0.118519,0.023836,-0.000000,0.000000,0.004795,10,4
1780630743.005729,nominal,-0.000627,44.998779,-0.000598,-0.001165,-2.745410,0.000000,45.000000,0.000000,45.000000,0.009441,0.018376,0.362845,1,4.511827,0.523572,0.292725,0.187792,0.187792,0.637254,0.000000,0.187792,0.187792,0.012046,0.625208,0.483552,0.395552,inf,nan,0.000000,0.395552,0.395552,0.395552,0.118652,0.023826,0.395552,0.118652,0.023826,-0.000000,0.000000,0.001310,10,4
1780630743.119510,nominal,-0.000640,44.998755,0.000346,0.000673,-3.095412,0.000000,45.000000,0.000000,45.000000,0.004874,0.009488,0.410068,1,3.151657,0.523552,0.255100,0.146776,0.146776,0.621844,0.000000,0.146776,0.146776,0.012026,0.609818,0.483552,0.395552,inf,nan,0.000000,0.395552,0.395552,0.395552,0.118758,0.023817,0.395552,0.118758,0.023817,-0.000000,0.000000,0.000756,10,4
1780630743.206111,nominal,-0.000581,44.998870,0.000833,0.001622,2.837773,0.000000,45.000000,0.000000,45.000000,0.001842,0.003585,-0.227878,1,4.441093,0.523644,0.238329,0.126613,0.126613,0.620000,0.000000,0.126613,0.126613,0.012064,0.607936,0.483644,0.395644,inf,nan,0.000000,0.395644,0.395644,0.395644,0.118838,0.023810,0.395644,0.118838,0.023810,-0.000000,0.000000,0.001823,10,4
1780630743.320242,nominal,-0.000488,44.999050,0.001017,0.001980,2.487773,0.000000,45.000000,0.000000,45.000000,-0.000028,-0.000055,-0.347107,1,6.460507,0.523789,0.251240,0.123740,0.123740,0.622803,0.000000,0.123740,0.123740,0.012078,0.610725,0.483789,0.395789,inf,nan,0.000000,0.395789,0.395789,0.395789,0.118895,0.023804,0.395789,0.118895,0.023804,-0.000000,0.000000,0.002226,10,4
1780630743.406228,nominal,-0.000387,44.999247,0.001014,0.001975,2.137773,0.000000,45.000000,0.000000,45.000000,-0.001061,-0.002066,-0.336521,1,4.377731,0.519058,0.243349,0.122638,0.122638,0.624831,0.000000,0.122638,0.122638,0.012078,0.612753,0.479058,0.391058,inf,nan,0.000000,0.391058,0.391058,0.391058,0.117467,0.023506,0.391058,0.117467,0.023506,-0.000000,0.000000,0.002220,10,4
1780630743.522184,nominal,-0.000290,44.999435,0.000908,0.001768,1.787773,0.000000,45.000000,0.000000,45.000000,-0.001524,-0.002967,-0.293584,1,4.492158,0.519208,0.230669,0.120391,0.120391,0.631291,0.000000,0.120391,0.120391,0.012070,0.619221,0.479208,0.391208,inf,nan,0.000000,0.391208,0.391208,0.391208,0.117492,0.023503,0.391208,0.117492,0.023503,-0.000000,0.000000,0.001988,10,4
1780630743.606179,nominal,-0.000207,44.999597,0.000756,0.001471,1.437773,0.000000,45.000000,0.000000,45.000000,-0.001624,-0.003160,-0.242846,1,4.261173,0.519338,0.247585,0.139793,0.139793,0.646138,0.000000,0.139793,0.139793,0.012058,0.634080,0.479338,0.391338,inf,nan,0.000000,0.391338,0.391338,0.391338,0.117507,0.023501,0.391338,0.117507,0.023501,-0.000000,0.000000,0.001654,10,4
1780630743.724699,nominal,-0.000140,44.999728,0.000593,0.001155,1.249916,0.000000,45.000000,0.000000,45.000000,-0.001511,-0.002942,-0.208145,1,6.223270,0.519443,0.263287,0.159752,0.159752,0.656569,0.000000,0.159752,0.159752,0.012045,0.644524,0.479443,0.391443,inf,nan,0.000000,0.391443,0.391443,0.391443,0.117506,0.023500,0.391443,0.117506,0.023500,-0.000000,0.000000,0.001299,10,4
1780630743.805817,nominal,-0.000088,44.999829,0.000442,0.000861,1.165381,0.000000,45.000000,0.000000,45.000000,-0.001293,-0.002517,-0.188929,1,4.148392,0.519524,0.274047,0.170728,0.170728,0.661223,0.000000,0.170728,0.170728,0.012034,0.649189,0.479524,0.391524,inf,nan,0.000000,0.391524,0.391524,0.391524,0.117502,0.023499,0.391524,0.117502,0.023499,-0.000000,0.000000,0.000968,10,4
1780630743.916578,nominal,-0.000050,44.999902,0.000313,0.000609,1.127340,0.000000,45.000000,0.000000,45.000000,-0.001039,-0.002023,-0.178771,1,5.995075,0.519583,0.279559,0.175980,0.175980,0.663431,0.000000,0.175980,0.175980,0.012024,0.651407,0.479583,0.391583,inf,nan,0.000000,0.391583,0.391583,0.391583,0.117500,0.023499,0.391583,0.117500,0.023499,-0.000000,0.000000,0.000685,10,4
1780630744.006289,nominal,-0.000024,44.999953,0.000209,0.000407,1.110221,0.000000,45.000000,0.000000,45.000000,-0.000791,-0.001540,-0.173222,1,4.493511,0.519624,0.282173,0.178411,0.178411,0.664422,0.000000,0.178411,0.178411,0.012016,0.652406,0.479624,0.391624,inf,nan,0.000000,0.391624,0.391624,0.391624,0.117498,0.023499,0.391624,0.117498,0.023499,-0.000000,0.000000,0.000458,10,4
1780630744.129313,nominal,-0.000007,44.999986,0.000130,0.000253,1.102518,0.000000,45.000000,0.000000,45.000000,-0.000572,-0.001114,-0.169885,1,5.983415,0.519651,0.283380,0.179521,0.179521,0.664866,0.000000,0.179521,0.179521,0.012010,0.652856,0.479651,0.391651,inf,nan,0.000000,0.391651,0.391651,0.391651,0.117497,0.023499,0.391651,0.117497,0.023499,-0.000000,0.000000,0.000284,10,4
1780630744.206079,nominal,0.000003,45.000006,0.000073,0.000142,1.099051,0.000000,45.000000,0.000000,45.000000,-0.000392,-0.000763,-0.167585,1,4.070435,0.519666,0.283930,0.180025,0.180025,0.665065,0.000000,0.180025,0.180025,0.012006,0.653059,0.479664,0.391664,inf,nan,0.000000,0.391664,0.391664,0.391664,0.117497,0.023499,0.391664,0.117497,0.023499,-0.000000,0.000000,0.000159,10,4
1780630744.322095,nominal,0.000008,45.000016,0.000034,0.000065,1.449051,0.000000,45.000000,0.000000,45.000000,-0.000252,-0.000490,-0.204052,1,6.181943,0.519030,0.246422,0.137836,0.137836,0.644408,0.000000,0.137836,0.137836,0.012003,0.632405,0.479019,0.391019,inf,nan,0.000000,0.391019,0.391019,0.391019,0.117304,0.023460,0.391019,0.117304,0.023460,-0.000000,0.000000,0.000073,10,4
1780630744.401251,nominal,0.000010,45.000020,0.000008,0.000016,1.799051,0.000000,45.000000,0.000000,45.000000,-0.000148,-0.000288,-0.249982,1,4.226050,0.519034,0.229928,0.119533,0.119533,0.629942,0.000000,0.119533,0.119533,0.012001,0.617942,0.479018,0.391018,inf,nan,0.000000,0.391018,0.391018,0.391018,0.117304,0.023460,0.391018,0.117304,0.023460,-0.000000,0.000000,0.000018,10,4
1780630744.524285,nominal,0.000010,45.000020,-0.000006,-0.000013,2.149051,0.000000,45.000000,0.000000,45.000000,-0.000075,-0.000147,-0.297990,1,6.086235,0.519034,0.243856,0.121316,0.121316,0.623903,0.000000,0.121316,0.121316,0.012000,0.611902,0.479017,0.391017,inf,nan,0.000000,0.391017,0.391017,0.391017,0.117304,0.023460,0.391017,0.117304,0.023460,-0.000000,0.000000,0.000014,10,4
1780630744.605361,nominal,0.000009,45.000018,-0.000014,-0.000027,2.499051,0.000000,45.000000,0.000000,45.000000,-0.000027,-0.000053,-0.346228,1,4.360641,0.519032,0.259353,0.129231,0.129231,0.622886,0.000000,0.129231,0.129231,0.012001,0.610884,0.479017,0.391017,inf,nan,0.000000,0.391017,0.391017,0.391017,0.117304,0.023461,0.391017,0.117304,0.023461,-0.000000,0.000000,0.000031,10,4
1780630744.713545,nominal,0.000008,45.000015,-0.000017,-0.000033,2.849051,0.000000,45.000000,0.000000,45.000000,0.000002,0.000004,-0.394275,1,4.419408,0.519030,0.250745,0.137235,0.137235,0.621679,0.000000,0.137235,0.137235,0.012001,0.609678,0.479017,0.391017,inf,nan,0.000000,0.391017,0.391017,0.391017,0.117305,0.023461,0.391017,0.117305,0.023461,-0.000000,0.000000,0.000037,10,4
1780630744.802001,nominal,0.000006,45.000012,-0.000017,-0.000032,-3.084134,0.000000,45.000000,0.000000,45.000000,0.000018,0.000035,0.243217,1,3.771021,0.519027,0.267948,0.160100,0.160100,0.626894,0.000000,0.160100,0.160100,0.012001,0.614893,0.479017,0.391017,inf,nan,0.000000,0.391017,0.391017,0.391017,0.117305,0.023461,0.391017,0.117305,0.023461,-0.000000,0.000000,0.000036,10,4
1780630744.918837,nominal,0.000005,45.000009,-0.000015,-0.000029,-2.734134,0.000000,45.000000,0.000000,45.000000,0.000025,0.000049,0.362315,1,4.993119,0.519025,0.308402,0.201895,0.201895,0.643761,0.000000,0.201895,0.201895,0.012001,0.631760,0.479017,0.391017,inf,nan,0.000000,0.391017,0.391017,0.391017,0.117305,0.023461,0.391017,0.117305,0.023461,-0.000000,0.000000,0.000032,10,4
1780630745.005062,nominal,0.000003,45.000006,-0.000012,-0.000024,-2.384134,0.000000,45.000000,0.000000,45.000000,0.000027,0.000052,0.351576,1,4.227670,0.519023,0.345738,0.221217,0.221217,0.666599,0.000000,0.221217,0.221217,0.012001,0.654598,0.479017,0.391017,inf,nan,0.000000,0.391017,0.391017,0.391017,0.117305,0.023461,0.391017,0.117305,0.023461,-0.000000,0.000000,0.000027,10,4
1780630745.125056,nominal,0.000002,45.000004,-0.000010,-0.000019,-2.197818,0.000000,45.000000,0.000000,45.000000,0.000025,0.000048,0.326332,1,5.408285,0.519021,0.309048,0.200405,0.200405,0.669199,0.000000,0.200405,0.200405,0.012001,0.657198,0.479017,0.391017,inf,nan,0.000000,0.391017,0.391017,0.391017,0.117305,0.023461,0.391017,0.117305,0.023461,-0.000000,0.000000,0.000021,10,4
1780630745.205558,nominal,0.000001,45.000003,-0.000007,-0.000014,-2.113976,0.000000,45.000000,0.000000,45.000000,0.000021,0.000041,0.308793,1,4.543529,0.519020,0.293964,0.188489,0.188489,0.666576,0.000000,0.188489,0.188489,0.012001,0.654576,0.479017,0.391017,inf,nan,0.000000,0.391017,0.391017,0.391017,0.117305,0.023461,0.391017,0.117305,0.023461,-0.000000,0.000000,0.000015,10,4
1780630745.315486,nominal,0.000001,45.000002,-0.000005,-0.000010,-2.076247,0.000000,45.000000,0.000000,45.000000,0.000017,0.000033,0.298318,1,4.630623,0.519019,0.287666,0.183052,0.183052,0.664899,0.000000,0.183052,0.183052,0.012000,0.652899,0.479017,0.391017,inf,nan,0.000000,0.391017,0.391017,0.391017,0.117305,0.023461,0.391017,0.117305,0.023461,-0.000000,0.000000,0.000011,10,4
1780630745.409323,nominal,0.000000,45.000001,-0.000003,-0.000006,-2.059269,0.000000,45.000000,0.000000,45.000000,0.000013,0.000025,0.291937,1,6.763658,0.521213,0.287249,0.182878,0.182878,0.663606,0.000000,0.182878,0.182878,0.012000,0.651606,0.481212,0.393212,inf,nan,0.000000,0.393212,0.393212,0.393212,0.117963,0.023593,0.393212,0.117963,0.023593,-0.000000,0.000000,0.000007,10,4
1780630745.519332,nominal,0.000000,45.000000,-0.000002,-0.000004,-2.051629,0.000000,45.000000,0.000000,45.000000,0.000009,0.000018,0.287638,1,6.454572,0.521212,0.286044,0.181800,0.181800,0.663209,0.000000,0.181800,0.181800,0.012000,0.651208,0.481212,0.393212,inf,nan,0.000000,0.393212,0.393212,0.393212,0.117963,0.023593,0.393212,0.117963,0.023593,-0.000000,0.000000,0.000004,10,4
1780630745.605195,nominal,-0.000000,45.000000,-0.000001,-0.000002,-2.048190,0.000000,45.000000,0.000000,45.000000,0.000006,0.000012,0.284345,1,4.347657,0.521212,0.285507,0.181316,0.181316,0.663028,0.000000,0.181316,0.181316,0.012000,0.651028,0.481212,0.393212,inf,nan,0.000000,0.393212,0.393212,0.393212,0.117964,0.023593,0.393212,0.117964,0.023593,-0.000000,0.000000,0.000002,10,4
1780630745.723382,nominal,-0.000000,45.000000,-0.000001,-0.000001,-2.398190,0.000000,45.000000,0.000000,45.000000,0.000004,0.000008,0.319831,1,5.919609,0.521212,0.349556,0.223436,0.223436,0.665620,0.000000,0.223436,0.223436,0.012000,0.653620,0.481212,0.393212,inf,nan,0.000000,0.393212,0.393212,0.393212,0.117964,0.023593,0.393212,0.117964,0.023593,-0.000000,0.000000,0.000001,10,4
1780630745.808210,nominal,-0.000000,45.000000,-0.000000,-0.000000,-2.748190,0.000000,45.000000,0.000000,45.000000,0.000002,0.000005,0.364812,1,5.953834,0.521212,0.305431,0.199628,0.199628,0.642731,0.000000,0.199628,0.199628,0.012000,0.630731,0.481212,0.393212,inf,nan,0.000000,0.393212,0.393212,0.393212,0.117964,0.023593,0.393212,0.117964,0.023593,-0.000000,0.000000,0.000000,10,4
1780630745.918743,nominal,-0.000000,45.000000,0.000000,0.000000,-3.098190,0.000000,45.000000,0.000000,45.000000,0.000001,0.000002,0.412018,1,2.794951,0.521212,0.266766,0.158387,0.158387,0.626507,0.000000,0.158387,0.158387,0.012000,0.614507,0.481212,0.393212,inf,nan,0.000000,0.393212,0.393212,0.393212,0.117964,0.023593,0.393212,0.117964,0.023593,-0.000000,0.000000,0.000000,10,4
1780630746.005439,nominal,-0.000000,45.000000,0.000000,0.000000,2.834995,0.000000,45.000000,0.000000,45.000000,0.000000,0.000001,-0.225784,1,4.735378,0.521212,0.249815,0.136680,0.136680,0.621952,0.000000,0.136680,0.136680,0.012000,0.609952,0.481212,0.393212,inf,nan,0.000000,0.393212,0.393212,0.393212,0.117964,0.023593,0.393212,0.117964,0.023593,-0.000000,0.000000,0.000001,10,4
1780630746.124005,nominal,-0.000000,45.000000,0.000000,0.000001,2.484995,0.000000,45.000000,0.000000,45.000000,-0.000000,-0.000000,-0.345164,1,6.068469,0.521212,0.260788,0.129728,0.129728,0.623646,0.000000,0.129728,0.129728,0.012000,0.611646,0.481212,0.393212,inf,nan,0.000000,0.393212,0.393212,0.393212,0.117964,0.023593,0.393212,0.117964,0.023593,-0.000000,0.000000,0.000001,10,4
1780630746.205694,nominal,-0.000000,45.000000,0.000000,0.000001,2.134995,0.000000,45.000000,0.000000,45.000000,-0.000000,-0.000001,-0.334631,1,4.460625,0.521212,0.245822,0.122710,0.122710,0.625044,0.000000,0.122710,0.122710,0.012000,0.613044,0.481212,0.393212,inf,nan,0.000000,0.393212,0.393212,0.393212,0.117964,0.023593,0.393212,0.117964,0.023593,-0.000000,0.000000,0.000001,10,4
1780630746.317380,nominal,-0.000000,45.000000,0.000000,0.000000,1.784995,0.000000,45.000000,0.000000,45.000000,-0.000000,-0.000001,-0.291720,1,3.432869,0.516618,0.228718,0.118713,0.118713,0.631325,0.000000,0.118713,0.118713,0.012000,0.619325,0.476618,0.388618,inf,nan,0.000000,0.388618,0.388618,0.388618,0.116585,0.023317,0.388618,0.116585,0.023317,-0.000000,0.000000,0.000001,10,4
1780630746.405733,nominal,-0.000000,45.000000,0.000000,0.000000,1.434995,0.000000,45.000000,0.000000,45.000000,-0.000000,-0.000001,-0.241000,1,4.630574,0.516618,0.245777,0.138790,0.138790,0.645437,0.000000,0.138790,0.138790,0.012000,0.633437,0.476618,0.388618,inf,nan,0.000000,0.388618,0.388618,0.388618,0.116585,0.023317,0.388618,0.116585,0.023317,-0.000000,0.000000,0.000000,10,4
1780630746.524149,nominal,-0.000000,45.000000,0.000000,0.000000,1.248666,0.000000,45.000000,0.000000,45.000000,-0.000000,-0.000001,-0.206482,1,6.099852,0.516618,0.262311,0.159020,0.159020,0.654880,0.000000,0.159020,0.159020,0.012000,0.642880,0.476618,0.388618,inf,nan,0.000000,0.388618,0.388618,0.388618,0.116585,0.023317,0.388618,0.116585,0.023317,-0.000000,0.000000,0.000000,10,4
1780630746.605376,nominal,-0.000000,45.000000,0.000000,0.000000,1.164818,0.000000,45.000000,0.000000,45.000000,-0.000000,-0.000001,-0.187397,1,4.341976,0.516618,0.273311,0.170045,0.170045,0.659902,0.000000,0.170045,0.170045,0.012000,0.647902,0.476618,0.388618,inf,nan,0.000000,0.388618,0.388618,0.388618,0.116585,0.023317,0.388618,0.116585,0.023317,-0.000000,0.000000,0.000000,10,4
1780630746.724787,nominal,-0.000000,45.000000,0.000000,0.000000,1.127086,0.000000,45.000000,0.000000,45.000000,-0.000000,-0.000001,-0.177316,1,5.210144,0.516618,0.278893,0.175332,0.175332,0.662261,0.000000,0.175332,0.175332,0.012000,0.650261,0.476618,0.388618,inf,nan,0.000000,0.388618,0.388618,0.388618,0.116585,0.023317,0.388618,0.116585,0.023317,-0.000000,0.000000,0.000000,10,4
1780630746.805346,nominal,-0.000000,45.000000,0.000000,0.000000,1.110107,0.000000,45.000000,0.000000,45.000000,-0.000000,-0.000000,-0.171810,1,4.258348,0.516618,0.281524,0.177758,0.177758,0.663334,0.000000,0.177758,0.177758,0.012000,0.651334,0.476618,0.388618,inf,nan,0.000000,0.388618,0.388618,0.388618,0.116585,0.023317,0.388618,0.116585,0.023317,-0.000000,0.000000,0.000000,10,4
1780630746.926059,nominal,-0.000000,45.000000,0.000000,0.000000,1.102467,0.000000,45.000000,0.000000,45.000000,-0.000000,-0.000000,-0.168500,1,6.739842,0.516618,0.282732,0.178858,0.178858,0.663818,0.000000,0.178858,0.178858,0.012000,0.651818,0.476618,0.388618,inf,nan,0.000000,0.388618,0.388618,0.388618,0.116585,0.023317,0.388618,0.116585,0.023317,-0.000000,0.000000,0.000000,10,4
1780630746.999522,nominal,0.000000,45.000000,0.000000,0.000000,1.099028,0.000000,45.000000,0.000000,45.000000,-0.000000,-0.000000,-0.166218,1,2.555608,0.516618,0.283279,0.179355,0.179355,0.664036,0.000000,0.179355,0.179355,0.012000,0.652036,0.476618,0.388618,inf,nan,0.000000,0.388618,0.388618,0.388618,0.116585,0.023317,0.388618,0.116585,0.023317,-0.000000,0.000000,0.000000,10,4
1780630747.118952,nominal,0.000000,45.000000,0.000000,0.000000,1.449028,0.000000,45.000000,0.000000,45.000000,-0.000000,-0.000000,-0.202699,1,4.326497,0.516618,0.245016,0.137528,0.137528,0.644843,0.000000,0.137528,0.137528,0.012000,0.632843,0.476618,0.388618,inf,nan,0.000000,0.388618,0.388618,0.388618,0.116585,0.023317,0.388618,0.116585,0.023317,-0.000000,0.000000,0.000000,10,4
1780630747.205695,nominal,0.000000,45.000000,0.000000,0.000000,1.799028,0.000000,45.000000,0.000000,45.000000,-0.000000,-0.000000,-0.248641,1,4.485169,0.516618,0.228175,0.118405,0.118405,0.630888,0.000000,0.118405,0.118405,0.012000,0.618888,0.476618,0.388618,inf,nan,0.000000,0.388618,0.388618,0.388618,0.116585,0.023317,0.388618,0.116585,0.023317,-0.000000,0.000000,0.000000,10,4
1780630747.329068,nominal,0.000000,45.000000,-0.000000,-0.000000,2.149028,0.000000,45.000000,0.000000,45.000000,-0.000000,-0.000000,-0.296660,1,7.064532,0.525388,0.247432,0.123073,0.123073,0.628230,0.000000,0.123073,0.123073,0.012000,0.616230,0.485388,0.397388,inf,nan,0.000000,0.397388,0.397388,0.397388,0.119217,0.023843,0.397388,0.119217,0.023843,-0.000000,0.000000,0.000000,10,4
1780630747.405412,nominal,0.000000,45.000000,-0.000000,-0.000000,2.499028,0.000000,45.000000,0.000000,45.000000,-0.000000,-0.000000,-0.344908,1,4.494135,0.525388,0.252676,0.124654,0.124654,0.624047,0.000000,0.124654,0.124654,0.012000,0.612047,0.485388,0.397388,inf,nan,0.000000,0.397388,0.397388,0.397388,0.119217,0.023843,0.397388,0.119217,0.023843,-0.000000,0.000000,0.000000,10,4
1780630747.523628,nominal,0.000000,45.000000,-0.000000,-0.000000,2.849028,0.000000,45.000000,0.000000,45.000000,0.000000,0.000000,-0.392964,1,5.457646,0.525388,0.240694,0.128556,0.128556,0.620000,0.000000,0.128556,0.128556,0.012000,0.608000,0.485388,0.397388,inf,nan,0.000000,0.397388,0.397388,0.397388,0.119217,0.023843,0.397388,0.119217,0.023843,-0.000000,0.000000,0.000000,10,4
1780630747.605464,nominal,0.000000,45.000000,-0.000000,-0.000000,-3.084157,0.000000,45.000000,0.000000,45.000000,0.000000,0.000000,0.244593,1,5.677315,0.525388,0.257558,0.149318,0.149318,0.623267,0.000000,0.149318,0.149318,0.012000,0.611267,0.485388,0.397388,inf,nan,0.000000,0.397388,0.397388,0.397388,0.119217,0.023843,0.397388,0.119217,0.023843,-0.000000,0.000000,0.000000,10,4
1780630747.726320,nominal,0.000000,45.000000,-0.000000,-0.000000,-2.734157,0.000000,45.000000,0.000000,45.000000,0.000000,0.000000,0.363623,1,5.905441,0.525388,0.295767,0.190735,0.190735,0.638958,0.000000,0.190735,0.190735,0.012000,0.626958,0.485388,0.397388,inf,nan,0.000000,0.397388,0.397388,0.397388,0.119217,0.023843,0.397388,0.119217,0.023843,-0.000000,0.000000,0.000000,10,4
1780630747.805301,nominal,0.000000,45.000000,-0.000000,-0.000000,-2.384157,0.000000,45.000000,0.000000,45.000000,0.000000,0.000000,0.352855,1,4.353192,0.525388,0.356443,0.224227,0.224227,0.662618,0.000000,0.224227,0.224227,0.012000,0.650618,0.485388,0.397388,inf,nan,0.000000,0.397388,0.397388,0.397388,0.119217,0.023843,0.397388,0.119217,0.023843,-0.000000,0.000000,0.000000,10,4
1780630747.925134,nominal,0.000000,45.000000,-0.000000,-0.000000,-2.197829,0.000000,45.000000,0.000000,45.000000,0.000000,0.000000,0.327594,1,5.336491,0.525388,0.322777,0.210355,0.210355,0.668316,0.000000,0.210355,0.210355,0.012000,0.656316,0.485388,0.397388,inf,nan,0.000000,0.397388,0.397388,0.397388,0.119217,0.023843,0.397388,0.119217,0.023843,-0.000000,0.000000,0.000000,10,4
1780630748.005033,nominal,0.000000,45.000000,-0.000000,-0.000000,-2.113983,0.000000,45.000000,0.000000,45.000000,0.000000,0.000000,0.310043,1,4.171138,0.525388,0.307092,0.199710,0.199710,0.667020,0.000000,0.199710,0.199710,0.012000,0.655020,0.485388,0.397388,inf,nan,0.000000,0.397388,0.397388,0.397388,0.119217,0.023843,0.397388,0.119217,0.023843,-0.000000,0.000000,0.000000,10,4
1780630748.124562,nominal,0.000000,45.000000,-0.000000,-0.000000,-2.076253,0.000000,45.000000,0.000000,45.000000,0.000000,0.000000,0.299556,1,5.481512,0.525388,0.300485,0.194489,0.194489,0.665782,0.000000,0.194489,0.194489,0.012000,0.653782,0.485388,0.397388,inf,nan,0.000000,0.397388,0.397388,0.397388,0.119217,0.023843,0.397388,0.119217,0.023843,-0.000000,0.000000,0.000000,10,4
1780630748.205343,nominal,0.000000,45.000000,-0.000000,-0.000000,-2.059278,0.000000,45.000000,0.000000,45.000000,0.000000,0.000000,0.293165,1,4.523013,0.525388,0.297614,0.192078,0.192078,0.665125,0.000000,0.192078,0.192078,0.012000,0.653125,0.485388,0.397388,inf,nan,0.000000,0.397388,0.397388,0.397388,0.119217,0.023843,0.397388,0.119217,0.023843,-0.000000,0.000000,0.000000,10,4
1780630748.326867,nominal,0.000000,45.000000,-0.000000,-0.000000,-2.051650,0.000000,45.000000,0.000000,45.000000,0.000000,0.000000,0.288857,1,6.165782,0.525388,0.296344,0.190997,0.190997,0.664813,0.000000,0.190997,0.190997,0.012000,0.652813,0.485388,0.397388,inf,nan,0.000000,0.397388,0.397388,0.397388,0.119217,0.023843,0.397388,0.119217,0.023843,-0.000000,0.000000,0.000000,10,4
1780630748.405171,nominal,-0.000000,45.000000,-0.000000,-0.000000,-2.048244,0.000000,45.000000,0.000000,45.000000,0.000000,0.000000,0.285556,1,4.434508,0.520745,0.284644,0.180517,0.180517,0.664013,0.000000,0.180517,0.180517,0.012000,0.652013,0.480745,0.392745,inf,nan,0.000000,0.392745,0.392745,0.392745,0.117823,0.023565,0.392745,0.117823,0.023565,-0.000000,0.000000,0.000000,10,4
1780630748.514750,nominal,-0.000000,45.000000,-0.000000,-0.000000,-2.398244,0.000000,45.000000,0.000000,45.000000,0.000000,0.000000,0.321034,1,5.508272,0.520745,0.348806,0.223207,0.223207,0.666262,0.000000,0.223207,0.223207,0.012000,0.654262,0.480745,0.392745,inf,nan,0.000000,0.392745,0.392745,0.392745,0.117823,0.023565,0.392745,0.117823,0.023565,-0.000000,0.000000,0.000000,10,4
1780630748.605647,nominal,-0.000000,45.000000,-0.000000,-0.000000,-2.748244,0.000000,45.000000,0.000000,45.000000,0.000000,0.000000,0.366005,1,4.779310,0.520745,0.306502,0.200578,0.200578,0.643165,0.000000,0.200578,0.200578,0.012000,0.631165,0.480745,0.392745,inf,nan,0.000000,0.392745,0.392745,0.392745,0.117823,0.023565,0.392745,0.117823,0.023565,-0.000000,0.000000,0.000000,10,4
