time_s,controller,x,y,vx,vy,yaw,ref_x,ref_y,goal_x,goal_y,ux,uy,alpha,feasible,solve_ms,clearance_m,d_lower_min,c_body,barrier,gamma_ref,recovery_energy,recoverable_margin,h_R,dynamic_reserve,recoverability_delta,pred_min_d_lower,pred_min_c_body,pred_min_gamma,pred_max_recovery_energy,pred_max_dynamic_reserve,pred_min_delta,pred_min_h_R,pred_min_psi0,pred_min_psi1,pred_min_psi2,pred_min_psi0_constraint,pred_min_psi1_constraint,pred_min_psi2_constraint,solver_constraint_margin,max_safety_slack,speed_mps,obstacle_count,guide_points
1780630953.127579,nmpc_dc,0.000000,-50.000000,0.000000,0.000000,1.570800,0.000000,-48.400000,0.000000,45.000000,-0.000000,7.999991,-0.171058,1,7.165428,inf,inf,inf,inf,inf,0.016640,inf,inf,0.012000,inf,inf,inf,inf,nan,0.000000,inf,inf,inf,inf,inf,inf,inf,inf,-0.000000,0.000001,0.000000,0,2
1780630953.234134,nmpc_dc,0.000000,-50.000000,0.000000,0.000000,1.570800,0.000000,-48.400000,0.000000,45.000000,-0.000000,7.999992,-0.212728,1,9.591697,inf,inf,inf,inf,inf,0.016640,inf,inf,0.012000,inf,inf,inf,inf,nan,0.000000,inf,inf,inf,inf,inf,inf,inf,inf,-0.000000,0.000001,0.000000,0,2
1780630953.326674,nmpc_dc,0.000000,-50.000000,0.000000,0.000000,1.570800,0.000000,-48.400000,0.000000,45.000000,-0.000000,7.999992,-0.221782,1,5.193143,inf,inf,inf,inf,inf,0.016640,inf,inf,0.012000,inf,inf,inf,inf,nan,0.000000,inf,inf,inf,inf,inf,inf,inf,inf,-0.000000,0.000001,0.000000,0,2
1780630953.442156,nmpc_dc,-0.000000,-49.960000,-0.000000,0.799999,1.570799,0.000000,-48.360000,0.000000,45.000000,-0.000000,7.999980,-0.222623,1,13.939996,inf,inf,inf,inf,inf,0.017408,inf,inf,0.041600,inf,inf,inf,inf,nan,0.000000,inf,inf,inf,inf,inf,inf,inf,inf,-0.000000,0.000000,0.799999,0,2
1780630953.528100,nmpc_dc,-0.000000,-49.840000,-0.000000,1.599997,1.570798,0.000000,-48.240000,0.000000,45.000000,0.000000,7.751393,-0.221388,1,5.590312,inf,inf,inf,inf,inf,0.019712,inf,inf,0.074400,inf,inf,inf,inf,nan,0.000000,inf,inf,inf,inf,inf,inf,inf,inf,-0.000000,0.000000,1.599997,0,2
1780630953.910234,nmpc_dc,-0.000000,-49.641244,-0.000000,2.375137,1.570798,-0.256676,-48.061966,0.000000,45.000000,-2.286239,4.107336,-0.219679,1,4.821846,1.212166,1.255044,1.141557,1.141557,1.213872,0.023410,1.077965,1.077965,0.109233,1.081230,1.173001,1.066744,inf,nan,0.000000,1.066744,1.066744,1.066744,0.324359,0.049055,1.066745,0.324360,0.049056,-0.000000,0.000000,2.375137,10,4
1780630953.929589,nmpc_dc,-0.000000,-49.641244,-0.000000,2.375137,1.570798,-0.256676,-48.061966,0.000000,45.000000,-2.458409,3.832914,-0.217844,1,4.577946,1.212166,1.255044,1.141557,1.141557,1.213872,0.023410,1.077965,1.077965,0.109233,1.081230,1.173001,1.066744,inf,nan,0.000000,1.066744,1.066744,1.066744,0.325139,0.050689,1.066745,0.325140,0.050690,-0.000000,0.000000,2.375137,10,4
1780630953.948778,nmpc_dc,-0.011431,-49.383193,-0.228624,2.785870,1.577184,-0.297831,-47.808747,0.000000,45.000000,-1.731779,1.733511,-0.216685,1,4.520683,1.273162,1.293850,1.169754,1.169754,0.620000,0.026022,0.464611,0.464611,0.129367,0.464611,0.104509,-0.003491,inf,nan,0.000000,-0.003491,-0.003491,-0.003491,-0.061414,-0.110712,-0.003490,-0.061413,-0.110712,-0.000000,0.000001,2.795236,10,4
1780630953.971933,nmpc_dc,-0.012292,-49.384565,-0.245841,2.758428,1.574900,-0.297636,-47.809947,0.000000,45.000000,-1.590835,1.705525,-0.214739,1,5.097256,1.273634,1.294694,1.170638,1.170638,0.620000,0.025849,0.466050,0.466050,0.128101,0.466050,0.104496,-0.003489,inf,nan,0.000000,-0.003489,-0.003489,-0.003489,-0.062711,-0.111847,-0.003489,-0.062711,-0.111847,-0.000000,0.000000,2.769361,10,4
1780630954.059378,nmpc_dc,-0.044830,-49.100195,-0.404924,2.928980,1.675520,-0.343502,-47.527743,0.000000,45.000000,-1.208460,0.232183,-0.223853,1,7.024406,1.264930,1.298836,1.176366,1.176366,0.620000,0.027143,0.455510,0.455510,0.137347,0.455510,0.099558,-0.005630,inf,nan,0.000000,-0.005630,-0.005630,-0.005630,-0.053109,-0.129319,-0.004783,-0.053108,-0.129318,-0.000000,0.000847,2.956838,10,4
1780630954.145177,nmpc_dc,-0.091365,-48.806136,-0.525770,2.952199,1.716268,-0.391263,-47.233883,0.000000,45.000000,-1.252093,-1.804000,-0.229135,1,4.616462,1.068801,1.002032,0.891584,0.891584,0.620000,0.027443,0.453125,0.453125,0.139433,0.453125,0.091045,-0.010279,inf,nan,0.000000,-0.010279,-0.010279,-0.010279,-0.069929,-0.052719,-0.009101,-0.069928,-0.052718,-0.000000,0.001256,2.998652,10,4
1780630954.262627,nmpc_dc,-0.150203,-48.519936,-0.650980,2.771799,1.764415,-0.438095,-46.945732,0.000000,45.000000,-1.147236,-4.042303,-0.234209,1,8.039663,0.778071,0.714322,0.603228,0.603228,0.620000,0.026374,0.461505,0.461505,0.131919,0.461706,0.091796,-0.012106,inf,nan,0.000000,-0.012106,-0.012106,-0.012106,-0.075657,-0.031558,-0.009109,-0.075657,-0.031558,-0.000000,0.004191,2.847217,10,4
1780630954.361825,nmpc_dc,-0.221037,-48.262968,-0.765703,2.367569,1.828173,-0.480608,-46.684161,0.000000,45.000000,-0.744609,-5.713578,-0.240920,1,18.153597,0.514566,0.463819,0.349270,0.349270,0.620000,0.024070,0.348991,0.348991,0.114570,0.481360,0.090863,-0.013953,inf,nan,0.000000,-0.013953,-0.013953,-0.013953,-0.077614,-0.008648,-0.008975,-0.077614,-0.008648,-0.000000,0.006108,2.488309,10,4
1780630954.452628,nmpc_dc,-0.301330,-48.054779,-0.840164,1.796211,1.879347,-0.515640,-46.468616,0.000000,45.000000,0.791221,-3.887096,-0.246626,1,5.180408,0.388178,0.295698,0.187555,0.187555,0.620000,0.021371,0.187554,0.187554,0.091235,0.507394,0.115049,-0.008576,inf,nan,0.000000,-0.008576,-0.008576,-0.008576,-0.065650,-0.004343,-0.001500,-0.065650,-0.000290,-0.000000,0.008359,1.982990,10,4
1780630954.545100,nmpc_dc,-0.381390,-47.894593,-0.761042,1.407501,1.785459,-0.543065,-46.299875,0.000000,45.000000,1.911830,-2.084475,-0.236249,1,5.834289,0.402991,0.302811,0.189068,0.189068,0.641969,0.019773,0.189068,0.189068,0.074403,0.547793,0.091602,-0.017102,inf,nan,0.000000,-0.017102,-0.017102,-0.017102,-0.045831,-0.010733,-0.011342,-0.045831,-0.010733,-0.000000,0.007497,1.600076,10,4
1780630954.660693,nmpc_dc,-0.447935,-47.764265,-0.569859,1.199054,1.685438,-0.565414,-46.162364,0.000000,45.000000,1.400339,-0.410059,-0.221250,1,6.143671,0.342133,0.249434,0.141368,0.141368,0.712301,0.018884,0.141368,0.141368,0.062871,0.630545,0.096510,-0.019013,inf,nan,0.000000,-0.019013,-0.019013,-0.019013,-0.034582,-0.011237,-0.008781,-0.034582,-0.011236,-0.000000,0.011100,1.327580,10,4
1780630954.737408,nmpc_dc,-0.497920,-47.646410,-0.429825,1.158048,1.655208,-0.585362,-46.039628,0.000000,45.000000,1.480805,1.025720,-0.212791,1,4.782772,0.341347,0.358159,0.231418,0.231418,0.722975,0.018662,0.231418,0.231418,0.059048,0.645265,0.103423,-0.011552,inf,nan,0.000000,-0.011552,-0.011552,-0.011552,-0.031357,-0.025475,-0.004653,-0.031357,-0.025475,-0.000000,0.006899,1.235243,10,4
1780630954.860256,nmpc_dc,-0.533498,-47.525477,-0.281745,1.260620,1.653187,-0.605427,-45.916173,0.000000,45.000000,0.496045,0.886192,-0.209093,1,6.836664,0.334648,0.285611,0.165330,0.165330,0.666038,0.018870,0.165330,0.165330,0.061382,0.585786,0.103069,-0.016410,inf,nan,0.000000,-0.016410,-0.016410,-0.016410,-0.031313,-0.023773,-0.008741,-0.031313,-0.023773,-0.000000,0.007812,1.291721,10,4
1780630954.945622,nmpc_dc,-0.559192,-47.394984,-0.232140,1.349239,1.637311,-0.626751,-45.784970,0.000000,45.000000,0.367600,-1.081791,-0.205100,1,4.701225,0.339707,0.274934,0.147780,0.147780,0.726098,0.019128,0.147780,0.147780,0.064603,0.642368,0.106532,-0.014434,inf,nan,0.000000,-0.014434,-0.014434,-0.014434,-0.041312,-0.046425,-0.007576,-0.041312,-0.046425,-0.000000,0.007359,1.369063,10,4
1780630955.058084,nmpc_dc,-0.580568,-47.265469,-0.195380,1.241060,1.620249,-0.647809,-45.655403,0.000000,45.000000,0.688641,-1.895562,-0.200929,1,5.544328,0.347584,0.261902,0.146161,0.146161,0.788709,0.018774,0.146161,0.146161,0.059918,0.710018,0.114377,-0.010746,inf,nan,0.000000,-0.010746,-0.010746,-0.010746,-0.033836,-0.016559,-0.003189,-0.033836,-0.016559,-0.000000,0.007557,1.256345,10,4
1780630955.147387,nmpc_dc,-0.596663,-47.150841,-0.126516,1.051504,1.603982,-0.666374,-45.541176,0.000000,45.000000,1.107353,-0.238352,-0.196828,1,5.691182,0.357814,0.273698,0.151618,0.151618,0.797356,0.018219,0.151618,0.151618,0.051872,0.727264,0.108095,-0.018888,inf,nan,0.000000,-0.018888,-0.018888,-0.018888,-0.036780,-0.025932,-0.011344,-0.036780,-0.025932,-0.000000,0.007544,1.059087,10,4
1780630955.257694,nmpc_dc,-0.603778,-47.046882,-0.015781,1.027668,1.606363,-0.683019,-45.438767,0.000000,45.000000,-0.551048,7.980999,-0.194801,1,3.957688,0.351669,0.267232,0.157519,0.157519,0.811931,0.018118,0.157519,0.157519,0.050614,0.743200,0.241143,0.139390,inf,nan,0.000000,0.139390,0.139390,0.139390,0.013942,-0.022537,0.139390,0.013942,-0.022537,-0.000000,0.000000,1.027789,10,4
1780630955.344997,nmpc_dc,-0.608111,-46.904211,-0.070886,1.825768,1.596671,-0.705722,-45.299080,0.000000,45.000000,-0.596262,6.793532,-0.191991,1,3.318121,0.347271,0.305523,0.187744,0.187744,0.857901,0.020815,0.187744,0.187744,0.084296,0.752789,0.264383,0.162456,inf,nan,0.000000,0.162456,0.162456,0.162456,0.023717,-0.014485,0.162456,0.023717,-0.014485,-0.000000,0.000000,1.827144,10,4
1780630955.455639,nmpc_dc,-0.618181,-46.687666,-0.130512,2.505121,1.595312,-0.740269,-45.086514,0.000000,45.000000,-0.553019,3.653058,-0.189910,1,4.052564,0.350218,0.310430,0.204682,0.204682,0.939826,0.024312,0.204682,0.204682,0.115530,0.799984,0.311294,0.207899,inf,nan,0.000000,0.207899,0.207899,0.207899,0.119369,-0.003108,0.207899,0.119369,-0.003108,-0.000000,0.000000,2.508519,10,4
1780630955.545536,nmpc_dc,-0.633997,-46.418889,-0.185814,2.870427,1.609954,-0.783236,-44.822150,0.000000,45.000000,-5.767314,0.857432,-0.189779,1,4.871435,0.340854,0.322170,0.199073,0.199073,0.620000,0.026646,0.199070,0.199070,0.133360,0.459994,0.082911,-0.020385,inf,nan,0.000000,-0.020385,-0.020385,-0.020385,-0.104169,-0.241166,-0.017704,-0.104169,-0.241166,-0.000000,0.002680,2.876435,10,4
1780630955.657568,nmpc_dc,-0.681415,-46.127559,-0.762545,2.956170,1.584219,-0.830587,-44.530809,0.000000,45.000000,-3.522841,-0.035173,-0.185716,1,3.599195,0.375901,0.307655,0.203252,0.203252,0.734290,0.027902,0.203252,0.203252,0.142154,0.564235,0.079897,-0.019512,inf,nan,0.000000,-0.019512,-0.019512,-0.019512,-0.119615,-0.106173,-0.018640,-0.119397,-0.105955,-0.000000,0.000872,3.052936,10,4
1780630955.749810,nmpc_dc,-0.775284,-45.832118,-1.114829,2.952653,1.622665,-0.879784,-44.228107,0.000000,45.000000,3.752584,1.177686,-0.187708,1,5.301026,0.372543,0.328554,0.220341,0.220341,0.976212,0.028748,0.220341,0.220341,0.147366,0.800098,0.269787,0.158937,inf,nan,0.000000,0.158937,0.158937,0.158937,-0.001513,0.075405,0.158937,-0.001513,0.075406,-0.000000,0.000000,3.156106,10,4
1780630955.858071,nmpc_dc,-0.868004,-45.530964,-0.739571,3.070422,1.662816,-0.929857,-43.920022,0.000000,45.000000,3.014594,0.807987,-0.191375,1,3.677288,1.796298,1.696952,1.585662,1.585662,2.202131,0.028863,1.585662,1.585662,0.147474,2.025794,1.766648,1.659783,inf,nan,0.000000,1.659783,1.659783,1.659783,0.814343,0.220138,1.659783,0.814343,0.220138,-0.000000,0.000000,3.158236,2,4
1780630955.946902,nmpc_dc,-0.926888,-45.219882,-0.438111,3.151220,1.651250,-0.980630,-43.607622,0.000000,45.000000,1.693093,0.433224,-0.189806,1,2.999605,2.112812,2.013823,1.902336,1.902336,2.366751,0.029061,1.902335,1.902335,0.148659,2.189031,2.083254,1.976191,inf,nan,0.000000,1.976191,1.976191,1.976191,0.910925,0.238873,1.976191,0.910925,0.238874,-0.000000,0.000000,3.181530,2,4
1780630956.052456,nmpc_dc,-0.962234,-44.902594,-0.268802,3.194543,1.631220,-1.031781,-43.292902,0.000000,45.000000,0.701242,0.189815,-0.186016,1,3.754164,2.430722,2.332333,2.220663,2.220663,2.532677,0.029206,2.220391,2.220391,0.149898,2.353573,2.401681,2.294258,inf,nan,0.000000,2.294258,2.294258,2.294258,1.007551,0.257842,2.294259,1.007551,0.257843,-0.000000,0.000000,3.205832,2,4
1780630956.147348,nmpc_dc,-0.985608,-44.582190,-0.198678,3.213524,1.622867,-1.083117,-42.977044,0.000000,45.000000,0.066213,0.046747,-0.182966,1,3.025668,2.749812,2.651565,2.539901,2.539901,2.699129,0.029248,2.507963,2.507963,0.150604,2.519277,2.721353,2.613532,inf,nan,0.000000,2.613532,2.613532,2.613532,1.104247,0.276940,2.613532,1.104248,0.276941,-0.000000,0.000000,3.219660,2,4
1780630956.258326,nmpc_dc,-1.005145,-44.260604,-0.192057,3.218199,1.627629,-1.134541,-42.660640,0.000000,45.000000,-0.295026,-0.030940,-0.181550,1,2.998066,3.069870,2.971334,2.859823,2.859823,2.865756,0.029221,2.685649,2.685649,0.150822,2.685714,3.041913,2.933719,inf,nan,0.000000,2.933719,2.933719,2.933719,1.200905,0.296110,2.933720,1.200906,0.296110,-0.000000,0.000000,3.223925,2,4
1780630956.346570,nmpc_dc,-1.025825,-43.938939,-0.221559,3.215105,1.640787,-1.186007,-42.343978,0.000000,45.000000,-0.465478,-0.067623,-0.181465,1,2.963280,3.390590,3.291618,3.180292,3.180292,3.032457,0.029165,2.852531,2.852531,0.150761,2.852531,3.363016,3.254509,inf,nan,0.000000,3.254509,3.254509,3.254509,1.297464,0.315320,3.254509,1.297465,0.315320,-0.000000,0.000000,3.222730,2,4
1780630956.460742,nmpc_dc,-1.050309,-43.617766,-0.268107,3.208343,1.657476,-1.237493,-42.027195,0.000000,45.000000,-0.512206,-0.079458,-0.182098,1,3.064371,3.711675,3.612329,3.501149,3.501149,3.199217,0.029111,3.019509,3.019509,0.150597,3.019509,3.684370,3.575620,inf,nan,0.000000,3.575620,3.575620,3.575620,1.393920,0.334553,3.575621,1.393920,0.334553,-0.000000,0.000000,3.219526,2,4
1780630956.545466,nmpc_dc,-1.079680,-43.297329,-0.319328,3.200397,1.674373,-1.288989,-41.710353,0.000000,45.000000,-0.485417,-0.077106,-0.182930,1,3.177393,4.032910,3.933320,3.822226,3.822226,3.366031,0.029068,3.186531,3.186531,0.150431,3.186531,4.005780,3.896854,inf,nan,0.000000,3.896854,3.896854,3.896854,1.490295,0.353799,3.896855,1.490295,0.353799,-0.000000,0.000000,3.216288,2,4
1780630956.661576,nmpc_dc,-1.114040,-42.977675,-0.367869,3.192686,1.689627,-1.340489,-41.393485,0.000000,45.000000,-0.420592,-0.067514,-0.183626,1,3.190316,4.354165,4.254449,4.143391,4.143391,3.532891,0.029040,3.353546,3.353546,0.150305,3.353546,4.327137,4.218093,inf,nan,0.000000,4.218093,4.218093,4.218093,1.586617,0.373052,4.218093,1.586618,0.373052,-0.000000,0.000000,3.213810,2,4
1780630956.747235,nmpc_dc,-1.152930,-42.658744,-0.409928,3.185935,1.702412,-1.391991,-41.076604,0.000000,45.000000,-0.341348,-0.055081,-0.184016,1,5.743401,1.255107,4.575616,4.464562,4.464562,3.699784,0.029024,3.520537,3.520537,0.150223,3.520537,4.648401,4.539282,inf,nan,0.000000,4.539282,4.539282,4.539282,1.682911,0.392309,4.539282,1.682912,0.392309,-0.000000,0.000000,3.212199,2,4
1780630956.859050,nmpc_dc,-1.195630,-42.340426,-0.444063,3.180427,1.712527,-1.443494,-40.759716,0.000000,45.000000,-0.262270,-0.042437,-0.184035,1,3.700934,1.508724,1.410343,1.294904,1.294904,2.041339,0.029015,1.294904,1.294904,0.150176,1.862148,1.469445,1.362660,inf,nan,0.000000,1.362660,1.362660,1.362660,0.718063,0.199575,1.362660,0.718063,0.199575,-0.000000,0.000000,3.211278,10,4
1780630956.945659,nmpc_dc,-1.241347,-42.022596,-0.470290,3.176183,1.720130,-1.494997,-40.442826,0.000000,45.000000,-0.191428,-0.031023,-0.183689,1,3.374567,1.817675,1.715739,1.601848,1.601848,2.205580,0.029011,1.601848,1.601848,0.150152,2.026417,1.778084,1.671924,inf,nan,0.000000,1.671924,1.671924,1.671924,0.814386,0.218665,1.671925,0.814387,0.218666,-0.000000,0.000000,3.210812,10,4
1780630957.072257,nmpc_dc,-1.289334,-41.705132,-0.489433,3.173081,1.725560,-1.546501,-40.125935,0.000000,45.000000,-0.132449,-0.021485,-0.183016,1,8.140130,2.130501,2.026307,1.913296,1.913296,2.370295,0.029010,1.913294,1.913294,0.150141,2.191145,2.090690,1.984733,inf,nan,0.000000,1.984733,1.984733,1.984733,0.910432,0.237784,1.984734,0.910432,0.237785,-0.000000,0.000000,3.210605,10,4
1780630957.144791,nmpc_dc,-1.338939,-41.387932,-0.502678,3.170932,1.729227,-1.598004,-39.809043,0.000000,45.000000,-0.086121,-0.013978,-0.182074,1,3.358883,2.445656,2.339948,2.227466,2.227466,2.535373,0.029009,2.227152,2.227152,0.150137,2.356226,2.405684,2.299745,inf,nan,0.000000,2.299745,2.299745,2.299745,1.006369,0.256925,2.299746,1.006370,0.256925,-0.000000,0.000000,3.210529,10,4
1780630957.248994,nmpc_dc,-1.389638,-41.070908,-0.511290,3.169535,1.731537,-1.649508,-39.492150,0.000000,45.000000,-0.051577,-0.008374,-0.180924,1,5.547364,2.762289,2.655515,2.543367,2.543367,2.700384,0.029009,2.510408,2.510408,0.150136,2.521239,2.722193,2.616191,inf,nan,0.000000,2.616191,2.616191,2.616191,1.102274,0.275217,2.616191,1.102274,0.275217,-0.000000,0.000000,3.210509,10,4
1780630957.346179,nmpc_dc,-1.441024,-40.753997,-0.516448,3.168697,1.732858,-1.701012,-39.175258,0.000000,45.000000,-0.027122,-0.004404,-0.179620,1,3.402314,3.079902,2.972345,2.860416,2.860416,2.828530,0.029009,2.649367,2.649367,0.150136,2.649385,3.039707,2.933607,inf,nan,0.000000,2.933607,2.933607,2.933607,1.198180,0.267474,2.933608,1.198180,0.267475,-0.000000,0.000000,3.210508,10,4
1780630957.458953,nmpc_dc,-1.492805,-40.437149,-0.519160,3.168257,1.733492,-1.752516,-38.858365,0.000000,45.000000,-0.010777,-0.001750,-0.178212,1,5.231053,3.398191,3.290037,3.178257,3.178257,2.929402,0.029009,2.750257,2.750257,0.150136,2.750257,3.357917,3.251705,inf,nan,0.000000,3.251705,3.251705,3.251705,1.294103,0.270437,3.251705,1.294104,0.270437,-0.000000,0.000000,3.210511,10,4
1780630957.542095,nmpc_dc,-1.544775,-40.120332,-0.520238,3.168082,1.733682,-1.804020,-38.541472,0.000000,45.000000,-0.000611,-0.000099,-0.176739,1,3.554835,3.716963,3.608338,3.496664,3.496664,3.036754,0.029009,2.857609,2.857609,0.150136,2.857609,3.676623,3.570297,inf,nan,0.000000,3.570297,3.570297,3.570297,1.390048,0.287761,3.570297,1.390049,0.287762,-0.000000,0.000000,3.210512,10,4
1780630957.635676,nmpc_dc,-1.596802,-39.803525,-0.520299,3.168072,1.733605,-1.855523,-38.224580,0.000000,45.000000,0.005085,0.000827,-0.175229,1,5.388077,4.036093,3.927084,3.815487,3.815487,3.150135,0.029009,2.970990,2.970990,0.150136,2.970990,3.995698,3.889256,inf,nan,0.000000,3.889256,3.889256,3.889256,1.479817,0.299956,3.889257,1.479817,0.299956,-0.000000,0.000000,3.210513,10,4
1780630957.742406,nmpc_dc,-1.648806,-39.486713,-0.519790,3.168155,1.733388,-1.907027,-37.907687,0.000000,45.000000,0.007716,0.001254,-0.173705,1,7.106094,0.645678,4.246168,4.134626,4.134626,3.268831,0.029009,3.089685,3.089685,0.150136,3.089685,4.315054,4.202296,inf,nan,0.000000,4.202296,4.202296,4.202296,1.492549,0.329718,4.202297,1.492550,0.329719,-0.000000,0.000000,3.210512,10,4
1780630957.860681,nmpc_dc,-1.700746,-39.169891,-0.519019,3.168280,1.733116,-1.958531,-37.590794,0.000000,45.000000,0.008375,0.001364,-0.172181,1,3.715281,0.715394,0.662255,0.557954,0.557954,1.546336,0.029009,0.557954,0.557954,0.150136,1.367191,0.675484,0.571100,inf,nan,0.000000,0.571100,0.571100,0.571100,0.408963,0.140843,0.571100,0.408963,0.140844,-0.000000,0.000000,3.210511,10,4
1780630957.945509,nmpc_dc,-1.752606,-38.853057,-0.518181,3.168416,1.732842,-2.010035,-37.273901,0.000000,45.000000,0.007880,0.001282,-0.170667,1,3.281603,0.953776,0.875155,0.769906,0.769906,1.703881,0.029009,0.769906,0.769906,0.150136,1.524735,0.915265,0.808733,inf,nan,0.000000,0.808733,0.808733,0.808733,0.511334,0.159278,0.808733,0.511335,0.159278,-0.000000,0.000000,3.210510,10,4
1780630958.056638,nmpc_dc,-1.804385,-38.536209,-0.517393,3.168545,1.732594,-2.061539,-36.957009,0.000000,45.000000,0.006794,0.001104,-0.169167,1,3.812003,1.222439,1.133797,1.025300,1.025300,1.863107,0.029009,1.025300,1.025300,0.150136,1.683961,1.189477,1.077447,inf,nan,0.000000,1.077447,1.077447,1.077447,0.609107,0.177907,1.077448,0.609107,0.177908,-0.000000,0.000000,3.210509,10,4
1780630958.146215,nmpc_dc,-1.856091,-38.219349,-0.516714,3.168655,1.732387,-2.113043,-36.640116,0.000000,45.000000,0.005492,0.000892,-0.167686,1,3.306527,1.509028,1.415678,1.303862,1.303862,2.023662,0.029009,1.303862,1.303862,0.150136,1.844517,1.476126,1.363320,inf,nan,0.000000,1.363320,1.363320,1.363320,0.705043,0.196668,1.363320,0.705043,0.196668,-0.000000,0.000000,3.210509,10,4
1780630958.258090,nmpc_dc,-1.907734,-37.902479,-0.516165,3.168744,1.732223,-2.164546,-36.323223,0.000000,45.000000,0.004204,0.000683,-0.166223,1,4.147364,1.804887,1.710269,1.595581,1.595581,2.185264,0.029009,1.595581,1.595581,0.150136,2.006119,1.769291,1.659367,inf,nan,0.000000,1.659367,1.659367,1.659367,0.800282,0.215521,1.659367,0.800283,0.215521,-0.000000,0.000000,3.210509,10,4
1780630958.344354,nmpc_dc,-1.959330,-37.585601,-0.515744,3.168813,1.732101,-2.216050,-36.006330,0.000000,45.000000,0.003057,0.000496,-0.164778,1,3.199465,2.107749,2.011420,1.895315,1.895315,2.347694,0.029009,1.895313,1.895313,0.150136,2.168549,2.070168,1.961839,inf,nan,0.000000,1.961839,1.961839,1.961839,0.895301,0.234441,1.961839,0.895302,0.234442,-0.000000,0.000000,3.210509,10,4
1780630958.458042,nmpc_dc,-2.010889,-37.268717,-0.515439,3.168862,1.732014,-2.267554,-35.689438,0.000000,45.000000,0.002107,0.000342,-0.163352,1,4.390663,2.415100,2.315164,2.200234,2.200234,2.510782,0.029009,2.199948,2.199948,0.150136,2.331637,2.376006,2.268589,inf,nan,0.000000,2.268589,2.268589,2.268589,0.990302,0.253414,2.268589,0.990302,0.253414,-0.000000,0.000000,3.210508,10,4
1780630958.543996,nmpc_dc,-2.062422,-36.951829,-0.515228,3.168896,1.731956,-2.319058,-35.372545,0.000000,45.000000,0.001363,0.000221,-0.161942,1,3.626339,2.724668,2.622802,2.508680,2.508680,2.674402,0.029009,2.481383,2.481383,0.150136,2.495257,2.685204,2.578314,inf,nan,0.000000,2.578314,2.578314,2.578314,1.085365,0.272426,2.578314,1.085366,0.272427,-0.000000,0.000000,3.210508,10,4
1780630958.658278,nmpc_dc,-2.113938,-36.634938,-0.515092,3.168919,1.731919,-2.370562,-35.055652,0.000000,45.000000,0.000810,0.000131,-0.160547,1,6.416284,3.036398,2.933171,2.819626,2.819626,2.838453,0.029009,2.659203,2.659203,0.150136,2.659308,2.996772,2.890185,inf,nan,0.000000,2.890185,2.890185,2.890185,1.180522,0.291472,2.890186,1.180523,0.291472,-0.000000,0.000000,3.210508,10,4
1780630958.750693,nmpc_dc,-2.165444,-36.318046,-0.515011,3.168932,1.731899,-2.422066,-34.738760,0.000000,45.000000,0.000421,0.000068,-0.159168,1,7.524586,0.720283,3.245523,3.132403,3.132403,3.002859,0.029009,2.823713,2.823713,0.150136,2.823714,3.310072,3.203652,inf,nan,0.000000,3.203652,3.203652,3.203652,1.275779,0.310543,3.203652,1.275780,0.310543,-0.000000,0.000000,3.210508,10,4
1780630958.858121,nmpc_dc,-2.216942,-36.001152,-0.514969,3.168938,1.731889,-2.473569,-34.421867,0.000000,45.000000,0.000159,0.000027,-0.157801,1,4.330773,0.921039,0.818261,0.704992,0.704992,1.333057,0.029009,0.704992,0.704992,0.150136,1.153912,0.887470,0.776209,inf,nan,0.000000,0.776209,0.776209,0.776209,0.353873,0.001446,0.776209,0.353874,0.001447,-0.000000,0.000000,3.210508,10,4
1780630958.943952,nmpc_dc,-2.268439,-35.684258,-0.514953,3.168941,1.731886,-2.525073,-34.104974,0.000000,45.000000,0.000004,-0.000000,-0.156448,1,3.975266,1.098275,1.130092,1.012685,1.012685,1.278027,0.029009,1.011320,1.011320,0.150136,1.098882,1.095269,0.983880,inf,nan,0.000000,0.983880,0.983880,0.983880,0.357930,0.014745,0.983880,0.357930,0.014745,-0.000000,0.000000,3.210508,10,4
1780630959.074924,nmpc_dc,-2.319934,-35.367364,-0.514952,3.168941,1.731888,-2.576577,-33.788081,0.000000,45.000000,-0.000084,-0.000014,-0.155107,1,11.753690,1.161480,1.215884,1.097274,1.097274,1.295158,0.029009,1.085330,1.085330,0.150136,1.116013,1.158912,1.046646,inf,nan,0.000000,1.046646,1.046646,1.046646,0.382097,-0.019090,1.046646,0.382097,-0.019090,-0.000000,0.000000,3.210508,10,4
1780630959.137178,nmpc_dc,-2.371429,-35.050470,-0.514961,3.168940,1.731891,-2.628081,-33.471189,0.000000,45.000000,-0.000126,-0.000021,-0.153778,1,5.414036,1.294134,1.303982,1.191342,1.191342,1.338030,0.029009,1.150929,1.150929,0.150136,1.158885,1.290624,1.171007,inf,nan,0.000000,1.171007,1.171007,1.171007,0.377155,-0.026270,1.171008,0.377155,-0.026270,-0.000000,0.000000,3.210508,10,4
1780630959.259478,nmpc_dc,-2.422926,-34.733576,-0.514973,3.168938,1.731896,-2.679585,-33.154296,0.000000,45.000000,-0.000137,-0.000022,-0.152461,1,6.260459,1.479112,1.450959,1.337106,1.337106,1.407309,0.029009,1.227540,1.227540,0.150136,1.228164,1.410131,1.303357,inf,nan,0.000000,1.303357,1.303357,1.303357,0.376567,0.104926,1.303358,0.376567,0.104926,-0.000000,0.000000,3.210508,10,4
1780630959.344228,nmpc_dc,-2.474424,-34.416683,-0.514987,3.168935,1.731900,-2.731089,-32.837403,0.000000,45.000000,-0.000129,-0.000020,-0.151155,1,4.280953,1.448909,1.501090,1.381420,1.381420,1.498540,0.029009,1.316308,1.316308,0.150136,1.319394,1.410131,1.303357,inf,nan,0.000000,1.303357,1.303357,1.303357,0.408129,0.132066,1.303358,0.408129,0.132066,-0.000000,0.000000,3.210508,10,4
1780630959.460102,nmpc_dc,-2.525924,-34.099789,-0.515000,3.168933,1.731904,-2.782592,-32.520511,0.000000,45.000000,-0.000112,-0.000018,-0.149860,1,6.416773,1.465890,1.503514,1.390557,1.390557,1.606699,0.029009,1.383640,1.383640,0.150136,1.427554,1.434990,1.320479,inf,nan,0.000000,1.320479,1.320479,1.320479,0.470155,0.146328,1.320479,0.470156,0.146328,-0.000000,0.000000,3.210508,10,4
1780630959.540990,nmpc_dc,-2.577424,-33.782896,-0.515011,3.168932,1.731908,-2.834096,-32.203618,0.000000,45.000000,-0.000090,-0.000014,-0.148577,1,3.418805,1.540017,1.554555,1.440157,1.440157,1.727534,0.029009,1.439517,1.439517,0.150136,1.548389,1.502009,1.394491,inf,nan,0.000000,1.394491,1.394491,1.394491,0.542914,0.161512,1.394491,0.542914,0.161512,-0.000000,0.000000,3.210508,10,4
1780630959.655477,nmpc_dc,-2.628926,-33.466003,-0.515020,3.168930,1.731910,-2.885600,-31.886725,0.000000,45.000000,-0.000069,-0.000011,-0.147304,1,7.891973,1.664907,1.648070,1.539819,1.539819,1.857793,0.029009,1.539599,1.539599,0.150136,1.678648,1.624545,1.519057,inf,nan,0.000000,1.519057,1.519057,1.519057,0.622016,0.177429,1.519058,0.622016,0.177429,-0.000000,0.000000,3.210508,10,4
1780630959.740254,nmpc_dc,-2.680428,-33.149110,-0.515027,3.168929,1.731912,-2.937104,-31.569832,0.000000,45.000000,-0.000050,-0.000008,-0.146042,1,5.700815,1.303694,1.790812,1.685318,1.685318,1.995098,0.029009,1.685024,1.685024,0.150136,1.815952,1.792944,1.685356,inf,nan,0.000000,1.685356,1.685356,1.685356,0.704632,0.193920,1.685356,0.704632,0.193920,-0.000000,0.000000,3.210508,10,4
1780630959.858678,nmpc_dc,-2.731931,-32.832217,-0.515032,3.168928,1.731914,-2.988608,-31.252940,0.000000,45.000000,-0.000035,-0.000005,-0.144790,1,3.186561,1.583056,1.476159,1.364349,1.364349,2.068400,0.029009,1.364349,1.364349,0.150136,1.889255,1.551930,1.437564,inf,nan,0.000000,1.437564,1.437564,1.437564,0.748659,0.204534,1.437564,0.748659,0.204535,-0.000000,0.000000,3.210508,10,4
1780630959.946410,nmpc_dc,-2.783434,-32.515324,-0.515036,3.168928,1.731915,-3.040111,-30.936047,0.000000,45.000000,-0.000023,-0.000004,-0.143549,1,3.147472,1.901240,1.793347,1.681786,1.681786,2.233462,0.029009,1.681786,1.681786,0.150136,2.054317,1.868679,1.754953,inf,nan,0.000000,1.754953,1.754953,1.754953,0.843177,0.223591,1.754954,0.843177,0.223591,-0.000000,0.000000,3.210508,10,4
1780630960.055108,nmpc_dc,-2.834938,-32.198432,-0.515038,3.168927,1.731915,-3.091615,-30.619154,0.000000,45.000000,-0.000013,-0.000002,-0.142319,1,3.837764,2.220210,2.111624,1.999892,1.999892,2.398836,0.029009,1.999879,1.999879,0.150136,2.219691,2.186602,2.071644,inf,nan,0.000000,2.071644,2.071644,2.071644,0.937835,0.242686,2.071645,0.937836,0.242686,-0.000000,0.000000,3.210508,10,4
1780630960.146323,nmpc_dc,-2.886442,-31.881539,-0.515039,3.168927,1.731916,-3.143119,-30.302262,0.000000,45.000000,-0.000006,-0.000001,-0.141100,1,3.124228,2.536500,2.430589,2.316721,2.316721,2.564448,0.029009,2.314240,2.314240,0.150136,2.385303,2.502673,2.387986,inf,nan,0.000000,2.387986,2.387986,2.387986,1.032626,0.261774,2.387987,1.032626,0.261774,-0.000000,0.000000,3.210508,10,4
1780630960.260133,nmpc_dc,-2.937946,-31.564646,-0.515040,3.168927,1.731916,-3.194623,-29.985369,0.000000,45.000000,-0.000002,-0.000001,-0.139890,1,3.364824,2.850708,2.745669,2.632365,2.632365,2.730249,0.029009,2.549488,2.549488,0.150136,2.551104,2.818134,2.704216,inf,nan,0.000000,2.704216,2.704216,2.704216,1.127135,0.280883,2.704216,1.127135,0.280883,-0.000000,0.000000,3.210508,10,4
1780630960.344657,nmpc_dc,-2.989450,-31.247753,-0.515040,3.168927,1.731916,-3.246127,-29.668476,0.000000,45.000000,0.000001,-0.000000,-0.138692,1,3.152567,3.166244,3.060364,2.947860,2.947860,2.896168,0.029009,2.717014,2.717014,0.150136,2.717023,3.134678,3.020086,inf,nan,0.000000,3.020086,3.020086,3.020086,1.222577,0.300000,3.020086,1.222577,0.300001,-0.000000,0.000000,3.210508,10,4
1780630960.451283,nmpc_dc,-3.040954,-30.930861,-0.515040,3.168927,1.731916,-3.297631,-29.351583,0.000000,45.000000,0.000002,0.000000,-0.137503,1,3.422819,3.482757,3.376205,3.263935,3.263935,3.060373,0.029009,2.881228,2.881228,0.150136,2.881228,3.451971,3.336637,inf,nan,0.000000,3.336637,3.336637,3.336637,1.318169,0.318851,3.336638,1.318170,0.318851,-0.000000,0.000000,3.210508,10,4
1780630960.544374,nmpc_dc,-3.092458,-30.613968,-0.515040,3.168927,1.731916,-3.349134,-29.034691,0.000000,45.000000,0.000003,0.000000,-0.136325,1,3.573363,3.800010,3.692909,3.580817,3.580817,3.221612,0.029009,3.042467,3.042467,0.150136,3.042467,3.768460,3.653815,inf,nan,0.000000,3.653815,3.653815,3.653815,1.413883,0.335901,3.653816,1.413884,0.335902,-0.000000,0.000000,3.210508,10,4
1780630960.656402,nmpc_dc,-3.143962,-30.297075,-0.515039,3.168927,1.731915,-3.384000,-28.716455,0.000000,45.000000,0.148201,0.011965,-0.135156,1,4.046104,4.117836,4.010280,3.898324,3.898324,3.383108,0.028983,3.203989,3.203989,0.150136,3.203989,4.085635,3.971554,inf,nan,0.000000,3.971554,3.971554,3.971554,1.509688,0.356162,3.971554,1.509688,0.356162,-0.000000,0.000000,3.210508,10,4
1780630960.746590,nmpc_dc,-3.194725,-29.980123,-0.500219,3.170123,1.726174,-3.384000,-28.395464,0.000000,45.000000,0.545725,0.043526,-0.133373,1,5.594417,2.258484,4.328026,4.216247,4.216247,3.548378,0.028915,3.369386,3.369386,0.150077,3.369386,4.403397,4.289776,inf,nan,0.000000,4.289776,4.289776,4.289776,1.605500,0.375545,4.289776,1.605500,0.375546,-0.000000,0.000000,3.209346,10,4
1780630960.851285,nmpc_dc,-3.242018,-29.662893,-0.445647,3.174476,1.705927,-3.384000,-28.074755,0.000000,45.000000,0.754661,0.057564,-0.129867,1,3.310996,2.470482,2.360410,2.249400,2.249400,2.541695,0.028856,2.248868,2.248868,0.149886,2.362953,2.435362,2.324080,inf,nan,0.000000,2.324080,2.324080,2.324080,1.017073,0.258956,2.324080,1.017073,0.258956,-0.000000,0.000000,3.205604,10,4
1780630960.947071,nmpc_dc,-3.282809,-29.345157,-0.370181,3.180232,1.680446,-3.384000,-27.754591,0.000000,45.000000,0.798736,0.054701,-0.125384,1,2.984187,2.790518,2.679996,2.569076,2.569076,2.707296,0.028812,2.522554,2.522554,0.149687,2.528797,2.755042,2.643929,inf,nan,0.000000,2.643929,2.643929,2.643929,1.113025,0.278091,2.643929,1.113026,0.278092,-0.000000,0.000000,3.201704,10,4
1780630961.058478,nmpc_dc,-3.315834,-29.026861,-0.290307,3.185702,1.654977,-3.384000,-27.435119,0.000000,45.000000,0.741650,0.040673,-0.120685,1,3.747699,3.110481,2.999821,2.888900,2.888900,2.872678,0.028778,2.694324,2.694324,0.149544,2.694356,3.074856,2.963775,inf,nan,0.000000,2.963775,2.963775,2.963775,1.208836,0.297183,2.963776,1.208836,0.297184,-0.000000,0.000000,3.198903,10,4
1780630961.146476,nmpc_dc,-3.341156,-28.708087,-0.216142,3.189770,1.632179,-3.384000,-27.108087,0.000000,45.000000,0.633685,0.095120,-0.116255,1,2.991596,3.430248,3.319659,3.208679,3.208679,3.042096,0.028918,2.863727,2.863727,0.149451,2.863727,3.394623,3.283479,inf,nan,0.000000,3.283479,3.283479,3.283479,1.304874,0.316966,3.283479,1.304874,0.316966,-0.000000,0.000000,3.197084,10,4
1780630961.253592,nmpc_dc,-3.359602,-28.388635,-0.152774,3.199282,1.613593,-3.384000,-26.788635,0.000000,45.000000,0.508562,0.056997,-0.112378,1,3.577302,3.750104,3.639681,3.528621,3.528621,3.207676,0.028954,3.028973,3.028973,0.149749,3.028973,3.714580,3.603309,inf,nan,0.000000,3.603309,3.603309,3.603309,1.401155,0.336022,3.603309,1.401156,0.336023,-0.000000,0.000000,3.202927,10,4
1780630961.345738,nmpc_dc,-3.372337,-28.068421,-0.101917,3.204981,1.598668,-3.384000,-26.468421,0.000000,45.000000,0.386818,0.028825,-0.109063,1,2.912720,4.070271,3.960033,3.848896,3.848896,3.373717,0.028980,3.194800,3.194800,0.149937,3.194800,4.034909,3.923471,inf,nan,0.000000,3.923471,3.923471,3.923471,1.497339,0.355167,3.923472,1.497339,0.355167,-0.000000,0.000000,3.206602,10,4
1780630961.451716,nmpc_dc,-3.380594,-27.747779,-0.063236,3.207864,1.587438,-3.384000,-26.147779,0.000000,45.000000,0.279495,0.013908,-0.106313,1,3.344678,4.390559,4.280482,4.169283,4.169283,3.540026,0.028993,3.361000,3.361000,0.150033,3.361000,4.355393,4.243768,inf,nan,0.000000,4.243768,4.243768,4.243768,1.593463,0.374361,4.243769,1.593463,0.374362,-0.000000,0.000000,3.208487,10,4
1780630961.544350,nmpc_dc,-3.385520,-27.426923,-0.035286,3.209255,1.579489,-3.384000,-25.826923,0.000000,45.000000,0.191223,0.006611,-0.104078,1,3.385458,4.710877,4.600916,4.489675,4.489675,3.706482,0.029001,3.527399,3.527399,0.150082,3.527399,4.675919,4.564101,inf,nan,0.000000,4.564101,4.564101,4.564101,1.689575,0.393581,4.564101,1.689575,0.393581,-0.000000,0.000000,3.209449,10,4
1780630961.656325,nmpc_dc,-3.388093,-27.105965,-0.016164,3.209916,1.574197,-3.384000,-25.505965,0.000000,45.000000,0.122606,0.003127,-0.102276,1,4.067373,5.031206,4.921317,4.810052,4.810052,3.873018,0.029005,3.693906,3.693906,0.150108,3.693906,4.996455,4.884446,inf,nan,0.000000,4.884446,4.884446,4.884446,1.785699,0.412813,4.884446,1.785699,0.412813,-0.000000,0.000000,3.209957,10,4
1780630961.745784,nmpc_dc,-3.389096,-26.784957,-0.003903,3.210229,1.570924,-3.384000,-25.184957,0.000000,45.000000,-2.820798,0.597589,-0.100820,1,5.399546,0.380507,0.311691,0.208058,0.208058,0.745042,0.029007,0.208058,0.208058,0.150122,0.565913,0.091767,-0.012657,inf,nan,0.000000,-0.012657,-0.012657,-0.012657,-0.129467,-0.141577,-0.012154,-0.129467,-0.141577,-0.000000,0.000503,3.210231,10,4
1780630961.857071,nmpc_dc,-3.403590,-26.460947,-0.285983,3.269987,1.553019,-3.384000,-24.860947,0.000000,45.000000,0.449547,-0.028742,-0.097854,1,3.541424,0.357405,0.274421,0.169571,0.169571,0.880112,0.029572,0.169571,0.169571,0.153823,0.696718,0.089251,-0.017897,inf,nan,0.000000,-0.017897,-0.017897,-0.017897,-0.142827,0.064708,-0.017896,-0.142826,0.064708,-0.000000,0.000001,3.282469,10,4
1780630961.945082,nmpc_dc,-3.429941,-26.134092,-0.241028,3.267113,1.555959,-3.384000,-24.534092,0.000000,45.000000,1.512962,-0.253428,-0.096805,1,3.737043,0.396162,0.301747,0.190858,0.190858,1.105183,0.029532,0.190858,0.190858,0.153490,0.922161,0.356625,0.247214,inf,nan,0.000000,0.247214,0.247214,0.247214,0.123308,0.088613,0.247214,0.123308,0.088614,-0.000000,0.000000,3.275992,10,4
1780630962.060531,nmpc_dc,-3.446479,-25.808647,-0.089732,3.241771,1.544945,-3.384000,-24.208647,0.000000,45.000000,1.068755,-0.157853,-0.094723,1,4.399321,0.439191,0.488035,0.378898,0.378898,1.254848,0.029286,0.378898,0.378898,0.151798,1.073764,0.401667,0.296358,inf,nan,0.000000,0.296358,0.296358,0.296358,0.202003,0.106654,0.296358,0.202004,0.106654,-0.000000,0.000000,3.243012,10,4
1780630962.144368,nmpc_dc,-3.450108,-25.485260,0.017143,3.225985,1.536345,-3.384000,-23.885260,0.000000,45.000000,0.593217,-0.080585,-0.092659,1,3.808916,0.353266,0.292802,0.189464,0.189464,1.387166,0.029157,0.189464,0.189464,0.150929,1.207080,0.319977,0.211289,inf,nan,0.000000,0.211289,0.211289,0.211289,0.328558,0.124147,0.211290,0.328559,0.124148,-0.000000,0.000000,3.226031,10,4
1780630962.249315,nmpc_dc,-3.445428,-25.163064,0.076465,3.217927,1.532224,-3.384000,-23.563064,0.000000,45.000000,0.669578,-0.248131,-0.091100,1,7.022078,0.585255,0.495686,0.388340,0.388340,0.620000,0.029098,0.384050,0.384050,0.150561,0.440341,0.084250,-0.018614,inf,nan,0.000000,-0.018614,-0.018614,-0.018614,-0.064169,-0.206792,-0.018612,-0.064169,-0.206791,-0.000000,0.000002,3.218835,10,4
1780630962.345493,nmpc_dc,-3.434434,-24.842512,0.143423,3.193114,1.530771,-3.384000,-23.242512,0.000000,45.000000,2.167274,-0.042674,-0.089969,1,6.107394,0.877588,0.783007,0.669649,0.669649,0.620000,0.028916,0.441661,0.441661,0.149413,0.441671,0.079521,-0.019771,inf,nan,0.000000,-0.019771,-0.019771,-0.019771,-0.105915,-0.231944,-0.019256,-0.105915,-0.231944,-0.000000,0.000516,3.196333,10,4
1780630962.455100,nmpc_dc,-3.409255,-24.523414,0.360150,3.188846,1.536184,-3.384000,-22.923414,0.000000,45.000000,2.727340,0.014092,-0.089698,1,7.177388,0.852188,0.748086,0.635578,0.635578,0.620000,0.029002,0.440901,0.440901,0.150065,0.440932,0.078671,-0.020626,inf,nan,0.000000,-0.020626,-0.020626,-0.020626,-0.131562,-0.061169,-0.019232,-0.131561,-0.061168,-0.000000,0.001394,3.209120,10,4
1780630962.541742,nmpc_dc,-3.359603,-24.204459,0.632884,3.190255,1.548654,-3.384000,-22.604459,0.000000,45.000000,1.069426,-0.385938,-0.090422,1,7.113170,0.551520,0.455712,0.340144,0.340144,0.692144,0.029338,0.340071,0.340071,0.152281,0.510526,0.083396,-0.018809,inf,nan,0.000000,-0.018809,-0.018809,-0.018809,-0.141207,-0.012773,-0.018706,-0.141207,-0.012773,-0.000000,0.000104,3.252426,10,4
1780630962.662083,nmpc_dc,-3.290968,-23.887363,0.739827,3.151662,1.564987,-3.384000,-22.287363,0.000000,45.000000,-4.032167,0.232158,-0.091794,1,9.627658,0.350457,0.284719,0.181585,0.181585,0.771580,0.029273,0.181585,0.181585,0.151507,0.590800,0.177920,0.067609,inf,nan,0.000000,0.067609,0.067609,0.067609,-0.078363,-0.015325,0.067610,-0.078363,-0.015324,-0.000000,0.000000,3.237331,10,4
1780630962.744194,nmpc_dc,-3.237146,-23.571036,0.336610,3.174877,1.587568,-3.384000,-21.971036,0.000000,45.000000,-3.105907,0.175648,-0.094008,1,10.430979,0.841177,0.760249,0.654822,0.654822,0.848221,0.029012,0.641604,0.641604,0.149226,0.669983,0.319394,0.216690,inf,nan,0.000000,0.216690,0.216690,0.216690,-0.047466,-0.003324,0.216690,-0.047466,-0.003324,-0.000000,0.000000,3.192672,10,4
1780630962.860002,nmpc_dc,-3.219014,-23.252670,0.026020,3.192442,1.618292,-3.384000,-21.652670,0.000000,45.000000,-1.818936,0.093422,-0.097304,1,3.016973,3.222367,3.113752,3.002115,3.002115,2.926758,0.029048,2.748486,2.748486,0.149220,2.748490,3.187542,3.075836,inf,nan,0.000000,3.075836,3.075836,3.075836,1.241275,0.304087,3.075837,1.241276,0.304088,-0.000000,0.000000,3.192548,4,4
1780630962.947698,nmpc_dc,-3.225507,-22.932959,-0.155874,3.201784,1.644415,-3.384000,-21.332959,0.000000,45.000000,-0.856769,0.045760,-0.100350,1,2.979077,3.540862,3.432959,3.321058,3.321058,3.093129,0.029134,2.914110,2.914110,0.149884,2.914110,3.506455,3.394361,inf,nan,0.000000,3.394361,3.394361,3.394361,1.336995,0.323234,3.394361,1.336996,0.323234,-0.000000,0.000000,3.205576,4,4
1780630963.062953,nmpc_dc,-3.245378,-22.612552,-0.241551,3.206360,1.657173,-3.384000,-21.012552,0.000000,45.000000,-0.227000,0.021858,-0.101857,1,3.437354,3.859500,3.751805,3.639840,3.639840,3.259817,0.029172,3.080256,3.080256,0.150388,3.080256,3.825633,3.713048,inf,nan,0.000000,3.713048,3.713048,3.713048,1.433036,0.342438,3.713048,1.433037,0.342438,-0.000000,0.000000,3.215446,4,4
1780630963.147162,nmpc_dc,-3.270668,-22.291806,-0.264251,3.208546,1.657102,-3.384000,-20.691806,0.000000,45.000000,0.146451,0.010355,-0.101574,1,3.113294,4.178584,4.070626,3.958772,3.958772,3.426595,0.029161,3.246843,3.246843,0.150591,3.246843,4.145247,4.032170,inf,nan,0.000000,4.032170,4.032170,4.032170,1.529270,0.361671,4.032170,1.529271,0.361672,-0.000000,0.000000,3.219409,4,4
1780630963.263089,nmpc_dc,-3.296361,-21.970900,-0.249606,3.209582,1.648525,-3.384000,-20.370900,0.000000,45.000000,0.338413,0.004892,-0.099918,1,3.254961,4.498184,4.389742,4.278074,4.278074,3.593400,0.029126,3.413690,3.413690,0.150584,3.413690,4.465308,4.351789,inf,nan,0.000000,4.351789,4.351789,4.351789,1.625590,0.380919,4.351789,1.625591,0.380920,-0.000000,0.000000,3.219273,4,4
1780630963.346019,nmpc_dc,-3.319630,-21.649917,-0.215764,3.210071,1.635810,-3.384000,-20.049917,0.000000,45.000000,0.409904,0.002309,-0.097479,1,2.944747,4.818234,4.709301,4.597816,4.597816,3.760229,0.029088,3.580657,3.580657,0.150484,3.580657,4.785731,4.671843,inf,nan,0.000000,4.671843,4.671843,4.671843,1.721936,0.400174,4.671843,1.721937,0.400175,-0.000000,0.000000,3.217314,4,4
1780630963.459945,nmpc_dc,-3.339157,-21.328899,-0.174774,3.210302,1.622088,-3.384000,-19.728899,0.000000,45.000000,0.407261,0.001090,-0.094750,1,3.218112,5.138625,5.029297,4.917955,4.917955,3.927086,0.029057,3.747661,3.747661,0.150368,3.747661,5.106409,4.992226,inf,nan,0.000000,4.992226,4.992226,4.992226,1.818281,0.419433,4.992227,1.818282,0.419433,-0.000000,0.000000,3.215056,4,4
1780630963.547179,nmpc_dc,-3.354598,-21.007863,-0.134048,3.210411,1.609227,-3.384000,-19.407863,0.000000,45.000000,0.363815,0.000514,-0.092060,1,3.059514,5.459252,5.349649,5.238401,5.238401,4.093971,0.029035,3.914662,3.914662,0.150274,3.914662,5.427250,5.312840,inf,nan,0.000000,5.312840,5.312840,5.312840,1.914618,0.438693,5.312840,1.914619,0.438694,-0.000000,0.000000,3.213208,4,4
1780630963.661336,nmpc_dc,-3.366183,-20.686819,-0.097667,3.210462,1.598160,-3.384000,-19.086819,0.000000,45.000000,0.302242,0.000242,-0.089592,1,3.081100,5.780034,5.670256,5.559066,5.559066,4.260879,0.029022,4.081648,4.081648,0.150210,4.081648,5.748186,5.633606,inf,nan,0.000000,5.633606,5.633606,5.633606,2.010946,0.457954,5.633606,2.010947,0.457954,-0.000000,0.000000,3.211947,4,4
1780630963.744652,nmpc_dc,-3.374439,-20.365772,-0.067442,3.210486,1.589217,-3.384000,-18.765772,0.000000,45.000000,0.236973,0.000115,-0.087427,1,4.300930,2.797995,2.688000,2.577116,2.577116,2.711032,0.029015,2.526517,2.526517,0.150171,2.531846,2.766814,2.651802,inf,nan,0.000000,2.651802,2.651802,2.651802,1.116544,0.279056,2.651803,1.116544,0.279056,-0.000000,0.000000,3.211195,10,4
1780630963.849200,nmpc_dc,-3.379998,-20.044723,-0.043745,3.210498,1.582366,-3.384000,-18.444723,0.000000,45.000000,0.176384,0.000054,-0.085580,1,3.554225,3.119083,3.009075,2.898152,2.898152,2.877735,0.029011,2.698546,2.698546,0.150151,2.698573,3.087806,2.972805,inf,nan,0.000000,2.972805,2.972805,2.972805,1.212849,0.298271,2.972806,1.212849,0.298272,-0.000000,0.000000,3.210796,10,4
1780630963.946868,nmpc_dc,-3.383491,-19.723673,-0.026107,3.210503,1.577376,-3.384000,-18.123673,0.000000,45.000000,0.124634,0.000026,-0.084026,1,3.192347,3.440152,3.330145,3.219187,3.219187,3.044351,0.029010,2.865200,2.865200,0.150141,2.865200,3.408828,3.293813,inf,nan,0.000000,3.293813,3.293813,3.293813,1.309152,0.317555,3.293813,1.309152,0.317556,-0.000000,0.000000,3.210610,10,4
1780630964.064408,nmpc_dc,-3.385478,-19.402622,-0.013643,3.210506,1.573932,-3.384000,-17.802622,0.000000,45.000000,0.083115,0.000012,-0.082724,1,3.519739,3.761206,3.651203,3.540214,3.540214,3.211004,0.029009,3.031857,3.031857,0.150138,3.031857,3.729865,3.614820,inf,nan,0.000000,3.614820,3.614820,3.614820,1.405449,0.336810,3.614821,1.405449,0.336810,-0.000000,0.000000,3.210535,10,4
1780630964.145954,nmpc_dc,-3.386427,-19.081571,-0.005332,3.210507,1.571699,-3.384000,-17.481571,0.000000,45.000000,0.051544,0.000006,-0.081625,1,3.043646,4.082251,3.972252,3.861236,3.861236,3.377546,0.029009,3.198400,3.198400,0.150136,3.198400,4.050909,3.935823,inf,nan,0.000000,3.935823,3.935823,3.935823,1.501734,0.356065,3.935824,1.501734,0.356066,-0.000000,0.000000,3.210512,10,4
1780630964.252853,nmpc_dc,-3.386703,-18.760521,-0.000177,3.210508,1.570368,-3.384000,-17.160521,0.000000,45.000000,0.028740,0.000003,-0.080682,1,3.335217,4.403291,4.293295,4.182258,4.182258,3.543822,0.029009,3.364677,3.364677,0.150136,3.364677,4.371956,4.256810,inf,nan,0.000000,4.256810,4.256810,4.256810,1.597915,0.375321,4.256810,1.597916,0.375322,-0.000000,0.000000,3.210508,10,4
1780630964.345670,nmpc_dc,-3.386577,-18.439470,0.002697,3.210508,1.569675,-3.384000,-16.839470,0.000000,45.000000,0.013143,0.000001,-0.079854,1,3.056275,4.724330,4.614334,4.503279,4.503279,3.710164,0.029009,3.531018,3.531018,0.150136,3.531018,4.693006,4.577682,inf,nan,0.000000,4.577682,4.577682,4.577682,1.694192,0.394424,4.577683,1.694193,0.394425,-0.000000,0.000000,3.210509,10,4
1780630964.462690,nmpc_dc,-3.386241,-18.118419,0.004011,3.210508,1.569406,-3.384000,-16.518419,0.000000,45.000000,0.003147,0.000000,-0.079106,1,3.513110,5.045368,4.935373,4.824301,4.824301,3.876562,0.029009,3.697417,3.697417,0.150136,3.697417,5.014056,4.898570,inf,nan,0.000000,4.898570,4.898570,4.898570,1.790472,0.413727,4.898570,1.790473,0.413727,-0.000000,0.000000,3.210511,10,4
1780630964.546237,nmpc_dc,-3.385824,-17.797368,0.004326,3.210508,1.569400,-3.384000,-16.197368,0.000000,45.000000,-0.002716,0.000000,-0.078411,1,3.194628,5.366407,5.256412,5.145321,5.145321,4.043008,0.029009,3.863863,3.863863,0.150136,3.863863,5.335106,5.219471,inf,nan,0.000000,5.219471,5.219471,5.219471,1.886754,0.432950,5.219471,1.886755,0.432950,-0.000000,0.000000,3.210511,10,4
1780630964.658667,nmpc_dc,-3.385405,-17.476318,0.004054,3.210508,1.569541,-3.384000,-15.876318,0.000000,45.000000,-0.005684,0.000000,-0.077750,1,3.394395,5.687447,5.577451,5.466317,5.466317,4.209409,0.029009,4.030264,4.030264,0.150136,4.030264,5.656157,5.540384,inf,nan,0.000000,5.540384,5.540384,5.540384,1.983038,0.452175,5.540384,1.983039,0.452176,-0.000000,0.000000,3.210511,10,4
1780630964.747001,nmpc_dc,-3.385028,-17.155267,0.003486,3.210508,1.569748,-3.384000,-15.555267,0.000000,45.000000,-0.006742,0.000001,-0.077109,1,3.616437,2.360865,2.250929,2.140054,2.140054,2.484609,0.029009,2.139967,2.139967,0.150136,2.305464,2.328167,2.214944,inf,nan,0.000000,2.214944,2.214944,2.214944,0.985223,0.252791,2.214945,0.985224,0.252791,-0.000000,0.000000,3.210510,4,4
1780630964.854031,nmpc_dc,-3.384713,-16.834216,0.002812,3.210508,1.569971,-3.384000,-15.234216,0.000000,45.000000,-0.006634,0.000000,-0.076479,1,3.510813,2.681697,2.571745,2.460828,2.460828,2.651376,0.029009,2.446160,2.446160,0.150136,2.472231,2.649178,2.535684,inf,nan,0.000000,2.535684,2.535684,2.535684,1.081508,0.272048,2.535685,1.081509,0.272048,-0.000000,0.000000,3.210509,4,4
1780630964.947520,nmpc_dc,-3.384465,-16.513165,0.002148,3.210508,1.570180,-3.384000,-14.913165,0.000000,45.000000,-0.005890,0.000000,-0.075854,1,3.067649,3.002575,2.892613,2.781661,2.781661,2.818169,0.029009,2.638830,2.638830,0.150136,2.639024,2.970198,2.856487,inf,nan,0.000000,2.856487,2.856487,2.856487,1.177795,0.291305,2.856488,1.177796,0.291306,-0.000000,0.000000,3.210509,4,4
1780630965.058509,nmpc_dc,-3.384280,-16.192114,0.001559,3.210508,1.570359,-3.384000,-14.592114,0.000000,45.000000,-0.004870,-0.000000,-0.075231,1,3.532482,3.323488,3.213517,3.102536,3.102536,2.984981,0.029009,2.805835,2.805835,0.150136,2.805836,3.291224,3.177336,inf,nan,0.000000,3.177336,3.177336,3.177336,1.274084,0.310563,3.177337,1.274085,0.310564,-0.000000,0.000000,3.210509,4,4
1780630965.146989,nmpc_dc,-3.384148,-15.871063,0.001072,3.210508,1.570503,-3.384000,-14.271063,0.000000,45.000000,-0.003804,-0.000000,-0.074609,1,3.196515,3.644425,3.534449,3.423443,3.423443,3.151811,0.029009,2.972665,2.972665,0.150136,2.972665,3.612256,3.498220,inf,nan,0.000000,3.498220,3.498220,3.498220,1.370376,0.329822,3.498220,1.370376,0.329823,-0.000000,0.000000,3.210508,4,4
1780630965.259043,nmpc_dc,-3.384060,-15.550013,0.000692,3.210508,1.570613,-3.384000,-13.950013,0.000000,45.000000,-0.002821,-0.000000,-0.073987,1,3.458478,3.965381,3.855401,3.744373,3.744373,3.318653,0.029009,3.139508,3.139508,0.150136,3.139508,3.933290,3.819130,inf,nan,0.000000,3.819130,3.819130,3.819130,1.466669,0.349081,3.819130,1.466670,0.349082,-0.000000,0.000000,3.210508,4,4
1780630965.346226,nmpc_dc,-3.384005,-15.228962,0.000410,3.210508,1.570693,-3.384000,-13.628962,0.000000,45.000000,-0.001985,-0.000000,-0.073366,1,2.977550,4.286352,4.176369,4.065322,4.065322,3.485508,0.029009,3.306363,3.306363,0.150136,3.306363,4.254328,4.140060,inf,nan,0.000000,4.140060,4.140060,4.140060,1.562965,0.368341,4.140061,1.562965,0.368341,-0.000000,0.000000,3.210508,4,4
1780630965.461597,nmpc_dc,-3.383974,-14.907911,0.000211,3.210508,1.570748,-3.384000,-13.307911,0.000000,45.000000,-0.001318,-0.000000,-0.072747,1,3.192634,4.607334,4.497349,4.386285,4.386285,3.652372,0.029009,3.473227,3.473227,0.150136,3.473227,4.575367,4.461007,inf,nan,0.000000,4.461007,4.461007,4.461007,1.659262,0.387601,4.461008,1.659263,0.387601,-0.000000,0.000000,3.210508,4,4
1780630965.547157,nmpc_dc,-3.383960,-14.586860,0.000080,3.210508,1.570784,-3.384000,-12.986860,0.000000,45.000000,-0.000812,-0.000000,-0.072130,1,3.122325,4.928326,4.818338,4.707260,4.707260,3.819244,0.029009,3.640099,3.640099,0.150136,3.640099,4.896408,4.781967,inf,nan,0.000000,4.781967,4.781967,4.781967,1.755561,0.406861,4.781968,1.755561,0.406861,-0.000000,0.000000,3.210508,4,4
1780630965.665331,nmpc_dc,-3.383956,-14.265809,-0.000002,3.210508,1.570804,-3.384000,-12.665809,0.000000,45.000000,-0.000448,-0.000000,-0.071515,1,3.844828,5.249324,5.139335,5.028244,5.028244,3.986123,0.029009,3.806978,3.806978,0.150136,3.806978,5.217450,5.102938,inf,nan,0.000000,5.102938,5.102938,5.102938,1.851861,0.426121,5.102938,1.851861,0.426122,-0.000000,0.000000,3.210508,4,4
1780630965.745852,nmpc_dc,-3.383958,-13.944759,-0.000046,3.210508,1.570815,-3.384000,-12.344759,0.000000,45.000000,-0.000200,-0.000000,-0.070905,1,6.289656,2.289801,5.460338,5.349235,5.349235,4.153008,0.029009,3.973863,3.973863,0.150136,3.973863,5.538493,5.423918,inf,nan,0.000000,5.423918,5.423918,5.423918,1.948162,0.445382,5.423918,1.948163,0.445383,-0.000000,0.000000,3.210508,4,4
1780630965.846365,nmpc_dc,-3.383964,-13.623708,-0.000067,3.210508,1.570819,-3.384000,-12.023708,0.000000,45.000000,-0.000042,0.000001,-0.070298,1,4.476433,2.602409,2.497366,2.384603,2.384603,2.594945,0.029009,2.376336,2.376336,0.150136,2.415800,2.563831,2.456453,inf,nan,0.000000,2.456453,2.456453,2.456453,1.052624,0.266064,2.456454,1.052625,0.266065,-0.000000,0.000000,3.210508,6,4
1780630965.946702,nmpc_dc,-3.383971,-13.302657,-0.000071,3.210508,1.570819,-3.384000,-11.702657,0.000000,45.000000,0.000050,0.000000,-0.069696,1,3.201321,2.918162,2.812169,2.699741,2.699741,2.760921,0.029009,2.581319,2.581319,0.150136,2.581776,2.880080,2.772141,inf,nan,0.000000,2.772141,2.772141,2.772141,1.148299,0.285203,2.772142,1.148300,0.285204,-0.000000,0.000000,3.210508,6,4
1780630966.059845,nmpc_dc,-3.383977,-12.981606,-0.000066,3.210508,1.570817,-3.384000,-11.381606,0.000000,45.000000,0.000095,0.000000,-0.069098,1,3.801838,3.234923,3.128184,3.015996,3.015996,2.927025,0.029009,2.747878,2.747878,0.150136,2.747880,3.197242,3.088798,inf,nan,0.000000,3.088798,3.088798,3.088798,1.244026,0.304358,3.088799,1.244026,0.304358,-0.000000,0.000000,3.210508,6,4
1780630966.146255,nmpc_dc,-3.383984,-12.660555,-0.000056,3.210508,1.570813,-3.384000,-11.060555,0.000000,45.000000,0.000111,-0.000000,-0.068506,1,3.123561,3.552432,3.445091,3.333080,3.333080,3.093235,0.029009,2.914090,2.914090,0.150136,2.914090,3.515082,3.406184,inf,nan,0.000000,3.406184,3.406184,3.406184,1.339804,0.323525,3.406185,1.339804,0.323525,-0.000000,0.000000,3.210508,6,4
1780630966.258525,nmpc_dc,-3.383989,-12.339504,-0.000045,3.210508,1.570810,-3.384000,-10.739504,0.000000,45.000000,0.000108,-0.000000,-0.067918,1,3.950525,3.870509,3.762674,3.650798,3.650798,3.259532,0.029009,3.080387,3.080387,0.150136,3.080387,3.833437,3.724133,inf,nan,0.000000,3.724133,3.724133,3.724133,1.435631,0.342703,3.724133,1.435631,0.342703,-0.000000,0.000000,3.210508,6,4
1780630966.346290,nmpc_dc,-3.383993,-12.018454,-0.000034,3.210508,1.570806,-3.384000,-10.418454,0.000000,45.000000,0.000095,-0.000000,-0.067335,1,3.142553,4.189028,4.080781,3.969008,3.969008,3.425901,0.029009,3.246756,3.246756,0.150136,3.246756,4.152193,4.042524,inf,nan,0.000000,4.042524,4.042524,4.042524,1.531503,0.361889,4.042524,1.531503,0.361889,-0.000000,0.000000,3.210508,6,4
1780630966.476228,nmpc_dc,-3.383996,-11.697403,-0.000025,3.210508,1.570803,-3.384000,-10.097403,0.000000,45.000000,0.000078,-0.000000,-0.066758,1,8.713136,4.507899,4.399302,4.287610,4.287610,3.592331,0.029009,3.413186,3.413186,0.150136,3.413186,4.471267,4.361270,inf,nan,0.000000,4.361270,4.361270,4.361270,1.627415,0.381083,4.361270,1.627415,0.381083,-0.000000,0.000000,3.210508,6,4
1780630966.545959,nmpc_dc,-3.383998,-11.376352,-0.000017,3.210508,1.570801,-3.384000,-9.776352,0.000000,45.000000,0.000061,-0.000000,-0.066185,1,3.177611,4.827051,4.718155,4.606527,4.606527,3.758812,0.029009,3.579667,3.579667,0.150136,3.579667,4.790597,4.680303,inf,nan,0.000000,4.680303,4.680303,4.680303,1.723362,0.400283,4.680304,1.723363,0.400283,-0.000000,0.000000,3.210508,6,4
1780630966.649961,nmpc_dc,-3.383999,-11.055301,-0.000011,3.210508,1.570799,-3.384000,-9.455301,0.000000,45.000000,0.000045,-0.000000,-0.065618,1,3.613459,5.146435,5.037279,4.925704,4.925704,3.925338,0.029009,3.746193,3.746193,0.150136,3.746193,5.110137,4.999575,inf,nan,0.000000,4.999575,4.999575,4.999575,1.819342,0.419489,4.999575,1.819342,0.419489,-0.000000,0.000000,3.210508,6,4
1780630966.746831,nmpc_dc,-3.384000,-10.734250,-0.000006,3.210508,1.570798,-3.384000,-9.134250,0.000000,45.000000,0.000032,-0.000000,-0.065055,1,5.097601,2.272198,5.356628,5.245095,5.245095,4.091902,0.029009,3.912757,3.912757,0.150136,3.912757,5.429850,5.319044,inf,nan,0.000000,5.319044,5.319044,5.319044,1.915349,0.438699,5.319045,1.915350,0.438700,-0.000000,0.000000,3.210508,6,4
1780630966.849905,nmpc_dc,-3.384000,-10.413199,-0.000003,3.210508,1.570797,-3.384000,-8.813199,0.000000,45.000000,0.000020,0.000001,-0.064498,1,3.960256,2.477587,2.376834,2.262222,2.262222,2.535690,0.029009,2.261188,2.261188,0.150136,2.356545,2.437167,2.331067,inf,nan,0.000000,2.331067,2.331067,2.331067,1.009911,0.257349,2.331068,1.009911,0.257350,-0.000000,0.000000,3.210508,10,4
1780630966.946155,nmpc_dc,-3.384001,-10.092149,-0.000001,3.210508,1.570797,-3.384000,-8.492149,0.000000,45.000000,0.000013,0.000000,-0.063945,1,3.513112,2.788084,2.685529,2.571645,2.571645,2.699435,0.029009,2.515909,2.515909,0.150136,2.520290,2.748166,2.641658,inf,nan,0.000000,2.641658,2.641658,2.641658,1.105038,0.276378,2.641658,1.105039,0.276378,-0.000000,0.000000,3.210508,10,4
1780630967.052165,nmpc_dc,-3.384001,-9.771098,0.000000,3.210508,1.570796,-3.384000,-8.171098,0.000000,45.000000,0.000007,0.000000,-0.063397,1,5.384540,3.100463,2.996697,2.883336,2.883336,2.863611,0.029009,2.684439,2.684439,0.150136,2.684466,3.061145,2.954198,inf,nan,0.000000,2.954198,2.954198,2.954198,1.200256,0.295436,2.954199,1.200257,0.295436,-0.000000,0.000000,3.210508,10,4
1780630967.145886,nmpc_dc,-3.384001,-9.450047,0.000001,3.210508,1.570796,-3.384000,-7.850047,0.000000,45.000000,0.000003,-0.000000,-0.062853,1,3.657501,3.414401,3.309672,3.196697,3.196697,3.028137,0.029009,2.848991,2.848991,0.150136,2.848992,3.375575,3.268195,inf,nan,0.000000,3.268195,3.268195,3.268195,1.295570,0.314518,3.268196,1.295571,0.314519,-0.000000,0.000000,3.210508,10,4
1780630967.260214,nmpc_dc,-3.384001,-9.128996,0.000001,3.210508,1.570796,-3.384000,-7.528996,0.000000,45.000000,0.000001,-0.000000,-0.062315,1,4.350503,3.729516,3.624004,3.511321,3.511321,3.192950,0.029009,3.013805,3.013805,0.150136,3.013805,3.691101,3.583307,inf,nan,0.000000,3.583307,3.583307,3.583307,1.390975,0.333621,3.583307,1.390976,0.333621,-0.000000,0.000000,3.210508,10,4
1780630967.344745,nmpc_dc,-3.384000,-8.807945,0.000001,3.210508,1.570796,-3.384000,-7.207945,0.000000,45.000000,-0.000001,-0.000000,-0.061781,1,3.337239,4.045539,3.939380,3.826923,3.826923,3.358004,0.029009,3.178859,3.178859,0.150136,3.178859,4.007473,3.899290,inf,nan,0.000000,3.899290,3.899290,3.899290,1.486464,0.352740,3.899290,1.486464,0.352741,-0.000000,0.000000,3.210508,10,4
1780630967.458130,nmpc_dc,-3.384000,-8.486895,0.000001,3.210508,1.570796,-3.384000,-6.886895,0.000000,45.000000,-0.000001,-0.000000,-0.061251,1,4.862478,4.362279,4.255575,4.143297,4.143297,3.523259,0.029009,3.344114,3.344114,0.150136,3.344114,4.324512,4.215967,inf,nan,0.000000,4.215967,4.215967,4.215967,1.582028,0.371874,4.215967,1.582029,0.371875,-0.000000,0.000000,3.210508,10,4
1780630967.544717,nmpc_dc,-3.384000,-8.165844,0.000001,3.210508,1.570796,-3.384000,-6.565844,0.000000,45.000000,-0.000002,-0.000000,-0.060726,1,3.795646,4.679592,4.572426,4.460290,4.460290,3.688686,0.029009,3.509541,3.509541,0.150136,3.509541,4.642085,4.533205,inf,nan,0.000000,4.533205,4.533205,4.533205,1.677660,0.391020,4.533206,1.677660,0.391021,-0.000000,0.000000,3.210508,10,4
1780630967.638268,nmpc_dc,-3.384000,-7.844793,0.000001,3.210508,1.570796,-3.384000,-6.244793,0.000000,45.000000,-0.000002,-0.000000,-0.060206,1,6.057753,4.997373,4.889809,4.777789,4.777789,3.854260,0.029009,3.675115,3.675115,0.150136,3.675115,4.960092,4.850903,inf,nan,0.000000,4.850903,4.850903,4.850903,1.773351,0.410177,4.850904,1.773352,0.410177,-0.000000,0.000000,3.210508,10,4
1780630967.750745,nmpc_dc,-3.384000,-7.523742,0.000001,3.210508,1.570796,-3.384000,-5.923742,0.000000,45.000000,-0.000001,-0.000000,-0.059690,1,8.677938,1.071217,5.207629,5.095703,5.095703,4.019961,0.029009,3.840816,3.840816,0.150136,3.840816,5.278458,5.168984,inf,nan,0.000000,5.168984,5.168984,5.168984,1.869096,0.429343,5.168984,1.869096,0.429343,-0.000000,0.000000,3.210508,9,4
1780630967.863517,nmpc_dc,-3.384000,-7.202691,0.000000,3.210508,1.570796,-3.384000,-5.602691,0.000000,45.000000,-0.000003,0.000001,-0.059178,1,4.316076,1.346209,1.288654,1.179335,1.179335,1.806425,0.029009,1.179335,1.179335,0.150136,1.627280,1.341832,1.233245,inf,nan,0.000000,1.233245,1.233245,1.233245,0.619617,0.149591,1.233246,0.619617,0.149591,-0.000000,0.000000,3.210508,10,4
1780630967.945724,nmpc_dc,-3.384000,-6.881640,0.000000,3.210508,1.570796,-3.384000,-5.281640,0.000000,45.000000,-0.000002,0.000001,-0.058671,1,3.172022,1.629653,1.573533,1.458731,1.458731,1.948232,0.029009,1.458730,1.458730,0.150136,1.769087,1.589434,1.482888,inf,nan,0.000000,1.482888,1.482888,1.482888,0.654905,0.185081,1.482889,0.654905,0.185081,-0.000000,0.000000,3.210508,10,4
1780630968.064414,nmpc_dc,-3.384000,-6.560590,-0.000000,3.210508,1.570796,-3.384000,-4.960590,0.000000,45.000000,-0.000001,0.000000,-0.058168,1,3.932097,1.838974,1.776013,1.671332,1.671332,2.093658,0.029009,1.671326,1.671326,0.150136,1.914513,1.800409,1.692926,inf,nan,0.000000,1.692926,1.692926,1.692926,0.742126,0.202382,1.692927,0.742126,0.202382,-0.000000,0.000000,3.210508,10,4
1780630968.143894,nmpc_dc,-3.384000,-6.239539,-0.000000,3.210508,1.570796,-3.384000,-4.639539,0.000000,45.000000,0.000000,-0.000000,-0.057670,1,3.104736,2.072850,1.998881,1.893424,1.893424,2.242083,0.029009,1.893348,1.893348,0.150136,2.062938,2.038312,1.927174,inf,nan,0.000000,1.927174,1.927174,1.927174,0.830868,0.220001,1.927175,0.830868,0.220002,-0.000000,0.000000,3.210508,10,4
1780630968.250291,nmpc_dc,-3.384000,-5.918488,-0.000000,3.210508,1.570796,-3.384000,-4.318488,0.000000,45.000000,0.000000,-0.000000,-0.057175,1,3.694568,2.326184,2.244159,2.137357,2.137357,2.393030,0.029009,2.135459,2.135459,0.150136,2.213885,2.294933,2.179890,inf,nan,0.000000,2.179890,2.179890,2.179890,0.920300,0.237870,2.179890,0.920300,0.237870,-0.000000,0.000000,3.210508,10,4
1780630968.345081,nmpc_dc,-3.384000,-5.597437,-0.000000,3.210508,1.570796,-3.384000,-3.997437,0.000000,45.000000,0.000000,-0.000000,-0.056685,1,3.419440,2.592241,2.505646,2.397276,2.397276,2.546096,0.029009,2.358462,2.358462,0.150136,2.366951,2.557881,2.446222,inf,nan,0.000000,2.446222,2.446222,2.446222,1.010381,0.255935,2.446223,1.010382,0.255935,-0.000000,0.000000,3.210508,10,4
1780630968.457386,nmpc_dc,-3.384000,-5.276386,-0.000000,3.210508,1.570796,-3.384000,-3.676386,0.000000,45.000000,0.000000,-0.000000,-0.056200,1,3.881597,2.868758,2.779004,2.669028,2.669028,2.700940,0.029009,2.521630,2.521630,0.150136,2.521795,2.832228,2.722737,inf,nan,0.000000,2.722737,2.722737,2.722737,1.101071,0.274159,2.722738,1.101072,0.274159,-0.000000,0.000000,3.210508,10,4
1780630968.542667,nmpc_dc,-3.384000,-4.955335,0.000000,3.210508,1.570796,-3.384000,-3.355335,0.000000,45.000000,0.000000,-0.000000,-0.055718,1,3.827370,3.153441,3.061201,2.949673,2.949673,2.857274,0.029009,2.678126,2.678126,0.150136,2.678129,3.115104,3.006987,inf,nan,0.000000,3.006987,3.006987,3.006987,1.192318,0.292512,3.006988,1.192318,0.292512,-0.000000,0.000000,3.210508,10,4
1780630968.658551,nmpc_dc,-3.384000,-4.634285,0.000000,3.210508,1.570796,-3.384000,-3.034285,0.000000,45.000000,0.000000,-0.000000,-0.055241,1,4.375605,3.443872,3.350102,3.237117,3.237117,3.014860,0.029009,2.835715,2.835715,0.150136,2.835715,3.404471,3.297209,inf,nan,0.000000,3.297209,3.297209,3.297209,1.284067,0.310971,3.297209,1.284067,0.310972,-0.000000,0.000000,3.210508,10,4
1780630968.743626,nmpc_dc,-3.384000,-4.313234,0.000000,3.210508,1.570796,-3.384000,-2.713234,0.000000,45.000000,5.688083,-0.881379,-0.054766,1,6.584799,0.480445,0.545464,0.425339,0.425339,0.620000,0.029009,0.412252,0.412252,0.150136,0.440855,0.081117,-0.019205,inf,nan,0.000000,-0.019205,-0.019205,-0.019205,-0.117813,-0.123514,-0.016287,-0.117812,-0.123513,-0.000000,0.002918,3.210508,10,4
1780630968.863879,nmpc_dc,-3.355560,-3.996590,0.568808,3.122370,1.531770,-3.384000,-2.396590,0.000000,45.000000,5.132365,-2.347603,-0.050038,1,5.213644,0.519302,0.533917,0.415847,0.415847,0.620000,0.028733,0.406509,0.406509,0.148263,0.443004,0.084844,-0.019274,inf,nan,0.000000,-0.019274,-0.019274,-0.019274,-0.121445,-0.124779,-0.016297,-0.121444,-0.124779,-0.000000,0.004440,3.173758,10,4
1780630968.946058,nmpc_dc,-3.273017,-3.696091,1.082045,2.887610,1.466344,-3.384000,-2.096091,0.000000,45.000000,1.478872,-0.832434,-0.041402,1,3.679732,0.410699,0.315370,0.203773,0.203773,0.754468,0.028131,0.203773,0.203773,0.143702,0.582635,0.090621,-0.021364,inf,nan,0.000000,-0.021364,-0.021364,-0.021364,-0.128494,0.040419,-0.014807,-0.128493,0.043698,-0.000000,0.006557,3.083685,10,4
1780630969.060017,nmpc_dc,-3.157418,-3.411492,1.229932,2.804367,1.549490,-3.384000,-1.811492,0.000000,45.000000,-7.366247,1.740145,-0.048023,1,4.424201,0.768259,0.683377,0.577039,0.577039,1.312218,0.028226,0.577039,0.577039,0.142621,1.141371,0.733708,0.624156,inf,nan,0.000000,0.624156,0.624156,0.624156,0.409854,0.024068,0.624157,0.409855,0.024069,-0.000000,0.000001,3.062222,10,4
1780630969.137727,nmpc_dc,-3.071256,-3.122355,0.493307,2.978381,1.530047,-3.384000,-1.522355,0.000000,45.000000,-5.530121,1.161450,-0.047280,1,3.900682,0.991479,0.897924,0.786024,0.786024,1.403553,0.028213,0.786024,0.786024,0.140449,1.234892,0.951724,0.846763,inf,nan,0.000000,0.846763,0.846763,0.846763,0.510738,0.016573,0.846764,0.510738,0.016574,-0.000000,0.000000,3.018958,10,4
1780630969.258765,nmpc_dc,-3.049576,-2.818709,-0.059705,3.094526,1.587872,-3.384000,-1.218709,0.000000,45.000000,-3.130165,0.602311,-0.053089,1,4.478532,0.338318,0.357200,0.248910,0.248910,1.229489,0.028863,0.248910,0.248910,0.144278,1.056349,0.306225,0.196437,inf,nan,0.000000,0.196437,0.196437,0.196437,0.211246,0.109406,0.196438,0.211247,0.109407,-0.000000,0.000000,3.095102,10,4
1780630969.344887,nmpc_dc,-3.071197,-2.506245,-0.372721,3.154757,1.663681,-3.384000,-0.906245,0.000000,45.000000,-1.367384,0.292839,-0.062456,1,3.238339,0.345432,0.282140,0.178934,0.178934,1.371689,0.029386,0.178934,0.178934,0.148413,1.193891,0.316667,0.203078,inf,nan,0.000000,0.203078,0.203078,0.203078,0.316824,0.125228,0.203079,0.316825,0.125229,-0.000000,0.000000,3.176699,10,4
1780630969.457493,nmpc_dc,-3.115306,-2.189305,-0.509460,3.184041,1.712202,-3.384000,-0.589305,0.000000,45.000000,-0.234776,0.139542,-0.069681,1,4.429161,0.602734,0.515361,0.408706,0.408706,1.536888,0.029586,0.408706,0.408706,0.150853,1.356448,0.563119,0.458979,inf,nan,0.000000,0.458979,0.458979,0.458979,0.425612,0.143905,0.458980,0.425612,0.143905,-0.000000,0.000000,3.224541,10,4
1780630969.545897,nmpc_dc,-3.167426,-1.870203,-0.532937,3.197995,1.725557,-3.384000,-0.270203,0.000000,45.000000,0.418968,0.066055,-0.072495,1,3.616380,0.891817,0.797514,0.685340,0.685340,1.702935,0.029558,0.685340,0.685340,0.151751,1.521625,0.851980,0.746897,inf,nan,0.000000,0.746897,0.746897,0.746897,0.527829,0.162873,0.746898,0.527830,0.162873,-0.000000,0.000000,3.242098,10,4
1780630969.659671,nmpc_dc,-3.218625,-1.550074,-0.491040,3.204601,1.714460,-3.384000,0.049926,0.000000,45.000000,0.738254,0.031199,-0.071525,1,5.044438,1.195658,1.098789,0.983103,0.983103,1.869229,0.029430,0.983103,0.983103,0.151747,1.688052,1.158226,1.050657,inf,nan,0.000000,1.050657,1.050657,1.050657,0.627166,0.181990,1.050658,0.627167,0.181990,-0.000000,0.000000,3.242004,10,4
1780630969.745110,nmpc_dc,-3.264038,-1.229458,-0.417215,3.207721,1.691646,-3.384000,0.370542,0.000000,45.000000,0.839086,0.014725,-0.068340,1,3.251275,1.302344,1.313186,1.200529,1.200529,1.932747,0.029290,1.200529,1.200529,0.151375,1.752083,1.366957,1.261198,inf,nan,0.000000,1.261198,1.261198,1.261198,0.671790,0.189413,1.261198,0.671790,0.189413,-0.000000,0.000000,3.234740,10,4
1780630969.856541,nmpc_dc,-3.301564,-0.908612,-0.333306,3.209193,1.665773,-3.384000,0.691388,0.000000,45.000000,0.808460,0.006947,-0.064289,1,3.538723,1.589100,1.611332,1.494970,1.494970,2.095819,0.029176,1.494970,1.494970,0.150951,1.915692,1.662855,1.554628,inf,nan,0.000000,1.554628,1.554628,1.554628,0.760598,0.208350,1.554629,0.760598,0.208350,-0.000000,0.000000,3.226455,10,4
1780630969.947148,nmpc_dc,-3.330852,-0.587658,-0.252460,3.209888,1.641427,-3.384000,1.012342,0.000000,45.000000,0.708155,0.003278,-0.060212,1,3.034292,1.889464,1.900326,1.786390,1.786390,2.259672,0.029099,1.786389,1.786389,0.150611,2.079963,1.954538,1.848837,inf,nan,0.000000,1.848837,1.848837,1.848837,0.855848,0.227336,1.848838,0.855849,0.227336,-0.000000,0.000000,3.219801,10,4
1780630970.040164,nmpc_dc,-3.352558,-0.266653,-0.181645,3.210216,1.620607,-3.384000,1.333347,0.000000,45.000000,0.579584,0.001546,-0.056540,1,3.054881,2.196324,2.199694,2.083589,2.083589,2.424139,0.029053,2.083488,2.083488,0.150383,2.244702,2.256071,2.150034,inf,nan,0.000000,2.150034,2.150034,2.150034,0.952138,0.246358,2.150035,0.952138,0.246359,-0.000000,0.000000,3.215351,10,4
1780630970.135188,nmpc_dc,-3.367824,0.054377,-0.123687,3.210370,1.603912,-3.384000,1.654377,0.000000,45.000000,0.448608,0.000729,-0.053442,1,2.832577,2.508096,2.502762,2.388216,2.388216,2.589073,0.029028,2.377210,2.377210,0.150251,2.409795,2.563725,2.457162,inf,nan,0.000000,2.457162,2.457162,2.457162,1.048142,0.265410,2.457163,1.048143,0.265410,-0.000000,0.000000,3.212752,10,4
1780630970.265394,nmpc_dc,-3.377950,0.375417,-0.078826,3.210443,1.591219,-3.384000,1.975417,0.000000,45.000000,0.329799,0.000344,-0.050942,1,6.248417,2.822841,2.811179,2.697616,2.697616,2.754364,0.029016,2.574775,2.574775,0.150182,2.575166,2.875271,2.768156,inf,nan,0.000000,2.768156,2.768156,2.768156,1.144001,0.284486,2.768156,1.144002,0.284487,-0.000000,0.000000,3.211411,10,4
1780630970.344296,nmpc_dc,-3.384183,0.696463,-0.045846,3.210478,1.582055,-3.384000,2.296463,0.000000,45.000000,0.229978,0.000162,-0.048993,1,2.893488,3.139439,3.123070,3.010137,3.010137,2.919872,0.029011,2.740707,2.740707,0.150151,2.740709,3.189348,3.081710,inf,nan,0.000000,3.081710,3.081710,3.081710,1.239794,0.303551,3.081711,1.239794,0.303552,-0.000000,0.000000,3.210805,10,4
1780630970.458154,nmpc_dc,-3.387618,1.017512,-0.022848,3.210494,1.575797,-3.384000,2.617512,0.000000,45.000000,0.150968,0.000076,-0.047510,1,3.714227,3.457220,3.437254,3.324734,3.324734,3.083256,0.029009,2.904107,2.904107,0.150140,2.904107,3.505102,3.396991,inf,nan,0.000000,3.396991,3.396991,3.396991,1.335564,0.322215,3.396992,1.335564,0.322215,-0.000000,0.000000,3.210575,10,4
1780630970.546722,nmpc_dc,-3.389148,1.338562,-0.007751,3.210501,1.571803,-3.384000,2.938562,0.000000,45.000000,0.091631,0.000036,-0.046400,1,3.243033,3.775777,3.752981,3.640737,3.640737,3.243069,0.029009,3.063924,3.063924,0.150136,3.063924,3.821994,3.713458,inf,nan,0.000000,3.713458,3.713458,3.713458,1.431335,0.338223,3.713458,1.431335,0.338224,-0.000000,0.000000,3.210511,10,4
1780630970.659515,nmpc_dc,-3.389465,1.659612,0.001412,3.210505,1.569480,-3.384000,3.259612,0.000000,45.000000,0.049311,0.000017,-0.045572,1,3.913076,4.094851,4.069766,3.957711,3.957711,3.401662,0.029009,3.222517,3.222517,0.150136,3.222517,4.139672,4.030755,inf,nan,0.000000,4.030755,4.030755,4.030755,1.527093,0.358565,4.030755,1.527094,0.358565,-0.000000,0.000000,3.210505,10,4
1780630970.747654,nmpc_dc,-3.389077,1.980663,0.006343,3.210507,1.568325,-3.384000,3.580663,0.000000,45.000000,0.020782,0.000008,-0.044948,1,5.659494,1.135774,4.387294,4.275373,4.275373,3.561037,0.029009,3.381891,3.381891,0.150136,3.381891,4.457909,4.348622,inf,nan,0.000000,4.348622,4.348622,4.348622,1.621860,0.377076,4.348622,1.621860,0.377076,-0.000000,0.000000,3.210513,10,4
1780630970.866315,nmpc_dc,-3.388339,2.301713,0.008421,3.210507,1.567939,-3.384000,3.901713,0.000000,45.000000,0.002837,-0.000010,-0.044461,1,9.924397,1.024038,0.988330,0.882424,0.882424,0.620000,0.029009,0.440854,0.440854,0.150137,0.440854,0.203464,0.087363,inf,nan,0.000000,0.087363,0.087363,0.087363,-0.039951,-0.114129,0.087363,-0.039950,-0.114128,-0.000000,0.000000,3.210519,10,4
1780630970.945711,nmpc_dc,-3.387483,2.622764,0.008705,3.210506,1.568019,-3.384000,4.222764,0.000000,45.000000,0.007625,-0.568512,-0.044082,1,3.836403,0.871677,0.881810,0.768149,0.768149,0.620000,0.029009,0.440854,0.440854,0.150137,0.440854,0.101254,-0.009190,inf,nan,0.000000,-0.009190,-0.009190,-0.009190,-0.041523,-0.100322,-0.009188,-0.041523,-0.100322,-0.000000,0.000002,3.210518,10,4
1780630971.062315,nmpc_dc,-3.386574,2.940972,0.009467,3.153655,1.568296,-3.384000,4.540972,0.000000,45.000000,0.019395,-1.709938,-0.043735,1,6.241348,0.797172,0.844139,0.731566,0.731566,0.620000,0.028575,0.444181,0.444181,0.147243,0.444183,0.098735,-0.010248,inf,nan,0.000000,-0.010248,-0.010248,-0.010248,-0.064586,-0.114939,-0.009077,-0.064586,-0.114939,-0.000000,0.001250,3.153669,10,4
1780630971.146103,nmpc_dc,-3.385531,3.247788,0.011407,2.982661,1.568380,-3.384000,4.847788,0.000000,45.000000,0.040537,-3.724582,-0.043377,1,4.629499,0.810085,0.833302,0.703940,0.703940,0.620000,0.027316,0.454045,0.454045,0.138635,0.454049,0.097447,-0.010741,inf,nan,0.000000,-0.010741,-0.010741,-0.010741,-0.073094,-0.110373,-0.009010,-0.073094,-0.110372,-0.000000,0.001859,2.982683,10,4
1780630971.263106,nmpc_dc,-3.384187,3.527431,0.015460,2.610203,1.567378,-3.384000,5.127431,0.000000,45.000000,0.051007,-5.650555,-0.042900,1,7.072742,0.665012,0.564098,0.445191,0.445191,0.630452,0.024816,0.438904,0.438904,0.120392,0.485244,0.095215,-0.012592,inf,nan,0.000000,-0.012592,-0.012592,-0.012592,-0.077476,-0.018074,-0.008980,-0.077476,-0.018074,-0.000000,0.003746,2.610249,10,4
1780630971.346223,nmpc_dc,-3.382386,3.760199,0.020561,2.045148,1.565660,-3.384000,5.360199,0.000000,45.000000,0.048801,-6.925164,-0.042319,1,5.580550,0.440950,0.338565,0.218312,0.218312,0.721848,0.021660,0.218312,0.218312,0.094041,0.606147,0.093710,-0.013912,inf,nan,0.000000,-0.013912,-0.013912,-0.013912,-0.078372,-0.003753,-0.009008,-0.078372,-0.001716,-0.000000,0.005078,2.045251,10,4
1780630971.463278,nmpc_dc,-3.380086,3.930088,0.025441,1.352631,1.564644,-3.384000,5.530088,0.000000,45.000000,-0.392742,-2.441569,-0.041792,1,7.371420,0.357004,0.270795,0.152115,0.152115,0.620000,0.018836,0.152115,0.152115,0.063926,0.537237,0.101358,-0.021333,inf,nan,0.000000,-0.021333,-0.021333,-0.021333,-0.041225,-0.005913,-0.012242,-0.041225,-0.005266,-0.000000,0.009165,1.352871,10,4
1780630971.546770,nmpc_dc,-3.379506,4.053143,-0.013833,1.108474,1.579256,-3.384000,5.653143,0.000000,45.000000,-0.136598,7.998834,-0.042984,1,5.424593,0.361268,0.314847,0.210302,0.210302,0.620000,0.018115,0.210302,0.210302,0.053872,0.548013,0.097479,-0.013987,inf,nan,0.000000,-0.013987,-0.013987,-0.013987,-0.062057,-0.137882,-0.013987,-0.062057,-0.137882,-0.000000,0.000000,1.108561,10,4
1780630971.662609,nmpc_dc,-3.381572,4.203985,-0.027493,1.908358,1.568337,-3.384000,5.803985,0.000000,45.000000,-0.306293,6.320283,-0.041797,1,4.946289,0.729971,0.661312,0.557233,0.557233,0.620000,0.021011,0.505901,0.505901,0.087906,0.511083,0.087911,-0.014804,inf,nan,0.000000,-0.014804,-0.014804,-0.014804,-0.066315,-0.122217,-0.014803,-0.066314,-0.122217,-0.000000,0.000001,1.908556,10,4
1780630971.741399,nmpc_dc,-3.385853,4.426422,-0.058122,2.540386,1.550277,-3.384000,6.026422,0.000000,45.000000,-0.434953,3.478576,-0.039286,1,6.411088,0.450276,0.534787,0.429935,0.429935,0.620000,0.024388,0.425145,0.425145,0.117079,0.478533,0.088390,-0.014758,inf,nan,0.000000,-0.014758,-0.014758,-0.014758,-0.091694,-0.109496,-0.014758,-0.091694,-0.109496,-0.000000,0.000000,2.541051,10,4
1780630971.862973,nmpc_dc,-3.393839,4.697853,-0.101617,2.888244,1.543991,-3.384000,6.297853,0.000000,45.000000,-4.828828,2.421890,-0.037702,1,4.897125,0.342611,0.254195,0.148461,0.148461,0.869045,0.026663,0.148461,0.148461,0.134032,0.708350,0.078645,-0.022996,inf,nan,0.000000,-0.022996,-0.022996,-0.022996,-0.142286,0.063412,-0.018677,-0.142286,0.063413,-0.000000,0.004319,2.890031,10,4
1780630971.944525,nmpc_dc,-3.428145,4.998787,-0.584500,3.130433,1.460248,-3.384000,6.598787,0.000000,45.000000,2.624126,0.537831,-0.027925,1,3.131252,0.346525,0.251997,0.137778,0.137778,1.249119,0.028822,0.137778,0.137778,0.148812,1.071485,0.309668,0.186805,inf,nan,0.000000,0.186805,0.186805,0.186805,0.307691,0.077036,0.186806,0.307692,0.077038,-0.000000,0.000001,3.184533,10,4
1780630972.061715,nmpc_dc,-3.473475,5.314520,-0.322087,3.184216,1.523659,-3.384000,6.914520,0.000000,45.000000,2.424305,0.157215,-0.032228,1,8.830266,0.492172,0.464050,0.349058,0.349058,1.350527,0.028984,0.349058,0.349058,0.149624,1.171919,0.533189,0.402668,inf,nan,0.000000,0.402668,0.402668,0.402668,0.338830,0.031014,0.402668,0.338830,0.031014,-0.000000,0.000000,3.200464,10,4
1780630972.145400,nmpc_dc,-3.493562,5.633727,-0.079657,3.199937,1.525560,-3.384000,7.233727,0.000000,45.000000,1.512037,0.058765,-0.033304,1,3.410819,0.397638,0.343325,0.239474,0.239474,1.354563,0.029013,0.239474,0.239474,0.149647,1.175902,0.361883,0.254947,inf,nan,0.000000,0.254947,0.254947,0.254947,0.335430,0.040251,0.254948,0.335431,0.040251,-0.000000,0.000000,3.200929,10,4
1780630972.260230,nmpc_dc,-3.493967,5.954015,0.071547,3.205814,1.515077,-3.384000,7.554015,0.000000,45.000000,0.775764,0.025264,-0.032218,1,4.608916,0.631621,0.548325,0.442762,0.442762,1.373907,0.029057,0.442762,0.442762,0.149937,1.194912,0.596272,0.487985,inf,nan,0.000000,0.487985,0.487985,0.487985,0.430361,0.024079,0.487986,0.430362,0.024079,-0.000000,0.000000,3.206612,10,4
1780630972.342969,nmpc_dc,-3.482934,6.274722,0.149123,3.208340,1.508572,-3.384000,7.874722,0.000000,45.000000,0.277684,0.011526,-0.031032,1,3.246693,0.916582,0.824260,0.713897,0.713897,1.414950,0.029082,0.713897,0.713897,0.150202,1.235665,0.876928,0.771951,inf,nan,0.000000,0.771951,0.771951,0.771951,0.463762,-0.013766,0.771951,0.463763,-0.013766,-0.000000,0.000000,3.211804,10,4
1780630972.461030,nmpc_dc,-3.466633,6.595614,0.176892,3.209493,1.508912,-3.384000,8.195614,0.000000,45.000000,-0.028280,0.005375,-0.030573,1,4.752249,1.214947,1.119777,1.005092,1.005092,1.480624,0.029083,1.005091,1.005091,0.150333,1.301208,1.174648,1.069551,inf,nan,0.000000,1.069551,1.069551,1.069551,0.465068,-0.018362,1.069551,0.465069,-0.018361,-0.000000,0.000000,3.214364,10,4
1780630972.544814,nmpc_dc,-3.449085,6.916590,0.174064,3.210030,1.514568,-3.384000,8.516590,0.000000,45.000000,-0.195066,0.002524,-0.030879,1,3.531605,1.520741,1.422166,1.306809,1.306809,1.307625,0.029069,1.128148,1.128148,0.150353,1.128203,1.460860,1.352973,inf,nan,0.000000,1.352973,1.352973,1.352973,0.377727,-0.006061,1.352973,0.377727,-0.006061,-0.000000,0.000000,3.214746,10,4
1780630972.661320,nmpc_dc,-3.432654,7.237606,0.154557,3.210283,1.523146,-3.384000,8.837606,0.000000,45.000000,-0.267389,0.001189,-0.031691,1,5.183021,1.559614,1.589732,1.476963,1.476963,1.315670,0.029051,1.136304,1.136304,0.150315,1.136304,1.455903,1.350302,inf,nan,0.000000,1.350302,1.350302,1.350302,0.369860,-0.025902,1.350303,0.369860,-0.025901,-0.000000,0.000000,3.214001,10,4
1780630972.732257,nmpc_dc,-3.418536,7.558640,0.127818,3.210402,1.532659,-3.384000,9.158640,0.000000,45.000000,-0.279906,0.000565,-0.032727,1,3.036203,0.806414,0.820308,0.705945,0.705945,1.476645,0.029035,0.705945,0.705945,0.150261,1.297349,0.771902,0.661994,inf,nan,0.000000,0.661994,0.661994,0.661994,0.348458,0.131687,0.661994,0.348459,0.131688,-0.000000,0.000000,3.212945,10,4
1780630972.860046,nmpc_dc,-3.407153,7.879683,0.099827,3.210458,1.541787,-3.384000,9.479683,0.000000,45.000000,-0.257982,0.000267,-0.033770,1,3.998635,0.956837,0.920743,0.814920,0.814920,1.624495,0.029024,0.814920,0.814920,0.150213,1.445258,0.916499,0.811854,inf,nan,0.000000,0.811854,0.811854,0.811854,0.451996,0.149333,0.811854,0.451997,0.149333,-0.000000,0.000000,3.212010,10,4
1780630972.946591,nmpc_dc,-3.398461,8.200730,0.074029,3.210485,1.549797,-3.384000,9.800730,0.000000,45.000000,-0.219241,0.000125,-0.034687,1,3.123021,1.165460,1.100327,0.995901,0.995901,1.775978,0.029017,0.995901,0.995901,0.150179,1.596783,1.129016,1.020294,inf,nan,0.000000,1.020294,1.020294,1.020294,0.551344,0.167358,1.020295,0.551344,0.167359,-0.000000,0.000000,3.211338,10,4
1780630973.061323,nmpc_dc,-3.392154,8.521779,0.052105,3.210497,1.556383,-3.384000,10.121779,0.000000,45.000000,-0.175177,0.000059,-0.035411,1,3.748451,1.411373,1.330526,1.224455,1.224455,1.930373,0.029012,1.224455,1.224455,0.150157,1.751203,1.379879,1.265550,inf,nan,0.000000,1.265550,1.265550,1.265550,0.647793,0.185643,1.265550,0.647794,0.185643,-0.000000,0.000000,3.210920,10,4
1780630973.145802,nmpc_dc,-3.387819,8.842830,0.034587,3.210503,1.561510,-3.384000,10.442830,0.000000,45.000000,-0.132707,0.000027,-0.035923,1,3.062205,1.679110,1.591080,1.482453,1.482453,2.087037,0.029010,1.482453,1.482453,0.150145,1.907881,1.643332,1.533678,inf,nan,0.000000,1.533678,1.533678,1.533678,0.742787,0.204112,1.533678,0.742787,0.204113,-0.000000,0.000000,3.210690,10,4
1780630973.258470,nmpc_dc,-3.385024,9.163880,0.021317,3.210506,1.565306,-3.384000,10.763880,0.000000,45.000000,-0.095498,0.000013,-0.036235,1,5.642663,1.962550,1.870012,1.758773,1.758773,2.245460,0.029009,1.758772,1.758772,0.150140,2.066311,1.923781,1.816361,inf,nan,0.000000,1.816361,1.816361,1.816361,0.837157,0.222717,1.816362,0.837157,0.222718,-0.000000,0.000000,3.210577,10,4
1780630973.345978,nmpc_dc,-3.383370,9.484931,0.011767,3.210507,1.567974,-3.384000,11.084931,0.000000,45.000000,-0.065038,0.000006,-0.036371,1,3.112187,2.254609,2.160466,2.046854,2.046854,2.405253,0.029009,2.046800,2.046800,0.150137,2.226107,2.215028,2.108610,inf,nan,0.000000,2.108610,2.108610,2.108610,0.931333,0.241425,2.108610,0.931333,0.241426,-0.000000,0.000000,3.210529,10,4
1780630973.457752,nmpc_dc,-3.382518,9.805981,0.005263,3.210508,1.569743,-3.384000,11.405981,0.000000,45.000000,-0.041459,0.000003,-0.036364,1,3.915093,2.553291,2.458444,2.342765,2.342765,2.566124,0.029009,2.337253,2.337253,0.150136,2.386979,2.513415,2.407359,inf,nan,0.000000,2.407359,2.407359,2.407359,1.025522,0.260214,2.407360,1.025523,0.260214,-0.000000,0.000000,3.210512,10,4
1780630973.547073,nmpc_dc,-3.382199,10.127032,0.001117,3.210508,1.570832,-3.384000,11.727032,0.000000,45.000000,-0.024121,0.000001,-0.036248,1,3.210043,2.856814,2.760026,2.644077,2.644077,2.727853,0.029009,2.547711,2.547711,0.150136,2.548708,2.816703,2.710674,inf,nan,0.000000,2.710674,2.710674,2.710674,1.119820,0.279067,2.710674,1.119820,0.279067,-0.000000,0.000000,3.210508,10,4
1780630973.661793,nmpc_dc,-3.382208,10.448083,-0.001295,3.210508,1.571431,-3.384000,12.048083,0.000000,45.000000,-0.012029,0.000000,-0.036052,1,4.341526,3.163774,3.064289,2.949237,2.949237,2.890274,0.029009,2.711122,2.711122,0.150136,2.711129,3.123472,3.017292,inf,nan,0.000000,3.017292,3.017292,3.017292,1.214262,0.297972,3.017292,1.214262,0.297972,-0.000000,0.000000,3.210508,10,4
1780630973.743013,nmpc_dc,-3.382398,10.769134,-0.002498,3.210508,1.571698,-3.384000,12.369134,0.000000,45.000000,5.656854,-5.656854,-0.035821,1,12.241398,0.556895,0.446898,0.337483,0.337483,0.642685,0.029009,0.337139,0.337139,0.150136,0.463540,0.054580,-0.044298,inf,nan,0.000000,-0.044298,-0.044298,-0.044298,-0.152820,-0.000382,-0.018439,-0.152819,0.004218,-0.000000,0.025858,3.210509,10,4
1780630973.859096,nmpc_dc,-3.354363,11.061900,0.563188,2.644823,1.326736,-3.384000,12.661900,0.000000,45.000000,-0.345772,1.802880,-0.008862,1,6.798350,0.391822,0.327539,0.224229,0.224229,0.756944,0.025420,0.224229,0.224229,0.124925,0.606599,0.086202,-0.015187,inf,nan,0.000000,-0.015187,-0.015187,-0.015187,-0.108865,-0.020634,-0.015014,-0.108865,-0.020634,-0.000000,0.000173,2.704121,10,4
1780630973.944961,nmpc_dc,-3.299773,11.335397,0.528610,2.825111,1.461594,-3.384000,12.935397,0.000000,45.000000,-3.122712,1.846540,-0.016727,1,3.913131,0.352153,0.340944,0.230728,0.230728,0.783672,0.026599,0.230728,0.230728,0.133247,0.623827,0.228573,0.122982,inf,nan,0.000000,0.122982,0.122982,0.122982,-0.023809,-0.031569,0.122982,-0.023808,-0.031569,-0.000000,0.000000,2.874140,10,4
1780630974.063470,nmpc_dc,-3.262526,11.627141,0.216339,3.009765,1.497498,-3.384000,13.227141,0.000000,45.000000,-2.277449,1.030153,-0.022496,1,5.461456,0.346995,0.393467,0.286980,0.286980,0.805037,0.027662,0.286980,0.286980,0.140377,0.636997,0.312906,0.204774,inf,nan,0.000000,0.204774,0.204774,0.204774,0.076870,-0.075200,0.204775,0.076871,-0.075199,-0.000000,0.000000,3.017530,10,4
1780630974.144672,nmpc_dc,-3.252279,11.933268,-0.011406,3.112780,1.555956,-3.384000,13.533268,0.000000,45.000000,-1.294115,0.511393,-0.030160,1,4.041002,0.354988,0.381706,0.275238,0.275238,0.880847,0.028380,0.275238,0.275238,0.145172,0.707295,0.323503,0.212356,inf,nan,0.000000,0.212356,0.212356,0.212356,0.111833,-0.061293,0.212357,0.111833,-0.061292,-0.000000,0.000000,3.112801,10,4
1780630974.260608,nmpc_dc,-3.259890,12.247103,-0.140817,3.163919,1.601982,-3.384000,13.847103,0.000000,45.000000,-0.577821,0.245321,-0.036895,1,6.691643,0.379418,0.277178,0.164760,0.164760,0.995832,0.028776,0.164760,0.164760,0.147922,0.819134,0.342053,0.235394,inf,nan,0.000000,0.235394,0.235394,0.235394,0.122719,-0.110320,0.235394,0.122719,-0.110320,-0.000000,0.000000,3.167051,10,4
1780630974.344087,nmpc_dc,-3.276861,12.564722,-0.198599,3.188451,1.625785,-3.384000,14.164722,0.000000,45.000000,-0.116228,0.116387,-0.040934,1,4.122691,0.602766,0.550910,0.435579,0.435579,1.131384,0.028961,0.435579,0.435579,0.149326,0.953097,0.552635,0.444656,inf,nan,0.000000,0.444656,0.444656,0.444656,0.129716,0.096505,0.444656,0.129717,0.096505,-0.000000,0.000000,3.194631,10,4
1780630974.464134,nmpc_dc,-3.297302,12.884149,-0.210222,3.200090,1.632176,-3.384000,14.484149,0.000000,45.000000,0.152194,0.055013,-0.042377,1,6.359926,0.588191,0.632053,0.522718,0.522718,1.277864,0.029031,0.522718,0.522718,0.149956,1.098877,0.552635,0.444656,inf,nan,0.000000,0.444656,0.444656,0.444656,0.230127,0.113512,0.444656,0.230128,0.113512,-0.000000,0.000000,3.206988,10,4
1780630974.543789,nmpc_dc,-3.317563,13.204433,-0.195003,3.205592,1.628265,-3.384000,14.804433,0.000000,45.000000,0.285317,0.025971,-0.042041,1,4.802988,0.685314,0.678399,0.568101,0.568101,1.430624,0.029045,0.568101,0.568101,0.150188,1.251391,0.646318,0.541386,inf,nan,0.000000,0.541386,0.541386,0.541386,0.344920,0.131285,0.541387,0.344921,0.131286,-0.000000,0.000000,3.211517,10,4
1780630974.676711,nmpc_dc,-3.335637,13.525122,-0.166471,3.208189,1.619518,-3.384000,15.125122,0.000000,45.000000,0.329674,0.012255,-0.040735,1,15.971204,0.869012,0.814181,0.709826,0.709826,1.587278,0.029039,0.709826,0.709826,0.150238,1.408001,0.830765,0.723891,inf,nan,0.000000,0.723891,0.723891,0.723891,0.452669,0.149502,0.723891,0.452669,0.149502,-0.000000,0.000000,3.212505,10,4
1780630974.730586,nmpc_dc,-3.350636,13.846002,-0.133504,3.209414,1.609339,-3.384000,15.446002,0.000000,45.000000,0.320268,0.005781,-0.039039,1,2.975376,1.163359,1.092312,0.987604,0.987604,1.759584,0.029029,0.987604,0.987604,0.150222,1.580333,1.130361,1.018455,inf,nan,0.000000,1.018455,1.018455,1.018455,0.560548,0.169317,1.018456,0.560548,0.169317,-0.000000,0.000000,3.212190,10,4
1780630974.858181,nmpc_dc,-3.362385,14.166972,-0.101477,3.209992,1.599596,-3.384000,15.766972,0.000000,45.000000,0.282043,0.002727,-0.037303,1,4.353745,1.418760,1.334555,1.227541,1.227541,1.918725,0.029020,1.227541,1.227541,0.150192,1.739513,1.384494,1.273466,inf,nan,0.000000,1.273466,1.273466,1.273466,0.657723,0.187807,1.273467,0.657724,0.187808,-0.000000,0.000000,3.211596,10,4
1780630974.946012,nmpc_dc,-3.371122,14.487985,-0.073272,3.210265,1.591177,-3.384000,16.087985,0.000000,45.000000,0.231792,0.001286,-0.035714,1,3.412133,1.694934,1.604164,1.494226,1.494226,2.079463,0.029014,1.494226,1.494226,0.150166,1.900282,1.656910,1.549150,inf,nan,0.000000,1.549150,1.549150,1.549150,0.753415,0.206442,1.549150,0.753416,0.206442,-0.000000,0.000000,3.211101,10,4
1780630975.059128,nmpc_dc,-3.377291,14.809018,-0.050093,3.210394,1.584390,-3.384000,16.409018,0.000000,45.000000,0.180057,0.000607,-0.034348,1,4.512993,1.983752,1.890059,1.777311,1.777311,2.241370,0.029011,1.777309,1.777309,0.150150,2.062209,1.944223,1.837820,inf,nan,0.000000,1.837820,1.837820,1.837820,0.848442,0.225181,1.837820,0.848443,0.225182,-0.000000,0.000000,3.210784,10,4
1780630975.142564,nmpc_dc,-3.381400,15.130060,-0.032088,3.210454,1.579218,-3.384000,16.730060,0.000000,45.000000,0.132834,0.000286,-0.033224,1,3.157822,2.280743,2.186015,2.070796,2.070796,2.404155,0.029010,2.070666,2.070666,0.150142,2.225003,2.240870,2.134916,inf,nan,0.000000,2.134916,2.134916,2.134916,0.943221,0.244001,2.134917,0.943222,0.244002,-0.000000,0.000000,3.210615,10,4
1780630975.261194,nmpc_dc,-3.383944,15.451107,-0.018804,3.210483,1.575479,-3.384000,17.051107,0.000000,45.000000,0.092978,0.000135,-0.032322,1,5.746092,2.583744,2.487126,2.371119,2.371119,2.567609,0.029009,2.358690,2.358690,0.150138,2.388463,2.543608,2.437663,inf,nan,0.000000,2.437663,2.437663,2.437663,1.037956,0.262885,2.437663,1.037956,0.262885,-0.000000,0.000000,3.210538,10,4
1780630975.344827,nmpc_dc,-3.385360,15.772156,-0.009506,3.210496,1.572923,-3.384000,17.372156,0.000000,45.000000,0.061312,0.000063,-0.031611,1,3.470325,2.890812,2.791058,2.676094,2.676094,2.731586,0.029009,2.552066,2.552066,0.150136,2.552441,2.850468,2.744320,inf,nan,0.000000,2.744320,2.744320,2.744320,1.132740,0.281819,2.744320,1.132740,0.281819,-0.000000,0.000000,3.210510,10,4
1780630975.461061,nmpc_dc,-3.386004,16.093206,-0.003375,3.210503,1.571286,-3.384000,17.693206,0.000000,45.000000,0.037448,0.000030,-0.031053,1,4.784070,3.200478,3.098559,2.984334,2.984334,2.895975,0.029009,2.716828,2.716828,0.150136,2.716830,3.160214,3.053764,inf,nan,0.000000,3.053764,3.053764,3.053764,1.227614,0.300794,3.053764,1.227614,0.300794,-0.000000,0.000000,3.210504,10,4
1780630975.542119,nmpc_dc,-3.386154,16.414257,0.000370,3.210506,1.570328,-3.384000,18.014257,0.000000,45.000000,0.020366,0.000014,-0.030610,1,3.833315,3.511744,3.408618,3.294933,3.294933,3.060696,0.029009,2.881551,2.881551,0.150136,2.881551,3.472042,3.365248,inf,nan,0.000000,3.365248,3.365248,3.365248,1.322592,0.319803,3.365249,1.322593,0.319804,-0.000000,0.000000,3.210506,10,4
1780630975.661942,nmpc_dc,-3.386015,16.735307,0.002406,3.210507,1.569845,-3.384000,18.335307,0.000000,45.000000,0.008803,0.000006,-0.030250,1,4.703536,3.824645,3.720563,3.607282,3.607282,3.225687,0.029009,3.046542,3.046542,0.150136,3.046542,3.785414,3.678266,inf,nan,0.000000,3.678266,3.678266,3.678266,1.417677,0.338841,3.678267,1.417678,0.338841,-0.000000,0.000000,3.210508,10,4
1780630975.747338,nmpc_dc,-3.385731,17.056358,0.003287,3.210508,1.569675,-3.384000,18.656358,0.000000,45.000000,0.001489,0.000003,-0.029948,1,8.354728,1.245592,4.033933,3.920961,3.920961,3.390901,0.029009,3.211756,3.211756,0.150136,3.211756,4.099961,3.992463,inf,nan,0.000000,3.992463,3.992463,3.992463,1.512864,0.357902,3.992464,1.512864,0.357903,-0.000000,0.000000,3.210509,10,4
1780630975.863149,nmpc_dc,-3.385395,17.377409,0.003436,3.210508,1.569697,-3.384000,18.977409,0.000000,45.000000,-0.002719,0.000002,-0.029683,1,4.813949,1.488565,1.378565,1.268042,1.268042,1.745550,0.029009,1.268041,1.268041,0.150136,1.566405,1.457984,1.343315,inf,nan,0.000000,1.343315,1.343315,1.343315,0.655733,0.094291,1.343315,0.655733,0.094291,-0.000000,0.000000,3.210510,10,4
1780630975.942145,nmpc_dc,-3.385065,17.698459,0.003164,3.210508,1.569822,-3.384000,19.298459,0.000000,45.000000,-0.004768,0.000001,-0.029440,1,3.269164,1.809612,1.699612,1.588955,1.588955,1.850893,0.029009,1.587421,1.587421,0.150136,1.671748,1.778920,1.663750,inf,nan,0.000000,1.663750,1.663750,1.663750,0.672966,0.108015,1.663751,0.672967,0.108015,-0.000000,0.000000,3.210510,10,4
1780630976.072305,nmpc_dc,-3.384772,18.019510,0.002687,3.210508,1.569992,-3.384000,19.619510,0.000000,45.000000,-0.005411,0.000000,-0.029209,1,11.741933,2.017070,2.020660,1.896471,1.896471,1.966922,0.029009,1.787147,1.787147,0.150136,1.787777,1.986227,1.870815,inf,nan,0.000000,1.870815,1.870815,1.870815,0.678804,0.184123,1.870815,0.678805,0.184124,-0.000000,0.000000,3.210509,10,4
1780630976.144172,nmpc_dc,-3.384530,18.340561,0.002146,3.210508,1.570169,-3.384000,19.940561,0.000000,45.000000,-0.005209,0.000000,-0.028983,1,3.535648,2.134822,2.123273,2.014185,2.014185,2.091179,0.029009,1.911245,1.911245,0.150136,1.912034,2.097643,1.988375,inf,nan,0.000000,1.988375,1.988375,1.988375,0.748537,0.199147,1.988375,0.748537,0.199147,-0.000000,0.000000,3.210509,10,4
1780630976.261820,nmpc_dc,-3.384342,18.661612,0.001625,3.210508,1.570332,-3.384000,20.261612,0.000000,45.000000,-0.004561,0.000000,-0.028759,1,5.302964,2.286287,2.254984,2.148647,2.148647,2.221754,0.029009,2.041919,2.041919,0.150136,2.042609,2.246814,2.140399,inf,nan,0.000000,2.140399,2.140399,2.140399,0.823348,0.214792,2.140399,0.823349,0.214792,-0.000000,0.000000,3.210509,10,4
1780630976.343419,nmpc_dc,-3.384202,18.982663,0.001169,3.210508,1.570470,-3.384000,20.582663,0.000000,45.000000,-0.003731,0.000000,-0.028534,1,3.964180,2.467758,2.420315,2.315229,2.315229,2.357233,0.029009,2.177854,2.177854,0.150136,2.178088,2.427572,2.321627,inf,nan,0.000000,2.321627,2.321627,2.321627,0.901564,0.230947,2.321628,0.901565,0.230947,-0.000000,0.000000,3.210508,10,4
1780630976.463004,nmpc_dc,-3.384104,19.303714,0.000796,3.210508,1.570580,-3.384000,20.903714,0.000000,45.000000,-0.002887,-0.000000,-0.028306,1,5.856919,2.672797,2.613230,2.508417,2.508417,2.496613,0.029009,2.317433,2.317433,0.150136,2.317468,2.633768,2.526704,inf,nan,0.000000,2.526704,2.526704,2.526704,0.982316,0.247521,2.526704,0.982317,0.247521,-0.000000,0.000000,3.210508,10,4
1780630976.527742,nmpc_dc,-3.384039,19.624764,0.000507,3.210508,1.570663,-3.384000,21.224764,0.000000,45.000000,-0.002122,-0.000000,-0.028077,1,3.072607,2.897378,2.828369,2.723203,2.723203,2.639196,0.029009,2.460048,2.460048,0.150136,2.460051,2.860170,2.751009,inf,nan,0.000000,2.751009,2.751009,2.751009,1.065047,0.264440,2.751009,1.065048,0.264441,-0.000000,0.000000,3.210508,10,4
1780630976.629850,nmpc_dc,-3.383999,19.945815,0.000295,3.210508,1.570723,-3.384000,21.545815,0.000000,45.000000,-0.001479,-0.000000,-0.027846,1,3.054359,3.136803,3.061261,2.955360,2.955360,2.784479,0.029009,2.605333,2.605333,0.150136,2.605334,3.102559,2.990754,inf,nan,0.000000,2.990754,2.990754,2.990754,1.149386,0.281646,2.990754,1.149386,0.281646,-0.000000,0.000000,3.210508,10,4
1780630976.729564,nmpc_dc,-3.383977,20.266866,0.000147,3.210508,1.570764,-3.384000,21.866866,0.000000,45.000000,-0.755578,-0.182529,-0.027614,1,4.183100,0.724083,0.671006,0.566653,0.566653,0.620000,0.029009,0.440507,0.440507,0.150136,0.440855,0.090167,-0.011004,inf,nan,0.000000,-0.011004,-0.011004,-0.011004,-0.051999,-0.118118,-0.011003,-0.051999,-0.118118,-0.000000,0.000002,3.210508,10,4
1780630976.871915,nmpc_dc,-3.387740,20.587004,-0.075411,3.192255,1.572217,-3.384000,22.187004,0.000000,45.000000,-1.759074,-0.165695,-0.027560,1,14.118336,0.541342,0.542865,0.430463,0.430463,0.620000,0.028876,0.415798,0.415798,0.149251,0.441874,0.093561,-0.010017,inf,nan,0.000000,-0.010017,-0.010017,-0.010017,-0.080266,-0.133822,-0.010017,-0.080266,-0.133822,-0.000000,0.000016,3.193146,10,4
1780630976.945328,nmpc_dc,-3.404076,20.905401,-0.251319,3.175686,1.573110,-3.351685,22.503007,0.000000,45.000000,-1.439885,-0.149693,-0.027467,1,4.696229,0.444197,0.502025,0.387583,0.387583,0.636327,0.028786,0.385304,0.385304,0.148867,0.458674,0.089086,-0.014390,inf,nan,0.000000,-0.014390,-0.014390,-0.014390,-0.100887,-0.149039,-0.014389,-0.100887,-0.149039,-0.000000,0.000001,3.185615,10,4
1780630977.070272,nmpc_dc,-3.436408,21.222221,-0.395307,3.160717,1.556358,-3.304999,22.816369,0.000000,45.000000,-0.706812,-0.554300,-0.025421,1,6.420910,0.422265,0.338971,0.233675,0.233675,0.760807,0.028806,0.233675,0.233675,0.148853,0.583148,0.101471,-0.008596,inf,nan,0.000000,-0.008596,-0.008596,-0.008596,-0.103892,0.014523,-0.006449,-0.103891,0.015597,-0.000000,0.002147,3.185341,10,4
1780630977.140982,nmpc_dc,-3.479472,21.535522,-0.465988,3.105287,1.523205,-3.258832,23.126249,0.000000,45.000000,3.980515,0.342748,-0.021131,1,3.510407,0.357480,0.302978,0.199179,0.199179,0.910336,0.028596,0.199179,0.199179,0.146552,0.735188,0.197985,0.089693,inf,nan,0.000000,0.089693,0.089693,0.089693,-0.059974,0.070771,0.089694,-0.059974,0.070772,-0.000000,0.000001,3.140056,10,4
1780630977.258619,nmpc_dc,-3.506169,21.847764,-0.067937,3.139561,1.499209,-3.212821,23.435082,0.000000,45.000000,3.214196,0.227793,-0.017316,1,7.007274,0.345095,0.395465,0.287917,0.287917,1.120117,0.028770,0.287917,0.287917,0.146564,0.944782,0.305095,0.202564,inf,nan,0.000000,0.202564,0.202564,0.202564,0.111095,0.093358,0.202564,0.111096,0.093358,-0.000000,0.000000,3.140296,10,4
1780630977.344123,nmpc_dc,-3.496891,22.162859,0.253483,3.162341,1.457455,-3.166389,23.746738,0.000000,45.000000,2.060656,0.087378,-0.011704,1,4.320492,0.363811,0.385449,0.277802,0.277802,1.083901,0.029094,0.277802,0.277802,0.148199,0.906608,0.327349,0.220802,inf,nan,0.000000,0.220802,0.220802,0.220802,0.225516,-0.062440,0.220803,0.225517,-0.062440,-0.000000,0.000000,3.172484,10,4
1780630977.469743,nmpc_dc,-3.461240,22.479530,0.459548,3.171078,1.415178,-3.121714,24.046606,0.000000,45.000000,1.139446,-0.111652,-0.005623,1,8.937114,0.397081,0.339466,0.235817,0.235817,1.068232,0.029032,0.235817,0.235817,0.149814,0.889386,0.367477,0.254056,inf,nan,0.000000,0.254056,0.254056,0.254056,0.264391,-0.054846,0.254056,0.264392,-0.054845,-0.000000,0.000000,3.204204,10,4
1780630977.539514,nmpc_dc,-3.409588,22.796080,0.573493,3.159913,1.384619,-3.074455,24.363810,0.000000,45.000000,0.525140,-0.071248,-0.000738,1,4.407293,0.541043,0.523284,0.416666,0.416666,1.075898,0.029082,0.416666,0.416666,0.150189,0.896627,0.570437,0.466678,inf,nan,0.000000,0.466678,0.466678,0.466678,0.257180,-0.053042,0.466679,0.257180,-0.053041,-0.000000,0.000000,3.211533,10,4
1780630977.636619,nmpc_dc,-3.349613,23.111715,0.626007,3.152788,1.371375,-3.027150,24.681332,0.000000,45.000000,0.132928,-0.019770,0.001930,1,8.174218,0.847110,0.805534,0.693690,0.693690,0.941477,0.029088,0.691192,0.691192,0.150332,0.762057,0.839662,0.734611,inf,nan,0.000000,0.734611,0.734611,0.734611,0.185257,-0.087291,0.734611,0.185257,-0.087290,-0.000000,0.000000,3.214337,10,4
1780630977.732158,nmpc_dc,-3.286347,23.426895,0.639300,3.150811,1.369625,-2.979839,24.998889,0.000000,45.000000,-0.097717,0.014051,0.002775,1,3.128737,1.032766,1.104849,0.989022,0.989022,0.863619,0.029077,0.684175,0.684175,0.150366,0.684176,0.644638,0.538663,inf,nan,0.000000,0.538663,0.538663,0.538663,0.130841,-0.199844,0.538664,0.130841,-0.199844,-0.000000,0.000000,3.215014,10,4
1780630977.869025,nmpc_dc,-3.222906,23.742046,0.629528,3.152217,1.374364,-2.932528,25.316444,0.000000,45.000000,-0.215387,0.031766,0.002452,1,5.226056,1.346647,1.407679,1.289565,1.289565,0.806062,0.029059,0.626665,0.626665,0.150338,0.626665,0.513981,0.403442,inf,nan,0.000000,0.403442,0.403442,0.403442,0.093474,-0.086891,0.403443,0.093475,-0.086890,-0.000000,0.000000,3.214463,10,4
1780630977.943160,nmpc_dc,-3.161030,24.057427,0.607989,3.155393,1.382110,-2.885219,25.633995,0.000000,45.000000,-0.258369,0.038320,0.001513,1,3.415886,1.316143,1.234016,1.127731,1.127731,0.646741,0.029042,0.467414,0.467414,0.150286,0.467414,0.187921,0.080442,inf,nan,0.000000,0.080442,0.080442,0.080442,-0.025129,-0.041854,0.080443,-0.025129,-0.041854,-0.000000,0.000000,3.213434,10,4
1780630978.064831,nmpc_dc,-3.101523,24.373157,0.582153,3.159225,1.390655,-2.837909,25.951543,0.000000,45.000000,-0.255545,0.037991,0.000337,1,5.207800,1.065496,0.997567,0.893124,0.893124,0.649156,0.029029,0.469894,0.469894,0.150234,0.469894,0.181812,0.080470,inf,nan,0.000000,0.080470,0.080470,0.080470,-0.064917,-0.069631,0.080471,-0.064916,-0.069631,-0.000000,0.000000,3.212414,10,4
1780630978.145093,nmpc_dc,-3.044586,24.689270,0.556598,3.163024,1.398732,-2.790600,26.269090,0.000000,45.000000,-0.227648,0.033884,-0.000838,1,3.819514,0.849602,0.787266,0.675901,0.675901,0.661713,0.029020,0.482468,0.482468,0.150193,0.482500,0.180145,0.078821,inf,nan,0.000000,0.078821,0.078821,0.078821,-0.090171,-0.062736,0.078822,-0.090171,-0.062735,-0.000000,0.000000,3.211623,10,4
1780630978.273942,nmpc_dc,-2.990064,25.005742,0.533833,3.166413,1.405704,-2.743291,26.586636,0.000000,45.000000,-0.188749,0.028112,-0.001886,1,7.423272,0.602102,0.521054,0.416185,0.416185,0.683865,0.029014,0.414922,0.414922,0.150166,0.504685,0.195602,0.086018,inf,nan,0.000000,0.086018,0.086018,0.086018,-0.099127,-0.000406,0.086019,-0.099127,-0.000406,-0.000000,0.000000,3.211097,10,4
1780630978.341242,nmpc_dc,-2.937624,25.322524,0.514958,3.169224,1.411343,-2.695981,26.904182,0.000000,45.000000,-0.147751,0.022012,-0.002750,1,4.180515,0.363450,0.325603,0.220010,0.220010,0.721827,0.029011,0.220009,0.220009,0.150150,0.542665,0.194693,0.083246,inf,nan,0.000000,0.083246,0.083246,0.083246,-0.071657,-0.007980,0.083247,-0.071656,-0.007979,-0.000000,0.000000,3.210788,10,4
1780630978.477067,nmpc_dc,-2.886867,25.639556,0.500183,3.171425,1.415661,-2.648672,27.221728,0.000000,45.000000,-0.109802,0.016360,-0.003418,1,9.282043,0.376688,0.342442,0.236301,0.236301,0.826441,0.029010,0.236301,0.236301,0.150142,0.647289,0.215099,0.102083,inf,nan,0.000000,0.102083,0.102083,0.102083,-0.061779,0.016643,0.102083,-0.061778,0.016643,-0.000000,0.000000,3.210626,10,4
1780630978.541393,nmpc_dc,-2.837398,25.956780,0.489203,3.173061,1.418801,-2.601363,27.539274,0.000000,45.000000,-0.077451,0.011539,-0.003906,1,3.593719,0.410725,0.467861,0.350964,0.350964,0.953059,0.029009,0.350964,0.350964,0.150138,0.773912,0.330427,0.220810,inf,nan,0.000000,0.220810,0.220810,0.220810,0.039390,-0.018463,0.220811,0.039390,-0.018463,-0.000000,0.000000,3.210551,10,4
1780630978.666848,nmpc_dc,-2.788865,26.274144,0.481458,3.174215,1.420964,-2.554054,27.856821,0.000000,45.000000,-0.051531,0.007678,-0.004238,1,5.852854,0.383200,0.383783,0.261791,0.261791,1.087706,0.029009,0.261791,0.261791,0.150137,0.908560,0.333283,0.222320,inf,nan,0.000000,0.222320,0.222320,0.222320,0.063771,0.088607,0.222320,0.063771,0.088607,-0.000000,0.000000,3.210521,10,4
1780630978.744590,nmpc_dc,-2.740977,26.591604,0.476305,3.174983,1.422363,-2.506745,28.174367,0.000000,45.000000,-0.031859,0.004746,-0.004446,1,3.673422,0.379086,0.431761,0.299752,0.299752,1.191646,0.029009,0.299752,0.299752,0.150136,1.012500,0.340478,0.232217,inf,nan,0.000000,0.232217,0.232217,0.232217,0.138031,0.100769,0.232218,0.138031,0.100770,-0.000000,0.000000,3.210511,10,4
1780630978.854054,nmpc_dc,-2.693506,26.909126,0.473119,3.175457,1.423194,-2.459435,28.491913,0.000000,45.000000,-0.017671,0.002630,-0.004560,1,5.407619,0.443746,0.453010,0.339556,0.339556,1.137703,0.029009,0.339556,0.339556,0.150136,0.958558,0.403829,0.300583,inf,nan,0.000000,0.300583,0.300583,0.300583,0.269939,0.040319,0.300583,0.269940,0.040319,-0.000000,0.000000,3.210509,10,4
1780630978.964695,nmpc_dc,-2.646282,27.226685,0.471352,3.175720,1.423624,-2.412126,28.809459,0.000000,45.000000,-0.007995,0.001189,-0.004606,1,9.987325,0.623981,0.569614,0.465478,0.465478,1.229207,0.029009,0.465478,0.465478,0.150136,1.050062,0.591988,0.480347,inf,nan,0.000000,0.480347,0.480347,0.480347,0.346769,0.043615,0.480348,0.346769,0.043616,-0.000000,0.000000,3.210510,10,4
1780630979.061438,nmpc_dc,-2.599187,27.544263,0.470552,3.175839,1.423788,-2.364817,29.127005,0.000000,45.000000,-0.001734,0.000245,-0.004606,1,4.394184,0.867396,0.786492,0.680942,0.680942,0.622576,0.029009,0.443424,0.443424,0.150136,0.443431,0.105835,0.005754,inf,nan,0.000000,0.005754,0.005754,0.005754,-0.085240,-0.240063,0.005754,-0.085240,-0.240063,-0.000000,0.000000,3.210510,10,4
1780630979.142050,nmpc_dc,-2.552140,27.861848,0.470379,3.175864,1.423787,-2.317508,29.444551,0.000000,45.000000,0.001845,-0.000269,-0.004576,1,3.457201,0.879603,0.785020,0.672251,0.672251,0.654742,0.029009,0.475567,0.475567,0.150136,0.475597,0.105808,0.005642,inf,nan,0.000000,0.005642,0.005642,0.005642,-0.113285,-0.058507,0.005642,-0.113284,-0.058507,-0.000000,0.000000,3.210509,10,4
1780630979.262945,nmpc_dc,-2.505093,28.179433,0.470563,3.175837,1.423695,-2.270199,29.762097,0.000000,45.000000,0.003603,-0.000526,-0.004530,1,5.732854,0.589203,0.501495,0.394733,0.394733,0.764335,0.029009,0.394697,0.394697,0.150136,0.585190,0.127587,0.024410,inf,nan,0.000000,0.024410,0.024410,0.024410,-0.123186,-0.008553,0.024411,-0.123186,-0.008553,-0.000000,0.000000,3.210509,10,4
1780630979.340439,nmpc_dc,-2.458019,28.497014,0.470924,3.175784,1.423563,-2.222890,30.079643,0.000000,45.000000,0.004188,-0.000621,-0.004475,1,4.333420,0.368339,0.325693,0.220732,0.220732,0.875948,0.029009,0.220732,0.220732,0.150136,0.696803,0.189299,0.079483,inf,nan,0.000000,0.079483,0.079483,0.079483,-0.078876,-0.045693,0.079483,-0.078875,-0.045693,-0.000000,0.000000,3.210510,10,4
1780630979.466356,nmpc_dc,-2.410906,28.814589,0.471343,3.175722,1.423422,-2.175580,30.397189,0.000000,45.000000,0.004096,-0.000621,-0.004417,1,6.210829,1.504061,1.438543,1.333860,1.333860,0.840805,0.029009,0.661660,0.661660,0.150136,0.661660,0.627237,0.523339,inf,nan,0.000000,0.523339,0.523339,0.523339,0.118104,-0.150256,0.523340,0.118104,-0.150256,-0.000000,0.000000,3.210510,10,4
1780630979.543208,nmpc_dc,-2.363751,29.132158,0.471752,3.175660,1.423290,-2.128271,30.714735,0.000000,45.000000,0.003645,-0.000549,-0.004360,1,6.857647,1.468388,1.383036,1.275601,1.275601,0.840233,0.029009,0.661088,0.661088,0.150136,0.661088,0.619039,0.513788,inf,nan,0.000000,0.513788,0.513788,0.513788,0.089243,-0.013262,0.513789,0.089243,-0.013262,-0.000000,0.000000,3.210509,10,4
1780630979.669057,nmpc_dc,-2.316557,29.449722,0.472117,3.175605,1.423177,-2.080962,31.032281,0.000000,45.000000,0.003024,-0.000450,-0.004305,1,11.996445,0.423179,0.359950,0.256529,0.256529,0.870444,0.029009,0.256529,0.256529,0.150136,0.691299,0.383593,0.280418,inf,nan,0.000000,0.280418,0.280418,0.280418,0.091958,-0.126429,0.280418,0.091959,-0.126428,-0.000000,0.000000,3.210508,10,4
1780630979.747330,nmpc_dc,-2.269331,29.767280,0.472419,3.175560,1.423086,-2.033653,31.349827,0.000000,45.000000,0.002379,-0.000350,-0.004254,1,3.664328,0.669268,0.581351,0.474264,0.474264,1.553212,0.029009,0.474264,0.474264,0.150136,1.374067,0.637595,0.525414,inf,nan,0.000000,0.525414,0.525414,0.525414,0.446048,0.146392,0.525415,0.446048,0.146392,-0.000000,0.000000,3.210508,10,4
1780630979.860744,nmpc_dc,-2.222077,30.084834,0.472657,3.175525,1.423017,-1.986344,31.667373,0.000000,45.000000,0.001767,-0.000261,-0.004206,1,3.752143,0.958390,0.864375,0.751858,0.751858,1.717466,0.029009,0.751858,0.751858,0.150136,1.538321,0.923568,0.813838,inf,nan,0.000000,0.813838,0.813838,0.813838,0.545446,0.165344,0.813838,0.545447,0.165344,-0.000000,0.000000,3.210508,10,4
1780630979.949259,nmpc_dc,-2.174802,30.402385,0.472834,3.175499,1.422966,-1.939035,31.984919,0.000000,45.000000,0.001245,-0.000185,-0.004162,1,3.582375,1.260615,1.164375,1.048265,1.048265,1.882337,0.029009,1.048265,1.048265,0.150136,1.703192,1.222299,1.115133,inf,nan,0.000000,1.115133,1.115133,1.115133,0.642479,0.184369,1.115133,0.642479,0.184369,-0.000000,0.000000,3.210509,10,4
1780630980.057867,nmpc_dc,-2.127513,30.719934,0.472958,3.175480,1.422931,-1.891725,32.302465,0.000000,45.000000,0.000827,-0.000123,-0.004120,1,3.295534,1.568778,1.467977,1.353641,1.353641,2.047636,0.029009,1.353641,1.353641,0.150136,1.868490,1.529293,1.423071,inf,nan,0.000000,1.423071,1.423071,1.423071,0.738674,0.203442,1.423072,0.738675,0.203443,-0.000000,0.000000,3.210509,10,4
1780630980.146092,nmpc_dc,-2.080213,31.037482,0.473041,3.175468,1.422909,-1.844416,32.620011,0.000000,45.000000,0.000511,-0.000077,-0.004081,1,3.286194,1.880479,1.777246,1.663902,1.663902,2.213242,0.029009,1.663902,1.663902,0.150136,2.034097,1.840728,1.734824,inf,nan,0.000000,1.734824,1.734824,1.734824,0.834575,0.222550,1.734825,0.834576,0.222550,-0.000000,0.000000,3.210509,10,4
1780630980.261796,nmpc_dc,-2.032906,31.355028,0.473092,3.175460,1.422896,-1.797107,32.937557,0.000000,45.000000,0.000283,-0.000043,-0.004044,1,4.604941,2.194750,2.089835,1.977092,1.977092,2.379078,0.029009,1.977081,1.977081,0.150136,2.199933,2.154805,2.048952,inf,nan,0.000000,2.048952,2.048952,2.048952,0.930387,0.241682,2.048953,0.930388,0.241683,-0.000000,0.000000,3.210508,10,4
1780630980.345920,nmpc_dc,-1.985595,31.672574,0.473120,3.175456,1.422889,-1.749798,33.255104,0.000000,45.000000,0.000127,-0.000019,-0.004008,1,3.268248,2.510666,2.404525,2.292170,2.292170,2.545089,0.029009,2.290087,2.290087,0.150136,2.365944,2.470574,2.364654,inf,nan,0.000000,2.364654,2.364654,2.364654,1.026192,0.260834,2.364654,1.026193,0.260834,-0.000000,0.000000,3.210508,10,4
1780630980.459719,nmpc_dc,-1.938283,31.990120,0.473133,3.175454,1.422886,-1.702489,33.572650,0.000000,45.000000,0.000028,-0.000005,-0.003973,1,4.358309,2.827696,2.720624,2.608532,2.608532,2.711236,0.029009,2.530188,2.530188,0.150136,2.532091,2.787488,2.681450,inf,nan,0.000000,2.681450,2.681450,2.681450,1.122022,0.280001,2.681450,1.122023,0.280001,-0.000000,0.000000,3.210508,10,4
1780630980.544675,nmpc_dc,-1.890969,32.307665,0.473136,3.175454,1.422886,-1.655179,33.890196,0.000000,45.000000,-0.000030,0.000004,-0.003939,1,3.463572,3.145514,3.037714,2.925807,2.925807,2.877493,0.029009,2.698338,2.698338,0.150136,2.698348,3.105213,2.999037,inf,nan,0.000000,2.999037,2.999037,2.999037,1.217888,0.299180,2.999038,1.217889,0.299180,-0.000000,0.000000,3.210508,10,4
1780630980.660605,nmpc_dc,-1.843656,32.625210,0.473133,3.175454,1.422888,-1.607870,34.207742,0.000000,45.000000,-0.000059,0.000008,-0.003905,1,4.590346,3.463909,3.355525,3.243752,3.243752,3.043838,0.029009,2.864693,2.864693,0.150136,2.864693,3.423532,3.317214,inf,nan,0.000000,3.317214,3.317214,3.317214,1.313793,0.318369,3.317215,1.313793,0.318369,-0.000000,0.000000,3.210508,10,4
1780630980.745178,nmpc_dc,-1.796343,32.942756,0.473127,3.175455,1.422890,-1.560561,34.525288,0.000000,45.000000,-0.000071,0.000014,-0.003872,1,3.634216,0.394949,0.301014,0.190581,0.190581,1.328406,0.029009,0.190581,0.190581,0.150136,1.149261,0.355069,0.233553,inf,nan,0.000000,0.233553,0.233553,0.233553,0.287979,0.117194,0.233554,0.287979,0.117194,-0.000000,0.000000,3.210508,10,4
1780630980.860428,nmpc_dc,-1.749031,33.260301,0.473120,3.175456,1.422892,-1.513252,34.842834,0.000000,45.000000,-0.000068,0.000011,-0.003839,1,4.746728,0.599491,0.545466,0.427104,0.427104,1.482735,0.029009,0.427104,0.427104,0.150136,1.303590,0.567588,0.450216,inf,nan,0.000000,0.450216,0.450216,0.450216,0.383065,0.135480,0.450216,0.383065,0.135481,-0.000000,0.000000,3.210509,10,4
1780630980.945603,nmpc_dc,-1.701719,33.577847,0.473113,3.175458,1.422894,-1.465943,35.160380,0.000000,45.000000,-0.000059,0.000009,-0.003806,1,3.437867,0.840648,0.762216,0.656170,0.656170,1.640356,0.029009,0.656170,0.656170,0.150136,1.461211,0.805461,0.698216,inf,nan,0.000000,0.698216,0.698216,0.698216,0.484497,0.154056,0.698216,0.484497,0.154057,-0.000000,0.000000,3.210509,10,4
1780630981.053236,nmpc_dc,-1.654408,33.895393,0.473107,3.175458,1.422896,-1.418634,35.477926,0.000000,45.000000,-0.000048,0.000006,-0.003774,1,3.898885,1.114138,1.027603,0.918159,0.918159,1.800165,0.029009,0.918159,0.918159,0.150136,1.621020,1.078188,0.973248,inf,nan,0.000000,0.973248,0.973248,0.973248,0.582904,0.172804,0.973248,0.582904,0.172805,-0.000000,0.000000,3.210509,10,4
1780630981.144109,nmpc_dc,-1.607097,34.212939,0.473102,3.175459,1.422898,-1.371324,35.795472,0.000000,45.000000,-0.000037,0.000005,-0.003742,1,3.661085,1.406088,1.315438,1.202307,1.202307,1.961490,0.029009,1.202307,1.202307,0.150136,1.782345,1.369912,1.264177,inf,nan,0.000000,1.264177,1.264177,1.264177,0.679427,0.191663,1.264178,0.679428,0.191664,-0.000000,0.000000,3.210509,10,4
1780630981.261308,nmpc_dc,-1.559787,34.530485,0.473099,3.175460,1.422899,-1.324015,36.113018,0.000000,45.000000,-0.000028,0.000003,-0.003710,1,7.572772,1.706808,1.614771,1.498609,1.498609,2.123900,0.029009,1.498609,1.498609,0.150136,1.944755,1.671529,1.564352,inf,nan,0.000000,1.564352,1.564352,1.564352,0.775109,0.210600,1.564352,0.775110,0.210600,-0.000000,0.000000,3.210509,10,4
1780630981.345646,nmpc_dc,-1.512478,34.848031,0.473096,3.175460,1.422899,-1.276706,36.430564,0.000000,45.000000,-0.000019,0.000002,-0.003678,1,3.582348,2.013815,1.917157,1.802031,1.802031,2.287113,0.029009,1.802030,1.802030,0.150136,2.107968,1.978838,1.870155,inf,nan,0.000000,1.870155,1.870155,1.870155,0.870504,0.229592,1.870156,0.870505,0.229592,-0.000000,0.000000,3.210509,10,4
1780630981.465617,nmpc_dc,-1.465168,35.165577,0.473094,3.175460,1.422900,-1.229397,36.748110,0.000000,45.000000,-0.000013,0.000001,-0.003647,1,4.921125,2.324620,2.224068,2.109934,2.109934,2.450935,0.029009,2.109835,2.109835,0.150136,2.271790,2.289689,2.179613,inf,nan,0.000000,2.179613,2.179613,2.179613,0.965837,0.248626,2.179614,0.965838,0.248626,-0.000000,0.000000,3.210508,10,4
1780630981.543961,nmpc_dc,-1.417859,35.483123,0.473093,3.175460,1.422900,-1.182088,37.065656,0.000000,45.000000,-0.000008,0.000001,-0.003616,1,3.144150,2.637183,2.534290,2.420822,2.420822,2.615230,0.029009,2.407642,2.407642,0.150136,2.436085,2.602882,2.491567,inf,nan,0.000000,2.491567,2.491567,2.491567,1.061199,0.267692,2.491567,1.061199,0.267693,-0.000000,0.000000,3.210508,10,4
1780630981.638674,nmpc_dc,-1.370550,35.800669,0.473092,3.175460,1.422901,-1.134779,37.383202,0.000000,45.000000,-0.000004,0.000000,-0.003585,1,3.318698,2.951396,2.846793,2.733794,2.733794,2.779898,0.029009,2.600483,2.600483,0.150136,2.600753,2.917700,2.805296,inf,nan,0.000000,2.805296,2.805296,2.805296,1.156624,0.286784,2.805296,1.156624,0.286785,-0.000000,0.000000,3.210508,10,4
1780630981.735606,nmpc_dc,-1.323241,36.118215,0.473091,3.175460,1.422901,-1.087469,37.700748,0.000000,45.000000,-0.000002,-0.000000,-0.003554,1,2.990467,3.166607,3.112484,3.001113,3.001113,2.920770,0.029009,2.741622,2.741622,0.150136,2.741625,3.181859,3.074919,inf,nan,0.000000,3.074919,3.074919,3.074919,1.242185,0.304118,3.074919,1.242185,0.304118,-0.000000,0.000000,3.210508,10,4
1780630981.852739,nmpc_dc,-1.275931,36.435761,0.473091,3.175460,1.422901,-1.040160,38.018294,0.000000,45.000000,-0.000000,-0.000000,-0.003524,1,5.032536,3.486412,3.432094,3.320764,3.320764,3.087479,0.029009,2.908334,2.908334,0.150136,2.908334,3.501770,3.394628,inf,nan,0.000000,3.394628,3.394628,3.394628,1.338303,0.323346,3.394628,1.338304,0.323346,-0.000000,0.000000,3.210508,10,4
1780630981.933292,nmpc_dc,-1.228622,36.753307,0.473091,3.175460,1.422901,-0.992851,38.335840,0.000000,45.000000,0.000000,-0.000000,-0.003493,1,2.987613,3.806427,3.751941,3.640640,3.640640,3.254215,0.029009,3.075070,3.075070,0.150136,3.075070,3.821864,3.714543,inf,nan,0.000000,3.714543,3.714543,3.714543,1.434440,0.342455,3.714543,1.434440,0.342455,-0.000000,0.000000,3.210508,10,4
1780630982.057960,nmpc_dc,-1.181313,37.070853,0.473091,3.175460,1.422901,-0.945542,38.653386,0.000000,45.000000,0.000001,-0.000000,-0.003463,1,3.889475,4.126602,4.071970,3.960690,3.960690,3.420975,0.029009,3.241829,3.241829,0.150136,3.241829,4.142102,4.034620,inf,nan,0.000000,4.034620,4.034620,4.034620,1.530592,0.361765,4.034620,1.530593,0.361765,-0.000000,0.000000,3.210508,10,4
1780630982.146980,nmpc_dc,-1.134004,37.388399,0.473091,3.175460,1.422901,-0.898233,38.970932,0.000000,45.000000,0.000001,-0.000000,-0.003434,1,3.170990,4.446904,4.392144,4.280879,4.280879,3.587753,0.029009,3.408608,3.408608,0.150136,3.408608,4.462453,4.354826,inf,nan,0.000000,4.354826,4.354826,4.354826,1.626760,0.380989,4.354827,1.626760,0.380989,-0.000000,0.000000,3.210508,10,4
1780630982.264732,nmpc_dc,-1.086695,37.705945,0.473091,3.175460,1.422901,-0.850923,39.288478,0.000000,45.000000,0.000001,-0.000000,-0.003404,1,3.721543,4.767307,4.712434,4.601174,4.601174,3.754549,0.029009,3.575404,3.575404,0.150136,3.575404,4.782894,4.675138,inf,nan,0.000000,4.675138,4.675138,4.675138,1.722940,0.400216,4.675138,1.722940,0.400217,-0.000000,0.000000,3.210508,10,4
1780630982.345860,nmpc_dc,-1.039386,38.023491,0.473091,3.175460,1.422901,-0.803614,39.606024,0.000000,45.000000,0.000001,-0.000000,-0.003375,1,2.975322,5.087791,5.032817,4.921549,4.921549,3.921359,0.029009,3.742214,3.742214,0.150136,3.742214,5.103410,4.995537,inf,nan,0.000000,4.995537,4.995537,4.995537,1.818875,0.419447,4.995537,1.818875,0.419447,-0.000000,0.000000,3.210508,10,4
1780630982.466396,nmpc_dc,-0.992077,38.341037,0.473091,3.175460,1.422901,-0.756305,39.923570,0.000000,45.000000,0.000001,-0.000000,-0.003346,1,3.254527,5.408342,5.353278,5.242001,5.242001,4.088182,0.029009,3.909037,3.909037,0.150136,3.909037,5.423988,5.315750,inf,nan,0.000000,5.315750,5.315750,5.315750,1.914995,0.438680,5.315751,1.914996,0.438680,-0.000000,0.000000,3.210508,10,4
1780630982.544795,nmpc_dc,-0.944768,38.658583,0.473092,3.175460,1.422901,-0.708996,40.241116,0.000000,45.000000,0.000001,-0.000000,-0.003318,1,3.179731,5.728950,5.673805,5.562517,5.562517,4.255015,0.029009,4.075870,4.075870,0.150136,4.075870,5.744617,5.636020,inf,nan,0.000000,5.636020,5.636020,5.636020,2.011147,0.457915,5.636021,2.011147,0.457915,-0.000000,0.000000,3.210508,10,4
1780630982.663187,nmpc_dc,-0.897458,38.976129,0.473092,3.175460,1.422901,-0.661687,40.558662,0.000000,45.000000,0.000000,-0.000000,-0.003289,1,5.261657,6.049604,5.994386,5.882943,5.882943,4.421857,0.029009,4.242712,4.242712,0.150136,4.242712,6.065290,5.956361,inf,nan,0.000000,5.956361,5.956361,5.956361,2.107311,0.477152,5.956362,2.107311,0.477152,-0.000000,0.000000,3.210508,10,4
1780630982.744148,nmpc_dc,-0.850149,39.293675,0.473092,3.175460,1.422901,-0.614378,40.876208,0.000000,45.000000,-0.000010,0.000008,-0.003261,1,3.783796,0.345034,0.344327,0.231885,0.231885,0.987778,0.029009,0.231885,0.231885,0.150136,0.808633,0.230993,0.125746,inf,nan,0.000000,0.125746,0.125746,0.125746,-0.016486,0.030267,0.125747,-0.016486,0.030268,-0.000000,0.000000,3.210508,10,4
1780630982.861758,nmpc_dc,-0.802840,39.611221,0.473091,3.175461,1.422901,-0.567068,41.193754,0.000000,45.000000,-0.000002,0.000000,-0.003233,1,4.589358,0.374377,0.279781,0.164087,0.164087,1.041706,0.029009,0.164087,0.164087,0.150136,0.862561,0.335274,0.227548,inf,nan,0.000000,0.227548,0.227548,0.227548,0.248116,-0.030383,0.227548,0.248117,-0.030382,-0.000000,0.000000,3.210509,10,4
1780630982.944934,nmpc_dc,-0.755531,39.928767,0.473090,3.175461,1.422901,-0.519759,41.511300,0.000000,45.000000,0.000002,-0.000000,-0.003205,1,3.559820,0.373080,0.354781,0.245034,0.245034,1.130901,0.029009,0.245034,0.245034,0.150136,0.951756,0.334203,0.230616,inf,nan,0.000000,0.230616,0.230616,0.230616,0.286082,0.009887,0.230617,0.286082,0.009887,-0.000000,0.000000,3.210509,10,4
1780630983.065617,nmpc_dc,-0.708222,40.246313,0.473091,3.175461,1.422900,-0.472450,41.828847,0.000000,45.000000,0.000003,-0.000001,-0.003178,1,4.936644,0.444255,0.378597,0.265673,0.265673,1.243011,0.029009,0.265673,0.265673,0.150136,1.063865,0.440449,0.328381,inf,nan,0.000000,0.328381,0.328381,0.328381,0.341972,0.037462,0.328382,0.341972,0.037462,-0.000000,0.000000,3.210509,10,4
1780630983.141239,nmpc_dc,-0.660913,40.563859,0.473091,3.175461,1.422900,-0.425141,42.146393,0.000000,45.000000,0.000000,-0.000002,-0.003151,1,3.279936,0.723936,0.666323,0.550016,0.550016,1.031043,0.029009,0.550015,0.550015,0.150136,0.851898,0.722689,0.615473,inf,nan,0.000000,0.615473,0.615473,0.615473,0.158490,-0.141030,0.615474,0.158490,-0.141030,-0.000000,0.000000,3.210509,10,4
1780630983.262350,nmpc_dc,-0.613604,40.881405,0.473091,3.175461,1.422900,-0.377832,42.463939,0.000000,45.000000,0.000002,-0.000000,-0.003124,1,5.088049,0.887064,0.958543,0.825147,0.825147,1.133267,0.029009,0.824836,0.824836,0.150136,0.954121,0.815697,0.705499,inf,nan,0.000000,0.705499,0.705499,0.705499,0.155924,0.077050,0.705499,0.155924,0.077051,-0.000000,0.000000,3.210509,10,4
1780630983.345979,nmpc_dc,-0.566295,41.198951,0.473091,3.175461,1.422900,-0.330523,42.781485,0.000000,45.000000,0.686757,-1.193547,-0.003096,1,5.086607,0.864131,0.899771,0.789454,0.789454,0.620000,0.029009,0.440855,0.440855,0.150136,0.440855,0.087496,-0.017394,inf,nan,0.000000,-0.017394,-0.017394,-0.017394,-0.068246,-0.110979,-0.017393,-0.068245,-0.110979,-0.000000,0.000991,3.210509,10,4
1780630983.468471,nmpc_dc,-0.515552,41.510530,0.541767,3.056106,1.413363,-0.284009,43.093693,0.000000,45.000000,5.150265,-1.099837,-0.002056,1,10.658413,0.846822,0.878055,0.756311,0.756311,0.620000,0.028200,0.447085,0.447085,0.144715,0.447085,0.086365,-0.021780,inf,nan,0.000000,-0.021780,-0.021780,-0.021780,-0.116103,-0.143740,-0.014273,-0.116103,-0.143740,-0.000000,0.007507,3.103755,10,4
1780630983.542246,nmpc_dc,-0.435624,41.810641,1.056793,2.946122,1.406729,-0.238532,43.398937,0.000000,45.000000,3.872823,-2.381685,-0.001061,1,4.537721,0.701862,0.623438,0.506437,0.506437,0.620000,0.028406,0.442350,0.442350,0.146039,0.445556,0.083742,-0.023596,inf,nan,0.000000,-0.023596,-0.023596,-0.023596,-0.125564,-0.045390,-0.017011,-0.125564,-0.045389,-0.000000,0.009471,3.129928,10,4
1780630983.673707,nmpc_dc,-0.310580,42.093345,1.444076,2.707954,1.362589,-0.194613,43.693727,0.000000,45.000000,0.756512,-1.955134,0.004001,1,14.150147,0.450314,0.354310,0.237997,0.237997,0.726264,0.028037,0.237997,0.237997,0.142959,0.555268,0.078094,-0.029319,inf,nan,0.000000,-0.029319,-0.029319,-0.029319,-0.129269,0.024467,-0.018417,-0.129269,0.031772,-0.000000,0.014610,3.068936,10,4
1780630983.749377,nmpc_dc,-0.162390,42.354365,1.519727,2.512440,1.418205,-0.153352,43.970678,0.000000,45.000000,-6.616744,2.688148,-0.000815,1,5.923952,0.365856,0.398681,0.292836,0.292836,0.620000,0.027328,0.292742,0.292742,0.136326,0.456346,0.094176,-0.016355,inf,nan,0.000000,-0.016355,-0.016355,-0.016355,-0.061722,-0.170610,-0.016354,-0.061722,-0.170610,-0.000000,0.000000,2.936312,10,4
1780630983.859015,nmpc_dc,-0.043501,42.619049,0.858053,2.781255,1.394007,-0.112193,44.246943,0.000000,45.000000,-4.918987,2.356324,0.000646,1,3.622941,2.874221,2.839416,2.728515,2.728515,2.786945,0.027422,2.623734,2.623734,0.135050,2.624473,2.911118,2.803383,inf,nan,0.000000,2.803383,2.803383,2.803383,1.137136,0.290951,2.803384,1.137136,0.290951,-0.000000,0.000000,2.910607,5,4
1780630983.947268,nmpc_dc,0.017709,42.908957,0.366154,3.016888,1.428473,-0.068611,44.539476,0.000000,45.000000,-2.764631,1.308764,-0.002746,1,3.083140,3.170437,3.135827,3.024807,3.024807,2.940277,0.028412,2.770406,2.770406,0.141455,2.770410,3.207245,3.099504,inf,nan,0.000000,3.099504,3.099504,3.099504,1.237181,0.307483,3.099504,1.237182,0.307483,-0.000000,0.000000,3.039026,5,4
1780630984.061697,nmpc_dc,0.040501,43.217189,0.089691,3.147764,1.503116,-0.023191,44.844338,0.000000,45.000000,-1.173643,0.618893,-0.011704,1,3.256571,3.476056,3.444507,3.332967,3.332967,3.100266,0.029136,2.924122,2.924122,0.147008,2.924122,3.514853,3.406834,inf,nan,0.000000,3.406834,3.406834,3.406834,1.335935,0.325287,3.406835,1.335935,0.325287,-0.000000,0.000000,3.149042,5,4
1780630984.147277,nmpc_dc,0.043602,43.535060,-0.027674,3.209653,1.554495,0.000000,45.000000,0.000000,45.000000,-0.353911,-1.152577,-0.019487,1,2.985575,3.787722,3.759732,3.647680,3.647680,3.182249,0.026325,3.005826,3.005826,0.150099,3.005826,3.829126,3.720719,inf,nan,0.000000,3.720719,3.720719,3.720719,1.426887,0.329766,3.720719,1.426888,0.329766,-0.000000,0.000000,3.209773,5,4
1780630984.253972,nmpc_dc,0.039065,43.850262,-0.063065,3.094396,1.584180,0.000000,45.000000,0.000000,45.000000,-0.094669,-3.581891,-0.024540,1,3.151839,4.096323,4.071138,3.958807,3.958807,3.182495,0.020097,3.018123,3.018123,0.144274,3.018123,4.140201,4.031391,inf,nan,0.000000,4.031391,4.031391,4.031391,1.496934,0.321605,4.031391,1.496934,0.321605,-0.000000,0.000000,3.095038,5,4
1780630984.347241,nmpc_dc,0.032286,44.141793,-0.072531,2.736206,1.602320,0.000000,45.000000,0.000000,45.000000,0.027265,-4.771530,-0.027622,1,2.982674,4.382151,4.359010,4.246544,4.246544,3.182682,0.013785,3.042366,3.042366,0.126531,3.042366,4.428080,4.318908,inf,nan,0.000000,4.318908,4.318908,4.318908,1.542204,0.315885,4.318908,1.542204,0.315885,-0.000000,0.000000,2.737168,5,4
1780630984.459299,nmpc_dc,0.025169,44.391556,-0.069805,2.259053,1.612569,0.000000,45.000000,0.000000,45.000000,0.087735,-4.967714,-0.029331,1,4.240861,4.627396,4.605645,4.493139,4.493139,3.182800,0.008540,3.070385,3.070385,0.103875,3.070385,4.674910,4.565439,inf,nan,0.000000,4.565439,4.565439,4.565439,1.568228,0.312108,4.565439,1.568228,0.312109,-0.000000,0.000000,2.260132,5,4
1780630984.547087,nmpc_dc,0.018627,44.592622,-0.061031,1.762282,1.618466,0.000000,45.000000,0.000000,45.000000,0.111612,-4.568258,-0.030212,1,3.124466,4.825047,4.804237,4.691731,4.691731,3.182872,0.004812,3.096569,3.096569,0.081490,3.096569,4.873738,4.764035,inf,nan,0.000000,4.764035,4.764035,4.764035,1.562837,0.309797,4.764035,1.562837,0.309798,-0.000000,0.000000,1.763339,5,4
1780630984.659604,nmpc_dc,0.013082,44.746009,-0.049870,1.305456,1.622193,0.000000,45.000000,0.000000,45.000000,0.113257,-3.876574,-0.030645,1,3.568050,4.975938,4.955773,4.843278,4.843278,3.182919,0.002468,3.118459,3.118459,0.061991,3.118459,5.025477,4.915600,inf,nan,0.000000,4.915600,4.915600,4.915600,1.555967,0.308537,4.915600,1.555967,0.308537,-0.000000,0.000000,1.306408,5,4
1780630984.744738,nmpc_dc,0.008661,44.857172,-0.038545,0.917799,1.625707,0.000000,45.000000,0.000000,45.000000,0.102482,-3.093826,-0.030939,1,4.270207,0.654010,5.065655,4.953152,4.953152,3.182964,0.001146,3.135558,3.135558,0.046261,3.135558,5.135465,5.025463,inf,nan,0.000000,5.025463,5.025463,5.025463,1.551536,0.307987,5.025463,1.551536,0.307988,-0.000000,0.000000,0.918608,5,4
1780630984.844408,nmpc_dc,0.005319,44.933483,-0.028296,0.608416,1.631301,0.000000,45.000000,0.000000,45.000000,0.085946,-2.341246,-0.031424,1,2.912467,0.727538,0.649987,0.539872,0.539872,0.879270,0.000474,0.539872,0.539872,0.034245,0.844551,0.705910,0.598382,inf,nan,0.000000,0.598382,0.598382,0.598382,0.197049,0.037639,0.598382,0.197050,0.037639,-0.000000,0.000000,0.609074,10,4
1780630984.947747,nmpc_dc,0.002919,44.982618,-0.019702,0.374292,1.643876,0.000000,45.000000,0.000000,45.000000,0.067926,-1.682955,-0.032713,1,3.056774,0.775244,0.693415,0.581859,0.581859,0.878806,0.000171,0.581857,0.581857,0.025470,0.853166,0.749778,0.642853,inf,nan,0.000000,0.642853,0.642853,0.642853,0.195791,0.037655,0.642853,0.195791,0.037655,-0.000000,0.000000,0.374810,10,4
1780630985.066936,nmpc_dc,0.001289,45.011633,-0.012909,0.205996,1.697666,0.000000,45.000000,0.000000,45.000000,0.050940,-1.144757,-0.038682,1,3.308808,0.803557,0.718661,0.604075,0.604075,0.876966,0.000052,0.604071,0.604071,0.019331,0.857583,0.770281,0.663521,inf,nan,0.000000,0.663521,0.663521,0.663521,0.195311,0.037861,0.663521,0.195311,0.037861,-0.000000,0.000000,0.206400,10,4
1780630985.143622,nmpc_dc,0.000252,45.026508,-0.007815,0.091520,2.052856,0.000000,45.000000,0.000000,45.000000,0.036279,-0.728574,-0.078601,1,2.933408,0.818148,0.717525,0.607531,0.607531,0.870808,0.000015,0.607526,0.607526,0.015236,0.855557,0.768156,0.661372,inf,nan,0.000000,0.661372,0.661372,0.661372,0.195310,0.038152,0.661372,0.195310,0.038152,-0.000000,0.000000,0.091853,10,4
1780630985.260813,nmpc_dc,-0.000348,45.032018,-0.004187,0.018663,2.405618,0.000000,45.000000,0.000000,45.000000,0.024416,-0.422892,-0.126488,1,3.788874,0.823614,0.738394,0.625718,0.625718,0.875281,0.000007,0.625711,0.625711,0.012670,0.862604,0.766800,0.660001,inf,nan,0.000000,0.660001,0.660001,0.660001,0.195575,0.038314,0.660001,0.195575,0.038314,-0.000000,0.000000,0.019127,10,4
1780630985.345927,nmpc_dc,-0.000644,45.031769,-0.001746,-0.023626,2.756341,0.000000,45.000000,0.000000,45.000000,0.015327,-0.209941,-0.175839,1,3.189201,0.823455,0.764138,0.659917,0.659917,0.890199,0.000007,0.659903,0.659903,0.012831,0.877361,0.766009,0.659202,inf,nan,0.000000,0.659202,0.659202,0.659202,0.195960,0.038473,0.659202,0.195960,0.038473,-0.000000,0.000000,0.023691,10,4
1780630985.468786,nmpc_dc,-0.000742,45.028357,-0.000213,-0.044620,3.106391,0.000000,45.000000,0.000000,45.000000,0.008711,-0.070319,-0.225168,1,7.078949,0.820198,0.816493,0.707440,0.707440,0.914243,0.000008,0.707407,0.707407,0.013567,0.900668,0.765613,0.658801,inf,nan,0.000000,0.658801,0.658801,0.658801,0.196371,0.038675,0.658802,0.196371,0.038675,-0.000000,0.000000,0.044621,10,4
1780630985.562495,nmpc_dc,-0.000720,45.023543,0.000658,-0.051652,-2.826804,0.000000,45.000000,0.000000,45.000000,-0.061335,0.144672,6.000000,0,15.124853,0.815562,0.865921,0.755238,0.755238,0.941542,0.000007,0.755170,0.755170,0.013815,0.927720,0.766974,0.660151,inf,nan,0.000000,0.660151,0.660151,0.660151,0.197351,0.038994,0.751313,0.286506,0.128958,-0.034870,0.091161,0.051656,10,4
1780630985.675737,nmpc_dc,-0.000961,45.019102,-0.005475,-0.037185,-2.476869,0.000000,45.000000,0.000000,45.000000,0.028245,0.005821,3.823379,1,12.310180,0.811357,0.854414,0.744378,0.744378,0.942732,0.000004,0.744334,0.744334,0.013319,0.929409,0.765893,0.659080,inf,nan,0.000000,0.659080,0.659080,0.659080,0.196866,0.039085,0.659080,0.196866,0.039085,-0.000000,0.000000,0.037586,10,4
1780630985.739531,nmpc_dc,-0.001367,45.015412,-0.002651,-0.036603,-2.126865,0.000000,45.000000,0.000000,45.000000,0.026059,0.025665,1.283635,1,6.944211,0.329264,0.247387,0.142667,0.142667,0.625838,0.000003,0.142667,0.142667,0.013288,0.612547,0.284842,0.160412,inf,nan,0.000000,0.160412,0.160412,0.160412,0.047649,0.009272,0.160412,0.047650,0.009272,-0.000000,0.000000,0.036699,7,4
1780630985.848120,nmpc_dc,-0.001502,45.011880,-0.000045,-0.034036,-1.776858,0.000000,45.000000,0.000000,45.000000,0.015538,0.047209,0.601728,1,8.177732,0.326688,0.227444,0.113691,0.113691,0.620000,0.000002,0.113691,0.113691,0.013194,0.606804,0.284814,0.161084,inf,nan,0.000000,0.161084,0.161084,0.161084,0.048033,0.009403,0.161084,0.048033,0.009404,-0.000000,0.000000,0.034036,7,4
1780630985.942805,nmpc_dc,-0.001429,45.008713,0.001509,-0.029316,-1.594343,0.000000,45.000000,0.000000,45.000000,0.007197,0.056089,0.407505,1,8.329019,0.324269,0.214676,0.106082,0.106082,0.620000,0.000002,0.106082,0.106082,0.013030,0.606969,0.285550,0.161646,inf,nan,0.000000,0.161646,0.161646,0.161646,0.048332,0.009521,0.161646,0.048332,0.009521,-0.000000,0.000000,0.029354,7,4
1780630986.061129,nmpc_dc,-0.001242,45.006061,0.002228,-0.023707,-1.491977,0.000000,45.000000,0.000000,45.000000,0.001709,0.055474,0.345186,1,10.043177,0.323046,0.213240,0.104719,0.104719,0.620000,0.000001,0.104719,0.104719,0.012835,0.607164,0.286056,0.162664,inf,nan,0.000000,0.162664,0.162664,0.162664,0.048632,0.009648,0.162664,0.048633,0.009648,-0.000000,0.000000,0.023811,7,4
1780630986.142175,nmpc_dc,-0.001011,45.003968,0.002399,-0.018159,-1.424158,0.000000,45.000000,0.000000,45.000000,-0.001523,0.049448,0.320008,1,8.258081,0.321113,0.216150,0.105320,0.105320,0.620000,0.000001,0.105320,0.105320,0.012642,0.607358,0.288339,0.162777,inf,nan,0.000000,0.162777,0.162777,0.162777,0.048639,0.009703,0.162777,0.048640,0.009703,-0.000000,0.000000,0.018317,7,4
1780630986.262653,nmpc_dc,-0.000778,45.002400,0.002247,-0.013214,-1.367635,0.000000,45.000000,0.000000,45.000000,-0.003160,0.041017,0.305507,1,10.746281,0.320354,0.218978,0.106351,0.106351,0.620000,0.000000,0.106351,0.106351,0.012470,0.607530,0.289841,0.163394,inf,nan,0.000000,0.163394,0.163394,0.163394,0.048811,0.009775,0.163394,0.048811,0.009775,-0.000000,0.000000,0.013404,7,4
1780630986.341541,nmpc_dc,-0.000570,45.001283,0.001931,-0.009113,-1.306842,0.000000,45.000000,0.000000,45.000000,-0.003741,0.032118,0.293304,1,7.977989,0.320251,0.224837,0.111167,0.111167,0.620000,0.000000,0.111167,0.111167,0.012326,0.607674,0.287762,0.163747,inf,nan,0.000000,0.163747,0.163747,0.163747,0.048930,0.009821,0.163747,0.048930,0.009822,-0.000000,0.000000,0.009315,7,4
1780630986.461230,nmpc_dc,-0.000395,45.000532,0.001557,-0.005901,-1.222271,0.000000,45.000000,0.000000,45.000000,-0.003678,0.023877,0.279164,1,10.570034,0.319255,0.224531,0.113134,0.113134,0.620000,0.000000,0.113134,0.113134,0.012214,0.607786,0.290676,0.163888,inf,nan,0.000000,0.163888,0.163888,0.163888,0.049009,0.009845,0.163888,0.049009,0.009845,-0.000000,0.000000,0.006103,7,4
1780630986.540602,nmpc_dc,-0.000258,45.000062,0.001189,-0.003513,-1.062839,0.000000,45.000000,0.000000,45.000000,-0.003263,0.016850,0.256479,1,6.545442,0.320966,0.239411,0.131442,0.131442,0.620000,0.000000,0.131442,0.131442,0.012130,0.607870,0.287750,0.164652,inf,nan,0.000000,0.164652,0.164652,0.164652,0.049285,0.009900,0.164652,0.049285,0.009901,-0.000000,0.000000,0.003709,7,4
1780630986.662152,nmpc_dc,-0.000155,44.999795,0.000863,-0.001828,-0.712837,0.000000,45.000000,0.000000,45.000000,-0.002697,0.011220,0.211053,1,10.708263,0.320710,0.251377,0.138575,0.138575,0.620000,0.000000,0.138575,0.138575,0.012071,0.607929,0.287747,0.164650,inf,nan,0.000000,0.164650,0.164650,0.164650,0.049328,0.009905,0.164650,0.049328,0.009905,-0.000000,0.000000,0.002022,7,4
1780630986.728886,nmpc_dc,-0.000082,44.999668,0.000593,-0.000706,-0.362837,0.000000,45.000000,0.000000,45.000000,-0.002102,0.006937,0.160234,1,7.426866,inf,inf,inf,inf,inf,0.000000,inf,inf,0.012032,inf,inf,inf,inf,nan,0.000000,inf,inf,inf,inf,inf,inf,inf,inf,-0.000000,0.000000,0.000922,0,4
1780630986.847936,nmpc_dc,-0.000034,44.999632,0.000383,-0.000012,-0.012837,0.000000,45.000000,0.000000,45.000000,-0.001559,0.003855,0.108392,1,13.298635,inf,inf,inf,inf,inf,0.000000,inf,inf,0.012013,inf,inf,inf,inf,nan,0.000000,inf,inf,inf,inf,inf,inf,inf,inf,-0.000000,0.000000,0.000383,0,4
1780630986.927049,nmpc_dc,-0.000003,44.999650,0.000227,0.000373,0.337163,0.000000,45.000000,0.000000,45.000000,-0.001097,0.001751,0.056628,1,4.983824,inf,inf,inf,inf,inf,0.000000,inf,inf,0.012015,inf,inf,inf,inf,nan,0.000000,inf,inf,inf,inf,inf,inf,inf,inf,-0.000000,0.000000,0.000437,0,4
1780630987.048638,nmpc_dc,0.000014,44.999696,0.000117,0.000548,0.687163,0.000000,45.000000,0.000000,45.000000,-0.000729,0.000405,0.005214,1,13.680114,inf,inf,inf,inf,inf,0.000000,inf,inf,0.012020,inf,inf,inf,inf,nan,0.000000,inf,inf,inf,inf,inf,inf,inf,inf,-0.000000,0.000000,0.000561,0,4
1780630987.136412,nmpc_dc,0.000022,44.999753,0.000044,0.000589,1.037163,0.000000,45.000000,0.000000,45.000000,-0.000450,-0.000382,-0.045783,1,13.277808,inf,inf,inf,inf,inf,0.000000,inf,inf,0.012021,inf,inf,inf,inf,nan,0.000000,inf,inf,inf,inf,inf,inf,inf,inf,-0.000000,0.000000,0.000590,0,4
1780630987.248902,nmpc_dc,0.000024,44.999810,-0.000001,0.000550,1.379921,0.000000,45.000000,0.000000,45.000000,-0.000249,-0.000779,-0.095560,1,13.604903,inf,inf,inf,inf,inf,0.000000,inf,inf,0.012019,inf,inf,inf,inf,nan,0.000000,inf,inf,inf,inf,inf,inf,inf,inf,-0.000000,0.000000,0.000550,0,4
1780630987.334240,nmpc_dc,0.000023,44.999861,-0.000025,0.000473,1.555058,0.000000,45.000000,0.000000,45.000000,-0.000112,-0.000919,-0.126462,1,11.387630,inf,inf,inf,inf,inf,0.000000,inf,inf,0.012017,inf,inf,inf,inf,nan,0.000000,inf,inf,inf,inf,inf,inf,inf,inf,-0.000000,0.000000,0.000473,0,4
1780630987.448993,nmpc_dc,0.000020,44.999904,-0.000037,0.000381,1.654259,0.000000,45.000000,0.000000,45.000000,-0.000024,-0.000901,-0.144179,1,13.720704,inf,inf,inf,inf,inf,0.000000,inf,inf,0.012013,inf,inf,inf,inf,nan,0.000000,inf,inf,inf,inf,inf,inf,inf,inf,-0.000000,0.000000,0.000382,0,4
1780630987.537459,nmpc_dc,0.000016,44.999937,-0.000039,0.000291,1.720918,0.000000,45.000000,0.000000,45.000000,0.000027,-0.000799,-0.154943,1,14.171382,inf,inf,inf,inf,inf,0.000000,inf,inf,0.012010,inf,inf,inf,inf,nan,0.000000,inf,inf,inf,inf,inf,inf,inf,inf,-0.000000,0.000000,0.000293,0,4
1780630987.638721,nmpc_dc,0.000012,44.999962,-0.000036,0.000211,1.777444,0.000000,45.000000,0.000000,45.000000,0.000052,-0.000660,-0.162796,1,7.578832,inf,inf,inf,inf,inf,0.000000,inf,inf,0.012007,inf,inf,inf,inf,nan,0.000000,inf,inf,inf,inf,inf,inf,inf,inf,-0.000000,0.000000,0.000214,0,4
1780630987.726901,nmpc_dc,0.000009,44.999980,-0.000031,0.000145,1.839336,0.000000,45.000000,0.000000,45.000000,0.000061,-0.000515,-0.170456,1,5.725057,inf,inf,inf,inf,inf,0.000000,inf,inf,0.012005,inf,inf,inf,inf,nan,0.000000,inf,inf,inf,inf,inf,inf,inf,inf,-0.000000,0.000000,0.000148,0,4
1780630987.846084,nmpc_dc,0.000006,44.999992,-0.000025,0.000093,1.927100,0.000000,45.000000,0.000000,45.000000,0.000060,-0.000381,-0.180835,1,13.835291,inf,inf,inf,inf,inf,0.000000,inf,inf,0.012003,inf,inf,inf,inf,nan,0.000000,inf,inf,inf,inf,inf,inf,inf,inf,-0.000000,0.000000,0.000096,0,4
1780630987.925192,nmpc_dc,0.000004,44.999999,-0.000019,0.000055,2.097058,0.000000,45.000000,0.000000,45.000000,0.000053,-0.000268,-0.200777,1,5.586293,inf,inf,inf,inf,inf,0.000000,inf,inf,0.012002,inf,inf,inf,inf,nan,0.000000,inf,inf,inf,inf,inf,inf,inf,inf,-0.000000,0.000000,0.000058,0,4
1780630988.048249,nmpc_dc,0.000002,45.000004,-0.000014,0.000028,2.447058,0.000000,45.000000,0.000000,45.000000,0.000043,-0.000178,-0.242588,1,12.978620,inf,inf,inf,inf,inf,0.000000,inf,inf,0.012001,inf,inf,inf,inf,nan,0.000000,inf,inf,inf,inf,inf,inf,inf,inf,-0.000000,0.000000,0.000031,0,4
1780630988.127253,nmpc_dc,0.000001,45.000006,-0.000009,0.000011,2.797058,0.000000,45.000000,0.000000,45.000000,0.000034,-0.000109,-0.289600,1,4.773822,inf,inf,inf,inf,inf,0.000000,inf,inf,0.012000,inf,inf,inf,inf,nan,0.000000,inf,inf,inf,inf,inf,inf,inf,inf,-0.000000,0.000000,0.000014,0,4
1780630988.258262,nmpc_dc,0.000001,45.000006,-0.000006,-0.000000,-3.136127,0.000000,45.000000,0.000000,45.000000,0.000007,-0.000011,6.000000,0,26.564591,inf,inf,inf,inf,inf,0.000000,inf,inf,0.012000,inf,inf,inf,inf,nan,0.000000,inf,inf,inf,inf,inf,inf,inf,inf,-0.034794,0.074016,0.000006,0,4
1780630988.336970,nmpc_dc,-0.000000,45.000006,-0.000005,-0.000002,-2.786127,0.000000,45.000000,0.000000,45.000000,0.000025,-0.000047,1.842638,1,13.707789,inf,inf,inf,inf,inf,0.000000,inf,inf,0.012000,inf,inf,inf,inf,nan,0.000000,inf,inf,inf,inf,inf,inf,inf,inf,-0.000000,0.000000,0.000006,0,4
1780630988.445430,nmpc_dc,-0.000000,45.000006,-0.000003,-0.000006,-2.436127,0.000000,45.000000,0.000000,45.000000,0.000019,-0.000025,0.753179,1,12.311645,inf,inf,inf,inf,inf,0.000000,inf,inf,0.012000,inf,inf,inf,inf,nan,0.000000,inf,inf,inf,inf,inf,inf,inf,inf,-0.000000,0.000000,0.000007,0,4
1780630988.526698,nmpc_dc,-0.000001,45.000005,-0.000001,-0.000009,-2.086127,0.000000,45.000000,0.000000,45.000000,0.000012,-0.000006,0.437850,1,4.450442,inf,inf,inf,inf,inf,0.000000,inf,inf,0.012000,inf,inf,inf,inf,nan,0.000000,inf,inf,inf,inf,inf,inf,inf,inf,-0.000000,0.000000,0.000009,0,4
1780630988.646169,nmpc_dc,-0.000001,45.000004,0.000000,-0.000009,-1.736127,0.000000,45.000000,0.000000,45.000000,0.000006,0.000006,0.318094,1,13.955550,inf,inf,inf,inf,inf,0.000000,inf,inf,0.012000,inf,inf,inf,inf,nan,0.000000,inf,inf,inf,inf,inf,inf,inf,inf,-0.000000,0.000000,0.000009,0,4
1780630988.734255,nmpc_dc,-0.000001,45.000003,0.000001,-0.000009,-1.545305,0.000000,45.000000,0.000000,45.000000,-0.000005,0.000016,0.265336,1,9.746882,0.332000,0.332751,0.219836,0.219836,0.644037,0.000000,0.219836,0.219836,0.012000,0.632037,0.294749,0.189755,inf,nan,0.000000,0.189755,0.189755,0.189755,0.056926,0.011385,0.189755,0.056927,0.011385,-0.000000,0.000000,0.000009,1,4
1780630988.847489,nmpc_dc,-0.000001,45.000002,0.000000,-0.000007,-1.439310,0.000000,45.000000,0.000000,45.000000,-0.000004,0.000017,0.238904,1,13.899890,0.331999,0.311032,0.202611,0.202611,0.635272,0.000000,0.202611,0.202611,0.012000,0.623272,0.294749,0.189755,inf,nan,0.000000,0.189755,0.189755,0.189755,0.056926,0.011385,0.189755,0.056927,0.011385,-0.000000,0.000000,0.000007,1,4
1780630988.926667,nmpc_dc,-0.000001,45.000002,-0.000000,-0.000005,-1.364664,0.000000,45.000000,0.000000,45.000000,-0.000002,0.000015,0.222637,1,3.905741,0.331999,0.296818,0.190785,0.190785,0.629371,0.000000,0.190785,0.190785,0.012000,0.617370,0.294750,0.189755,inf,nan,0.000000,0.189755,0.189755,0.189755,0.056926,0.011385,0.189755,0.056927,0.011385,-0.000000,0.000000,0.000005,1,4
1780630989.044866,nmpc_dc,-0.000001,45.000001,-0.000000,-0.000004,-1.282702,0.000000,45.000000,0.000000,45.000000,-0.000001,0.000012,0.208219,1,13.460998,0.331999,0.282473,0.178283,0.178283,0.623292,0.000000,0.178283,0.178283,0.012000,0.611292,0.294750,0.189755,inf,nan,0.000000,0.189755,0.189755,0.189755,0.056926,0.011385,0.189755,0.056927,0.011385,-0.000000,0.000000,0.000004,1,4
1780630989.127094,nmpc_dc,-0.000001,45.000001,-0.000000,-0.000003,-1.169523,0.000000,45.000000,0.000000,45.000000,-0.000000,0.000010,0.190957,1,4.297144,0.331999,0.265263,0.162214,0.162214,0.620000,0.000000,0.162214,0.162214,0.012000,0.608000,0.294750,0.189755,inf,nan,0.000000,0.189755,0.189755,0.189755,0.056926,0.011385,0.189755,0.056927,0.011385,-0.000000,0.000000,0.000003,1,4
1780630989.249263,nmpc_dc,-0.000001,45.000001,-0.000000,-0.000002,-1.017879,0.000000,45.000000,0.000000,45.000000,0.000000,0.000007,0.168905,1,13.606687,0.331999,0.247900,0.143661,0.143661,0.620000,0.000000,0.143661,0.143661,0.012000,0.608000,0.294750,0.189755,inf,nan,0.000000,0.189755,0.189755,0.189755,0.056926,0.011385,0.189755,0.056927,0.011385,-0.000000,0.000000,0.000002,1,4
1780630989.329419,nmpc_dc,-0.000001,45.000000,-0.000000,-0.000001,-0.844003,0.000000,45.000000,0.000000,45.000000,0.000001,0.000005,0.143378,1,8.793584,0.331999,0.237497,0.127555,0.127555,0.620000,0.000000,0.127555,0.127555,0.012000,0.608000,0.294750,0.189755,inf,nan,0.000000,0.189755,0.189755,0.189755,0.056926,0.011385,0.189755,0.056927,0.011385,-0.000000,0.000000,0.000001,1,4
1780630989.448708,nmpc_dc,-0.000001,45.000000,-0.000000,-0.000001,-0.679716,0.000000,45.000000,0.000000,45.000000,0.000001,0.000003,0.118189,1,10.478836,0.331999,0.230571,0.117791,0.117791,0.620000,0.000000,0.117791,0.117791,0.012000,0.608000,0.294750,0.189755,inf,nan,0.000000,0.189755,0.189755,0.189755,0.056926,0.011385,0.189755,0.056927,0.011385,-0.000000,0.000000,0.000001,1,4
1780630989.532199,nmpc_dc,-0.000001,45.000000,-0.000000,-0.000000,-0.550050,0.000000,45.000000,0.000000,45.000000,0.000001,0.000002,0.097015,1,8.594241,0.331999,0.222940,0.113918,0.113918,0.620000,0.000000,0.113918,0.113918,0.012000,0.608000,0.294750,0.189755,inf,nan,0.000000,0.189755,0.189755,0.189755,0.056926,0.011385,0.189755,0.056927,0.011385,-0.000000,0.000000,0.000000,1,4
1780630989.647749,nmpc_dc,-0.000001,45.000000,-0.000000,0.000000,-0.462690,0.000000,45.000000,0.000000,45.000000,0.000001,0.000001,0.081588,1,12.874628,0.331999,0.221673,0.113279,0.113279,0.620000,0.000000,0.113279,0.113279,0.012000,0.608000,0.294750,0.189755,inf,nan,0.000000,0.189755,0.189755,0.189755,0.056926,0.011385,0.189755,0.056927,0.011385,-0.000000,0.000000,0.000000,1,4
1780630989.727534,nmpc_dc,-0.000001,45.000000,-0.000000,0.000000,-0.412813,0.000000,45.000000,0.000000,45.000000,0.000001,-0.000000,0.071778,1,6.546129,0.359898,0.249163,0.140577,0.140577,0.620000,0.000000,0.140577,0.140577,0.012000,0.608000,0.324044,0.217048,inf,nan,0.000000,0.217048,0.217048,0.217048,0.065114,0.013023,0.217048,0.065115,0.013023,-0.000000,0.000000,0.000000,1,4
1780630989.849372,nmpc_dc,-0.000001,45.000000,-0.000000,0.000000,-0.390807,0.000000,45.000000,0.000000,45.000000,0.000001,-0.000000,0.066469,1,17.343176,0.359898,0.249402,0.140699,0.140699,0.620000,0.000000,0.140699,0.140699,0.012000,0.608000,0.324044,0.217048,inf,nan,0.000000,0.217048,0.217048,0.217048,0.065114,0.013023,0.217048,0.065115,0.013023,-0.000000,0.000000,0.000000,1,4
1780630989.926959,nmpc_dc,-0.000001,45.000000,0.000000,0.000000,-0.385795,0.000000,45.000000,0.000000,45.000000,0.000000,-0.000000,0.064170,1,4.385409,0.359898,0.249484,0.140741,0.140741,0.620000,0.000000,0.140741,0.140741,0.012000,0.608000,0.324044,0.217048,inf,nan,0.000000,0.217048,0.217048,0.217048,0.065114,0.013023,0.217048,0.065115,0.013023,-0.000000,0.000000,0.000000,1,4
1780630990.057728,nmpc_dc,-0.000001,45.000000,0.000000,0.000000,-0.388921,0.000000,45.000000,0.000000,45.000000,0.000000,-0.000000,0.063524,1,13.948663,0.359898,0.249432,0.140714,0.140714,0.620000,0.000000,0.140714,0.140714,0.012000,0.608000,0.324044,0.217048,inf,nan,0.000000,0.217048,0.217048,0.217048,0.065114,0.013023,0.217048,0.065115,0.013023,-0.000000,0.000000,0.000000,1,4
1780630990.143055,nmpc_dc,-0.000001,45.000000,0.000000,0.000000,-0.395329,0.000000,45.000000,0.000000,45.000000,-0.000000,-0.000000,0.063654,1,16.326607,0.359898,0.249337,0.140665,0.140665,0.620000,0.000000,0.140665,0.140665,0.012000,0.608000,0.324044,0.217048,inf,nan,0.000000,0.217048,0.217048,0.217048,0.065114,0.013023,0.217048,0.065115,0.013023,-0.000000,0.000000,0.000000,1,4
1780630990.253945,nmpc_dc,-0.000001,45.000000,0.000000,0.000000,-0.402532,0.000000,45.000000,0.000000,45.000000,-0.000000,-0.000000,0.064063,1,14.106297,0.359898,0.249250,0.140621,0.140621,0.620000,0.000000,0.140621,0.140621,0.012000,0.608000,0.324044,0.217048,inf,nan,0.000000,0.217048,0.217048,0.217048,0.065114,0.013023,0.217048,0.065115,0.013023,-0.000000,0.000000,0.000000,1,4
1780630990.341941,nmpc_dc,-0.000001,45.000000,0.000000,0.000000,-0.409305,0.000000,45.000000,0.000000,45.000000,-0.000000,-0.000000,0.064492,1,15.570125,0.359898,0.249188,0.140589,0.140589,0.620000,0.000000,0.140589,0.140589,0.012000,0.608000,0.324044,0.217048,inf,nan,0.000000,0.217048,0.217048,0.217048,0.065114,0.013023,0.217048,0.065115,0.013023,-0.000000,0.000000,0.000000,1,4
1780630990.446043,nmpc_dc,-0.000001,45.000000,0.000000,-0.000000,-0.415099,0.000000,45.000000,0.000000,45.000000,-0.000000,-0.000000,0.064817,1,12.145936,0.359898,0.249150,0.140570,0.140570,0.620000,0.000000,0.140570,0.140570,0.012000,0.608000,0.324044,0.217048,inf,nan,0.000000,0.217048,0.217048,0.217048,0.065114,0.013023,0.217048,0.065115,0.013023,-0.000000,0.000000,0.000000,1,4
1780630990.522688,nmpc_dc,-0.000001,45.000000,0.000000,-0.000000,-0.419734,0.000000,45.000000,0.000000,45.000000,-0.000000,-0.000000,0.064987,1,3.100360,0.359898,0.249129,0.140559,0.140559,0.620000,0.000000,0.140559,0.140559,0.012000,0.608000,0.324044,0.217048,inf,nan,0.000000,0.217048,0.217048,0.217048,0.065114,0.013023,0.217048,0.065115,0.013023,-0.000000,0.000000,0.000000,1,4
1780630990.624382,nmpc_dc,-0.000001,45.000000,0.000000,-0.000000,-0.423239,0.000000,45.000000,0.000000,45.000000,-0.000000,0.000000,0.064995,1,3.081692,0.359898,0.249119,0.140554,0.140554,0.620000,0.000000,0.140554,0.140554,0.012000,0.608000,0.324044,0.217048,inf,nan,0.000000,0.217048,0.217048,0.217048,0.065114,0.013023,0.217048,0.065115,0.013023,-0.000000,0.000000,0.000000,1,4
1780630990.722361,nmpc_dc,-0.000001,45.000000,0.000000,-0.000000,-0.425745,0.000000,45.000000,0.000000,45.000000,0.000007,-0.000003,0.064854,1,3.123802,inf,inf,inf,inf,inf,0.000000,inf,inf,0.012000,inf,inf,inf,inf,nan,0.000000,inf,inf,inf,inf,inf,inf,inf,inf,-0.000000,0.000000,0.000000,0,4
1780630990.842435,nmpc_dc,-0.000001,45.000000,0.000001,-0.000000,-0.427431,0.000000,45.000000,0.000000,45.000000,0.000004,-0.000002,0.064586,1,10.697004,inf,inf,inf,inf,inf,0.000000,inf,inf,0.012000,inf,inf,inf,inf,nan,0.000000,inf,inf,inf,inf,inf,inf,inf,inf,-0.000000,0.000000,0.000001,0,4
1780630990.921950,nmpc_dc,-0.000001,45.000000,0.000001,-0.000000,-0.428501,0.000000,45.000000,0.000000,45.000000,0.000001,-0.000001,0.064222,1,2.921838,inf,inf,inf,inf,inf,0.000000,inf,inf,0.012000,inf,inf,inf,inf,nan,0.000000,inf,inf,inf,inf,inf,inf,inf,inf,-0.000000,0.000000,0.000001,0,4
1780630991.044636,nmpc_dc,-0.000001,45.000000,0.000001,-0.000001,-0.429174,0.000000,45.000000,0.000000,45.000000,-0.000001,0.000000,0.063793,1,13.192438,inf,inf,inf,inf,inf,0.000000,inf,inf,0.012000,inf,inf,inf,inf,nan,0.000000,inf,inf,inf,inf,inf,inf,inf,inf,-0.000000,0.000000,0.000001,0,4
1780630991.134866,nmpc_dc,-0.000000,45.000000,0.000001,-0.000001,-0.429610,0.000000,45.000000,0.000000,45.000000,-0.000001,0.000001,0.063324,1,11.933484,inf,inf,inf,inf,inf,0.000000,inf,inf,0.012000,inf,inf,inf,inf,nan,0.000000,inf,inf,inf,inf,inf,inf,inf,inf,-0.000000,0.000000,0.000001,0,4
1780630991.247937,nmpc_dc,-0.000000,45.000000,0.000001,-0.000000,-0.429906,0.000000,45.000000,0.000000,45.000000,-0.000002,0.000001,0.062834,1,14.097869,inf,inf,inf,inf,inf,0.000000,inf,inf,0.012000,inf,inf,inf,inf,nan,0.000000,inf,inf,inf,inf,inf,inf,inf,inf,-0.000000,0.000000,0.000001,0,4
1780630991.326505,nmpc_dc,-0.000000,45.000000,0.000001,-0.000000,-0.430111,0.000000,45.000000,0.000000,45.000000,-0.000002,0.000001,0.062331,1,4.482050,inf,inf,inf,inf,inf,0.000000,inf,inf,0.012000,inf,inf,inf,inf,nan,0.000000,inf,inf,inf,inf,inf,inf,inf,inf,-0.000000,0.000000,0.000001,0,4
1780630991.457118,nmpc_dc,-0.000000,45.000000,0.000001,-0.000000,-0.430250,0.000000,45.000000,0.000000,45.000000,-0.000002,0.000001,0.061821,1,17.250430,inf,inf,inf,inf,inf,0.000000,inf,inf,0.012000,inf,inf,inf,inf,nan,0.000000,inf,inf,inf,inf,inf,inf,inf,inf,-0.000000,0.000000,0.000001,0,4
1780630991.537233,nmpc_dc,-0.000000,45.000000,0.000000,-0.000000,-0.430318,0.000000,45.000000,0.000000,45.000000,-0.000001,0.000001,0.061305,1,13.936272,inf,inf,inf,inf,inf,0.000000,inf,inf,0.012000,inf,inf,inf,inf,nan,0.000000,inf,inf,inf,inf,inf,inf,inf,inf,-0.000000,0.000000,0.000000,0,4
1780630991.642085,nmpc_dc,-0.000000,45.000000,0.000000,-0.000000,-0.430276,0.000000,45.000000,0.000000,45.000000,-0.000001,0.000000,0.060778,1,13.758519,inf,inf,inf,inf,inf,0.000000,inf,inf,0.012000,inf,inf,inf,inf,nan,0.000000,inf,inf,inf,inf,inf,inf,inf,inf,-0.000000,0.000000,0.000000,0,4
1780630991.725591,nmpc_dc,-0.000000,45.000000,0.000000,-0.000000,-0.429986,0.000000,45.000000,0.000000,45.000000,-0.000008,0.000004,0.060226,1,3.610539,0.341187,0.231297,0.122646,0.122646,0.620000,0.000000,0.122646,0.122646,0.012000,0.608000,0.303844,0.198894,inf,nan,0.000000,0.198894,0.198894,0.198894,0.059668,0.011934,0.198894,0.059668,0.011934,-0.000000,0.000000,0.000000,1,4
1780630991.850351,nmpc_dc,-0.000000,45.000000,-0.000001,0.000000,-0.428874,0.000000,45.000000,0.000000,45.000000,-0.000005,0.000002,0.059581,1,13.592832,0.341187,0.231318,0.122656,0.122656,0.620000,0.000000,0.122656,0.122656,0.012000,0.608000,0.303845,0.198894,inf,nan,0.000000,0.198894,0.198894,0.198894,0.059668,0.011934,0.198894,0.059668,0.011934,-0.000000,0.000000,0.000001,1,4
1780630991.927617,nmpc_dc,-0.000000,45.000000,-0.000001,0.000001,-0.451175,0.000000,45.000000,0.000000,45.000000,-0.000002,0.000001,0.061466,1,4.807685,0.341187,0.230999,0.122495,0.122495,0.620000,0.000000,0.122495,0.122495,0.012000,0.608000,0.303845,0.198894,inf,nan,0.000000,0.198894,0.198894,0.198894,0.059668,0.011934,0.198894,0.059668,0.011934,-0.000000,0.000000,0.000001,1,4
1780630992.050817,nmpc_dc,-0.000000,45.000000,-0.000001,0.000001,-0.464992,0.000000,45.000000,0.000000,45.000000,0.000000,-0.000000,0.063048,1,13.045358,0.341187,0.230904,0.122447,0.122447,0.620000,0.000000,0.122447,0.122447,0.012000,0.608000,0.303845,0.198894,inf,nan,0.000000,0.198894,0.198894,0.198894,0.059668,0.011934,0.198894,0.059668,0.011934,-0.000000,0.000000,0.000001,1,4
1780630992.137986,nmpc_dc,-0.000000,45.000000,-0.000001,0.000001,-0.471234,0.000000,45.000000,0.000000,45.000000,0.000001,-0.000001,0.063719,1,13.808185,0.341187,0.230888,0.122438,0.122438,0.620000,0.000000,0.122438,0.122438,0.012000,0.608000,0.303845,0.198894,inf,nan,0.000000,0.198894,0.198894,0.198894,0.059668,0.011934,0.198895,0.059668,0.011934,-0.000000,0.000000,0.000001,1,4
1780630992.250412,nmpc_dc,-0.000000,45.000000,-0.000001,0.000001,-0.473829,0.000000,45.000000,0.000000,45.000000,0.000002,-0.000001,0.063761,1,13.776372,0.341187,0.230886,0.122437,0.122437,0.620000,0.000000,0.122437,0.122437,0.012000,0.608000,0.303845,0.198895,inf,nan,0.000000,0.198895,0.198895,0.198895,0.059668,0.011934,0.198895,0.059668,0.011934,-0.000000,0.000000,0.000001,1,4
1780630992.338044,nmpc_dc,-0.000001,45.000000,-0.000001,0.000000,-0.474809,0.000000,45.000000,0.000000,45.000000,0.000002,-0.000001,0.063470,1,13.954558,0.341188,0.230886,0.122437,0.122437,0.620000,0.000000,0.122437,0.122437,0.012000,0.608000,0.303845,0.198895,inf,nan,0.000000,0.198895,0.198895,0.198895,0.059668,0.011934,0.198895,0.059668,0.011934,-0.000000,0.000000,0.000001,1,4
1780630992.451679,nmpc_dc,-0.000001,45.000000,-0.000001,0.000000,-0.475104,0.000000,45.000000,0.000000,45.000000,0.000002,-0.000001,0.063022,1,13.870192,0.341188,0.230886,0.122438,0.122438,0.620000,0.000000,0.122438,0.122438,0.012000,0.608000,0.303845,0.198895,inf,nan,0.000000,0.198895,0.198895,0.198895,0.059668,0.011934,0.198895,0.059668,0.011934,-0.000000,0.000000,0.000001,1,4
1780630992.536503,nmpc_dc,-0.000001,45.000000,-0.000000,0.000000,-0.475127,0.000000,45.000000,0.000000,45.000000,0.000001,-0.000001,0.062509,1,13.094881,0.341188,0.230886,0.122438,0.122438,0.620000,0.000000,0.122438,0.122438,0.012000,0.608000,0.303845,0.198895,inf,nan,0.000000,0.198895,0.198895,0.198895,0.059668,0.011934,0.198895,0.059668,0.011934,-0.000000,0.000000,0.000001,1,4
1780630992.648139,nmpc_dc,-0.000001,45.000000,-0.000000,0.000000,-0.475053,0.000000,45.000000,0.000000,45.000000,0.000001,-0.000001,0.061972,1,13.305551,0.341188,0.230886,0.122438,0.122438,0.620000,0.000000,0.122438,0.122438,0.012000,0.608000,0.303845,0.198895,inf,nan,0.000000,0.198895,0.198895,0.198895,0.059668,0.011934,0.198895,0.059668,0.011934,-0.000000,0.000000,0.000000,1,4
1780630992.727304,nmpc_dc,-0.000001,45.000000,-0.000000,0.000000,-0.474957,0.000000,45.000000,0.000000,45.000000,0.000008,-0.000004,0.061431,1,6.771962,inf,inf,inf,inf,inf,0.000000,inf,inf,0.012000,inf,inf,inf,inf,nan,0.000000,inf,inf,inf,inf,inf,inf,inf,inf,-0.000000,0.000000,0.000000,0,4
1780630992.846705,nmpc_dc,-0.000001,45.000000,0.000001,-0.000000,-0.474866,0.000000,45.000000,0.000000,45.000000,0.000005,-0.000002,0.060892,1,13.686967,inf,inf,inf,inf,inf,0.000000,inf,inf,0.012000,inf,inf,inf,inf,nan,0.000000,inf,inf,inf,inf,inf,inf,inf,inf,-0.000000,0.000000,0.000001,0,4
1780630992.926832,nmpc_dc,-0.000001,45.000000,0.000001,-0.000001,-0.474790,0.000000,45.000000,0.000000,45.000000,0.000002,-0.000001,0.060359,1,4.540472,inf,inf,inf,inf,inf,0.000000,inf,inf,0.012000,inf,inf,inf,inf,nan,0.000000,inf,inf,inf,inf,inf,inf,inf,inf,-0.000000,0.000000,0.000001,0,4
1780630993.048548,nmpc_dc,-0.000001,45.000000,0.000001,-0.000001,-0.474723,0.000000,45.000000,0.000000,45.000000,-0.000000,0.000000,0.059831,1,13.756442,inf,inf,inf,inf,inf,0.000000,inf,inf,0.012000,inf,inf,inf,inf,nan,0.000000,inf,inf,inf,inf,inf,inf,inf,inf,-0.000000,0.000000,0.000001,0,4
1780630993.126723,nmpc_dc,-0.000000,45.000000,0.000001,-0.000001,-0.474657,0.000000,45.000000,0.000000,45.000000,-0.000001,0.000001,0.059309,1,4.570030,inf,inf,inf,inf,inf,0.000000,inf,inf,0.012000,inf,inf,inf,inf,nan,0.000000,inf,inf,inf,inf,inf,inf,inf,inf,-0.000000,0.000000,0.000001,0,4
1780630993.249665,nmpc_dc,-0.000000,45.000000,0.000001,-0.000001,-0.474581,0.000000,45.000000,0.000000,45.000000,-0.000002,0.000001,0.058790,1,13.809662,inf,inf,inf,inf,inf,0.000000,inf,inf,0.012000,inf,inf,inf,inf,nan,0.000000,inf,inf,inf,inf,inf,inf,inf,inf,-0.000000,0.000000,0.000001,0,4
1780630993.337774,nmpc_dc,-0.000000,45.000000,0.000001,-0.000000,-0.474484,0.000000,45.000000,0.000000,45.000000,-0.000002,0.000001,0.058273,1,14.205462,inf,inf,inf,inf,inf,0.000000,inf,inf,0.012000,inf,inf,inf,inf,nan,0.000000,inf,inf,inf,inf,inf,inf,inf,inf,-0.000000,0.000000,0.000001,0,4
1780630993.446455,nmpc_dc,-0.000000,45.000000,0.000001,-0.000000,-0.474343,0.000000,45.000000,0.000000,45.000000,-0.000002,0.000001,0.057755,1,13.070928,inf,inf,inf,inf,inf,0.000000,inf,inf,0.012000,inf,inf,inf,inf,nan,0.000000,inf,inf,inf,inf,inf,inf,inf,inf,-0.000000,0.000000,0.000001,0,4
1780630993.534703,nmpc_dc,-0.000000,45.000000,0.000000,-0.000000,-0.474124,0.000000,45.000000,0.000000,45.000000,-0.000001,0.000001,0.057232,1,11.814033,inf,inf,inf,inf,inf,0.000000,inf,inf,0.012000,inf,inf,inf,inf,nan,0.000000,inf,inf,inf,inf,inf,inf,inf,inf,-0.000000,0.000000,0.000001,0,4
1780630993.630459,nmpc_dc,-0.000000,45.000000,0.000000,-0.000000,-0.473748,0.000000,45.000000,0.000000,45.000000,-0.000001,0.000001,0.056693,1,5.557474,inf,inf,inf,inf,inf,0.000000,inf,inf,0.012000,inf,inf,inf,inf,nan,0.000000,inf,inf,inf,inf,inf,inf,inf,inf,-0.000000,0.000000,0.000000,0,4
1780630993.723805,nmpc_dc,-0.000000,45.000000,0.000000,-0.000000,-0.473011,0.000000,45.000000,0.000000,45.000000,-0.000001,0.000000,0.056115,1,4.214029,inf,inf,inf,inf,inf,0.000000,inf,inf,0.012000,inf,inf,inf,inf,nan,0.000000,inf,inf,inf,inf,inf,inf,inf,inf,-0.000000,0.000000,0.000000,0,4
1780630993.844068,nmpc_dc,-0.000000,45.000000,0.000000,-0.000000,-0.471191,0.000000,45.000000,0.000000,45.000000,-0.000008,0.000004,0.055413,1,14.681115,0.331894,0.221598,0.113210,0.113210,0.620000,0.000000,0.113210,0.113210,0.012000,0.608000,0.294559,0.189687,inf,nan,0.000000,0.189687,0.189687,0.189687,0.056906,0.011381,0.189688,0.056906,0.011381,-0.000000,0.000000,0.000000,1,4
1780630993.937309,nmpc_dc,-0.000000,45.000000,-0.000001,0.000000,-0.462120,0.000000,45.000000,0.000000,45.000000,-0.000005,0.000002,0.053895,1,13.349684,0.331894,0.221629,0.113226,0.113226,0.620000,0.000000,0.113226,0.113226,0.012000,0.608000,0.294559,0.189687,inf,nan,0.000000,0.189687,0.189687,0.189687,0.056906,0.011381,0.189688,0.056906,0.011381,-0.000000,0.000000,0.000001,1,4
1780630994.043454,nmpc_dc,-0.000000,45.000000,-0.000001,0.000001,-0.467188,0.000000,45.000000,0.000000,45.000000,-0.000002,0.000001,0.053721,1,13.148973,0.331895,0.221608,0.113215,0.113215,0.620000,0.000000,0.113215,0.113215,0.012000,0.608000,0.294559,0.189688,inf,nan,0.000000,0.189688,0.189688,0.189688,0.056906,0.011381,0.189688,0.056906,0.011381,-0.000000,0.000000,0.000001,1,4
1780630994.127623,nmpc_dc,-0.000000,45.000000,-0.000001,0.000001,-0.471008,0.000000,45.000000,0.000000,45.000000,0.000000,-0.000000,0.053750,1,4.859686,0.331895,0.221598,0.113211,0.113211,0.620000,0.000000,0.113211,0.113211,0.012000,0.608000,0.294559,0.189688,inf,nan,0.000000,0.189688,0.189688,0.189688,0.056906,0.011381,0.189688,0.056906,0.011381,-0.000000,0.000000,0.000001,1,4
1780630994.251283,nmpc_dc,-0.000000,45.000000,-0.000001,0.000001,-0.472997,0.000000,45.000000,0.000000,45.000000,0.000002,-0.000001,0.053629,1,13.664744,0.331895,0.221596,0.113210,0.113210,0.620000,0.000000,0.113210,0.113210,0.012000,0.608000,0.294559,0.189688,inf,nan,0.000000,0.189688,0.189688,0.189688,0.056906,0.011381,0.189688,0.056906,0.011381,-0.000000,0.000000,0.000001,1,4
1780630994.338749,nmpc_dc,-0.000000,45.000000,-0.000001,0.000001,-0.473983,0.000000,45.000000,0.000000,45.000000,0.000002,-0.000001,0.053363,1,13.775789,0.331895,0.221596,0.113209,0.113209,0.620000,0.000000,0.113209,0.113209,0.012000,0.608000,0.294559,0.189688,inf,nan,0.000000,0.189688,0.189688,0.189688,0.056906,0.011381,0.189688,0.056906,0.011381,-0.000000,0.000000,0.000001,1,4
1780630994.448887,nmpc_dc,-0.000001,45.000000,-0.000001,0.000000,-0.474468,0.000000,45.000000,0.000000,45.000000,0.000002,-0.000001,0.053007,1,13.714261,0.331895,0.221596,0.113209,0.113209,0.620000,0.000000,0.113209,0.113209,0.012000,0.608000,0.294559,0.189688,inf,nan,0.000000,0.189688,0.189688,0.189688,0.056906,0.011381,0.189688,0.056906,0.011381,-0.000000,0.000000,0.000001,1,4
1780630994.527855,nmpc_dc,-0.000001,45.000000,-0.000001,0.000000,-0.474708,0.000000,45.000000,0.000000,45.000000,0.000002,-0.000001,0.052605,1,5.032463,0.331895,0.221596,0.113209,0.113209,0.620000,0.000000,0.113209,0.113209,0.012000,0.608000,0.294559,0.189688,inf,nan,0.000000,0.189688,0.189688,0.189688,0.056906,0.011381,0.189688,0.056906,0.011381,-0.000000,0.000000,0.000001,1,4
1780630994.651309,nmpc_dc,-0.000001,45.000000,-0.000001,0.000000,-0.474829,0.000000,45.000000,0.000000,45.000000,0.000002,-0.000001,0.052180,1,13.621081,0.331895,0.221596,0.113210,0.113210,0.620000,0.000000,0.113210,0.113210,0.012000,0.608000,0.294559,0.189688,inf,nan,0.000000,0.189688,0.189688,0.189688,0.056906,0.011381,0.189688,0.056906,0.011381,-0.000000,0.000000,0.000001,1,4
1780630994.731127,nmpc_dc,-0.000001,45.000000,-0.000000,0.000000,-0.474891,0.000000,45.000000,0.000000,45.000000,0.000001,-0.000001,0.051747,1,6.844826,0.331895,0.221596,0.113210,0.113210,0.620000,0.000000,0.113210,0.113210,0.012000,0.608000,0.294559,0.189688,inf,nan,0.000000,0.189688,0.189688,0.189688,0.056906,0.011381,0.189688,0.056906,0.011381,-0.000000,0.000000,0.000000,1,4
1780630994.850167,nmpc_dc,-0.000001,45.000000,-0.000000,0.000000,-0.474923,0.000000,45.000000,0.000000,45.000000,0.000008,-0.000004,0.051310,1,13.589737,inf,inf,inf,inf,inf,0.000000,inf,inf,0.012000,inf,inf,inf,inf,nan,0.000000,inf,inf,inf,inf,inf,inf,inf,inf,-0.000000,0.000000,0.000000,0,4
1780630994.935282,nmpc_dc,-0.000001,45.000000,0.000001,-0.000000,-0.474940,0.000000,45.000000,0.000000,45.000000,0.000005,-0.000003,0.050874,1,12.448371,inf,inf,inf,inf,inf,0.000000,inf,inf,0.012000,inf,inf,inf,inf,nan,0.000000,inf,inf,inf,inf,inf,inf,inf,inf,-0.000000,0.000000,0.000001,0,4
1780630995.049039,nmpc_dc,-0.000001,45.000000,0.000001,-0.000001,-0.474946,0.000000,45.000000,0.000000,45.000000,0.000002,-0.000001,0.050440,1,12.990218,inf,inf,inf,inf,inf,0.000000,inf,inf,0.012000,inf,inf,inf,inf,nan,0.000000,inf,inf,inf,inf,inf,inf,inf,inf,-0.000000,0.000000,0.000001,0,4
1780630995.134609,nmpc_dc,-0.000001,45.000000,0.000001,-0.000001,-0.474939,0.000000,45.000000,0.000000,45.000000,-0.000000,0.000000,0.050007,1,11.842948,inf,inf,inf,inf,inf,0.000000,inf,inf,0.012000,inf,inf,inf,inf,nan,0.000000,inf,inf,inf,inf,inf,inf,inf,inf,-0.000000,0.000000,0.000001,0,4
1780630995.248286,nmpc_dc,-0.000000,45.000000,0.000001,-0.000001,-0.474917,0.000000,45.000000,0.000000,45.000000,-0.000001,0.000001,0.049576,1,14.124708,inf,inf,inf,inf,inf,0.000000,inf,inf,0.012000,inf,inf,inf,inf,nan,0.000000,inf,inf,inf,inf,inf,inf,inf,inf,-0.000000,0.000000,0.000001,0,4
1780630995.337463,nmpc_dc,-0.000000,45.000000,0.000001,-0.000001,-0.474876,0.000000,45.000000,0.000000,45.000000,-0.000002,0.000001,0.049146,1,14.206125,inf,inf,inf,inf,inf,0.000000,inf,inf,0.012000,inf,inf,inf,inf,nan,0.000000,inf,inf,inf,inf,inf,inf,inf,inf,-0.000000,0.000000,0.000001,0,4
1780630995.435388,nmpc_dc,-0.000000,45.000000,0.000001,-0.000000,-0.474809,0.000000,45.000000,0.000000,45.000000,-0.000002,0.000001,0.048717,1,7.336976,inf,inf,inf,inf,inf,0.000000,inf,inf,0.012000,inf,inf,inf,inf,nan,0.000000,inf,inf,inf,inf,inf,inf,inf,inf,-0.000000,0.000000,0.000001,0,4
1780630995.539549,nmpc_dc,-0.000000,45.000000,0.000001,-0.000000,-0.474700,0.000000,45.000000,0.000000,45.000000,-0.000002,0.000001,0.048285,1,15.609678,inf,inf,inf,inf,inf,0.000000,inf,inf,0.012000,inf,inf,inf,inf,nan,0.000000,inf,inf,inf,inf,inf,inf,inf,inf,-0.000000,0.000000,0.000001,0,4
1780630995.647470,nmpc_dc,-0.000000,45.000000,0.000001,-0.000000,-0.474518,0.000000,45.000000,0.000000,45.000000,-0.000002,0.000001,0.047848,1,14.173056,inf,inf,inf,inf,inf,0.000000,inf,inf,0.012000,inf,inf,inf,inf,nan,0.000000,inf,inf,inf,inf,inf,inf,inf,inf,-0.000000,0.000000,0.000001,0,4
1780630995.726257,nmpc_dc,-0.000000,45.000000,0.000000,-0.000000,-0.474190,0.000000,45.000000,0.000000,45.000000,-0.000001,0.000001,0.047397,1,5.669054,inf,inf,inf,inf,inf,0.000000,inf,inf,0.012000,inf,inf,inf,inf,nan,0.000000,inf,inf,inf,inf,inf,inf,inf,inf,-0.000000,0.000000,0.000000,0,4
1780630995.845751,nmpc_dc,-0.000000,45.000000,0.000000,-0.000000,-0.473532,0.000000,45.000000,0.000000,45.000000,-0.000001,0.000000,0.046909,1,12.935984,inf,inf,inf,inf,inf,0.000000,inf,inf,0.012000,inf,inf,inf,inf,nan,0.000000,inf,inf,inf,inf,inf,inf,inf,inf,-0.000000,0.000000,0.000000,0,4
1780630995.927448,nmpc_dc,-0.000000,45.000000,0.000000,-0.000000,-0.471879,0.000000,45.000000,0.000000,45.000000,-0.000001,0.000000,0.046306,1,5.454153,inf,inf,inf,inf,inf,0.000000,inf,inf,0.012000,inf,inf,inf,inf,nan,0.000000,inf,inf,inf,inf,inf,inf,inf,inf,-0.000000,0.000000,0.000000,0,4
1780630996.047990,nmpc_dc,0.000000,45.000000,0.000000,-0.000000,-0.463533,0.000000,45.000000,0.000000,45.000000,-0.000000,0.000000,0.044950,1,14.479319,inf,inf,inf,inf,inf,0.000000,inf,inf,0.012000,inf,inf,inf,inf,nan,0.000000,inf,inf,inf,inf,inf,inf,inf,inf,-0.000000,0.000000,0.000000,0,4
1780630996.136943,nmpc_dc,0.000000,45.000000,0.000000,-0.000000,-0.113533,0.000000,45.000000,0.000000,45.000000,-0.000000,0.000000,0.006214,1,13.829909,inf,inf,inf,inf,inf,0.000000,inf,inf,0.012000,inf,inf,inf,inf,nan,0.000000,inf,inf,inf,inf,inf,inf,inf,inf,-0.000000,0.000000,0.000000,0,4
1780630996.250306,nmpc_dc,0.000000,45.000000,0.000000,-0.000000,0.236467,0.000000,45.000000,0.000000,45.000000,-0.000000,0.000000,-0.041620,1,13.892568,inf,inf,inf,inf,inf,0.000000,inf,inf,0.012000,inf,inf,inf,inf,nan,0.000000,inf,inf,inf,inf,inf,inf,inf,inf,-0.000000,0.000000,0.000000,0,4
1780630996.336454,nmpc_dc,0.000000,45.000000,-0.000000,0.000000,0.586467,0.000000,45.000000,0.000000,45.000000,-0.000000,0.000000,-0.091421,1,13.637243,inf,inf,inf,inf,inf,0.000000,inf,inf,0.012000,inf,inf,inf,inf,nan,0.000000,inf,inf,inf,inf,inf,inf,inf,inf,-0.000000,0.000000,0.000000,0,4
1780630996.450631,nmpc_dc,0.000000,45.000000,-0.000000,0.000000,0.936467,0.000000,45.000000,0.000000,45.000000,-0.000000,0.000000,-0.141396,1,13.864646,inf,inf,inf,inf,inf,0.000000,inf,inf,0.012000,inf,inf,inf,inf,nan,0.000000,inf,inf,inf,inf,inf,inf,inf,inf,-0.000000,0.000000,0.000000,0,4
1780630996.532566,nmpc_dc,0.000000,45.000000,-0.000000,0.000000,1.286467,0.000000,45.000000,0.000000,45.000000,0.000000,-0.000000,-0.191094,1,9.885321,inf,inf,inf,inf,inf,0.000000,inf,inf,0.012000,inf,inf,inf,inf,nan,0.000000,inf,inf,inf,inf,inf,inf,inf,inf,-0.000000,0.000000,0.000000,0,4
1780630996.649421,nmpc_dc,0.000000,45.000000,-0.000000,0.000000,1.636467,0.000000,45.000000,0.000000,45.000000,0.000000,-0.000000,-0.240406,1,13.954838,inf,inf,inf,inf,inf,0.000000,inf,inf,0.012000,inf,inf,inf,inf,nan,0.000000,inf,inf,inf,inf,inf,inf,inf,inf,-0.000000,0.000000,0.000000,0,4
1780630996.729582,nmpc_dc,0.000000,45.000000,-0.000000,0.000000,1.986467,0.000000,45.000000,0.000000,45.000000,0.000000,-0.000000,-0.289307,1,6.920797,inf,inf,inf,inf,inf,0.000000,inf,inf,0.012000,inf,inf,inf,inf,nan,0.000000,inf,inf,inf,inf,inf,inf,inf,inf,-0.000000,0.000000,0.000000,0,4
1780630996.847570,nmpc_dc,0.000000,45.000000,-0.000000,0.000000,2.336467,0.000000,45.000000,0.000000,45.000000,0.000000,-0.000000,-0.337796,1,13.854244,inf,inf,inf,inf,inf,0.000000,inf,inf,0.012000,inf,inf,inf,inf,nan,0.000000,inf,inf,inf,inf,inf,inf,inf,inf,-0.000000,0.000000,0.000000,0,4
1780630996.935116,nmpc_dc,0.000000,45.000000,-0.000000,0.000000,2.500911,0.000000,45.000000,0.000000,45.000000,0.000000,-0.000000,-0.365665,1,12.299486,inf,inf,inf,inf,inf,0.000000,inf,inf,0.012000,inf,inf,inf,inf,nan,0.000000,inf,inf,inf,inf,inf,inf,inf,inf,-0.000000,0.000000,0.000000,0,4
1780630997.043046,nmpc_dc,0.000000,45.000000,-0.000000,0.000000,2.566171,0.000000,45.000000,0.000000,45.000000,0.000000,-0.000000,-0.377398,1,13.623898,inf,inf,inf,inf,inf,0.000000,inf,inf,0.012000,inf,inf,inf,inf,nan,0.000000,inf,inf,inf,inf,inf,inf,inf,inf,-0.000000,0.000000,0.000000,0,4
1780630997.135832,nmpc_dc,0.000000,45.000000,-0.000000,0.000000,2.579176,0.000000,45.000000,0.000000,45.000000,0.000000,-0.000000,-0.379329,1,12.946016,inf,inf,inf,inf,inf,0.000000,inf,inf,0.012000,inf,inf,inf,inf,nan,0.000000,inf,inf,inf,inf,inf,inf,inf,inf,-0.000000,0.000000,0.000000,0,4
1780630997.249505,nmpc_dc,0.000000,45.000000,-0.000000,0.000000,2.549729,0.000000,45.000000,0.000000,45.000000,0.000000,-0.000000,-0.374173,1,13.730102,inf,inf,inf,inf,inf,0.000000,inf,inf,0.012000,inf,inf,inf,inf,nan,0.000000,inf,inf,inf,inf,inf,inf,inf,inf,-0.000000,0.000000,0.000000,0,4
1780630997.336742,nmpc_dc,-0.000000,45.000000,-0.000000,0.000000,2.436189,0.000000,45.000000,0.000000,45.000000,0.000000,-0.000000,-0.358118,1,13.639830,inf,inf,inf,inf,inf,0.000000,inf,inf,0.012000,inf,inf,inf,inf,nan,0.000000,inf,inf,inf,inf,inf,inf,inf,inf,-0.000000,0.000000,0.000000,0,4
1780630997.438967,nmpc_dc,-0.000000,45.000000,-0.000000,0.000000,2.086189,0.000000,45.000000,0.000000,45.000000,0.000000,-0.000000,-0.313693,1,10.321829,inf,inf,inf,inf,inf,0.000000,inf,inf,0.012000,inf,inf,inf,inf,nan,0.000000,inf,inf,inf,inf,inf,inf,inf,inf,-0.000000,0.000000,0.000000,0,4
1780630997.527822,nmpc_dc,-0.000000,45.000000,-0.000000,0.000000,1.736189,0.000000,45.000000,0.000000,45.000000,0.000000,-0.000000,-0.262464,1,5.656161,inf,inf,inf,inf,inf,0.000000,inf,inf,0.012000,inf,inf,inf,inf,nan,0.000000,inf,inf,inf,inf,inf,inf,inf,inf,-0.000000,0.000000,0.000000,0,4
1780630997.630306,nmpc_dc,-0.000000,45.000000,-0.000000,0.000000,1.386189,0.000000,45.000000,0.000000,45.000000,0.000000,-0.000000,-0.209863,1,4.537473,inf,inf,inf,inf,inf,0.000000,inf,inf,0.012000,inf,inf,inf,inf,nan,0.000000,inf,inf,inf,inf,inf,inf,inf,inf,-0.000000,0.000000,0.000000,0,4
1780630997.726537,nmpc_dc,-0.000000,45.000000,0.000000,-0.000000,1.036189,0.000000,45.000000,0.000000,45.000000,0.000000,-0.000000,-0.157258,1,5.375018,inf,inf,inf,inf,inf,0.000000,inf,inf,0.012000,inf,inf,inf,inf,nan,0.000000,inf,inf,inf,inf,inf,inf,inf,inf,-0.000000,0.000000,0.000000,0,4
1780630997.849705,nmpc_dc,-0.000000,45.000000,0.000000,-0.000000,0.686189,0.000000,45.000000,0.000000,45.000000,0.000000,-0.000000,-0.104989,1,12.989212,inf,inf,inf,inf,inf,0.000000,inf,inf,0.012000,inf,inf,inf,inf,nan,0.000000,inf,inf,inf,inf,inf,inf,inf,inf,-0.000000,0.000000,0.000000,0,4
1780630997.935736,nmpc_dc,-0.000000,45.000000,0.000000,-0.000000,0.336189,0.000000,45.000000,0.000000,45.000000,-0.000000,0.000000,-0.053139,1,12.767911,inf,inf,inf,inf,inf,0.000000,inf,inf,0.012000,inf,inf,inf,inf,nan,0.000000,inf,inf,inf,inf,inf,inf,inf,inf,-0.000000,0.000000,0.000000,0,4
1780630998.049681,nmpc_dc,-0.000000,45.000000,0.000000,-0.000000,0.192855,0.000000,45.000000,0.000000,45.000000,-0.000000,0.000000,-0.024229,1,12.807238,inf,inf,inf,inf,inf,0.000000,inf,inf,0.012000,inf,inf,inf,inf,nan,0.000000,inf,inf,inf,inf,inf,inf,inf,inf,-0.000000,0.000000,0.000000,0,4
1780630998.137800,nmpc_dc,-0.000000,45.000000,0.000000,-0.000000,0.177112,0.000000,45.000000,0.000000,45.000000,-0.000000,0.000000,-0.015132,1,14.201465,inf,inf,inf,inf,inf,0.000000,inf,inf,0.012000,inf,inf,inf,inf,nan,0.000000,inf,inf,inf,inf,inf,inf,inf,inf,-0.000000,0.000000,0.000000,0,4
1780630998.250608,nmpc_dc,-0.000000,45.000000,0.000000,-0.000000,0.227974,0.000000,45.000000,0.000000,45.000000,-0.000000,0.000000,-0.018299,1,13.488632,inf,inf,inf,inf,inf,0.000000,inf,inf,0.012000,inf,inf,inf,inf,nan,0.000000,inf,inf,inf,inf,inf,inf,inf,inf,-0.000000,0.000000,0.000000,0,4
1780630998.336731,nmpc_dc,-0.000000,45.000000,0.000000,-0.000000,0.313094,0.000000,45.000000,0.000000,45.000000,-0.000000,0.000000,-0.028241,1,13.543865,inf,inf,inf,inf,inf,0.000000,inf,inf,0.012000,inf,inf,inf,inf,nan,0.000000,inf,inf,inf,inf,inf,inf,inf,inf,-0.000000,0.000000,0.000000,0,4
1780630998.438828,nmpc_dc,-0.000000,45.000000,0.000000,-0.000000,0.411622,0.000000,45.000000,0.000000,45.000000,-0.000000,0.000000,-0.041274,1,5.076087,inf,inf,inf,inf,inf,0.000000,inf,inf,0.012000,inf,inf,inf,inf,nan,0.000000,inf,inf,inf,inf,inf,inf,inf,inf,-0.000000,0.000000,0.000000,0,4
1780630998.537935,nmpc_dc,-0.000000,45.000000,0.000000,-0.000000,0.508493,0.000000,45.000000,0.000000,45.000000,-0.000000,0.000000,-0.054816,1,14.413558,inf,inf,inf,inf,inf,0.000000,inf,inf,0.012000,inf,inf,inf,inf,nan,0.000000,inf,inf,inf,inf,inf,inf,inf,inf,-0.000000,0.000000,0.000000,0,4
1780630998.651156,nmpc_dc,-0.000000,45.000000,0.000000,-0.000000,0.593653,0.000000,45.000000,0.000000,45.000000,-0.000000,0.000000,-0.067122,1,13.802852,inf,inf,inf,inf,inf,0.000000,inf,inf,0.012000,inf,inf,inf,inf,nan,0.000000,inf,inf,inf,inf,inf,inf,inf,inf,-0.000000,0.000000,0.000000,0,4
1780630998.725759,nmpc_dc,-0.000000,45.000000,0.000000,-0.000000,0.661976,0.000000,45.000000,0.000000,45.000000,-0.000000,0.000000,-0.077208,1,4.959180,inf,inf,inf,inf,inf,0.000000,inf,inf,0.012000,inf,inf,inf,inf,nan,0.000000,inf,inf,inf,inf,inf,inf,inf,inf,-0.000000,0.000000,0.000000,0,4
1780630998.853267,nmpc_dc,-0.000000,45.000000,0.000000,-0.000000,0.712476,0.000000,45.000000,0.000000,45.000000,-0.000007,0.000004,-0.084734,1,13.810509,0.331934,0.347192,0.237880,0.237880,0.681314,0.000000,0.237880,0.237880,0.012000,0.669314,0.294682,0.189693,inf,nan,0.000000,0.189693,0.189693,0.189693,0.056908,0.011382,0.189693,0.056908,0.011382,-0.000000,0.000000,0.000000,1,4
1780630998.927431,nmpc_dc,-0.000000,45.000000,-0.000001,0.000000,0.746870,0.000000,45.000000,0.000000,45.000000,-0.000004,0.000002,-0.089818,1,4.595380,0.331934,0.351384,0.243446,0.243446,0.683687,0.000000,0.243446,0.243446,0.012000,0.671687,0.294682,0.189693,inf,nan,0.000000,0.189693,0.189693,0.189693,0.056908,0.011382,0.189693,0.056908,0.011382,-0.000000,0.000000,0.000001,1,4
1780630999.048244,nmpc_dc,-0.000000,45.000000,-0.000001,0.000001,0.396870,0.000000,45.000000,0.000000,45.000000,-0.000001,0.000001,-0.052404,1,8.418167,0.331934,0.292340,0.186943,0.186943,0.655454,0.000000,0.186943,0.186943,0.012000,0.643454,0.294682,0.189693,inf,nan,0.000000,0.189693,0.189693,0.189693,0.056908,0.011382,0.189693,0.056908,0.011382,-0.000000,0.000000,0.000001,1,4
1780630999.137140,nmpc_dc,-0.000000,45.000000,-0.000001,0.000001,0.046870,0.000000,45.000000,0.000000,45.000000,0.000001,-0.000000,-0.004605,1,13.241365,0.331934,0.245471,0.140655,0.140655,0.627015,0.000000,0.140655,0.140655,0.012000,0.615015,0.294682,0.189693,inf,nan,0.000000,0.189693,0.189693,0.189693,0.056908,0.011382,0.189694,0.056908,0.011382,-0.000000,0.000000,0.000001,1,4
1780630999.245477,nmpc_dc,-0.000000,45.000000,-0.000001,0.000001,-0.238209,0.000000,45.000000,0.000000,45.000000,0.000002,-0.000001,0.038415,1,8.812258,0.331935,0.232781,0.118892,0.118892,0.620000,0.000000,0.118892,0.118892,0.012000,0.608000,0.294682,0.189694,inf,nan,0.000000,0.189694,0.189694,0.189694,0.056908,0.011382,0.189694,0.056908,0.011382,-0.000000,0.000000,0.000001,1,4
1780630999.327718,nmpc_dc,-0.000000,45.000000,-0.000001,0.000001,-0.366578,0.000000,45.000000,0.000000,45.000000,0.000002,-0.000001,0.062901,1,5.029964,0.331935,0.223899,0.114372,0.114372,0.620000,0.000000,0.114372,0.114372,0.012000,0.608000,0.294682,0.189694,inf,nan,0.000000,0.189694,0.189694,0.189694,0.056908,0.011382,0.189694,0.056908,0.011382,-0.000000,0.000000,0.000001,1,4
1780630999.452343,nmpc_dc,-0.000001,45.000000,-0.000001,0.000000,-0.424384,0.000000,45.000000,0.000000,45.000000,0.000002,-0.000001,0.074915,1,13.933401,0.331935,0.222064,0.113445,0.113445,0.620000,0.000000,0.113445,0.113445,0.012000,0.608000,0.294682,0.189694,inf,nan,0.000000,0.189694,0.189694,0.189694,0.056908,0.011382,0.189694,0.056908,0.011382,-0.000000,0.000000,0.000001,1,4
1780630999.535458,nmpc_dc,-0.000001,45.000000,-0.000001,0.000000,-0.450418,0.000000,45.000000,0.000000,45.000000,0.000002,-0.000001,0.080273,1,12.741667,0.331935,0.221690,0.113257,0.113257,0.620000,0.000000,0.113257,0.113257,0.012000,0.608000,0.294682,0.189694,inf,nan,0.000000,0.189694,0.189694,0.189694,0.056908,0.011382,0.189694,0.056908,0.011382,-0.000000,0.000000,0.000001,1,4
1780630999.652002,nmpc_dc,-0.000001,45.000000,-0.000000,0.000000,-0.462145,0.000000,45.000000,0.000000,45.000000,0.000002,-0.000001,0.082375,1,13.536221,0.331935,0.221614,0.113219,0.113219,0.620000,0.000000,0.113219,0.113219,0.012000,0.608000,0.294682,0.189694,inf,nan,0.000000,0.189694,0.189694,0.189694,0.056908,0.011382,0.189694,0.056908,0.011382,-0.000000,0.000000,0.000001,1,4
1780630999.727281,nmpc_dc,-0.000001,45.000000,-0.000000,0.000000,-0.467431,0.000000,45.000000,0.000000,45.000000,0.000009,-0.000004,0.082948,1,6.990528,inf,inf,inf,inf,inf,0.000000,inf,inf,0.012000,inf,inf,inf,inf,nan,0.000000,inf,inf,inf,inf,inf,inf,inf,inf,-0.000000,0.000000,0.000000,0,4
1780630999.841592,nmpc_dc,-0.000001,45.000000,0.000001,-0.000000,-0.469814,0.000000,45.000000,0.000000,45.000000,0.000005,-0.000003,0.082820,1,12.891130,inf,inf,inf,inf,inf,0.000000,inf,inf,0.012000,inf,inf,inf,inf,nan,0.000000,inf,inf,inf,inf,inf,inf,inf,inf,-0.000000,0.000000,0.000001,0,4
1780630999.937133,nmpc_dc,-0.000001,45.000000,0.000001,-0.000001,-0.470885,0.000000,45.000000,0.000000,45.000000,0.000002,-0.000001,0.082373,1,13.834259,inf,inf,inf,inf,inf,0.000000,inf,inf,0.012000,inf,inf,inf,inf,nan,0.000000,inf,inf,inf,inf,inf,inf,inf,inf,-0.000000,0.000000,0.000001,0,4
1780631000.048090,nmpc_dc,-0.000001,45.000000,0.000001,-0.000001,-0.471358,0.000000,45.000000,0.000000,45.000000,-0.000000,0.000000,0.081786,1,14.182345,inf,inf,inf,inf,inf,0.000000,inf,inf,0.012000,inf,inf,inf,inf,nan,0.000000,inf,inf,inf,inf,inf,inf,inf,inf,-0.000000,0.000000,0.000001,0,4
