time_s,controller,x,y,vx,vy,yaw,ref_x,ref_y,goal_x,goal_y,ux,uy,alpha,feasible,solve_ms,clearance_m,d_lower_min,c_body,barrier,gamma_ref,recovery_energy,recoverable_margin,h_R,dynamic_reserve,recoverability_delta,pred_min_d_lower,pred_min_c_body,pred_min_gamma,pred_max_recovery_energy,pred_max_dynamic_reserve,pred_min_delta,pred_min_h_R,pred_min_psi0,pred_min_psi1,pred_min_psi2,pred_min_psi0_constraint,pred_min_psi1_constraint,pred_min_psi2_constraint,solver_constraint_margin,max_safety_slack,speed_mps,obstacle_count,guide_points
1780631256.123854,proposed,0.000000,-50.000000,0.000000,0.000000,1.570800,-0.004200,-48.400477,0.000000,45.000000,-0.037293,7.999913,-0.171380,1,18.364674,1.212411,1.182652,1.043077,1.043077,0.683839,0.016630,0.655209,0.655209,0.012000,0.655209,0.319747,0.207083,0.670333,0.016630,0.117653,0.545334,0.207083,0.207083,0.054026,0.016817,0.170852,0.036342,0.011726,-0.000000,0.000001,0.000000,10,2
1780631256.215334,proposed,0.000000,-50.000000,0.000000,0.000000,1.570800,-0.004266,-48.400462,0.000000,45.000000,-0.040783,7.999896,-0.212837,1,15.757026,1.208598,1.178567,1.040025,1.040025,0.683130,0.016631,0.654499,0.654499,0.012000,0.654499,0.308681,0.199454,0.668803,0.016631,0.117654,0.544340,0.199454,0.199454,0.050964,0.013535,0.165009,0.035311,0.010019,-0.000000,0.000000,0.000000,10,2
1780631256.310755,proposed,0.000000,-50.000000,0.000000,0.000000,1.570800,0.000305,-48.400079,0.000000,45.000000,-0.000289,7.999992,-0.221941,1,13.284314,1.213668,1.183961,1.047753,1.047753,0.686960,0.016638,0.658322,0.658322,0.012000,0.658322,0.329855,0.217969,0.672405,0.016638,0.117682,0.548108,0.217969,0.217969,0.068644,0.031326,0.180929,0.045905,0.021935,-0.000000,0.000001,0.000000,10,2
1780631256.421545,proposed,-0.000001,-49.960000,-0.000029,0.799999,1.570601,0.001136,-48.361209,0.000000,45.000000,0.010330,7.999980,-0.222630,1,13.770375,1.173660,1.143064,1.026393,1.026393,0.686912,0.017383,0.627929,0.627929,0.041600,0.627930,0.309233,0.198656,0.670020,0.017383,0.115828,0.550709,0.198656,0.198656,0.059924,0.020885,0.158297,0.045785,0.017099,-0.000000,0.000000,0.799999,10,2
1780631256.509153,proposed,0.000047,-49.840000,0.001004,1.599997,1.570858,0.004591,-48.245235,0.000000,45.000000,0.036827,7.704775,-0.221365,1,12.328082,1.078642,1.047219,0.935535,0.935535,0.662705,0.019603,0.568702,0.568702,0.074400,0.568702,0.249550,0.141699,0.645200,0.019603,0.121563,0.520504,0.141699,0.141699,0.048301,0.029522,0.120064,0.039010,0.016177,-0.000000,0.000000,1.599998,10,2
1780631256.624406,proposed,0.000332,-49.641477,0.004687,2.370475,1.571260,0.012175,-48.055256,0.000000,45.000000,0.182477,3.621201,-1.312992,1,16.161836,0.960690,0.972587,0.860856,0.860856,0.620000,0.023099,0.487887,0.487887,0.109015,0.487887,0.178239,0.063322,0.620000,0.023099,0.129161,0.470025,0.063322,0.063322,0.014479,-0.003132,0.046240,0.009423,0.000002,-0.000000,0.000001,2.370479,10,0
1780631256.812639,proposed,0.001713,-49.386323,0.022934,2.732595,1.573246,0.070713,-47.876518,0.000000,45.000000,0.499482,1.168886,-0.709654,1,11.673392,0.692238,0.655029,0.549577,0.549577,0.620000,0.023809,0.468174,0.468174,0.126313,0.469878,0.163278,0.061913,0.620000,0.023809,0.134153,0.465969,0.061913,0.061913,0.011511,-0.001771,0.045905,0.003535,0.000021,-0.000000,0.000000,2.732691,10,2
1780631256.838258,proposed,0.001713,-49.386323,0.022934,2.732595,1.573246,0.071451,-47.875833,0.000000,45.000000,0.500397,0.997961,-0.400709,1,14.341080,0.685893,0.648856,0.543307,0.543307,0.620000,0.023823,0.467758,0.467758,0.126313,0.469864,0.162777,0.061410,0.620000,0.023823,0.133276,0.466943,0.061410,0.061410,0.011343,-0.001228,0.045402,0.003370,0.000023,-0.000000,0.000000,2.732691,10,2
1780631256.902463,proposed,0.006508,-49.108074,0.072974,2.832391,1.551517,0.196064,-47.698305,0.000000,45.000000,1.402269,0.059174,-0.246564,1,10.588671,0.506275,0.465860,0.361793,0.361793,0.678622,0.022785,0.361697,0.361697,0.131236,0.524601,0.245045,0.133966,0.645454,0.022785,0.131874,0.524601,0.133966,0.133966,0.045141,0.025052,0.119965,0.042879,0.026487,-0.000000,0.000001,2.833331,10,2
1780631257.033160,proposed,0.020817,-48.824539,0.213201,2.838308,1.491084,0.354180,-47.413588,0.000000,45.000000,2.128596,-0.027271,-0.200036,1,14.602504,0.468383,0.428901,0.320319,0.320319,0.683718,0.023384,0.320300,0.320300,0.131874,0.528459,0.278075,0.167302,0.649017,0.023384,0.132915,0.528459,0.167302,0.167302,0.069061,0.036469,0.147450,0.059876,0.029068,-0.000000,0.000000,2.846304,10,2
1780631257.114346,proposed,0.052780,-48.540844,0.426061,2.835581,1.414012,0.392586,-47.025601,0.000000,45.000000,1.295865,0.907267,-0.178662,1,12.164371,0.474827,0.436753,0.325648,0.325648,0.698368,0.025541,0.325633,0.325633,0.132915,0.539913,0.239207,0.132072,0.657688,0.025541,0.138431,0.534028,0.132072,0.132072,0.029259,0.004753,0.118724,0.033560,0.016315,-0.000000,0.000000,2.867411,10,2
1780631257.206797,proposed,0.101866,-48.252750,0.555647,2.926308,1.391766,0.394814,-46.726457,0.000000,45.000000,0.240594,0.673343,-0.169672,1,12.051131,0.453713,0.436315,0.304889,0.304889,0.696099,0.026346,0.304878,0.304878,0.138431,0.531322,0.221763,0.113376,0.655431,0.026346,0.141969,0.527906,0.113376,0.113376,0.023544,0.004750,0.101903,0.026477,0.012779,-0.000000,0.000000,2.978594,10,2
1780631257.315862,proposed,0.158633,-47.956753,0.579706,2.993642,1.386766,0.362489,-46.529385,0.000000,45.000000,-0.739368,-0.524268,-0.166003,1,12.005649,0.430294,0.390851,0.275617,0.275617,0.691107,0.024671,0.275612,0.275612,0.141969,0.524468,0.223219,0.114152,0.653242,0.024671,0.141969,0.524468,0.114152,0.114152,0.011167,0.022230,0.098149,0.014726,0.023427,-0.000000,0.000000,3.049254,10,2
1780631257.424052,proposed,0.212907,-47.660010,0.505770,2.941215,1.414218,0.291987,-46.335161,0.000000,45.000000,-1.596335,-1.294879,-0.166930,1,12.834675,0.364788,0.325390,0.219320,0.219320,0.649271,0.022137,0.219317,0.219317,0.138720,0.488414,0.209582,0.106326,0.620000,0.022137,0.138720,0.488414,0.106326,0.106326,0.034913,0.020268,0.072636,0.025079,0.015590,-0.000000,0.000000,2.984384,10,2
1780631257.548774,proposed,0.255502,-47.372363,0.346136,2.811727,1.489064,0.380995,-45.899234,0.000000,45.000000,0.213382,-3.169798,-3.045968,1,49.910465,0.369178,0.329874,0.203615,0.203615,0.620000,0.023839,0.203612,0.203612,0.131217,0.464944,0.136834,0.028389,0.620000,0.023839,0.131217,0.464944,0.028389,0.028389,0.005701,-0.009015,0.012389,0.000000,0.000000,-0.000000,0.002328,2.832953,10,2
1780631257.645343,proposed,0.291183,-47.107039,0.367474,2.494748,1.471712,0.400825,-45.532611,0.000000,45.000000,4.647751,-2.105246,-0.460991,1,44.161882,0.412061,0.373142,0.255615,0.255615,0.620000,0.023821,0.255604,0.255604,0.116155,0.480024,0.145380,0.036265,0.620000,0.023821,0.116155,0.480024,0.036265,0.036265,0.007514,-0.009095,0.021257,0.000000,0.000000,-0.000000,0.005790,2.521667,10,2
1780631257.734557,proposed,0.351169,-46.868090,0.832249,2.284223,1.418956,0.401588,-45.274459,0.000000,45.000000,6.522175,-0.776617,-2.039637,1,36.439199,0.362313,0.326682,0.210048,0.210048,0.620000,0.023617,0.210046,0.210046,0.111865,0.484519,0.175476,0.071697,0.620000,0.023617,0.123985,0.475158,0.071697,0.071697,0.007052,-0.009171,0.060835,0.001987,0.000000,-0.000000,0.006044,2.431114,10,2
1780631257.928574,proposed,0.467005,-46.643551,1.484467,2.206561,1.474913,0.381673,-45.168341,0.000000,45.000000,-1.902516,-1.946836,-1.299052,1,102.460960,0.307419,0.277222,0.165238,0.165238,0.620000,0.022680,0.165237,0.165237,0.122761,0.474559,-0.087263,-0.197469,0.620000,0.022680,0.181961,0.446117,-0.197469,-0.197469,-0.150792,-0.138755,0.000313,0.000633,0.000409,-0.000000,0.207734,2.659427,10,2
1780631257.986285,proposed,0.467005,-46.643551,1.484467,2.206561,1.474913,0.091147,-45.432526,0.000000,45.000000,-2.062306,-2.092138,-1.182137,1,38.980019,0.315412,0.284205,0.173856,0.173856,0.620000,0.018938,0.173855,0.173855,0.122761,0.478301,-0.099172,-0.218984,0.620000,0.018938,0.166916,0.435884,-0.218984,-0.218984,-0.176728,-0.147109,-0.000000,-0.000000,0.007485,-0.000000,0.236170,2.659427,10,2
1780631258.104625,proposed,0.605939,-46.432629,1.294215,2.011878,1.596578,0.162667,-45.198792,0.000000,45.000000,3.829827,-4.518522,-3.633052,1,101.407257,0.292664,0.254262,0.150901,0.150901,0.648389,0.018040,0.150901,0.150901,0.110034,0.520315,0.140921,0.033000,0.648389,0.019843,0.130791,0.510904,0.033000,0.033000,-0.019905,-0.032095,0.018785,0.002539,0.000422,-0.000000,0.018076,2.392205,10,2
1780631258.228450,proposed,0.605140,-46.433356,1.278236,1.997347,1.787858,0.228384,-44.854956,0.000000,45.000000,0.838909,-3.055043,-2.911905,1,107.631043,0.449265,0.412770,0.307235,0.307235,0.848983,0.023864,0.307235,0.307235,0.109055,0.716063,0.065940,-0.036235,0.835882,0.029393,0.182707,0.696988,-0.036235,-0.036235,-0.085034,-0.056895,0.014614,0.000004,0.004506,-0.000000,0.114527,2.371347,10,2
1780631258.332330,proposed,0.754510,-46.254034,1.677198,1.560025,1.731478,-0.069154,-44.869240,0.000000,45.000000,0.566154,-2.921535,1.212221,1,85.186763,0.295259,0.260204,0.154136,0.154136,0.971505,0.023170,0.154136,0.154136,0.105286,0.843049,0.070742,-0.031137,0.962181,0.025326,0.137601,0.809550,-0.031137,-0.031137,-0.103399,-0.004418,-0.000000,-0.000000,0.000000,-0.000000,0.104399,2.290562,10,2
1780631258.357369,proposed,0.925060,-46.112639,1.733813,1.267872,1.970451,0.001624,-44.512656,0.000000,45.000000,-5.656871,5.656837,0.203605,1,22.126387,inf,inf,inf,inf,inf,0.027719,inf,inf,0.098712,inf,inf,inf,inf,0.027719,0.130365,inf,inf,inf,inf,inf,752.069847,338.427440,236.900762,-0.000000,0.000000,2.147931,0,2
1780631258.410290,proposed,0.925060,-46.112639,1.733813,1.267872,1.970451,0.001624,-44.512656,0.000000,45.000000,-5.656860,5.656848,-0.049866,1,21.681592,0.370621,inf,inf,inf,inf,0.027719,inf,inf,0.098712,inf,inf,inf,inf,0.027719,0.130365,inf,inf,inf,inf,inf,752.069760,338.427405,236.900722,-0.000000,0.000000,2.147931,0,2
1780631258.551872,proposed,1.070157,-45.957568,1.168127,1.833557,1.854972,0.340544,-44.570029,0.000000,45.000000,-6.125191,2.809116,4.707995,1,49.333115,0.271787,0.241110,0.130286,0.130286,0.620000,0.021646,0.130286,0.130286,0.099908,0.498446,0.151255,0.047610,0.620000,0.021646,0.108768,0.494277,0.047610,0.047610,0.003845,-0.005862,0.039467,0.000792,0.000000,-0.000000,0.002043,2.174040,7,2
1780631258.617508,proposed,1.156344,-45.760166,0.555608,2.114468,1.773797,0.352554,-44.200030,0.000000,45.000000,-6.749560,4.294582,2.620761,1,23.202044,0.438483,0.459195,0.349893,0.349893,0.620000,0.025756,0.349708,0.349708,0.100468,0.493776,0.272100,0.161763,0.620000,0.025756,0.133291,0.465775,0.161763,0.161763,0.044769,-0.003686,0.145586,0.037768,0.000001,-0.000000,0.000001,2.186247,6,2
1780631258.723770,proposed,1.178157,-45.527247,-0.119348,2.543927,1.671236,0.310778,-43.888384,0.000000,45.000000,-7.237431,3.408752,0.540412,1,21.295412,0.517092,0.502596,0.394856,0.394856,0.732747,0.030131,0.394820,0.394820,0.117350,0.585266,0.392339,0.284713,0.714312,0.030131,0.147017,0.552754,0.284713,0.284713,0.085049,0.041887,0.272714,0.080236,0.041891,-0.000000,0.000000,2.546725,5,2
1780631258.900853,proposed,1.130035,-45.255810,-0.843091,2.884802,1.643039,0.391734,-43.567500,0.000000,45.000000,-1.963426,3.114675,5.119247,1,99.190502,0.462051,0.495953,0.388945,0.388945,0.620000,0.032910,0.385463,0.385463,0.139774,0.447316,0.173385,0.059065,0.620000,0.032910,0.162202,0.428494,0.059065,0.059065,0.009932,-0.001475,0.043019,0.002412,0.000135,-0.000000,0.003268,3.005476,10,2
1780631258.957339,proposed,1.035909,-44.951757,-1.039433,3.196269,1.790337,0.321344,-43.111430,0.000000,45.000000,3.922615,2.811754,-1.989425,1,44.493372,0.332602,0.292377,0.189008,0.189008,0.629851,0.038889,0.189002,0.189002,0.157878,0.433084,0.175792,0.072796,0.626107,0.038889,0.168212,0.427285,0.072796,0.072796,0.005059,-0.007284,0.062580,0.000000,0.000000,-0.000000,0.002642,3.361035,10,2
1780631259.005189,proposed,0.951579,-44.618071,-0.647172,3.477445,1.932556,0.276577,-42.841721,0.000000,45.000000,2.366203,2.442871,-4.690181,1,15.694681,0.509300,0.471713,0.366657,0.366657,0.772962,0.038486,0.366632,0.366632,0.167079,0.567397,0.206784,0.102976,0.767353,0.038486,0.178100,0.559415,0.102976,0.102976,0.020678,-0.002371,0.094718,0.021131,0.000000,-0.000000,0.002260,3.537153,10,2
1780631259.118708,proposed,0.898692,-44.258112,-0.410552,3.721732,1.975451,0.335131,-42.773363,0.000000,45.000000,-1.566221,-2.925789,-2.120770,1,15.182157,0.387441,0.353729,0.247175,0.247175,0.814432,0.033217,0.247175,0.247175,0.178100,0.603114,0.233385,0.130427,0.805417,0.033217,0.178100,0.603114,0.130427,0.130427,0.000596,0.039797,0.123925,0.000000,0.039567,-0.000000,0.000063,3.744308,10,2
1780631259.230850,proposed,0.849806,-43.900568,-0.567174,3.429153,2.005259,0.340414,-42.513173,0.000000,45.000000,-5.222801,-6.059896,5.999972,1,25.200329,0.339600,0.299731,0.194984,0.194984,0.627476,0.028695,0.194978,0.194978,0.163853,0.434928,0.202168,0.091492,0.627476,0.028695,0.163853,0.434928,0.091492,0.091492,0.020819,-0.002346,0.084444,0.020292,0.000000,-0.000000,0.006032,3.475741,10,2
1780631259.307073,proposed,0.766975,-43.587952,-1.089454,2.823163,2.134083,0.367185,-41.825695,0.000000,45.000000,0.881772,2.708307,1.316460,1,12.526280,0.423911,0.402080,0.277290,0.277290,1.167264,0.032214,0.277290,0.277290,0.140806,0.994244,0.402080,0.277290,1.130908,0.032214,0.152258,0.981904,0.277290,0.277290,0.137510,0.173402,0.254076,0.142187,0.172841,-0.000000,0.000001,3.026080,10,2
1780631259.411206,proposed,0.662438,-43.292094,-1.001277,3.093994,1.987059,0.262072,-41.388560,0.000000,45.000000,0.944940,3.424769,0.153145,1,12.371452,0.405030,0.376310,0.266819,0.266819,1.535261,0.037285,0.266819,0.266819,0.152258,1.345719,0.376310,0.266819,1.506999,0.037285,0.167972,1.330704,0.266819,0.266819,0.315806,0.398383,0.257997,0.310734,0.387606,-0.000000,0.000000,3.251977,10,2
1780631259.558571,proposed,0.567035,-42.965571,-0.906783,3.436471,1.929602,0.248181,-41.504953,0.000000,45.000000,-0.386052,-3.932096,-0.645993,1,58.224889,0.360120,0.330640,0.216874,0.216874,0.620000,0.029686,0.216852,0.216852,0.167972,0.422342,0.053725,-0.063424,0.620000,0.029686,0.167972,0.422342,-0.063424,-0.063424,-0.163217,-0.015331,0.000000,-0.000000,0.060631,-0.000000,0.163366,3.554094,10,2
1780631259.648109,proposed,0.474427,-42.641585,-0.945388,3.043261,1.904911,0.353416,-41.231851,0.000000,45.000000,1.115179,-3.028723,-2.245678,1,55.257411,0.322460,0.292787,0.170843,0.170843,0.620000,0.025199,0.170841,0.170841,0.148923,0.445878,-0.097132,-0.226911,0.620000,0.025199,0.179252,0.422167,-0.226911,-0.226911,-0.169550,-0.161037,-0.000000,-0.000000,0.014902,-0.000000,0.240000,3.186722,10,2
1780631259.709942,proposed,0.385464,-42.352402,-0.833870,2.740389,1.751709,0.309861,-40.497560,0.000000,45.000000,3.112102,4.128674,-0.694246,1,17.344438,0.358403,0.320223,0.212522,0.212522,1.321138,0.032246,0.212522,0.212522,0.132768,1.156124,0.320223,0.212522,1.304638,0.032246,0.149588,1.138860,0.212522,0.212522,0.148267,0.199895,0.206893,0.123172,0.202961,-0.000000,0.000000,2.864449,10,2
1780631259.814648,proposed,0.317637,-42.057720,-0.522660,3.153256,1.796924,0.080891,-40.065673,0.000000,45.000000,0.445715,4.057053,-0.306853,1,12.003042,0.281411,0.250268,0.139505,0.139505,1.530725,0.038417,0.139505,0.139505,0.149410,1.342897,0.250268,0.139505,1.519141,0.038417,0.169919,1.323185,0.139505,0.139505,0.322939,0.359402,0.128914,0.298475,0.353406,-0.000000,0.000000,3.196279,10,2
1780631259.936837,proposed,0.267600,-41.722109,-0.478088,3.558961,1.782517,-0.398428,-40.117423,0.000000,45.000000,-0.796493,-3.931065,-0.413631,1,41.134156,0.312429,0.281714,0.156796,0.156796,0.871228,0.035095,0.156796,0.156796,0.169919,0.666214,0.033232,-0.068581,0.853823,0.035095,0.169919,0.666214,-0.068581,-0.068581,-0.154819,0.076380,0.000000,-0.000000,0.077666,-0.000000,0.152884,3.590930,10,2
1780631260.007012,proposed,0.215809,-41.385868,-0.557738,3.165855,1.951086,-0.378667,-39.661599,0.000000,45.000000,-2.879263,1.009065,-0.248880,1,16.626432,0.356834,0.317226,0.199037,0.199037,0.979618,0.034023,0.199037,0.199037,0.150346,0.795250,0.298086,0.189934,0.979618,0.034023,0.158573,0.795250,0.189934,0.189934,0.080463,0.069686,0.172665,0.083658,0.059337,-0.000000,0.000000,3.214609,10,2
1780631260.103642,proposed,0.145639,-41.064237,-0.845664,3.266761,1.879556,-0.205566,-39.122026,0.000000,45.000000,0.408833,2.874388,-0.198305,1,11.782295,0.337499,0.300488,0.195658,0.195658,1.612472,0.038985,0.195658,0.195658,0.158573,1.414914,0.300488,0.195658,1.612122,0.038985,0.172746,1.406307,0.195658,0.195658,0.381100,0.434014,0.186814,0.371523,0.426937,-0.000000,0.000001,3.374445,10,2
1780631260.276031,proposed,0.063116,-40.723189,-0.804781,3.554200,1.837908,-0.371897,-39.266560,0.000000,45.000000,0.799908,-3.655282,-1.804163,1,69.599055,0.290282,0.257584,0.141273,0.141273,0.700686,0.030958,0.141273,0.141273,0.172746,0.496982,0.002361,-0.098778,0.693830,0.030958,0.172746,0.496982,-0.098778,-0.098778,-0.176478,0.006198,0.000000,-0.000000,0.031484,-0.000000,0.176458,3.644175,10,2
1780631260.346374,proposed,0.063116,-40.723189,-0.804781,3.554200,1.837908,-0.382916,-39.233663,0.000000,45.000000,0.930397,-3.694001,-1.765198,1,54.850359,0.313409,0.278239,0.158267,0.158267,0.716597,0.031651,0.158267,0.158267,0.172746,0.512200,0.007026,-0.093760,0.713254,0.031651,0.172746,0.512200,-0.093760,-0.093760,-0.180807,0.008313,-0.000000,-0.000000,0.043311,-0.000000,0.178270,3.644175,10,2
1780631260.414596,proposed,-0.013362,-40.386046,-0.724790,3.188672,1.859967,-0.371173,-38.931301,0.000000,45.000000,2.136395,-1.344462,-1.712045,1,15.689084,0.334843,0.296397,0.188376,0.188376,0.827969,0.027420,0.188376,0.188376,0.153183,0.647367,0.170193,0.062139,0.816972,0.027420,0.153183,0.647367,0.062139,0.062139,-0.001035,0.006036,0.057197,-0.000000,0.006037,-0.000000,0.001261,3.270008,10,2
1780631260.503334,proposed,-0.075159,-40.073901,-0.511150,3.054226,1.801490,-0.376071,-38.441230,0.000000,45.000000,-0.250367,0.883506,-0.520485,1,12.137371,0.390553,0.351023,0.241637,0.241637,1.100859,0.029423,0.241637,0.241637,0.144359,0.927077,0.341509,0.234425,1.090130,0.029423,0.148988,0.921906,0.234425,0.234425,0.101524,0.111774,0.232097,0.101082,0.111701,-0.000000,0.000001,3.096703,10,2
1780631260.610967,proposed,-0.127526,-39.764061,-0.536187,3.142576,1.774221,-0.383998,-38.057360,0.000000,45.000000,0.076838,1.318476,-0.216273,1,11.961915,0.520527,0.524076,0.414238,0.414238,1.342820,0.031557,0.414238,0.414238,0.148988,1.162276,0.524076,0.414238,1.342820,0.031557,0.155591,1.162276,0.414238,0.414238,0.283677,0.317950,0.392614,0.287471,0.317030,-0.000000,0.000000,3.187990,10,2
1780631260.783281,proposed,-0.180761,-39.443211,-0.528503,3.274424,1.748431,0.190614,-37.490734,0.000000,45.000000,0.864885,-3.019168,-1.099640,1,88.474035,0.277099,0.247143,0.133240,0.133240,0.719776,0.038877,0.133240,0.133240,0.155591,0.525308,-0.105975,-0.215392,0.697216,0.038877,0.193549,0.487762,-0.215392,-0.215392,-0.174564,-0.153296,-0.000000,-0.000000,0.000000,-0.000000,0.240000,3.316801,10,2
1780631260.854219,proposed,-0.229287,-39.130864,-0.442015,2.972507,1.518424,0.193193,-37.179786,0.000000,45.000000,0.784882,-2.642541,-0.655662,1,54.753048,0.350590,0.316923,0.209305,0.209305,0.706303,0.036741,0.209305,0.209305,0.139760,0.529802,-0.091294,-0.217906,0.695746,0.036741,0.217052,0.480650,-0.217906,-0.217906,-0.141197,-0.161526,-0.000000,0.016832,-0.000000,-0.000000,0.240000,3.005192,10,2
1780631260.967238,proposed,-0.229287,-39.130864,-0.442015,2.972507,1.518424,0.192087,-37.179184,0.000000,45.000000,0.784274,-2.642210,-0.596652,1,74.954125,0.349392,0.315870,0.208107,0.208107,0.709401,0.036750,0.208107,0.208107,0.139760,0.532891,-0.094115,-0.217070,0.699349,0.036750,0.213796,0.490276,-0.217070,-0.217070,-0.137248,-0.157164,-0.000000,0.015895,-0.000000,-0.000000,0.240000,3.005192,10,2
1780631261.037834,proposed,-0.269567,-38.846824,-0.363587,2.708286,1.400767,0.027799,-37.357301,0.000000,45.000000,0.618035,-2.566120,-0.366469,1,48.661780,0.355047,0.315047,0.205010,0.205010,0.685580,0.023957,0.205010,0.205010,0.126308,0.535316,-0.039535,-0.161664,0.679457,0.026538,0.226050,0.459831,-0.161664,-0.161664,-0.196919,-0.056298,-0.000000,-0.000000,0.134601,-0.000000,0.202373,2.732583,10,2
1780631261.108260,proposed,-0.302835,-38.588826,-0.301784,2.451674,1.359169,0.016065,-36.922510,0.000000,45.000000,4.226616,3.765891,-0.113771,1,16.576936,0.369820,0.793145,0.683055,0.683055,1.750638,0.026031,0.683055,0.683055,0.113711,1.610896,0.793145,0.683055,1.750638,0.026031,0.134038,1.604232,0.683055,0.683055,0.564917,0.526562,0.669721,0.554206,0.525429,-0.000000,0.000000,2.470178,10,2
1780631261.223396,proposed,-0.311880,-38.324829,0.120878,2.828263,1.513598,0.003113,-36.717967,0.000000,45.000000,2.587395,2.041509,-0.066676,1,15.269841,1.089068,1.052661,0.941230,0.941230,1.424266,0.027044,0.941230,0.941230,0.131114,1.266108,1.052661,0.941230,1.406455,0.027044,0.142312,1.266108,0.941230,0.941230,0.603314,0.413462,0.924254,0.595314,0.420456,-0.000000,0.000000,2.830845,10,2
1780631261.309376,proposed,-0.286856,-38.031796,0.379617,3.032414,1.492125,0.001478,-36.431790,0.000000,45.000000,1.077941,0.944326,-0.052202,1,21.392083,1.564940,1.524934,1.412001,1.412001,0.798906,0.028388,0.628205,0.628205,0.142312,0.628205,0.530818,0.425421,0.775208,0.028388,0.147798,0.617146,0.425421,0.425421,0.153864,0.101570,0.388471,0.137508,0.096177,-0.000000,0.000000,3.056083,6,2
1780631261.406354,proposed,-0.243504,-37.723833,0.487411,3.126847,1.447830,0.001472,-36.123828,0.000000,45.000000,0.099602,0.442523,-0.043348,1,15.130408,inf,inf,inf,inf,inf,0.029048,inf,inf,0.147798,inf,inf,inf,inf,0.029048,0.150103,inf,inf,inf,inf,inf,748.916410,337.008467,235.922557,-0.000000,0.000000,3.164608,0,2
1780631261.490843,proposed,-0.194265,-37.408935,0.497371,3.171099,1.432076,0.001467,-35.808932,0.000000,45.000000,-0.456914,0.208291,-0.039141,1,11.186535,inf,inf,inf,inf,inf,0.029253,inf,inf,0.150103,inf,inf,inf,inf,0.029253,0.150812,inf,inf,inf,inf,inf,748.797364,336.956041,235.885949,-0.000000,0.000000,3.209867,0,2
1780631261.692269,proposed,-0.146813,-37.090784,0.451680,3.191928,1.440686,-0.085359,-35.206848,0.000000,45.000000,-0.530800,-2.953745,-0.365002,0,96.208867,0.282643,0.242862,0.133898,0.133898,0.620000,0.035565,0.133897,0.133897,0.150812,0.433623,-0.089826,-0.217209,0.620000,0.035565,0.190915,0.408731,-0.217209,-0.217209,-0.159514,-0.165817,-0.000100,0.002168,0.000007,-0.000100,0.223774,3.223728,10,2
1780631261.777487,proposed,-0.146813,-37.090784,0.451680,3.191928,1.440686,-0.149503,-35.304476,0.000000,45.000000,-0.566080,-3.007441,-0.332152,1,67.181286,0.330191,0.292431,0.182608,0.182608,0.620000,0.033212,0.182604,0.182604,0.150812,0.435977,-0.019301,-0.129957,0.620000,0.033212,0.241401,0.347688,-0.129957,-0.129957,-0.171160,-0.165310,-0.000000,-0.000000,0.007798,-0.000000,0.175227,3.223728,10,2
1780631261.850202,proposed,-0.104299,-36.786360,0.398600,2.896554,1.503740,-0.291180,-35.459056,0.000000,45.000000,-0.601035,-2.890675,-0.396839,1,56.423112,0.290530,0.261214,0.146071,0.146071,0.620000,0.021937,0.146071,0.146071,0.135707,0.462356,-0.039929,-0.145614,0.620000,0.026522,0.213335,0.380143,-0.145614,-0.145614,-0.225953,-0.001291,-0.000000,-0.000000,0.086189,-0.000000,0.221364,2.923851,10,2
1780631261.948172,proposed,-0.104475,-36.786628,0.395072,2.891184,1.525432,-0.286377,-35.464390,0.000000,45.000000,-0.593886,-2.886749,-0.393661,1,49.002806,0.291876,0.263172,0.145155,0.145155,0.620000,0.021797,0.145155,0.145155,0.135419,0.462783,-0.039232,-0.144910,0.620000,0.026121,0.211418,0.382461,-0.144910,-0.144910,-0.224745,0.002211,-0.000000,-0.000000,0.135964,-0.000000,0.218066,2.918052,10,2
1780631262.029174,proposed,-0.067937,-36.511944,0.335683,2.602509,1.707871,-0.108843,-35.096369,0.000000,45.000000,3.813071,-4.694814,-4.376424,1,32.587696,0.381692,0.344640,0.219925,0.219925,0.620000,0.021299,0.219921,0.219921,0.121057,0.477645,0.130672,0.025584,0.620000,0.021299,0.123075,0.477645,0.025584,0.025584,-0.045966,-0.002792,0.020339,-0.000000,0.000004,-0.000000,0.046618,2.624069,10,2
1780631262.107036,proposed,-0.015304,-36.275167,0.716991,2.133028,1.491072,0.142627,-35.025376,0.000000,45.000000,5.577200,1.171239,-0.550264,1,18.214531,0.273536,0.241536,0.131185,0.131185,0.657254,0.016392,0.131185,0.131185,0.103420,0.537442,0.167086,0.064486,0.646028,0.016392,0.121918,0.510761,0.064486,0.064486,-0.003582,-0.001855,0.060116,0.000000,0.000000,-0.000000,0.003814,2.250307,10,2
1780631262.214943,proposed,0.084282,-36.056008,1.274711,2.250152,1.541271,-0.247906,-34.144080,0.000000,45.000000,-5.972377,5.322660,-0.136433,1,16.980322,0.326456,0.286629,0.183453,0.183453,1.605506,0.032503,0.183453,0.183453,0.119235,1.453768,0.286629,0.183453,1.605451,0.032503,0.149295,1.446060,0.183453,0.183453,0.252569,0.381940,0.172193,0.248157,0.378931,-0.000000,0.000000,2.586130,10,2
1780631262.310072,proposed,0.181891,-35.804379,0.677473,2.782418,1.404654,-0.195732,-34.181259,0.000000,45.000000,-6.820549,2.507058,-0.017217,1,16.006895,0.490611,0.506773,0.391670,0.391670,1.381644,0.027892,0.391670,0.391670,0.132732,1.221020,0.506773,0.391670,1.350854,0.027892,0.141159,1.221020,0.391670,0.391670,0.228689,0.318451,0.391516,0.227550,0.318153,-0.000000,0.000000,2.863707,2,2
1780631262.408043,proposed,0.215535,-35.513602,-0.004582,3.033123,1.487141,0.174765,-33.913096,0.000000,45.000000,-0.856422,0.980727,0.003744,1,21.099285,0.495909,0.460953,0.350390,0.350390,1.166011,0.027701,0.350390,0.350390,0.141159,0.997151,0.410270,0.306352,1.160662,0.027701,0.146169,0.991855,0.306352,0.306352,0.113637,0.203565,0.304352,0.112638,0.203566,-0.000000,0.000001,3.033127,1,2
1780631262.505190,proposed,0.210795,-35.205386,-0.090224,3.131196,1.538437,0.001427,-33.605390,0.000000,45.000000,-1.528853,0.425884,0.003374,1,22.331291,inf,inf,inf,inf,inf,0.028700,inf,inf,0.146169,inf,inf,inf,inf,0.028700,0.148738,inf,inf,inf,inf,inf,747.977159,336.583339,235.625041,-0.000000,0.000000,3.132496,0,2
1780631262.674327,proposed,0.194128,-34.890137,-0.243109,3.173785,1.619970,0.168200,-32.953378,0.000000,45.000000,0.289626,-2.902013,-0.043450,1,68.987086,0.326589,0.288378,0.184723,0.184723,0.620000,0.036545,0.184719,0.184719,0.148738,0.434718,-0.045182,-0.159510,0.620000,0.036545,0.201423,0.407070,-0.159510,-0.159510,-0.135612,-0.108819,-0.000000,-0.000000,0.000000,-0.000000,0.180906,3.183082,10,2
1780631262.724960,proposed,0.194128,-34.890137,-0.243109,3.173785,1.619970,0.177118,-32.948858,0.000000,45.000000,0.294531,-2.899527,-0.039539,1,33.575502,0.329837,0.291633,0.187960,0.187960,0.620000,0.036656,0.187955,0.187955,0.148738,0.434606,-0.028578,-0.140288,0.620000,0.036656,0.202450,0.434606,-0.140288,-0.140288,-0.131502,-0.104205,-0.000000,-0.000000,-0.000000,-0.000000,0.155982,3.183082,10,2
1780631262.850709,proposed,0.171290,-34.587256,-0.213656,2.883832,1.578551,0.054263,-32.966920,0.000000,45.000000,0.202706,-2.713605,0.026148,1,38.782030,0.514443,0.483729,0.368087,0.368087,0.620000,0.027189,0.366913,0.366913,0.134116,0.458695,-0.026175,-0.138097,0.620000,0.027189,0.183221,0.416975,-0.138097,-0.138097,-0.113721,-0.089278,-0.000000,-0.000000,-0.000000,-0.000000,0.151973,2.891736,10,2
1780631262.920505,proposed,0.150938,-34.312441,-0.193386,2.612471,1.611520,0.093104,-32.803231,0.000000,45.000000,4.954590,-4.577525,-0.070058,1,26.380406,0.485614,0.455817,0.341402,0.341402,0.646120,0.023062,0.341300,0.341300,0.120843,0.502215,0.147190,0.043788,0.642055,0.023062,0.120843,0.502215,0.043788,0.043788,-0.018223,-0.001364,0.038029,-0.000000,0.000001,-0.000000,0.018961,2.619619,10,2
1780631263.024482,proposed,0.156372,-34.074082,0.302073,2.154719,1.420969,0.233698,-32.755304,0.000000,45.000000,3.223915,1.890777,2.522514,1,18.293070,0.341706,0.302693,0.199449,0.199449,0.707014,0.017024,0.199449,0.199449,0.099988,0.590002,0.152785,0.049143,0.694272,0.017024,0.116179,0.567091,0.049143,0.049143,0.002296,-0.000485,0.043415,0.000000,0.000000,-0.000000,0.001107,2.175790,10,2
1780631263.116592,proposed,0.202699,-33.849156,0.624465,2.343797,1.534315,0.197672,-32.340584,0.000000,45.000000,-2.573946,3.175351,0.618181,1,12.097804,0.407415,0.368089,0.259705,0.259705,0.984934,0.021853,0.259705,0.259705,0.111603,0.851478,0.351353,0.247902,0.928524,0.021853,0.124072,0.840302,0.247902,0.247902,0.099964,0.062122,0.243903,0.097965,0.062123,-0.000000,0.000001,2.425559,10,2
1780631263.208059,proposed,0.252276,-33.598900,0.367070,2.661332,1.476500,0.190941,-32.035113,0.000000,45.000000,-2.369542,2.354367,0.144385,1,21.963692,0.439773,0.414078,0.298694,0.298694,1.091828,0.024581,0.298694,0.298694,0.124072,0.943176,0.368575,0.261329,1.087286,0.024581,0.134510,0.931890,0.261329,0.261329,0.097047,0.146302,0.259329,0.096048,0.146303,-0.000000,0.000000,2.686527,4,2
1780631263.301960,proposed,0.277135,-33.320995,0.130116,2.896768,1.495287,0.001392,-31.721000,0.000000,45.000000,-3.212083,1.569934,0.022970,1,21.403529,inf,inf,inf,inf,inf,0.027224,inf,inf,0.134510,inf,inf,inf,inf,0.027224,0.142496,inf,inf,inf,inf,inf,747.279425,336.266877,235.401551,-0.000000,0.000000,2.899689,0,2
1780631263.510102,proposed,0.274086,-33.023468,-0.191092,3.053762,1.578936,0.355157,-31.610146,0.000000,45.000000,0.283454,-3.039875,-0.268203,1,101.019578,0.414169,0.375276,0.267882,0.267882,0.620000,0.024261,0.267839,0.267839,0.142496,0.453244,-0.096165,-0.204414,0.620000,0.024261,0.178367,0.423793,-0.204414,-0.204414,-0.149261,-0.118647,-0.000000,-0.000000,0.001960,-0.000000,0.221931,3.059735,10,2
1780631263.565807,proposed,0.274086,-33.023468,-0.191092,3.053762,1.578936,0.392957,-31.505163,0.000000,45.000000,0.304244,-2.982134,-0.244064,1,46.779463,0.343946,0.304645,0.192779,0.192779,0.620000,0.026310,0.192776,0.192776,0.142496,0.451194,-0.068283,-0.175705,0.620000,0.026310,0.198394,0.399760,-0.175705,-0.175705,-0.143903,-0.120750,-0.000000,-0.000000,0.000000,-0.000000,0.187920,3.059735,10,2
1780631263.623033,proposed,0.256394,-32.733291,-0.162747,2.749774,1.531349,0.387773,-31.029845,0.000000,45.000000,4.534729,0.002922,4.234241,1,27.084609,0.316561,0.280233,0.164197,0.164197,0.748282,0.028079,0.164197,0.164197,0.127380,0.592824,0.130854,0.028380,0.735711,0.028079,0.133927,0.583250,0.028380,0.028380,0.000265,-0.002397,0.019969,0.000000,0.000000,-0.000000,0.001925,2.754586,10,2
1780631263.712059,proposed,0.262793,-32.458299,0.290726,2.750067,1.521400,0.381904,-30.754617,0.000000,45.000000,0.111909,2.967627,1.018622,1,13.706481,0.373791,0.360643,0.250372,0.250372,1.126459,0.028136,0.250372,0.250372,0.127907,0.970417,0.346438,0.237917,1.116575,0.028136,0.142597,0.953031,0.237917,0.237917,0.100213,0.108259,0.226178,0.094047,0.113791,-0.000000,0.000000,2.765391,10,2
1780631263.816087,proposed,0.292425,-32.168454,0.301917,3.046829,1.508074,0.288531,-30.290001,0.000000,45.000000,-1.366454,3.430265,0.209608,1,14.406988,0.343219,0.304062,0.197296,0.197296,1.390383,0.034185,0.197296,0.197296,0.142597,1.213601,0.304062,0.197296,1.390363,0.034185,0.159582,1.201204,0.197296,0.197296,0.240395,0.300274,0.184424,0.220354,0.304983,-0.000000,0.000000,3.061751,10,2
1780631263.907262,proposed,0.315785,-31.846620,0.165271,3.389856,1.493347,0.167312,-29.882673,0.000000,45.000000,-2.158992,2.703899,0.007535,1,19.896428,0.352688,0.312885,0.209461,0.209461,0.804799,0.039036,0.209461,0.209461,0.159582,0.606181,0.312885,0.209461,0.797078,0.039036,0.173621,0.592607,0.209461,0.209461,0.171353,0.105953,0.202104,0.163353,0.105954,-0.000000,0.000000,3.393882,8,2
1780631264.008599,proposed,0.321517,-31.494115,-0.050628,3.660246,1.519674,0.244612,-29.576587,0.000000,45.000000,-0.622846,1.035507,-0.045836,1,14.867147,0.314361,0.274975,0.171839,0.171839,1.522945,0.040018,0.171839,0.171839,0.173621,1.309306,0.274975,0.171839,1.521840,0.040018,0.179239,1.309306,0.171839,0.171839,0.336701,0.416952,0.150879,0.338604,0.414864,-0.000000,0.000000,3.660596,2,2
1780631264.106990,proposed,0.313340,-31.122913,-0.112912,3.763796,1.563143,0.001352,-29.522919,0.000000,45.000000,-2.324591,-2.378084,-0.063617,1,23.882380,1.894530,inf,inf,inf,inf,0.034287,inf,inf,0.179239,inf,inf,inf,inf,0.034287,0.179239,inf,inf,inf,inf,inf,746.429181,335.901317,235.149650,-0.000000,0.000000,3.765490,0,2
1780631264.217510,proposed,0.290426,-30.758424,-0.345371,3.525988,1.726236,0.001346,-29.158429,0.000000,45.000000,-1.704864,-3.010387,-2.073326,1,22.412627,0.379002,1.419301,1.305740,1.305740,0.620000,0.032245,0.420375,0.420375,0.167380,0.420375,0.152568,0.049879,0.620000,0.032245,0.167380,0.420375,0.049879,0.049879,0.007004,-0.000011,0.033879,0.000001,0.000000,-0.000000,0.000011,3.542862,1,2
1780631264.338415,proposed,0.247364,-30.420877,-0.515858,3.224949,1.797124,0.013909,-28.581658,0.000000,45.000000,-5.335192,-2.196004,2.968264,1,34.381195,0.402836,0.370669,0.258130,0.258130,0.620000,0.035142,0.258065,0.258065,0.152974,0.431884,0.242548,0.134547,0.620000,0.035142,0.152974,0.431884,0.134547,0.134547,0.031815,-0.002272,0.122547,0.028200,0.000000,-0.000000,0.002307,3.265947,10,2
1780631264.423653,proposed,0.169103,-30.109362,-1.049377,3.005349,1.797327,-0.006655,-28.474030,0.000000,45.000000,-1.295703,-0.452023,3.688154,1,22.126402,0.716856,0.680022,0.568876,0.568876,0.620000,0.029744,0.441179,0.441179,0.148748,0.441508,0.191544,0.079730,0.620000,0.029744,0.148925,0.441508,0.079730,0.079730,-0.001618,-0.011120,0.068717,0.001207,0.000000,-0.000000,0.000607,3.183287,10,2
1780631264.515322,proposed,0.057686,-29.811087,-1.178947,2.960147,1.734916,-0.019707,-28.251406,0.000000,45.000000,4.446225,0.718197,0.822302,1,11.835586,0.617927,0.610449,0.504460,0.504460,0.725794,0.028034,0.498981,0.498981,0.148901,0.548859,0.285943,0.180384,0.725794,0.028034,0.148901,0.548859,0.180384,0.180384,0.021142,0.010940,0.174384,0.019143,0.010941,-0.000000,0.000000,3.186281,10,2
1780631264.619054,proposed,-0.037977,-29.511482,-0.734325,3.031966,1.682194,-0.134063,-28.072331,0.000000,45.000000,2.738609,-0.586059,0.106296,1,12.606480,0.448876,0.472501,0.368541,0.368541,0.701290,0.025201,0.368443,0.368443,0.145517,0.530572,0.359800,0.254605,0.649206,0.025201,0.145517,0.530572,0.254605,0.254605,0.052804,0.060613,0.240692,0.051331,0.063676,-0.000000,0.000000,3.119624,10,2
1780631264.713396,proposed,-0.097717,-29.211215,-0.460464,2.973360,1.636290,-0.299778,-27.814058,0.000000,45.000000,0.450404,-0.798166,-0.068343,1,12.783942,0.443882,0.439849,0.326052,0.326052,0.808798,0.023817,0.326052,0.326052,0.139940,0.645041,0.429592,0.322674,0.795372,0.023817,0.139940,0.645041,0.322673,0.322673,0.143345,0.122168,0.309424,0.132279,0.128145,-0.000000,0.000000,3.008804,10,2
1780631264.812103,proposed,-0.141511,-28.917870,-0.415424,2.893544,1.676099,-0.380908,-27.435798,0.000000,45.000000,-0.254387,0.296503,-0.115947,1,12.038595,0.496538,0.474222,0.353955,0.353955,0.926697,0.024904,0.353955,0.353955,0.135675,0.766117,0.474222,0.353955,0.926697,0.024904,0.137317,0.766117,0.353955,0.353955,0.195327,0.151646,0.345500,0.185092,0.156367,-0.000000,0.000001,2.923213,10,2
1780631264.992942,proposed,-0.184325,-28.627033,-0.440862,2.923194,1.705538,-0.398593,-27.035966,0.000000,45.000000,0.433231,-2.778906,-1.373917,1,83.741052,0.433224,0.433240,0.320078,0.320078,0.620000,0.027240,0.319829,0.319829,0.137317,0.455442,-0.101314,-0.220219,0.620000,0.027240,0.213182,0.382165,-0.220219,-0.220219,-0.173201,-0.138921,-0.000000,-0.000000,0.000000,-0.000000,0.239815,2.956252,10,2
1780631265.069168,proposed,-0.226245,-28.348608,-0.397539,2.645304,1.703376,-0.368905,-26.900085,0.000000,45.000000,2.650671,-3.850920,-3.272383,1,59.917839,0.489935,0.457790,0.337905,0.337905,0.620000,0.022358,0.337663,0.337663,0.123514,0.474128,0.087950,-0.023298,0.620000,0.022358,0.123514,0.474128,-0.023298,-0.023298,-0.086819,-0.065753,0.000000,-0.000000,0.000000,-0.000000,0.109766,2.675008,10,2
1780631265.199676,proposed,-0.252746,-28.103333,-0.132472,2.260212,1.594813,-0.206332,-26.845220,0.000000,45.000000,0.191118,-2.133302,-0.789663,0,104.444035,0.313414,0.278347,0.163329,0.163329,0.620000,0.016454,0.163329,0.163329,0.104058,0.499488,-0.088182,-0.213111,0.620000,0.016517,0.175478,0.428006,-0.213111,-0.213111,-0.123723,-0.110591,-0.000601,-0.000043,0.012500,-0.000601,0.240000,2.264090,10,2
1780631265.225508,proposed,-0.252746,-28.103333,-0.132472,2.260212,1.594813,-0.261861,-26.423314,0.000000,45.000000,0.521236,4.770424,-0.251928,1,15.941538,0.595925,0.597163,0.480307,0.480307,1.287073,0.024498,0.480307,0.480307,0.104058,1.158517,0.597163,0.480307,1.264769,0.024498,0.131848,1.145650,0.480307,0.480307,0.255315,0.266365,0.467354,0.259815,0.264521,-0.000000,0.000000,2.264090,10,2
1780631265.312383,proposed,-0.263387,-27.853459,-0.080349,2.737254,1.613585,-0.166483,-26.170694,0.000000,45.000000,1.259049,3.197220,-0.117915,1,12.987074,0.372418,0.605072,0.493391,0.493391,1.325480,0.027466,0.493391,0.493391,0.126593,1.171422,0.605072,0.493391,1.301868,0.027466,0.142374,1.171422,0.493391,0.493391,0.328821,0.347990,0.491761,0.327661,0.347363,-0.000000,0.000000,2.738433,10,2
1780631265.415107,proposed,-0.265127,-27.563748,0.045556,3.056976,1.598558,0.074248,-26.248209,0.000000,45.000000,4.759962,-5.241574,-5.138486,1,29.361151,0.312286,0.279994,0.171044,0.171044,0.775260,0.023214,0.171044,0.171044,0.142374,0.609671,0.162070,0.050791,0.719509,0.023214,0.142374,0.609671,0.050791,0.050791,-0.043283,0.001455,0.060112,-0.000000,0.000000,-0.000000,0.045275,3.057315,5,2
1780631265.505776,proposed,-0.236771,-27.284258,0.521552,2.532819,1.248906,0.001283,-25.684254,0.000000,45.000000,0.163675,2.613561,-1.266234,1,25.317696,inf,inf,inf,inf,inf,0.025033,inf,inf,0.119227,inf,inf,inf,inf,0.025033,0.131834,inf,inf,inf,inf,inf,745.033342,335.255401,234.692138,-0.000000,0.000000,2.585960,0,2
1780631265.599651,proposed,-0.183798,-27.017908,0.537920,2.794175,1.333263,-0.014952,-25.397478,0.000000,45.000000,-0.871561,2.226890,-0.299152,1,11.536893,0.954656,0.914341,0.809672,0.809672,1.695003,0.026969,0.809672,0.809672,0.131834,1.536200,0.914341,0.809672,1.687101,0.026969,0.142024,1.536200,0.809672,0.809672,0.595404,0.508423,0.806038,0.591013,0.506012,-0.000000,0.000000,2.845482,2,2
1780631265.711773,proposed,-0.134363,-26.727357,0.450764,3.016864,1.381036,0.316233,-25.373931,0.000000,45.000000,0.866897,-0.926364,0.574208,1,20.767102,0.416201,0.376107,0.270686,0.270686,0.659840,0.024392,0.270674,0.270674,0.142024,0.493425,0.228941,0.125908,0.638760,0.024392,0.142024,0.493425,0.125908,0.125908,0.026051,-0.004485,0.108688,0.023380,0.000000,-0.000000,0.000000,3.050353,10,2
1780631265.815864,proposed,-0.084953,-26.430302,0.537454,2.924227,1.301215,0.331728,-24.604922,0.000000,45.000000,1.170425,3.435192,0.385335,1,13.460088,0.318225,0.279278,0.175585,0.175585,0.975761,0.033395,0.175585,0.175585,0.138162,0.804204,0.202754,0.090434,0.971426,0.033395,0.156409,0.802941,0.090434,0.090434,0.014178,0.001555,0.085502,0.012815,0.000001,-0.000000,0.000000,2.973207,10,2
1780631265.915419,proposed,-0.025355,-26.120703,0.654496,3.267747,1.337455,-0.073944,-24.269145,0.000000,45.000000,-3.249935,2.245277,0.109083,1,12.438683,0.384850,0.353406,0.228917,0.228917,1.244994,0.035627,0.228917,0.228917,0.156409,1.052958,0.344696,0.228917,1.224258,0.035627,0.165534,1.052958,0.228917,0.228917,0.113601,0.226284,0.209533,0.115848,0.223259,-0.000000,0.000000,3.332646,10,2
1780631266.068573,proposed,0.023845,-25.782702,0.329503,3.492274,1.418373,-0.346365,-23.984814,0.000000,45.000000,-0.615494,-3.376504,0.086525,1,64.606549,0.451872,0.412552,0.302275,0.302275,0.687966,0.036667,0.302228,0.302228,0.165534,0.485765,-0.054706,-0.167077,0.659891,0.036667,0.204405,0.485765,-0.167077,-0.167077,-0.122902,-0.099095,-0.000000,-0.000000,-0.000000,-0.000000,0.179678,3.507784,10,2
1780631266.168798,proposed,0.053718,-25.450357,0.267953,3.154624,1.640232,0.158888,-24.217986,0.000000,45.000000,-0.277098,-3.265476,-0.254050,1,78.513685,0.285775,0.253189,0.144733,0.144733,0.620000,0.021972,0.144733,0.144733,0.147868,0.450160,-0.083876,-0.201195,0.620000,0.021972,0.177304,0.425471,-0.201195,-0.201195,-0.151667,-0.127326,-0.000000,-0.000000,0.028350,-0.000000,0.214373,3.165983,10,2
1780631266.230859,proposed,0.079128,-25.151222,0.240243,2.828076,1.562915,-0.169313,-23.577094,0.000000,45.000000,-0.436947,-2.669325,-0.115210,1,44.640677,0.311278,0.272352,0.161275,0.161275,0.803200,0.026174,0.161275,0.161275,0.131479,0.645547,-0.038210,-0.144194,0.783222,0.026174,0.185231,0.637443,-0.144194,-0.144194,-0.207449,-0.016647,-0.000000,-0.000000,0.159612,-0.000000,0.208447,2.838262,10,2
1780631266.317194,proposed,0.100967,-24.881761,0.196549,2.561144,1.671175,-0.188850,-23.028358,0.000000,45.000000,-3.486804,4.938583,-0.051331,1,17.362216,0.406670,0.366670,0.257494,0.257494,1.510484,0.030792,0.257494,0.257494,0.118399,1.361293,0.366670,0.257494,1.510484,0.030792,0.148266,1.350110,0.257494,0.257494,0.392780,0.362997,0.254438,0.382940,0.365359,-0.000000,0.000000,2.568675,10,2
1780631266.410481,proposed,0.103188,-24.600954,-0.152132,3.055002,1.557431,0.001234,-23.000956,0.000000,45.000000,-0.495386,1.062192,-0.022647,1,13.653806,0.409582,1.363968,1.257445,1.257445,1.973613,0.027935,1.257445,1.257445,0.142448,1.803230,1.363968,1.257445,1.973613,0.027935,0.147953,1.803230,1.257445,1.257445,0.855142,0.590640,1.254572,0.851125,0.589876,-0.000000,0.000000,3.058788,5,2
1780631266.508912,proposed,0.085498,-24.290143,-0.201670,3.161221,1.594589,0.178379,-22.780461,0.000000,45.000000,1.689618,-0.493886,0.238628,1,15.336844,0.475323,0.439153,0.327833,0.327833,0.635632,0.026911,0.327562,0.327562,0.147953,0.460768,0.271105,0.167950,0.635632,0.026911,0.147953,0.460768,0.167950,0.167950,0.014642,-0.000968,0.149564,0.007795,0.000003,-0.000000,0.000001,3.167648,10,2
1780631266.626653,proposed,0.073779,-23.976490,-0.032709,3.111833,1.539891,0.273786,-22.083730,0.000000,45.000000,2.903752,2.001997,4.450645,1,26.506811,0.272866,0.241440,0.128941,0.128941,0.620000,0.035168,0.128940,0.128940,0.145132,0.439700,0.169464,0.066727,0.620000,0.035168,0.157943,0.432248,0.066727,0.066727,0.006852,-0.000956,0.050589,0.000000,0.000001,-0.000000,0.000003,3.112005,10,2
1780631266.714665,proposed,0.085027,-23.655297,0.257667,3.312032,1.557500,0.380702,-21.928842,0.000000,45.000000,3.455405,0.728301,2.530956,1,19.685333,0.370567,0.425334,0.303043,0.303043,0.675539,0.033186,0.302997,0.302997,0.155861,0.486492,0.218731,0.115538,0.620000,0.033186,0.161890,0.469725,0.115538,0.115538,0.018984,-0.002514,0.103153,0.014654,0.000000,-0.000000,0.000002,3.322040,10,2
1780631266.825625,proposed,0.128071,-23.320452,0.603207,3.384862,1.504969,0.286065,-21.620225,0.000000,45.000000,3.525998,0.017485,-1.293969,1,18.668908,0.558008,0.518046,0.412659,0.412659,0.665473,0.033138,0.409108,0.409108,0.161890,0.470445,0.223171,0.120247,0.636761,0.033138,0.166118,0.459829,0.120247,0.120247,0.012991,-0.000076,0.112201,0.009045,0.000000,-0.000000,0.000529,3.438190,10,2
1780631266.925555,proposed,0.206021,-22.981879,0.955807,3.386611,1.499976,0.138576,-21.560326,0.000000,45.000000,-2.232724,-1.947224,3.572823,1,15.417219,0.534353,0.499437,0.392529,0.392529,0.632895,0.028024,0.387359,0.387359,0.166118,0.438753,0.234687,0.129739,0.620997,0.028024,0.166118,0.438753,0.129739,0.129739,0.021367,-0.000305,0.121669,0.018629,0.000000,-0.000000,0.000212,3.518906,10,2
1780631267.050677,proposed,0.290438,-22.652954,0.732535,3.191889,1.608098,0.249647,-21.344997,0.000000,45.000000,-5.267305,-2.851812,2.298873,1,45.474809,0.362262,0.322760,0.219501,0.219501,0.620000,0.024000,0.219490,0.219490,0.153432,0.442567,0.139453,0.033384,0.620000,0.024000,0.153432,0.442567,0.033384,0.033384,0.003624,-0.000324,0.023347,0.000000,0.000000,-0.000000,0.000631,3.274868,10,2
1780631267.102644,proposed,0.337355,-22.348024,0.205804,2.906707,1.719005,0.369310,-20.876279,0.000000,45.000000,-1.025561,-0.008554,0.471897,1,11.607127,0.353751,0.314735,0.207519,0.207519,0.962709,0.024275,0.207519,0.207519,0.135218,0.803216,0.314735,0.207519,0.937503,0.024275,0.135218,0.800586,0.207519,0.207519,0.098605,0.062923,0.207306,0.096621,0.062952,-0.000000,0.000001,2.913984,10,2
1780631267.219293,proposed,0.352808,-22.057396,0.103248,2.905852,1.625048,0.382173,-20.335539,0.000000,45.000000,-0.273981,2.437108,0.022341,1,12.509070,0.395152,0.355487,0.248247,0.248247,1.239058,0.029422,0.248247,0.248247,0.134906,1.074730,0.355487,0.248247,1.172507,0.029422,0.147080,1.055058,0.248247,0.248247,0.200240,0.288207,0.247910,0.198534,0.285052,-0.000000,0.000001,2.907686,10,2
1780631267.313766,proposed,0.361763,-21.754625,0.075850,3.149563,1.579803,-0.194880,-19.978313,0.000000,45.000000,-5.315392,2.024495,-0.085299,1,12.421509,0.369115,0.364381,0.255824,0.255824,1.401324,0.034434,0.255824,0.255824,0.147080,1.219810,0.364381,0.255824,1.401324,0.034434,0.159009,1.216148,0.255824,0.255824,0.232670,0.280412,0.254207,0.226388,0.281646,-0.000000,0.000001,3.150476,10,2
1780631267.417637,proposed,0.342771,-21.429546,-0.455689,3.352012,1.624157,-0.194112,-19.551510,0.000000,45.000000,-3.159557,2.000820,-0.116484,1,17.179038,0.477639,0.440830,0.328467,0.328467,1.563117,0.038532,0.328467,0.328467,0.159009,1.365577,0.440830,0.328467,1.563117,0.038532,0.172255,1.363203,0.328467,0.328467,0.329971,0.415047,0.325305,0.329330,0.414274,-0.000000,0.000000,3.382845,10,2
1780631267.521177,proposed,0.281404,-21.084341,-0.771645,3.552094,1.680842,0.054087,-19.453794,0.000000,45.000000,1.162658,-1.093519,-0.129675,1,17.311712,0.828950,0.794808,0.685927,0.685927,1.040580,0.033473,0.685771,0.685771,0.172255,0.834852,0.792069,0.683165,0.975543,0.033473,0.172255,0.834852,0.683096,0.683096,0.277671,0.169681,0.678392,0.275595,0.169721,-0.000000,0.000000,3.634943,10,2
1780631267.627039,proposed,0.210053,-20.734599,-0.655379,3.442742,1.683617,0.067945,-19.129527,0.000000,45.000000,1.731017,-1.068049,-0.132444,1,19.034434,0.914461,0.876672,0.763519,0.763519,1.074715,0.031615,0.763000,0.763000,0.165365,0.877735,0.843931,0.729749,1.007031,0.031615,0.165365,0.877735,0.729601,0.729601,0.309951,0.238996,0.724918,0.307670,0.235111,-0.000000,0.000000,3.504568,10,2
1780631267.703406,proposed,0.153170,-20.395665,-0.482277,3.335938,1.649909,0.069979,-18.788865,0.000000,45.000000,1.530192,-0.576630,-0.128637,1,15.813923,0.386587,0.883473,0.771489,0.771489,1.261370,0.030460,0.771488,0.771488,0.158374,1.072536,0.851754,0.739006,1.232658,0.030460,0.158374,1.072536,0.739006,0.739006,0.314687,0.268880,0.731018,0.313324,0.270204,-0.000000,0.000000,3.370619,10,2
1780631267.817909,proposed,0.112593,-20.064955,-0.329258,3.278275,1.624636,-0.000579,-18.188133,0.000000,45.000000,0.568776,2.121443,-0.124111,1,11.767256,0.411443,0.373318,0.263442,0.263442,1.365498,0.036006,0.263442,0.263442,0.154456,1.175037,0.373318,0.263442,1.342298,0.036006,0.165179,1.162455,0.263442,0.263442,0.457250,0.338850,0.255215,0.450508,0.342220,-0.000000,0.000001,3.294768,10,2
1780631267.906696,proposed,0.082511,-19.726520,-0.272381,3.490419,1.643044,0.032482,-18.095577,0.000000,45.000000,-0.411127,-1.116682,0.689548,1,13.444392,0.877188,0.846700,0.730856,0.730856,0.679543,0.032015,0.482344,0.482344,0.165179,0.482349,0.313104,0.202298,0.679543,0.032015,0.165179,0.482349,0.202298,0.202298,0.036069,0.000031,0.194269,0.033076,0.000001,-0.000000,0.000001,3.501031,10,2
1780631268.074146,proposed,0.053218,-19.383061,-0.313493,3.378751,1.625472,-0.005885,-17.921603,0.000000,45.000000,-2.992502,-4.666076,2.768927,1,63.043012,0.523893,0.490724,0.378462,0.378462,0.628672,0.027723,0.375467,0.375467,0.159550,0.441399,0.102349,0.000285,0.628672,0.027723,0.159550,0.441399,0.000285,0.000285,-0.100855,-0.027567,0.007781,-0.000000,0.000005,-0.000000,0.107680,3.393263,10,2
1780631268.105757,proposed,0.053218,-19.383061,-0.313493,3.378751,1.625472,0.005587,-17.836043,0.000000,45.000000,0.742041,-1.570098,0.579360,1,17.716575,0.664213,0.627812,0.521869,0.521869,0.703847,0.029388,0.498373,0.498373,0.159550,0.514909,0.233712,0.130250,0.634064,0.029388,0.159550,0.514909,0.130250,0.130250,0.016039,0.011460,0.106403,0.014131,0.006344,-0.000000,0.000000,3.393263,10,2
1780631268.211488,proposed,0.025578,-19.053037,-0.239289,3.221741,1.601120,-0.071978,-17.646608,0.000000,45.000000,0.349734,-1.866437,0.409186,1,12.389374,0.387399,0.404260,0.300420,0.300420,0.671896,0.025443,0.300389,0.300389,0.151164,0.495289,0.218264,0.114629,0.620000,0.025443,0.151164,0.495289,0.114629,0.114629,0.023750,0.001594,0.097414,0.019211,0.000002,-0.000000,0.000001,3.230615,10,2
1780631268.312154,proposed,0.003398,-18.740195,-0.204316,3.035097,1.617582,-0.069683,-17.393701,0.000000,45.000000,0.282461,-1.619877,-0.016461,1,12.224291,0.448803,0.408739,0.296994,0.296994,0.736859,0.022924,0.296992,0.296992,0.141603,0.572332,0.260887,0.157710,0.696705,0.022924,0.141603,0.572332,0.157710,0.157710,0.050982,0.030642,0.135011,0.033543,0.017303,-0.000000,0.000000,3.041966,10,2
1780631268.422018,proposed,-0.015621,-18.444785,-0.176070,2.873109,1.618280,0.200226,-17.026307,0.000000,45.000000,2.725446,-0.241101,-0.122938,1,15.420319,0.427234,0.388101,0.264607,0.264607,0.971580,0.023324,0.264607,0.264607,0.133462,0.814794,0.349457,0.238347,0.934372,0.023324,0.133462,0.813959,0.238347,0.238347,0.099490,0.073737,0.224831,0.095949,0.071881,-0.000000,0.000001,2.878499,10,2
1780631268.519206,proposed,-0.019601,-18.158679,0.096475,2.848999,1.507190,0.400379,-16.534391,0.000000,45.000000,3.517806,1.802915,-0.136698,1,22.124837,0.440520,0.403594,0.282447,0.282447,1.239553,0.028047,0.282447,0.282447,0.132087,1.079418,0.403594,0.282447,1.216322,0.028047,0.142624,1.068323,0.282447,0.282447,0.141003,0.200068,0.269235,0.130148,0.206612,-0.000000,0.000001,2.850632,10,2
1780631268.617125,proposed,0.007636,-17.864765,0.448255,3.029291,1.473516,0.203181,-15.919558,0.000000,45.000000,0.016876,4.014978,-0.135602,1,13.332086,0.299493,0.269856,0.157087,0.157087,1.420858,0.036096,0.157087,0.157087,0.142624,1.242138,0.269856,0.157087,1.393715,0.036096,0.163038,1.220286,0.157087,0.157087,0.316310,0.326898,0.151649,0.297884,0.331391,-0.000000,0.000001,3.062276,10,2
1780631268.703482,proposed,0.052546,-17.541761,0.449943,3.430789,1.456143,0.084300,-15.774462,0.000000,45.000000,-2.351714,1.027021,0.363217,1,12.284211,0.523270,0.483422,0.373696,0.373696,0.904733,0.034676,0.373696,0.373696,0.163038,0.707020,0.290362,0.176914,0.904733,0.034676,0.167230,0.707020,0.176914,0.176914,0.023441,0.001389,0.172705,0.021548,0.000001,-0.000000,0.000001,3.460167,10,2
1780631268.815710,proposed,0.085781,-17.193547,0.214772,3.533491,1.488484,-0.153478,-15.669104,0.000000,45.000000,-3.261577,-2.029348,-0.013715,1,15.250244,0.463813,0.423759,0.320034,0.320034,0.999092,0.030516,0.320034,0.320034,0.167230,0.801347,0.317543,0.205964,0.999092,0.030516,0.167230,0.801347,0.205964,0.205964,0.029946,0.150343,0.203730,0.029195,0.150152,-0.000000,0.000000,3.540012,10,2
1780631268.903994,proposed,0.090951,-16.850344,-0.111386,3.330556,1.677758,-0.049706,-15.250642,0.000000,45.000000,-1.004030,-0.688353,-0.128501,1,11.270850,0.794547,0.756497,0.645142,0.645142,1.231467,0.030088,0.645142,0.645142,0.156397,1.044982,0.749763,0.639248,1.231467,0.030088,0.156397,1.044982,0.639248,0.639248,0.284419,0.272726,0.637170,0.283402,0.272678,-0.000000,0.000001,3.332418,10,2
1780631269.026586,proposed,0.074792,-16.520731,-0.211789,3.261721,1.673618,-0.005882,-14.920391,0.000000,45.000000,0.145942,-0.276140,-0.155911,1,14.844849,0.649796,1.141599,1.027950,1.027950,1.462409,0.029510,1.027946,1.027946,0.153110,1.279789,1.141599,1.027950,1.462409,0.029510,0.153110,1.279789,1.027946,1.027946,0.514962,0.439997,1.026078,0.514905,0.439756,-0.000000,0.000000,3.268589,10,2
1780631269.112325,proposed,0.054343,-16.195939,-0.197195,3.234107,1.644396,-0.088629,-14.545200,0.000000,45.000000,-0.387133,0.326395,-0.158583,1,12.139636,0.684084,0.668281,0.563846,0.563846,1.523674,0.030443,0.563846,0.563846,0.151650,1.341581,0.668281,0.563846,1.523674,0.030443,0.153452,1.341581,0.563846,0.563846,0.460387,0.429551,0.550563,0.443607,0.434997,-0.000000,0.000000,3.240113,10,2
1780631269.217320,proposed,0.032687,-15.870897,-0.235908,3.266746,1.650100,-0.033904,-14.238204,0.000000,45.000000,0.424903,0.066140,-0.158810,1,14.313786,0.861720,0.824913,0.718515,0.718515,1.156175,0.030229,0.718511,0.718511,0.153452,0.972495,0.824913,0.718515,1.093936,0.030229,0.153648,0.972495,0.718511,0.718511,0.466168,0.303916,0.697004,0.458168,0.310382,-0.000000,0.000000,3.275253,10,2
1780631269.315299,proposed,0.011221,-15.543891,-0.193418,3.273360,1.629087,-0.001729,-13.940928,0.000000,45.000000,0.780008,-0.233333,-0.765862,1,13.652223,1.128376,1.090175,0.985292,0.985292,0.648354,0.029606,0.465100,0.465100,0.153648,0.465100,0.218528,0.115231,0.624781,0.029606,0.153648,0.465100,0.115231,0.115231,0.011157,0.001498,0.094002,0.000999,0.000002,-0.000000,0.000001,3.279069,10,2
1780631269.435732,proposed,-0.004221,-15.217722,-0.115417,3.250027,1.599415,0.001064,-13.617722,0.000000,45.000000,0.431357,-1.271870,-3.562017,1,31.920220,1.380776,1.344572,1.236953,1.236953,0.620000,0.029331,0.438406,0.438406,0.152263,0.438406,0.154912,0.053717,0.620000,0.029331,0.152263,0.438406,0.053717,0.053717,0.009238,0.000628,0.033737,0.000001,0.000001,-0.000000,0.000001,3.252076,10,2
1780631269.529760,proposed,-0.013606,-14.899079,-0.072282,3.122840,1.576322,0.001058,-13.299078,0.000000,45.000000,-0.553620,-2.799487,-4.755466,1,28.056268,1.235703,1.198947,1.087531,1.087531,0.620000,0.028350,0.445928,0.445928,0.145722,0.445928,0.139753,0.034180,0.620000,0.028350,0.145722,0.445928,0.034180,0.034180,0.006156,-0.000739,0.017891,0.000000,0.000000,-0.000000,0.000857,3.123676,10,2
1780631269.665528,proposed,-0.023602,-14.600792,-0.127644,2.842891,1.584129,-0.008738,-13.025281,0.000000,45.000000,-2.365442,-2.744991,-4.559382,1,46.807152,0.948340,0.913763,0.801665,0.801665,0.620000,0.025854,0.462299,0.462299,0.131847,0.462299,0.144286,0.031123,0.620000,0.025854,0.131847,0.462299,0.031123,0.031123,0.004719,-0.004142,0.016870,0.000000,0.000000,-0.000000,0.002498,2.845755,10,2
1780631269.732294,proposed,-0.048194,-14.330228,-0.364188,2.568392,1.635415,-0.022896,-12.804203,0.000000,45.000000,-5.834676,-3.345317,3.494649,1,38.988718,0.694753,0.665862,0.550242,0.550242,0.620000,0.023216,0.475035,0.475035,0.119616,0.477168,0.166137,0.062932,0.620000,0.023216,0.119616,0.477168,0.062932,0.062932,0.001319,-0.011320,0.052518,0.000000,0.000000,-0.000000,0.005828,2.594084,10,2
1780631269.822214,proposed,-0.113786,-14.090115,-0.947656,2.233860,1.735305,-0.079811,-12.653615,0.000000,45.000000,0.482649,2.058887,3.319648,1,17.813665,0.485767,0.449873,0.343871,0.343871,0.682231,0.020486,0.343850,0.343850,0.111650,0.550095,0.210230,0.102177,0.682231,0.020486,0.119912,0.549955,0.102177,0.102177,0.000468,0.000816,0.095421,0.000000,0.001329,-0.000000,0.000439,2.426558,10,2
1780631269.917416,proposed,-0.206138,-13.856435,-0.899391,2.439749,1.644579,-0.261908,-12.557859,0.000000,45.000000,2.985045,0.738982,1.059566,1,12.811804,0.335144,0.296090,0.192875,0.192875,0.762577,0.019095,0.192875,0.192875,0.119912,0.623570,0.209990,0.103009,0.762577,0.019095,0.119912,0.623570,0.103009,0.103009,-0.003072,0.057235,0.098305,0.000001,0.056435,-0.000000,0.000001,2.600246,10,2
1780631270.024475,proposed,-0.281152,-13.608765,-0.600886,2.513647,1.643934,-0.338502,-12.220219,0.000000,45.000000,2.381262,1.265566,0.184373,1,19.640122,0.361950,0.325265,0.215140,0.215140,0.915494,0.020569,0.215140,0.215140,0.119155,0.775770,0.303506,0.198773,0.890844,0.020569,0.123031,0.775770,0.198773,0.198773,0.080446,0.121588,0.196540,0.079396,0.121420,-0.000000,0.000000,2.584470,10,2
1780631270.108615,proposed,-0.329334,-13.351072,-0.362760,2.640204,1.653545,-0.231218,-11.798117,0.000000,45.000000,2.663548,2.207836,-0.036642,1,13.371316,0.522173,0.540397,0.424580,0.424580,0.974096,0.024261,0.424580,0.424580,0.123031,0.826804,0.540397,0.424580,0.900993,0.024261,0.132678,0.803179,0.424580,0.424580,0.212960,0.129945,0.420726,0.209980,0.130880,-0.000000,0.000000,2.665009,10,2
1780631270.229128,proposed,-0.352292,-13.076013,-0.096405,2.860988,1.630217,-0.381651,-11.359562,0.000000,45.000000,0.367058,2.755009,-0.089090,1,26.331955,0.376112,0.341195,0.228621,0.228621,0.845843,0.028989,0.228621,0.228621,0.132678,0.684176,0.341195,0.228621,0.756360,0.028989,0.146400,0.658715,0.228621,0.228621,0.136813,0.077463,0.228077,0.132972,0.082173,-0.000000,0.000000,2.862611,10,2
1780631270.315431,proposed,-0.360098,-12.776139,-0.059699,3.136488,1.620216,-0.176937,-11.047244,0.000000,45.000000,1.924098,1.684123,-0.100570,1,12.357831,0.446238,0.405721,0.301736,0.301736,0.987320,0.031456,0.301736,0.301736,0.146400,0.809464,0.405721,0.301736,0.915344,0.031456,0.155115,0.791747,0.301736,0.301736,0.216727,0.118116,0.301071,0.214738,0.118250,-0.000000,0.000000,3.137057,10,2
1780631270.451947,proposed,-0.356447,-12.454070,0.132710,3.304901,1.567765,0.020821,-10.779893,0.000000,45.000000,2.916175,0.368517,-0.097095,1,27.475929,0.670993,0.634140,0.528451,0.528451,1.140139,0.032272,0.528451,0.528451,0.155115,0.952753,0.634140,0.528451,1.084953,0.032272,0.158269,0.942438,0.528451,0.528451,0.272257,0.158755,0.518690,0.267368,0.158492,-0.000000,0.000000,3.307564,10,2
1780631270.510563,proposed,-0.328595,-12.121737,0.424328,3.341752,1.467335,0.083895,-10.503512,0.000000,45.000000,2.010131,-0.392502,-0.084679,1,12.123437,0.816286,0.779822,0.665033,0.665033,1.232163,0.031744,0.665033,0.665033,0.158269,1.042151,0.761142,0.651175,1.196052,0.031744,0.158269,1.037991,0.651175,0.651175,0.285407,0.213472,0.632427,0.278268,0.218245,-0.000000,0.000000,3.368585,10,2
1780631270.607299,proposed,-0.276112,-11.789524,0.625341,3.302502,1.386589,0.101775,-10.187003,0.000000,45.000000,0.741376,-0.415459,-0.072207,1,15.008616,0.816439,0.776472,0.660427,0.660427,1.127290,0.031178,0.660426,0.660426,0.157885,0.938227,0.776472,0.660427,1.093848,0.031178,0.157885,0.938227,0.660426,0.660426,0.315565,0.310375,0.640149,0.311191,0.313214,-0.000000,0.000000,3.361186,10,2
1780631270.714500,proposed,-0.209871,-11.461351,0.699479,3.260956,1.358424,0.053550,-9.848693,0.000000,45.000000,-0.702828,-0.142474,-0.065557,1,12.062596,0.876389,0.840855,0.727409,0.727409,1.125237,0.030703,0.727391,0.727391,0.156537,0.937997,0.840855,0.727409,1.076000,0.030703,0.156537,0.937997,0.727391,0.727391,0.420788,0.275763,0.706518,0.421600,0.276332,-0.000000,0.000000,3.335132,10,2
1780631270.820466,proposed,-0.143437,-11.135968,0.629196,3.246709,1.388029,0.006476,-9.530530,0.000000,45.000000,-1.510597,-0.123010,-0.066539,1,13.461146,1.033456,0.998415,0.883816,0.883816,0.733341,0.030024,0.548226,0.548226,0.155092,0.548226,0.309290,0.204802,0.655524,0.030024,0.155092,0.548226,0.204802,0.204802,0.045091,0.024238,0.188802,0.037091,0.024239,-0.000000,0.000000,3.307115,10,2
1780631270.917131,proposed,-0.088070,-10.811912,0.478136,3.234408,1.442209,-0.014574,-9.211133,0.000000,45.000000,-1.581406,-0.108417,-0.071897,1,13.058994,1.113607,1.073653,0.961754,0.961754,0.696270,0.029519,0.513591,0.513591,0.153160,0.513591,0.196032,0.085166,0.620000,0.029519,0.153160,0.509902,0.085166,0.085166,0.013249,0.005637,0.069050,0.006221,0.005646,-0.000000,0.000000,3.269558,10,2
1780631271.009501,proposed,-0.048164,-10.489013,0.319996,3.223566,1.491505,-0.012276,-8.889048,0.000000,45.000000,-1.197317,-0.055595,-0.049309,1,16.580089,1.099307,1.076071,0.948938,0.948938,0.700483,0.029240,0.519629,0.519629,0.151614,0.519629,0.226424,0.115859,0.620000,0.029240,0.151614,0.512049,0.115859,0.115859,0.011656,0.000071,0.103435,0.006566,0.000004,-0.000000,0.000000,3.239410,10,2
1780631271.102849,proposed,-0.022151,-10.166935,0.200264,3.218007,1.524164,0.005369,-8.587958,0.000000,45.000000,-0.733886,-0.224718,-0.076192,1,13.102472,0.840760,0.804390,0.698197,0.698197,0.746324,0.028685,0.566515,0.566515,0.150837,0.566801,0.280066,0.176868,0.699540,0.028685,0.150837,0.560780,0.176868,0.176868,0.034427,0.018621,0.168680,0.030320,0.018532,-0.000000,0.000000,3.224232,10,2
1780631271.219894,proposed,-0.005794,-9.846258,0.126875,3.195535,1.542086,0.073492,-8.321830,0.000000,45.000000,0.087810,-0.623571,-0.084455,1,13.779170,0.621647,0.582266,0.478393,0.478393,0.849650,0.027419,0.478361,0.478361,0.149501,0.672730,0.331411,0.227452,0.812246,0.027419,0.149501,0.670897,0.227452,0.227452,0.068810,0.040922,0.221222,0.065674,0.040811,-0.000000,0.000000,3.198053,10,2
1780631271.315343,proposed,0.007333,-9.529822,0.135656,3.133178,1.528564,0.207318,-8.050286,0.000000,45.000000,1.185686,-0.776660,-0.084385,1,14.209685,0.481578,0.445346,0.334083,0.334083,0.681065,0.026291,0.334019,0.334019,0.146352,0.508422,0.223906,0.113241,0.620000,0.026291,0.146352,0.502849,0.113241,0.113241,0.031542,0.005631,0.095840,0.023191,0.007825,-0.000000,0.000000,3.136113,10,2
1780631271.426339,proposed,0.026827,-9.220387,0.254225,3.055512,1.469385,0.330232,-7.678285,0.000000,45.000000,-0.516528,0.199705,3.911402,1,33.755122,0.473426,0.450661,0.331601,0.331601,0.620000,0.027337,0.331149,0.331149,0.142814,0.449849,0.155629,0.047745,0.620000,0.027337,0.147093,0.449849,0.047745,0.047745,0.011558,-0.002097,0.031657,0.005557,0.000000,-0.000000,0.001617,3.066070,10,2
1780631271.536540,proposed,0.049667,-8.913838,0.202572,3.075482,1.417647,0.277786,-7.292301,0.000000,45.000000,-2.675971,-1.155174,4.273609,1,34.766484,0.448678,0.413301,0.301000,0.301000,0.620000,0.028829,0.300831,0.300831,0.143624,0.447547,0.146984,0.041324,0.620000,0.028829,0.143624,0.447547,0.041324,0.041324,0.001073,-0.008899,0.025184,0.000001,0.000000,-0.000000,0.004539,3.082147,10,2
1780631271.628417,proposed,0.056544,-8.612065,-0.065025,2.959965,1.462160,0.242564,-7.036874,0.000000,45.000000,-5.701903,-3.002351,4.086338,1,24.703496,0.525692,0.489718,0.373070,0.373070,0.620000,0.026872,0.371522,0.371522,0.137538,0.455591,0.173440,0.068878,0.620000,0.026872,0.137538,0.455591,0.068878,0.068878,0.001283,-0.007147,0.055133,0.004384,0.000000,-0.000000,0.004525,2.960679,10,2
1780631271.711335,proposed,0.021532,-8.331081,-0.635215,2.659730,1.611374,0.229570,-6.650994,0.000000,45.000000,4.243309,2.932140,0.871095,1,12.564221,0.423884,0.384050,0.274753,0.274753,0.956369,0.027602,0.274753,0.274753,0.126403,0.802364,0.384050,0.274753,0.954625,0.027602,0.137527,0.794821,0.274753,0.274753,0.125080,0.102576,0.266254,0.126446,0.102732,-0.000000,0.000000,2.734531,10,2
1780631271.817374,proposed,-0.020773,-8.050447,-0.210885,2.952944,1.634698,0.108069,-6.345206,0.000000,45.000000,2.403271,2.301521,0.059132,1,13.391122,0.399359,0.519273,0.414053,0.414053,1.513478,0.029526,0.414053,0.414053,0.137527,1.346425,0.519273,0.414053,1.489088,0.029526,0.148746,1.336440,0.414053,0.414053,0.372652,0.409097,0.413995,0.371643,0.409072,-0.000000,0.000000,2.960464,10,2
1780631271.989128,proposed,-0.029845,-7.743645,0.029443,3.183096,1.612464,-0.379534,-6.267128,0.000000,45.000000,-0.229132,-3.166786,-2.152240,1,97.223860,0.419181,0.379057,0.272019,0.272019,0.620000,0.027125,0.271950,0.271950,0.148746,0.444129,-0.049937,-0.167413,0.620000,0.027125,0.224687,0.369111,-0.167413,-0.167413,-0.167258,-0.147091,0.000000,0.000000,0.000001,-0.000000,0.181564,3.183232,10,2
1780631272.067978,proposed,-0.029845,-7.743645,0.029443,3.183096,1.612464,-0.330971,-6.234916,0.000000,45.000000,-0.202422,-3.149069,-1.958538,1,63.940797,0.463847,0.432535,0.320369,0.320369,0.620000,0.027545,0.319991,0.319991,0.148746,0.443710,-0.085271,-0.204450,0.620000,0.027581,0.234945,0.357474,-0.204450,-0.204450,-0.173911,-0.136381,-0.000000,-0.000000,0.000000,-0.000000,0.216957,3.183232,10,2
1780631272.147488,proposed,-0.027913,-7.441081,0.009200,2.868189,1.779659,-0.152383,-6.151644,0.000000,45.000000,-0.079959,-2.876046,-2.033062,1,57.545949,0.405003,0.365003,0.238431,0.238431,0.620000,0.020780,0.238421,0.238421,0.132954,0.466267,-0.053805,-0.180402,0.620000,0.026121,0.229095,0.364784,-0.180402,-0.180402,-0.147625,-0.117257,-0.000000,-0.000000,0.033937,-0.000000,0.193744,2.868204,10,2
1780631272.239305,proposed,-0.027913,-7.441081,0.009200,2.868189,1.779659,-0.057820,-6.132524,0.000000,45.000000,-0.027950,-2.865530,-1.850087,1,38.033117,0.402539,0.363588,0.246338,0.246338,0.620000,0.021008,0.246325,0.246325,0.132954,0.466039,-0.050370,-0.168939,0.620000,0.026612,0.225143,0.369454,-0.168939,-0.168939,-0.199277,-0.074067,-0.000000,-0.000000,0.119619,-0.000000,0.206488,2.868204,10,2
1780631272.329031,proposed,-0.027133,-7.168589,0.006405,2.581636,1.687197,-0.115274,-5.727726,0.000000,45.000000,-0.499926,-2.689713,-0.947476,1,37.322584,0.303021,0.272348,0.141292,0.141292,0.730290,0.021543,0.141291,0.141291,0.119020,0.589727,0.032519,-0.085747,0.716485,0.021543,0.140229,0.572591,-0.085747,-0.085747,-0.105320,-0.038966,-0.000000,-0.000000,0.057884,-0.000000,0.104487,2.581644,10,2
1780631272.405302,proposed,-0.028992,-6.923874,-0.043587,2.312665,1.676684,0.173034,-5.083316,0.000000,45.000000,1.955305,5.925630,-0.343180,1,15.743580,0.263664,0.235141,0.118422,0.118422,1.142272,0.028705,0.118422,0.118422,0.106333,1.007233,0.235141,0.118422,1.120504,0.028705,0.144286,0.962943,0.118422,0.118422,0.084357,0.043770,0.111863,0.082147,0.044652,-0.000000,0.000001,2.313075,10,2
1780631272.514119,proposed,-0.023574,-6.662980,0.151943,2.905228,1.670244,0.313824,-4.813813,0.000000,45.000000,2.478012,4.020739,-0.189205,1,17.766365,0.352981,0.321999,0.204574,0.204574,1.323146,0.033122,0.204574,0.204574,0.134981,1.155043,0.321999,0.204574,1.298909,0.033122,0.156343,1.130086,0.204574,0.204574,0.200124,0.201481,0.198742,0.179625,0.209773,-0.000000,0.000000,2.909198,10,2
1780631272.599955,proposed,0.004010,-6.352353,0.399745,3.307302,1.608571,0.000903,-4.752353,0.000000,45.000000,-1.615517,-0.126875,-0.142780,1,14.812951,inf,inf,inf,inf,inf,0.029958,inf,inf,0.156343,inf,inf,inf,inf,0.029958,0.156343,inf,inf,inf,inf,inf,737.271401,331.771374,232.257208,-0.000000,0.000000,3.331372,0,2
1780631272.705785,proposed,0.035907,-6.022258,0.238193,3.294614,1.590464,0.000897,-4.422258,0.000000,45.000000,-1.490859,-0.382901,-0.128203,1,19.596485,0.371365,1.206426,1.101750,1.101750,0.915262,0.029741,0.730630,0.730630,0.154891,0.730630,0.699303,0.591249,0.875447,0.029741,0.154891,0.730630,0.591240,0.591240,0.227517,0.143834,0.559384,0.214900,0.135248,-0.000000,0.000000,3.303213,4,2
1780631272.826726,proposed,0.052272,-5.694711,0.089107,3.256324,1.597042,-0.029880,-3.695897,0.000000,45.000000,-1.239557,3.320056,-0.124495,1,18.966815,0.293104,0.263086,0.151138,0.151138,1.048157,0.038747,0.151138,0.151138,0.152543,0.856867,0.263086,0.151138,0.969928,0.038747,0.169791,0.839260,0.151138,0.151138,0.287663,0.185862,0.146049,0.283818,0.188642,-0.000000,0.000001,3.257543,10,2
1780631272.915429,proposed,0.054985,-5.352478,-0.034849,3.588330,1.566376,-0.094182,-3.617969,0.000000,45.000000,-1.267293,-0.229018,-0.119457,1,11.780958,0.604103,0.570886,0.458769,0.458769,0.903771,0.035153,0.458762,0.458762,0.169791,0.698827,0.570886,0.458769,0.825502,0.035153,0.169791,0.698827,0.458762,0.458762,0.200549,0.134723,0.432222,0.192550,0.134682,-0.000000,0.000000,3.588499,10,2
1780631273.012379,proposed,0.045164,-4.994790,-0.161578,3.565428,1.618232,-0.111455,-3.412096,0.000000,45.000000,-0.773221,-1.746852,-0.123096,1,18.634056,0.827255,0.789703,0.677200,0.677200,1.212934,0.031727,0.677200,0.677200,0.168764,1.012442,0.789703,0.677200,1.212934,0.031727,0.168764,1.012442,0.677200,0.677200,0.313584,0.294156,0.656179,0.304904,0.293316,-0.000000,0.000000,3.569087,10,2
1780631273.119330,proposed,0.025140,-4.646982,-0.238900,3.390743,1.662085,-0.117112,-3.036156,0.000000,45.000000,-0.264777,-0.835178,-0.127930,1,13.280094,0.830617,0.792635,0.677556,0.677556,0.847727,0.030863,0.645669,0.645669,0.159856,0.657008,0.517990,0.409383,0.762797,0.030863,0.159856,0.656916,0.409382,0.409382,0.159426,0.100305,0.394438,0.155258,0.101009,-0.000000,0.000001,3.399148,10,2
1780631273.222990,proposed,-0.000074,-4.312083,-0.265378,3.307225,1.663165,-0.048792,-2.701698,0.000000,45.000000,0.724156,-0.399707,-0.128471,1,15.383684,0.882679,0.843012,0.732458,0.732458,0.936775,0.030082,0.720462,0.720462,0.155645,0.751048,0.621732,0.516991,0.872079,0.030082,0.155645,0.747556,0.516989,0.516989,0.207214,0.134318,0.506457,0.203006,0.133737,-0.000000,0.000000,3.317855,10,2
1780631273.318520,proposed,-0.022991,-3.983359,-0.192962,3.267254,1.625799,0.044660,-2.397914,0.000000,45.000000,1.513680,-0.411628,-0.123727,1,12.620565,0.843164,0.803234,0.697146,0.697146,1.039046,0.029223,0.697038,0.697038,0.153334,0.856490,0.659598,0.554269,0.992010,0.029223,0.153334,0.854136,0.554269,0.554269,0.230154,0.160864,0.546961,0.227026,0.158778,-0.000000,0.000000,3.272947,10,2
1780631273.421767,proposed,-0.034719,-3.658692,-0.041594,3.226091,1.565729,0.112040,-2.075201,0.000000,45.000000,1.605833,-0.247212,-0.115216,1,13.813663,0.755677,0.717126,0.606362,0.606362,1.165561,0.028930,0.606362,0.606362,0.150946,0.985686,0.690123,0.581979,1.133923,0.028930,0.150946,0.983742,0.581979,0.581979,0.248480,0.189468,0.575294,0.245972,0.191164,-0.000000,0.000000,3.226359,10,2
1780631273.518697,proposed,-0.030849,-3.337319,0.118989,3.201370,1.515038,0.111375,-1.721761,0.000000,45.000000,0.859561,0.160521,-0.106784,1,12.942001,0.752736,0.715824,0.603276,0.603276,0.972146,0.029412,0.603238,0.603238,0.149783,0.792951,0.715824,0.603276,0.890085,0.029412,0.150823,0.789352,0.603238,0.603238,0.265430,0.171091,0.597544,0.259431,0.171064,-0.000000,0.000000,3.203581,10,2
1780631273.626972,proposed,-0.014652,-3.016379,0.204945,3.217422,1.499361,0.067933,-1.387427,0.000000,45.000000,-0.109395,0.239274,-0.102282,1,19.744506,0.783885,0.748077,0.635278,0.635278,0.892081,0.029765,0.633360,0.633360,0.150823,0.711494,0.589294,0.477274,0.809384,0.029765,0.152010,0.704986,0.477273,0.477273,0.193041,0.124802,0.461997,0.189428,0.127561,-0.000000,0.000000,3.223943,10,2
1780631273.717297,proposed,0.005295,-2.693441,0.194006,3.241350,1.510491,0.041385,-1.077815,0.000000,45.000000,-0.547937,0.020294,-0.101738,1,13.325608,0.889880,0.849738,0.744290,0.744290,0.901033,0.029628,0.709409,0.709409,0.152010,0.719395,0.608716,0.503644,0.831350,0.029628,0.152010,0.712584,0.503641,0.503641,0.193660,0.125682,0.492038,0.191373,0.129105,-0.000000,0.000000,3.247150,10,2
1780631273.821808,proposed,0.021956,-2.369204,0.139212,3.243379,1.531383,0.036945,-0.783991,0.000000,45.000000,-0.525690,-0.276087,-0.103240,1,11.943814,0.944816,0.920139,0.810670,0.810670,0.972689,0.028982,0.779859,0.779859,0.151970,0.791737,0.695734,0.591344,0.920621,0.028982,0.151970,0.787435,0.591339,0.591339,0.233643,0.153421,0.579311,0.231995,0.158306,-0.000000,0.000000,3.246365,10,2
1780631273.911666,proposed,0.033249,-2.046247,0.086643,3.215770,1.549413,0.066643,-0.469711,0.000000,45.000000,-0.126734,-0.253136,-0.104923,1,12.078240,0.837534,0.838481,0.727584,0.727584,1.082372,0.028581,0.727523,0.727523,0.150465,0.903326,0.780814,0.676072,1.042515,0.028581,0.150465,0.899991,0.676064,0.676064,0.291776,0.202205,0.647995,0.272771,0.187297,-0.000000,0.000000,3.216937,10,2
1780631274.020038,proposed,0.041280,-1.725936,0.073970,3.190457,1.549849,0.094610,-0.133774,0.000000,45.000000,0.137129,0.000128,-0.104695,1,15.801909,0.813481,0.828030,0.704081,0.704081,1.104663,0.028717,0.704069,0.704069,0.149157,0.926789,0.810111,0.697580,1.023538,0.028717,0.149176,0.926789,0.697572,0.697572,0.310334,0.237495,0.671610,0.295263,0.246465,-0.000000,0.000000,3.191314,10,2
1780631274.114425,proposed,0.049362,-1.406889,0.087683,3.190469,1.542960,0.082312,0.208311,0.000000,45.000000,-0.085414,0.224354,-0.103212,1,11.915649,0.808720,0.832728,0.719800,0.719800,1.104165,0.029189,0.719779,0.719779,0.149176,0.925801,0.832728,0.719800,1.031112,0.029189,0.150308,0.925801,0.719779,0.719779,0.346109,0.298372,0.697648,0.348515,0.290059,-0.000000,0.000000,3.191674,10,2
1780631274.216660,proposed,0.057703,-1.086721,0.079141,3.212905,1.546842,0.045043,0.533650,0.000000,45.000000,-0.470508,0.187702,-0.102609,1,13.033036,0.880016,0.877646,0.766070,0.766070,1.156632,0.029462,0.766052,0.766052,0.150308,0.976861,0.877646,0.766070,1.090089,0.029462,0.151226,0.976861,0.766052,0.766052,0.447956,0.310346,0.757355,0.447827,0.308400,-0.000000,0.000000,3.213879,10,2
1780631274.323289,proposed,0.063265,-0.764492,0.032090,3.231675,1.563409,0.013584,0.845226,0.000000,45.000000,-0.005223,-1.353339,0.775753,1,20.828580,1.043553,1.003301,0.897935,0.897935,0.620000,0.029392,0.439381,0.439381,0.151226,0.439381,0.172115,0.055768,0.620000,0.029392,0.151226,0.439381,0.055768,0.055768,0.008590,0.000406,0.038884,0.000000,0.000001,-0.000000,0.000001,3.231834,10,2
1780631274.424035,proposed,0.066448,-0.448091,0.031568,3.096341,1.584775,-0.003664,1.150278,0.000000,45.000000,1.863352,-2.769487,0.810884,1,31.229823,1.165431,1.130071,1.013313,1.013313,0.620000,0.028144,0.447508,0.447508,0.144348,0.447508,0.137193,0.035128,0.620000,0.028144,0.144348,0.447508,0.035128,0.035128,0.005757,-0.000657,0.018754,0.000000,0.000000,-0.000000,0.000791,3.096502,10,2
1780631274.506733,proposed,0.078921,-0.152304,0.217903,2.819392,1.550602,-0.003178,1.440657,0.000000,45.000000,-1.288969,1.314488,2.283273,1,18.047023,1.041938,1.010393,0.898877,0.898877,0.633983,0.026133,0.476885,0.476885,0.130964,0.476885,0.181973,0.079037,0.620000,0.026133,0.137220,0.463882,0.079037,0.079037,0.012131,0.000345,0.055074,0.002815,0.000001,-0.000000,0.000001,2.827801,10,2
1780631274.607328,proposed,0.094267,0.136208,0.089006,2.950841,1.572704,-0.002820,1.735763,0.000000,45.000000,-1.356865,1.247675,0.467221,1,12.342096,1.183201,1.149508,1.033830,1.033830,0.727737,0.027150,0.563471,0.563471,0.137115,0.563471,0.299967,0.195093,0.653923,0.027150,0.143313,0.552660,0.195093,0.195093,0.063981,0.033951,0.180542,0.057798,0.033879,-0.000000,0.000000,2.952183,10,2
1780631274.751701,proposed,0.096383,0.437530,-0.046680,3.075609,1.587624,0.170933,1.675523,0.000000,45.000000,4.197251,-5.002037,-4.811823,1,58.348554,0.305845,0.272138,0.164787,0.164787,0.620000,0.021352,0.164786,0.164786,0.143313,0.455335,0.141398,0.032725,0.620000,0.021352,0.143313,0.455335,0.032725,0.032725,-0.057407,-0.001342,0.016684,-0.000000,0.000000,-0.000000,0.057962,3.075963,10,2
1780631274.822976,proposed,0.112702,0.720081,0.373045,2.575405,1.362940,0.151963,2.060890,0.000000,45.000000,-1.029557,-2.129471,-2.922114,1,31.745698,0.441714,0.404092,0.293940,0.293940,0.620000,0.019822,0.293897,0.293897,0.120010,0.480169,0.134725,0.022495,0.620000,0.019822,0.120010,0.480169,0.022495,0.022495,0.004410,0.001130,0.005740,0.000000,0.000000,-0.000000,0.000614,2.602282,10,2
1780631274.902479,proposed,0.144858,0.966974,0.270089,2.362458,1.479387,-0.173390,2.518422,0.000000,45.000000,-4.111122,3.171657,-0.777623,1,14.345711,0.789568,0.750546,0.635861,0.635861,1.073594,0.023089,0.635860,0.635860,0.109360,0.941145,0.602664,0.498264,1.033688,0.023089,0.125354,0.941145,0.498263,0.498263,0.189712,0.126327,0.489720,0.199618,0.140899,-0.000000,0.000000,2.377847,10,2
1780631275.063443,proposed,0.151312,1.219078,-0.141023,2.679624,1.520986,0.133889,2.619520,0.000000,45.000000,0.166696,-2.579287,-0.610026,1,65.805389,0.490755,0.450884,0.343499,0.343499,0.620000,0.021390,0.343211,0.343211,0.123917,0.474692,-0.022368,-0.144699,0.620000,0.021390,0.173444,0.429212,-0.144699,-0.144699,-0.112699,-0.091556,-0.000000,-0.000000,0.000000,-0.000000,0.156701,2.683332,10,2
1780631275.145802,proposed,0.138043,1.474144,-0.124353,2.421695,1.549677,0.182550,2.717838,0.000000,45.000000,0.921174,-3.151798,0.604517,1,57.169835,0.369231,0.356189,0.229185,0.229185,0.620000,0.017123,0.229182,0.229182,0.111571,0.491306,0.049146,-0.067191,0.620000,0.017123,0.142896,0.465061,-0.067191,-0.067191,-0.057428,-0.040613,-0.000000,-0.000000,0.018356,-0.000000,0.078936,2.424886,10,2
1780631275.230579,proposed,0.138043,1.474144,-0.124353,2.421695,1.549677,0.108649,2.749607,0.000000,45.000000,1.107701,-2.393674,1.909221,1,33.139836,0.365897,0.325363,0.221046,0.221046,0.620000,0.017636,0.221044,0.221044,0.111571,0.490793,0.087256,-0.030685,0.620000,0.017636,0.112677,0.490793,-0.030685,-0.030685,-0.040991,-0.030864,-0.000000,-0.000000,0.006839,-0.000000,0.048925,2.424886,10,2
1780631275.319536,proposed,0.131146,1.704345,-0.013583,2.182328,1.546855,0.323364,3.540827,0.000000,45.000000,0.066349,6.530902,1.551626,1,21.352760,0.309890,0.272396,0.165954,0.165954,0.952139,0.027878,0.165954,0.165954,0.100290,0.823971,0.160415,0.056891,0.952139,0.027878,0.147585,0.788088,0.056891,0.056891,0.003387,0.003811,0.052819,0.002803,0.000000,-0.000000,0.000001,2.182370,10,2
1780631275.421813,proposed,0.130119,1.955232,-0.006948,2.835418,1.477018,-0.109714,3.646377,0.000000,45.000000,-7.447314,-2.024973,5.731581,1,21.880552,0.329900,0.291940,0.180151,0.180151,0.935785,0.028611,0.180151,0.180151,0.131339,0.775834,0.178266,0.072953,0.935785,0.028611,0.131339,0.775834,0.072953,0.072953,-0.014482,0.018444,0.066764,0.000000,0.019075,-0.000000,0.028180,2.835426,10,2
1780631275.504731,proposed,0.092188,2.228649,-0.751680,2.632921,1.692631,0.000747,3.828648,0.000000,45.000000,1.961369,2.411392,1.308799,1,20.899040,inf,inf,inf,inf,inf,0.025691,inf,inf,0.126577,inf,inf,inf,inf,0.025691,0.135876,inf,inf,inf,inf,inf,734.143750,330.357617,231.261703,-0.000000,0.000000,2.738118,0,2
1780631275.613950,proposed,0.026827,2.503998,-0.555543,2.874060,1.704925,0.399849,4.130714,0.000000,45.000000,5.936277,1.913049,0.193329,1,13.852777,0.441927,0.402960,0.291598,0.291598,1.225266,0.028387,0.291598,0.291598,0.135876,1.061002,0.399329,0.291598,1.188282,0.028387,0.142791,1.052210,0.291598,0.291598,0.133031,0.160772,0.274627,0.123271,0.167421,-0.000000,0.000000,2.927259,10,2
1780631275.714407,proposed,0.000954,2.800970,0.038085,3.065365,1.609114,-0.356433,4.567367,0.000000,45.000000,-2.905303,2.270481,-0.076358,1,15.308191,0.434938,0.394961,0.267582,0.267582,0.881432,0.032389,0.267582,0.267582,0.142791,0.706253,0.371091,0.259863,0.881432,0.032389,0.154832,0.703489,0.259863,0.259863,0.090491,0.048069,0.247671,0.094434,0.061734,-0.000000,0.000000,3.065601,10,2
1780631275.821962,proposed,-0.009764,3.118858,-0.252445,3.292413,1.631788,-0.395233,4.775535,0.000000,45.000000,-2.531616,0.312249,-0.145782,1,14.244798,0.374926,0.425214,0.319900,0.319900,0.952014,0.031890,0.319900,0.319900,0.154832,0.765292,0.369968,0.260407,0.952014,0.031890,0.157921,0.765292,0.260407,0.260407,0.090875,0.051186,0.253032,0.094688,0.061185,-0.000000,0.000000,3.302077,10,2
1780631275.919654,proposed,-0.047667,3.449661,-0.505607,3.323638,1.707269,-0.309423,5.174831,0.000000,45.000000,-0.277786,0.636249,-0.170472,1,12.958023,0.493323,0.454837,0.338192,0.338192,1.085768,0.033353,0.338192,0.338192,0.157921,0.894493,0.408348,0.301259,1.085768,0.033353,0.161410,0.894493,0.301259,0.301259,0.115254,0.146357,0.289193,0.117306,0.144313,-0.000000,0.000001,3.361875,10,2
1780631276.019111,proposed,-0.099616,3.785206,-0.533385,3.387263,1.713749,-0.378317,5.409186,0.000000,45.000000,-0.135657,-0.523081,-0.176209,1,12.524456,0.501356,0.463538,0.342699,0.342699,1.214724,0.031757,0.342699,0.342699,0.161410,1.021557,0.463538,0.342699,1.214724,0.031757,0.161410,1.021557,0.342699,0.342699,0.195627,0.239697,0.329551,0.189069,0.243873,-0.000000,0.000000,3.429001,10,2
1780631276.116589,proposed,-0.153633,4.121317,-0.546951,3.334954,1.729717,-0.272753,5.866789,0.000000,45.000000,1.356663,0.703933,-0.178273,1,11.801138,0.496136,0.460156,0.348021,0.348021,1.388576,0.033601,0.348021,0.348021,0.158835,1.196139,0.460156,0.348021,1.388576,0.033601,0.161467,1.196139,0.348021,0.348021,0.289767,0.344710,0.335753,0.290785,0.343314,-0.000000,0.000001,3.379508,10,2
1780631276.221469,proposed,-0.201545,4.458332,-0.411285,3.405348,1.687812,-0.111083,6.165195,0.000000,45.000000,2.733588,0.139968,-0.173078,1,12.944301,0.627195,0.586852,0.482157,0.482157,1.497823,0.033109,0.482157,0.482157,0.161467,1.303247,0.586852,0.482157,1.497823,0.033109,0.161467,1.303247,0.482157,0.482157,0.434178,0.431037,0.476349,0.431869,0.428893,-0.000000,0.000000,3.430095,10,2
1780631276.314716,proposed,-0.229005,4.799567,-0.137926,3.419345,1.596329,-0.034016,6.435414,0.000000,45.000000,2.554918,-0.597199,-0.160618,1,11.884413,0.854137,0.815217,0.710987,0.710987,0.835743,0.031694,0.640468,0.640468,0.161052,0.642997,0.535592,0.427945,0.786126,0.031694,0.161052,0.642997,0.427944,0.427944,0.175019,0.120239,0.411944,0.167020,0.120240,-0.000000,0.000000,3.422125,10,2
1780631276.429425,proposed,-0.230023,5.138515,0.117566,3.359625,1.505490,-0.002677,6.743252,0.000000,45.000000,1.695583,-0.664734,-0.146439,1,19.372473,1.108429,1.070499,0.965193,0.965193,0.721724,0.030636,0.533177,0.533177,0.157911,0.533177,0.282820,0.178981,0.656882,0.030636,0.157911,0.533177,0.178981,0.178981,0.063917,0.039654,0.159788,0.055750,0.040606,-0.000000,0.000000,3.361681,10,2
1780631276.502736,proposed,-0.209789,5.471154,0.287124,3.293151,1.455493,0.010251,7.050753,0.000000,45.000000,0.813171,-0.598642,-0.136525,1,12.153671,1.009163,0.971743,0.866125,0.866125,0.724357,0.029646,0.539695,0.539695,0.155016,0.539695,0.267637,0.163999,0.656414,0.029646,0.155016,0.539695,0.163999,0.163999,0.046389,0.020170,0.149833,0.042272,0.022713,-0.000000,0.000000,3.305644,10,2
1780631276.624631,proposed,-0.177011,5.797476,0.368441,3.233287,1.438316,0.050885,7.320620,0.000000,45.000000,0.455721,-0.830755,-0.131400,1,14.790639,0.773293,0.733124,0.628763,0.628763,0.756028,0.028125,0.571408,0.571408,0.152372,0.575530,0.303205,0.196558,0.700956,0.028125,0.152372,0.575530,0.196558,0.196558,0.054242,0.028560,0.185366,0.051758,0.031380,-0.000000,0.000000,3.254212,10,2
1780631276.703819,proposed,-0.137888,6.116651,0.414013,3.150211,1.425023,0.156708,7.565513,0.000000,45.000000,0.820578,-1.141092,-0.127852,1,12.770175,0.598260,0.558954,0.453351,0.453351,0.845010,0.026323,0.453337,0.453337,0.148444,0.670243,0.350408,0.241132,0.801556,0.026323,0.148444,0.670243,0.241132,0.241132,0.069014,0.054300,0.232242,0.077340,0.056870,-0.000000,0.000000,3.177301,10,2
1780631276.822040,proposed,-0.092384,6.425966,0.496071,3.036102,1.384699,0.335197,7.840426,0.000000,45.000000,1.668263,-0.964360,-0.121737,1,15.780201,0.459015,0.423833,0.311177,0.311177,0.829007,0.025550,0.311177,0.311177,0.143333,0.660125,0.388503,0.280150,0.829007,0.025550,0.143333,0.660125,0.280150,0.280150,0.119767,0.084218,0.273949,0.116633,0.085814,-0.000000,0.000000,3.076362,10,2
1780631276.921733,proposed,-0.034435,6.724755,0.662897,2.939666,1.315715,0.387149,8.265157,0.000000,45.000000,0.938161,0.598791,-0.111929,1,17.777603,0.445217,0.419421,0.303939,0.303939,0.886434,0.027476,0.303939,0.303939,0.140175,0.718784,0.405901,0.297261,0.817192,0.027476,0.144198,0.711221,0.297261,0.297261,0.130095,0.138751,0.293009,0.130135,0.138188,-0.000000,0.000001,3.013481,10,2
1780631277.035580,proposed,0.036545,7.021715,0.756713,2.999545,1.315467,0.223443,8.699559,0.000000,45.000000,-1.623611,1.674898,-0.108717,1,25.140912,0.450562,0.415219,0.302860,0.302860,0.789452,0.030009,0.302860,0.302860,0.144198,0.615245,0.415219,0.302860,0.726587,0.030009,0.150740,0.604571,0.302860,0.302860,0.125841,0.064842,0.296618,0.111541,0.062875,-0.000000,0.000001,3.093523,10,2
1780631277.106180,proposed,0.104099,7.330044,0.594352,3.167035,1.368972,0.042406,9.000537,0.000000,45.000000,-3.309997,0.946995,-0.113059,1,12.153213,0.565400,0.524870,0.420547,0.420547,0.721206,0.030623,0.420111,0.420111,0.150740,0.539843,0.355774,0.244020,0.671876,0.030623,0.153303,0.534032,0.244020,0.244020,0.083233,0.041131,0.223741,0.065252,0.038678,-0.000000,0.000000,3.222323,10,2
1780631277.284675,proposed,0.146984,7.651483,0.263353,3.261735,1.477966,-0.030980,9.229043,0.000000,45.000000,-0.427071,-3.209510,-1.320450,1,76.924199,0.680242,0.703752,0.579704,0.579704,0.620000,0.029232,0.437269,0.437269,0.153303,0.437465,-0.084253,-0.216523,0.620000,0.029232,0.173378,0.430304,-0.216523,-0.216523,-0.179343,-0.138944,-0.000000,-0.000000,0.000000,-0.000000,0.240000,3.272349,10,2
1780631277.407270,proposed,0.146984,7.651483,0.263353,3.261735,1.477966,0.004562,9.174238,0.000000,45.000000,-3.270076,-4.557796,2.725555,1,95.629532,0.681188,0.681897,0.563646,0.563646,0.620000,0.028054,0.438286,0.438286,0.153303,0.438643,0.105618,-0.001843,0.620000,0.028054,0.153303,0.438643,-0.001843,-0.001843,-0.074847,-0.087912,0.000000,0.000000,-0.000000,-0.000000,0.084189,3.272349,10,2
1780631277.501520,proposed,0.171184,7.961609,0.220646,2.940784,1.607132,0.115969,9.233050,0.000000,45.000000,-0.306175,-2.976687,-1.640659,1,77.214901,0.371524,0.336879,0.227868,0.227868,0.620000,0.020964,0.227860,0.227860,0.136959,0.462077,-0.071079,-0.179152,0.620000,0.020964,0.136959,0.462077,-0.179152,-0.179152,-0.164077,-0.118257,-0.000000,-0.000000,0.015977,-0.000000,0.186035,2.949049,10,2
1780631277.530439,proposed,0.191717,8.240804,0.190028,2.643115,1.679120,0.248735,9.787150,0.000000,45.000000,-0.358715,1.816587,-0.527679,1,18.270948,0.583554,0.543964,0.434433,0.434433,1.063719,0.023990,0.434433,0.434433,0.122303,0.917425,0.543964,0.434433,1.028717,0.023990,0.131022,0.904764,0.434433,0.434433,0.211106,0.149358,0.410874,0.204060,0.143631,-0.000000,0.000000,2.649937,10,2
1780631277.627579,proposed,0.208927,8.514198,0.154157,2.824774,1.593443,0.290193,10.127066,0.000000,45.000000,0.012552,1.963693,-0.236711,1,22.022452,0.601640,0.575193,0.453109,0.453109,1.213969,0.026555,0.453109,0.453109,0.131022,1.056391,0.575193,0.453109,1.192415,0.026555,0.140758,1.044636,0.453109,0.453109,0.220328,0.219875,0.437498,0.213257,0.223864,-0.000000,0.000000,2.828977,10,2
1780631277.705551,proposed,0.224405,8.806494,0.155412,3.021143,1.552852,0.191997,10.472255,0.000000,45.000000,-0.977577,1.574209,-0.158035,1,18.252812,0.611030,0.573451,0.462052,0.462052,1.324570,0.029025,0.462052,0.462052,0.140758,1.154787,0.573451,0.462052,1.302969,0.029025,0.148535,1.145650,0.462052,0.462052,0.290343,0.322734,0.436959,0.291302,0.320528,-0.000000,0.000000,3.025138,3,2
1780631277.802069,proposed,0.235058,9.116479,0.057654,3.178564,1.557596,0.000622,10.716475,0.000000,45.000000,-2.417681,0.260310,-0.137866,1,13.362710,inf,inf,inf,inf,inf,0.029125,inf,inf,0.148535,inf,inf,inf,inf,0.029125,0.150104,inf,inf,inf,inf,inf,731.595194,329.215667,230.466148,-0.000000,0.000000,3.179087,0,2
1780631277.894513,proposed,0.228735,9.435637,-0.184114,3.204595,1.634568,0.037204,11.202272,0.000000,45.000000,-1.070776,1.530089,-0.140336,1,12.091651,0.342080,0.314554,0.198742,0.198742,1.549029,0.032889,0.198742,0.198742,0.150104,1.366036,0.314554,0.198742,1.547958,0.032889,0.158353,1.362341,0.198742,0.198742,0.397812,0.427652,0.198742,0.396813,0.427653,-0.000000,0.000001,3.209879,1,2
1780631278.023773,proposed,0.204970,9.763747,-0.291192,3.357604,1.643327,0.100580,11.751050,0.000000,45.000000,2.135146,2.383644,-0.627963,1,17.240046,0.315021,0.275021,0.165341,0.165341,0.816732,0.039372,0.165341,0.165341,0.158353,0.619008,0.275021,0.165341,0.789659,0.039372,0.170231,0.605590,0.165341,0.165341,0.040295,-0.003068,0.141877,0.041772,0.000000,-0.000000,0.000001,3.370207,10,2
1780631278.167585,proposed,0.186527,10.111426,-0.077677,3.595968,1.682834,0.342540,11.581659,0.000000,45.000000,0.182904,-3.686332,-1.441979,1,70.850446,0.521838,0.501669,0.385763,0.385763,0.620000,0.029733,0.378238,0.378238,0.170231,0.420036,-0.118171,-0.231717,0.620000,0.029733,0.170231,0.420036,-0.231717,-0.231717,-0.213143,-0.171781,-0.000000,-0.000000,0.005680,-0.000000,0.239103,3.596807,10,2
1780631278.237529,proposed,0.179673,10.452591,-0.059387,3.227335,1.554961,0.291026,11.777539,0.000000,45.000000,0.135477,-3.305447,-1.120392,1,47.034936,0.345148,0.311569,0.199997,0.199997,0.620000,0.023994,0.199992,0.199992,0.151024,0.444982,-0.073162,-0.202856,0.620000,0.023994,0.184086,0.415147,-0.202856,-0.202856,-0.186189,-0.105093,-0.000000,-0.000000,0.063007,-0.000000,0.218670,3.227881,10,2
1780631278.403407,proposed,0.179673,10.452591,-0.059387,3.227335,1.554961,0.320534,11.812503,0.000000,45.000000,0.151707,-3.286217,-1.019557,1,101.394469,0.348139,0.313986,0.202624,0.202624,0.620000,0.024653,0.202618,0.202618,0.151024,0.444323,-0.109641,-0.221700,0.620000,0.024653,0.204139,0.391756,-0.221700,-0.221700,-0.184315,-0.126324,-0.000000,-0.000000,0.077942,-0.000000,0.239900,3.227881,10,2
1780631278.459265,proposed,0.174493,10.758893,-0.044216,2.898713,1.470638,0.316913,12.114062,0.000000,45.000000,0.133601,-2.878049,-0.801312,1,40.483643,0.279204,0.245945,0.128647,0.128647,0.648918,0.022154,0.128647,0.128647,0.134478,0.492286,-0.076759,-0.210061,0.647901,0.022154,0.164506,0.475316,-0.210061,-0.210061,-0.179993,-0.095983,-0.000000,-0.000000,0.106992,-0.000000,0.218034,2.899050,10,2
1780631278.501353,proposed,0.170740,11.034374,-0.030856,2.610908,1.455467,0.355543,12.807992,0.000000,45.000000,1.793088,3.991303,-0.253688,1,15.938723,0.446853,0.426291,0.317553,0.317553,1.358069,0.028851,0.317553,0.317553,0.120433,1.208786,0.426291,0.317553,1.350994,0.028851,0.142392,1.187536,0.317553,0.317553,0.169464,0.266038,0.300292,0.176323,0.264248,-0.000000,0.000000,2.611091,10,2
1780631278.602149,proposed,0.176619,11.315422,0.148453,3.010039,1.519086,0.197071,13.078433,0.000000,45.000000,-0.341773,2.642410,-0.122077,1,11.753515,0.419726,0.380223,0.274231,0.274231,1.434144,0.031105,0.274231,0.274231,0.140185,1.262854,0.380223,0.274231,1.430160,0.031105,0.153504,1.250870,0.274231,0.274231,0.286889,0.357919,0.273802,0.286015,0.357878,-0.000000,0.000000,3.013697,10,2
1780631278.721930,proposed,0.189756,11.629638,0.114276,3.274280,1.529663,-0.179144,12.872282,0.000000,45.000000,-2.165777,-4.179565,1.540828,1,38.405189,0.291668,0.255433,0.150277,0.150277,0.759705,0.023802,0.150277,0.150277,0.153504,0.582398,0.065236,-0.038317,0.759705,0.023802,0.153504,0.582398,-0.038317,-0.038317,-0.120969,0.044611,0.000000,-0.000000,0.125903,-0.000000,0.128726,3.276273,2,2
1780631278.811272,proposed,0.190354,11.936168,-0.102302,2.856323,1.811804,0.158987,13.837999,0.000000,45.000000,0.011636,3.945913,0.285621,1,20.130955,0.302429,0.269197,0.161370,0.161370,1.105483,0.033320,0.161370,0.161370,0.132458,0.939705,0.269197,0.161370,1.070697,0.033320,0.153416,0.909178,0.161370,0.161370,0.201168,0.107358,0.157241,0.197964,0.108399,-0.000000,0.000001,2.858155,4,2
1780631278.913578,proposed,0.180182,12.241530,-0.101139,3.250914,1.707616,0.174872,14.195395,0.000000,45.000000,0.402538,3.269703,-0.018685,1,13.066594,0.331614,0.291614,0.182719,0.182719,1.297772,0.037509,0.182719,0.182719,0.152284,1.107980,0.291614,0.182719,1.278099,0.037509,0.169257,1.088381,0.182719,0.182719,0.258127,0.151720,0.180425,0.257560,0.154610,-0.000000,0.000000,3.252487,10,2
1780631279.034258,proposed,0.172081,12.582970,-0.060885,3.577885,1.654270,0.062233,14.336390,0.000000,45.000000,0.949179,-1.658527,0.624260,1,33.128676,0.282746,0.251106,0.141501,0.141501,0.620000,0.035429,0.141499,0.141499,0.169257,0.415315,0.176734,0.072997,0.620000,0.035429,0.169257,0.415315,0.072997,0.072997,0.010192,0.001731,0.048483,0.000000,0.000000,-0.000000,0.000116,3.578403,10,2
1780631279.135402,proposed,0.170739,12.932465,0.034033,3.412032,1.628036,0.006810,14.916336,0.000000,45.000000,4.718381,1.000937,0.623019,1,43.379745,0.343428,0.311774,0.201865,0.201865,0.620000,0.039729,0.201851,0.201851,0.160535,0.419736,0.162560,0.059952,0.620000,0.039729,0.170889,0.415858,0.059952,0.059952,0.003240,-0.002047,0.038624,0.000002,0.000000,-0.000000,0.002518,3.412202,10,2
1780631279.211784,proposed,0.197734,13.278673,0.505871,3.512126,1.668548,-0.223176,15.083563,0.000000,45.000000,-5.639299,0.561494,0.062046,1,15.197893,0.437686,0.420453,0.309075,0.309075,1.441727,0.037435,0.309075,0.309075,0.167670,1.236622,0.420453,0.309075,1.441727,0.037435,0.168746,1.236622,0.309075,0.309075,0.276713,0.329774,0.308052,0.263717,0.330631,-0.000000,0.000000,3.548371,10,2
1780631279.365055,proposed,0.220125,13.632693,-0.058059,3.568275,1.675469,-0.385075,15.338995,0.000000,45.000000,4.306977,-5.169802,-4.923504,1,61.018333,0.398137,0.368921,0.237704,0.237704,0.848905,0.036588,0.237704,0.237704,0.168746,0.643570,0.141877,0.038937,0.848905,0.036588,0.168746,0.643570,0.038937,0.038937,-0.091801,-0.007932,0.045218,-0.000000,0.000000,-0.000000,0.090963,3.568748,10,2
1780631279.410359,proposed,0.235854,13.963672,0.372639,3.051295,1.635416,0.275697,15.273348,0.000000,45.000000,0.562175,-1.661337,0.476287,1,20.663412,0.318715,0.279909,0.176676,0.176676,0.684469,0.022499,0.176676,0.176676,0.143212,0.518758,0.167991,0.062887,0.657825,0.022499,0.143212,0.518758,0.062887,0.062887,0.004674,-0.007727,0.051395,0.002351,0.000000,-0.000000,0.000001,3.073965,10,2
1780631279.513439,proposed,0.275928,14.260495,0.428857,2.885161,1.573770,-0.119300,15.981247,0.000000,45.000000,-5.381666,2.394645,0.063794,1,12.407195,0.392339,0.566871,0.462839,0.462839,1.644658,0.030471,0.462839,0.462839,0.135360,1.478826,0.566871,0.462839,1.644658,0.030471,0.145867,1.478826,0.462839,0.462839,0.419227,0.460397,0.461086,0.417698,0.459684,-0.000000,0.000001,2.916860,10,2
1780631279.629769,proposed,0.291906,14.560984,-0.109310,3.124626,1.570424,0.242946,16.203332,0.000000,45.000000,-0.356127,0.938766,-0.039387,1,18.364697,0.482103,0.604565,0.486298,0.486298,1.125004,0.029278,0.486298,0.486298,0.145867,0.949859,0.579293,0.469691,1.091704,0.029278,0.150711,0.938105,0.469691,0.469691,0.202227,0.211959,0.452597,0.194736,0.215196,-0.000000,0.000001,3.126537,10,2
1780631279.707988,proposed,0.279194,14.878141,-0.144923,3.218502,1.583672,0.341093,16.687917,0.000000,45.000000,1.167833,1.903714,-0.066378,1,17.374053,0.349224,0.310258,0.202888,0.202888,1.370801,0.033770,0.202888,0.202888,0.150711,1.186320,0.310258,0.202888,1.345876,0.033770,0.160368,1.171770,0.202888,0.202888,0.256637,0.356854,0.176595,0.249766,0.349398,-0.000000,0.000001,3.221764,6,2
1780631279.817909,proposed,0.270541,15.209509,-0.028139,3.408874,1.580311,0.395842,16.870449,0.000000,45.000000,2.031631,-0.224281,0.791564,1,15.847820,0.362760,0.324880,0.213489,0.213489,0.942439,0.031979,0.213489,0.213489,0.160368,0.750092,0.229449,0.118864,0.925684,0.031979,0.160368,0.749262,0.118864,0.118864,0.019288,0.000199,0.113790,0.016887,0.000001,-0.000000,0.000001,3.408990,10,2
1780631279.918839,proposed,0.277885,15.549275,0.175024,3.386446,1.530639,0.151272,17.443524,0.000000,45.000000,-1.996233,1.181064,-0.685212,1,28.433878,0.303343,0.268324,0.162190,0.162190,0.622266,0.037226,0.162187,0.162187,0.159430,0.425610,0.165661,0.054443,0.620000,0.037226,0.169198,0.419794,0.054443,0.054443,0.006993,-0.005624,0.038160,0.000165,0.000000,-0.000000,0.000002,3.390966,5,2
1780631280.023628,proposed,0.285406,15.893825,-0.024600,3.504552,1.565380,0.160867,17.783696,0.000000,45.000000,-3.870452,1.265907,2.697350,1,24.418284,0.264563,0.224563,0.115988,0.115988,0.623306,0.038055,0.115988,0.115988,0.165369,0.419882,0.224563,0.115988,0.623306,0.038055,0.173291,0.419882,0.115988,0.115988,0.015233,-0.001236,0.115978,0.011996,0.000000,-0.000000,0.000373,3.504638,10,2
1780631280.127201,proposed,0.263594,16.250610,-0.411645,3.631143,1.556341,0.314347,18.098588,0.000000,45.000000,-4.792702,-3.819720,3.903472,1,24.351300,0.366204,0.331039,0.224779,0.224779,0.667182,0.038240,0.224770,0.224770,0.173291,0.455651,0.276107,0.163904,0.667182,0.038240,0.173291,0.455651,0.163904,0.163904,0.022404,-0.012197,0.155782,0.021328,0.000000,-0.000000,0.002722,3.654401,10,2
1780631280.225889,proposed,0.198466,16.594626,-0.890915,3.249171,1.704183,0.161914,18.249913,0.000000,45.000000,3.267925,0.033190,0.863773,1,17.191576,0.621676,0.582564,0.465911,0.465911,0.767675,0.031440,0.465350,0.465350,0.158296,0.577940,0.314064,0.205338,0.767675,0.031440,0.158296,0.577940,0.205338,0.205338,0.027192,0.006804,0.201036,0.026077,0.003693,-0.000000,0.000001,3.369101,10,2
1780631280.304741,proposed,0.125714,16.919709,-0.564122,3.252490,1.636771,0.102244,18.577247,0.000000,45.000000,2.541176,0.328646,0.105569,1,12.779914,0.532944,0.738339,0.633462,0.633462,1.168132,0.030938,0.633462,0.633462,0.154779,0.982415,0.738339,0.633462,1.123765,0.030938,0.154779,0.980130,0.633462,0.633462,0.313251,0.199868,0.624603,0.298604,0.189256,-0.000000,0.000000,3.301049,10,2
1780631280.419505,proposed,0.082008,17.246601,-0.310005,3.285354,1.614075,-0.260537,18.729740,0.000000,45.000000,-1.483621,-1.348371,-0.082239,1,14.595998,0.399045,0.362350,0.251499,0.251499,1.080853,0.028128,0.251499,0.251499,0.154722,0.898002,0.362350,0.251499,1.065660,0.028128,0.154722,0.898002,0.251499,0.251499,0.133950,0.173842,0.249375,0.132563,0.173806,-0.000000,0.000000,3.299948,10,2
1780631280.501954,proposed,0.043589,17.568394,-0.458367,3.150517,1.733966,-0.267011,19.239489,0.000000,45.000000,-0.843607,0.798010,-0.141690,1,12.265269,0.412660,0.372645,0.266400,0.266400,1.273386,0.030942,0.266400,0.266400,0.148769,1.093676,0.372645,0.266400,1.201308,0.030942,0.153470,1.085245,0.266400,0.266400,0.216681,0.305247,0.264024,0.215191,0.304235,-0.000000,0.000001,3.183686,10,2
1780631280.634351,proposed,-0.006465,17.887436,-0.542728,3.230318,1.738609,-0.142183,19.697491,0.000000,45.000000,1.136769,1.843137,-0.156136,1,21.370602,0.394434,0.354729,0.249368,0.249368,1.194945,0.034291,0.249368,0.249368,0.153470,1.007185,0.354729,0.249368,1.121767,0.034291,0.162061,0.994309,0.249368,0.249368,0.325676,0.305017,0.248637,0.324321,0.305650,-0.000000,0.000001,3.275593,10,2
1780631280.704483,proposed,-0.055054,18.219684,-0.429051,3.414632,1.710790,-0.211385,20.032546,0.000000,45.000000,0.597706,1.128688,-0.155713,1,13.108182,0.480582,0.440454,0.336648,0.336648,1.132706,0.035733,0.336648,0.336648,0.162061,0.934912,0.440454,0.336648,1.067034,0.035733,0.167586,0.925448,0.336648,0.336648,0.396735,0.261551,0.327844,0.392073,0.261240,-0.000000,0.000000,3.441482,10,2
1780631280.821132,proposed,-0.094971,18.566790,-0.369280,3.527501,1.688962,-0.058095,20.239246,0.000000,45.000000,2.012687,-0.676739,-0.152248,1,12.590489,0.752976,0.716225,0.610412,0.610412,1.273586,0.033286,0.610412,0.610412,0.167586,1.072714,0.716225,0.610412,1.213296,0.033286,0.167586,1.072714,0.610412,0.610412,0.463028,0.306271,0.599057,0.459889,0.307011,-0.000000,0.000000,3.546777,10,2
1780631280.914114,proposed,-0.121835,18.916157,-0.168011,3.459827,1.596795,0.003481,20.525645,0.000000,45.000000,2.013572,-1.073169,-0.140368,1,11.855608,1.068649,1.033769,0.925480,0.925480,1.372060,0.031338,0.925475,0.925475,0.163233,1.177489,1.033769,0.925480,1.325782,0.031338,0.163233,1.177489,0.925475,0.925475,0.480194,0.324465,0.909694,0.478842,0.325248,-0.000000,0.000000,3.463904,10,2
1780631281.022848,proposed,-0.128569,19.256774,0.033346,3.352510,1.519141,0.002049,20.857147,0.000000,45.000000,1.167038,-0.707831,-0.128050,1,14.825424,1.281557,1.244596,1.129223,1.129223,1.589825,0.030247,1.129221,1.129221,0.157445,1.402133,1.244596,1.129223,1.561554,0.030247,0.157445,1.402133,1.129221,1.129221,0.573304,0.464918,1.122026,0.574788,0.464805,-0.000000,0.000000,3.352676,10,2
1780631281.111216,proposed,-0.119399,19.588485,0.150050,3.281727,1.494967,0.000432,21.188488,0.000000,45.000000,0.489178,-0.369441,-0.121440,1,12.801924,1.339532,1.319364,1.211693,1.211693,0.706877,0.029684,0.523232,0.523232,0.153961,0.523232,0.444067,0.336964,0.706877,0.029684,0.153961,0.523232,0.336964,0.336964,0.103469,0.058128,0.320558,0.095310,0.058053,-0.000000,0.000000,3.285155,10,2
1780631281.211056,proposed,-0.101948,19.914811,0.198967,3.244783,1.493783,0.000426,21.514813,0.000000,45.000000,0.504363,-1.731619,-0.126202,1,16.312193,1.382154,1.342191,1.234624,1.234624,0.620000,0.029390,0.438409,0.438409,0.152201,0.438409,0.168628,0.053676,0.620000,0.029390,0.152201,0.438409,0.053676,0.053676,0.008294,-0.000027,0.037284,0.000001,0.000000,-0.000000,0.000001,3.250877,10,2
1780631281.329428,proposed,-0.079529,20.230631,0.249404,3.071621,1.490049,0.000464,21.829795,0.000000,45.000000,2.072668,-3.248326,0.251884,1,34.389923,1.174434,1.137942,1.026487,1.026487,0.620000,0.028061,0.448336,0.448336,0.143603,0.448336,0.138950,0.037807,0.620000,0.028061,0.143603,0.448336,0.037807,0.037807,0.005705,-0.000830,0.021761,0.000000,0.000000,-0.000000,0.000791,3.081730,10,2
1780631281.439125,proposed,-0.044226,20.521552,0.456670,2.746788,1.437175,0.009292,22.088772,0.000000,45.000000,2.532399,-2.378799,1.739004,1,34.024738,0.883178,0.852491,0.738130,0.738130,0.620000,0.025288,0.465869,0.465869,0.128841,0.465871,0.141388,0.035261,0.620000,0.025288,0.128841,0.465871,0.035261,0.035261,0.006049,-0.002202,0.021225,0.000000,0.000000,-0.000000,0.002768,2.784492,10,2
1780631281.520167,proposed,0.014103,20.784336,0.709910,2.508908,1.434988,0.036442,22.319153,0.000000,45.000000,-2.271196,2.552691,1.522726,1,21.087682,0.758978,0.735217,0.630572,0.630572,0.620000,0.023473,0.476142,0.476142,0.120256,0.476271,0.182026,0.078493,0.620000,0.023473,0.130083,0.469934,0.078493,0.078493,0.004573,-0.000559,0.066214,0.000001,0.000006,-0.000000,0.000001,2.607411,10,2
1780631281.620897,proposed,0.073738,21.047991,0.482791,2.764177,1.444528,0.120354,22.451155,0.000000,45.000000,4.249805,-4.195516,-2.005997,1,23.467463,0.432179,0.397340,0.290605,0.290605,0.659353,0.022260,0.290590,0.290590,0.129895,0.507197,0.161047,0.058129,0.648381,0.022260,0.129895,0.507197,0.058129,0.058129,-0.009862,-0.000013,0.050063,0.000000,0.000001,-0.000000,0.010204,2.806023,10,2
1780631281.717983,proposed,0.143266,21.303431,0.907771,2.344626,1.346148,0.208993,22.758833,0.000000,45.000000,-3.124078,2.239736,-0.582907,1,14.260025,0.480071,0.464343,0.351771,0.351771,0.753827,0.021382,0.351768,0.351768,0.115801,0.616644,0.417014,0.306814,0.753827,0.021382,0.121665,0.616644,0.306814,0.306814,0.111517,0.063033,0.301498,0.108822,0.062524,-0.000000,0.000000,2.514223,10,2
1780631281.819698,proposed,0.218423,21.549092,0.595363,2.568599,1.387391,0.181352,23.112117,0.000000,45.000000,-3.208232,2.688755,-0.227857,1,13.437478,0.499570,0.520821,0.405327,0.405327,1.075558,0.024231,0.405327,0.405327,0.121665,0.929662,0.497738,0.383756,1.066196,0.024231,0.132092,0.918990,0.383756,0.383756,0.160826,0.152615,0.381669,0.159802,0.152582,-0.000000,0.000000,2.636695,10,2
1780631281.918882,proposed,0.261918,21.819396,0.274540,2.837475,1.423974,0.301095,23.423470,0.000000,45.000000,-1.115615,1.933198,1.043406,1,22.503992,0.502888,0.501756,0.391631,0.391631,0.620000,0.026487,0.389249,0.389249,0.132092,0.461421,0.204172,0.091260,0.620000,0.026487,0.141262,0.456516,0.091260,0.091260,0.009845,0.000626,0.066357,0.000025,0.000000,-0.000000,0.000000,2.850726,10,2
1780631282.029821,proposed,0.283794,22.112809,0.162979,3.030795,1.467471,0.352307,23.902940,0.000000,45.000000,0.837238,1.089697,0.059897,1,28.380395,0.324641,0.284319,0.180454,0.180454,0.620000,0.031915,0.180452,0.180452,0.141262,0.446823,0.167966,0.047532,0.620000,0.031915,0.151472,0.441757,0.047532,0.047532,0.005577,-0.001487,0.021574,0.000001,0.000001,-0.000000,0.000002,3.035174,10,2
1780631282.140304,proposed,0.304278,22.421337,0.246703,3.139764,1.512277,0.286556,24.300802,0.000000,45.000000,2.391668,-0.686995,0.231017,1,34.943864,0.321497,0.283122,0.179620,0.179620,0.620000,0.034865,0.179617,0.179617,0.147028,0.438107,0.137373,0.031609,0.620000,0.034865,0.149907,0.438107,0.031609,0.031609,0.001013,-0.011520,0.015489,0.000000,0.000000,-0.000000,0.003006,3.149442,10,2
1780631282.237063,proposed,0.340907,22.731879,0.485869,3.071065,1.534618,0.157893,24.337172,0.000000,45.000000,0.924872,-1.929318,0.263240,1,35.949466,0.600675,0.566868,0.442447,0.442447,0.620000,0.028569,0.424569,0.424569,0.144993,0.446438,0.135424,0.032777,0.620000,0.028569,0.144993,0.446438,0.032777,0.032777,0.001871,-0.004698,0.005636,0.000000,0.000000,-0.000000,0.002863,3.109262,10,2
1780631282.337498,proposed,0.394118,23.029339,0.578356,2.878133,1.599951,0.212878,24.328770,0.000000,45.000000,1.652949,-3.792988,-0.100165,1,35.220008,0.433717,0.395376,0.291486,0.291486,0.620000,0.021531,0.291413,0.291413,0.136294,0.462176,0.127833,0.025360,0.620000,0.021531,0.136294,0.462176,0.025360,0.025360,0.000410,-0.007461,0.002384,0.000000,0.000000,-0.000000,0.003165,2.935668,10,2
1780631282.443198,proposed,0.460219,23.298187,0.743651,2.498834,1.607662,0.281509,24.613647,0.000000,45.000000,2.120204,-3.958419,1.521625,1,36.373983,0.344728,0.308388,0.202983,0.202983,0.620000,0.019612,0.202981,0.202981,0.120243,0.480145,0.123966,0.023948,0.620000,0.019612,0.120243,0.480145,0.023948,0.023948,-0.005780,-0.002580,0.009190,0.000000,0.000981,-0.000000,0.009658,2.607142,10,2
1780631282.524537,proposed,0.545185,23.528278,0.955672,2.102992,1.588681,0.249661,24.815459,0.000000,45.000000,0.779955,-1.867416,1.837424,1,25.083566,0.288690,0.257025,0.147286,0.147286,0.620000,0.017740,0.147286,0.147286,0.106188,0.496072,0.143873,0.032863,0.620000,0.017740,0.106188,0.496072,0.032863,0.032863,-0.001362,-0.001099,0.016226,0.000000,0.000000,-0.000000,0.010652,2.309954,10,2
1780631282.626478,proposed,0.644652,23.729240,1.033667,1.916251,1.692277,0.359795,25.153718,0.000000,45.000000,-4.548858,2.673260,0.269730,1,23.623817,0.307910,0.269894,0.159871,0.159871,0.713426,0.019405,0.159871,0.159871,0.100056,0.593965,0.127898,0.024204,0.703337,0.019405,0.116163,0.579695,0.024204,0.024204,-0.007651,0.001894,0.015639,0.000000,0.000947,-0.000000,0.000000,2.177266,10,2
1780631282.714966,proposed,0.725274,23.934232,0.578781,2.183577,1.612896,0.382704,25.416713,0.000000,45.000000,-5.630047,3.988924,0.459641,1,13.696826,0.365240,0.325036,0.221245,0.221245,0.801840,0.021172,0.221245,0.221245,0.103822,0.676846,0.206784,0.099184,0.793339,0.021172,0.121077,0.661720,0.099184,0.099184,0.015217,-0.001651,0.091656,0.013147,0.000001,-0.000000,0.000001,2.258981,10,2
1780631282.812427,proposed,0.755002,24.172534,0.015777,2.582469,1.520695,0.397361,25.821322,0.000000,45.000000,-3.679529,3.522793,-0.016142,1,12.003788,0.422192,0.391364,0.280048,0.280048,0.759319,0.026505,0.280048,0.280048,0.119062,0.613753,0.351340,0.239747,0.757070,0.026505,0.137295,0.597359,0.239747,0.239747,0.085721,0.060637,0.237416,0.086428,0.055315,-0.000000,0.000000,2.582517,10,2
1780631282.928934,proposed,0.738182,24.448395,-0.352176,2.934749,1.546477,0.333225,26.270170,0.000000,45.000000,-0.277925,1.106467,-1.350059,1,28.880330,0.349351,0.309305,0.204826,0.204826,0.620000,0.033123,0.204821,0.204821,0.137295,0.449582,0.168986,0.054602,0.620000,0.033123,0.146119,0.446222,0.054602,0.054602,0.005942,-0.004562,0.031698,0.000000,0.000000,-0.000000,0.000637,2.955804,10,2
1780631283.061909,proposed,0.701575,24.747402,-0.379969,3.045395,1.678325,0.266709,26.645797,0.000000,45.000000,4.917030,-1.278190,-0.951063,1,48.836378,0.365740,0.325305,0.221664,0.221664,0.620000,0.035957,0.221651,0.221651,0.142962,0.441081,0.146726,0.034113,0.620000,0.035957,0.142962,0.441081,0.034113,0.034113,0.002994,-0.006260,0.019009,0.000000,0.000000,-0.000000,0.005831,3.069008,10,2
1780631283.140532,proposed,0.688163,25.045551,0.111734,2.917576,1.660435,0.103544,26.786909,0.000000,45.000000,3.593867,-2.000748,-0.933005,1,48.295163,0.512827,0.483958,0.378126,0.378126,0.620000,0.032161,0.376074,0.376074,0.135502,0.452337,0.134008,0.028044,0.620000,0.032161,0.135502,0.452337,0.028044,0.028044,0.005789,-0.005113,0.011644,0.000000,0.000000,-0.000000,0.004864,2.919715,10,2
1780631283.241080,proposed,0.717306,25.327305,0.471121,2.717501,1.709815,0.024590,26.979297,0.000000,45.000000,0.866748,-0.785604,0.277285,1,38.351491,0.790255,0.756583,0.648048,0.648048,0.620000,0.029986,0.462422,0.462422,0.127548,0.462466,0.133793,0.030268,0.620000,0.029986,0.128420,0.462466,0.030268,0.030268,0.003332,-0.003306,0.014269,0.000000,0.000000,-0.000000,0.003305,2.758037,10,2
1780631283.372664,proposed,0.768752,25.595127,0.557796,2.638941,1.845386,0.036491,27.112395,0.000000,45.000000,-1.981418,-1.070298,-1.535343,1,68.819113,0.590315,0.557548,0.444924,0.444924,0.620000,0.027179,0.434459,0.434459,0.124592,0.468229,0.131902,0.024558,0.620000,0.027179,0.124592,0.468229,0.024558,0.024558,0.001282,-0.006181,0.004099,0.000000,0.000000,-0.000000,0.004348,2.697248,10,2
1780631283.436130,proposed,0.814624,25.853669,0.359654,2.531911,1.947846,0.272361,27.160410,0.000000,45.000000,-1.160094,0.922206,0.691361,1,45.611819,0.313242,0.280730,0.172045,0.172045,0.620000,0.020858,0.172045,0.172045,0.117856,0.481285,0.129474,0.025092,0.620000,0.020858,0.128677,0.472867,0.025092,0.025092,0.000559,-0.000580,0.012225,0.000000,0.000000,-0.000000,0.002891,2.557328,10,2
1780631283.531704,proposed,0.844789,26.111472,0.243645,2.624132,1.947084,0.394537,27.643722,0.000000,45.000000,2.158739,-0.384938,-0.724720,1,35.149898,0.352189,0.323929,0.206493,0.206493,0.633313,0.024913,0.206492,0.206492,0.121603,0.486797,0.125227,0.021218,0.624375,0.024913,0.128892,0.483682,0.021218,0.021218,-0.014498,-0.005772,0.011147,0.000000,0.000279,-0.000000,0.011087,2.635418,10,2
1780631283.619747,proposed,0.879947,26.371960,0.459518,2.585638,1.876959,0.389803,27.880869,0.000000,45.000000,-2.314208,0.398446,0.229752,1,20.784182,0.303351,0.268565,0.161888,0.161888,0.745170,0.024637,0.161888,0.161888,0.121157,0.599377,0.141713,0.038934,0.740854,0.024637,0.125431,0.596962,0.038934,0.038934,0.002752,-0.002296,0.028838,0.000000,0.000000,-0.000000,0.002162,2.626153,10,2
1780631283.716401,proposed,0.914328,26.632516,0.228098,2.625483,1.858784,0.400275,28.237380,0.000000,45.000000,-5.765390,2.670329,-0.082655,1,12.630211,0.348980,0.310754,0.205114,0.205114,0.892095,0.026793,0.205114,0.205114,0.121601,0.743700,0.213915,0.110360,0.885052,0.026793,0.135190,0.730399,0.110360,0.110360,0.033739,0.016660,0.104354,0.030839,0.016751,-0.000000,0.000001,2.635372,10,2
1780631283.828429,proposed,0.908311,26.908416,-0.348441,2.892515,1.702768,0.365777,28.670960,0.000000,45.000000,-3.719826,3.060469,-0.143314,1,17.327720,0.411564,0.371486,0.250270,0.250270,1.142098,0.032292,0.250270,0.250270,0.135190,0.974617,0.341106,0.234467,1.138002,0.032292,0.153629,0.957919,0.234467,0.234467,0.096818,0.093945,0.230602,0.096703,0.094668,-0.000000,0.000000,2.913427,10,2
1780631283.934537,proposed,0.854868,27.212970,-0.720424,3.198562,1.687589,0.307561,29.069053,0.000000,45.000000,-3.542430,1.035904,3.401910,1,31.641944,0.398306,0.359164,0.250683,0.250683,0.620000,0.037240,0.250628,0.250628,0.153629,0.429132,0.212331,0.100544,0.620000,0.037240,0.163690,0.425242,0.100544,0.100544,0.017421,-0.003115,0.071041,0.008676,0.000000,-0.000000,0.000500,3.278691,10,2
1780631284.055162,proposed,0.765113,27.538006,-1.074667,3.302153,1.727710,0.155107,29.393868,0.000000,45.000000,1.241207,0.113794,0.883955,1,44.650271,0.375421,0.335164,0.231606,0.231606,0.620000,0.039277,0.231563,0.231563,0.163690,0.417033,0.136553,0.030792,0.620000,0.039277,0.168362,0.417033,0.030792,0.030792,-0.007717,-0.023792,0.013820,0.000000,0.000000,-0.000000,0.013271,3.472625,10,2
1780631284.127808,proposed,0.663853,27.868790,-0.950546,3.313532,1.813658,0.021465,29.510890,0.000000,45.000000,-1.729133,-6.113097,0.572075,1,31.599926,0.570113,0.533742,0.427922,0.427922,0.620000,0.034469,0.405644,0.405644,0.162359,0.423172,0.128468,0.022913,0.620000,0.034469,0.162359,0.423172,0.022913,0.022913,-0.006699,-0.008094,0.002883,0.000000,0.000000,-0.000000,0.018597,3.447178,10,2
1780631284.236622,proposed,0.560152,28.169578,-1.123459,2.702222,2.055431,-0.052022,29.666726,0.000000,45.000000,0.702072,-3.304007,-1.453951,1,30.547466,0.752548,0.712291,0.605819,0.605819,0.620000,0.027282,0.456726,0.456726,0.135837,0.456881,0.135913,0.024461,0.620000,0.027282,0.135837,0.456881,0.024461,0.024461,-0.004002,-0.013648,0.006058,0.000000,0.000000,-0.000000,0.010329,2.926460,10,2
1780631284.312516,proposed,0.451317,28.423280,-1.053252,2.371822,2.027748,0.000490,30.028157,0.000000,45.000000,0.712667,3.517532,-0.542426,1,15.898335,0.583436,1.056040,0.947233,0.947233,1.877027,0.026145,0.947233,0.947233,0.119668,1.731214,1.056040,0.947233,1.864505,0.026145,0.134287,1.716936,0.947233,0.947233,0.666419,0.546232,0.947176,0.665390,0.546230,-0.000000,0.000000,2.595165,10,2
1780631284.461942,proposed,0.349555,28.678050,-0.981986,2.723575,1.984946,-0.221321,29.945029,0.000000,45.000000,4.405907,-3.056997,-3.711370,1,56.146326,0.385347,0.407810,0.302905,0.302905,0.620000,0.022611,0.302801,0.302801,0.134287,0.463102,0.125166,0.024309,0.620000,0.022611,0.134287,0.463102,0.024309,0.024309,-0.000822,-0.000837,0.001671,0.000000,0.001918,-0.000000,0.007377,2.895195,10,2
1780631284.520979,proposed,0.273386,28.935122,-0.541395,2.417875,1.867755,-0.072020,30.141703,0.000000,45.000000,4.336855,-4.814792,-3.571354,1,30.391399,0.350657,0.321924,0.207423,0.207423,0.620000,0.017605,0.207421,0.207421,0.114069,0.488325,0.148727,0.034043,0.620000,0.017605,0.114069,0.488325,0.034043,0.034043,-0.041692,-0.005292,0.006849,-0.000000,0.000000,-0.000000,0.039563,2.477747,10,2
1780631284.651440,proposed,0.240931,29.152836,-0.107709,1.936396,1.701656,-0.039494,30.359482,0.000000,45.000000,2.752544,-0.360947,2.740964,1,40.768313,0.317880,0.279739,0.176037,0.176037,0.620000,0.014489,0.176037,0.176037,0.089282,0.516230,0.137686,0.034803,0.620000,0.014489,0.091125,0.516230,0.034803,0.034803,0.004095,0.000258,0.017794,0.000000,0.000000,-0.000000,0.003839,1.939389,10,2
1780631284.702601,proposed,0.240931,29.152836,-0.107709,1.936396,1.701656,-0.333890,30.733708,0.000000,45.000000,-4.434572,5.458192,0.574432,1,11.716748,0.384374,0.522274,0.400716,0.400716,1.324128,0.022906,0.400716,0.400716,0.089282,1.211940,0.522274,0.400716,1.324128,0.022906,0.128300,1.186795,0.400716,0.400716,0.208093,0.233913,0.385467,0.199513,0.238047,-0.000000,0.000000,1.939389,10,2
1780631284.870719,proposed,0.207987,29.373766,-0.551167,2.482215,1.643894,-0.050963,30.665599,0.000000,45.000000,4.412816,-4.761162,-4.305880,1,65.373903,0.360023,0.324495,0.218396,0.218396,0.620000,0.019041,0.218393,0.218393,0.117156,0.483802,0.140039,0.034031,0.620000,0.019041,0.117156,0.483802,0.034031,0.034031,-0.030663,-0.000547,0.010239,0.000000,0.000001,-0.000000,0.032473,2.542671,10,2
1780631284.899833,proposed,0.174934,29.598182,-0.109885,2.006099,1.534590,0.255564,30.890259,0.000000,45.000000,6.565953,2.261014,-0.007609,1,17.461180,0.310003,0.270689,0.167628,0.167628,0.732018,0.015738,0.167628,0.167628,0.092410,0.623870,0.196761,0.089315,0.712159,0.015738,0.108255,0.598248,0.089315,0.089315,0.012792,0.011516,0.054037,0.000000,0.000000,-0.000000,0.002394,2.009106,10,2
1780631285.009546,proposed,0.196775,29.810097,0.546710,2.232201,1.640956,0.046610,31.807397,0.000000,45.000000,-3.027236,7.405123,-0.082176,1,15.014194,0.302763,0.265678,0.161023,0.161023,1.610163,0.032414,0.161023,0.161023,0.105640,1.472108,0.265678,0.161023,1.608424,0.032414,0.155223,1.427120,0.161023,0.161023,0.303797,0.377195,0.144644,0.297134,0.372802,-0.000000,0.000000,2.298176,10,2
1780631285.118549,proposed,0.236310,30.070343,0.243987,2.972713,1.461099,0.338030,31.884580,0.000000,45.000000,-0.405040,3.521465,-0.080623,1,12.652310,0.275162,0.241606,0.134130,0.134130,0.939810,0.032138,0.134130,0.134130,0.138636,0.769036,0.241606,0.134130,0.939810,0.032138,0.156328,0.762970,0.134130,0.134130,0.091517,0.032412,0.133220,0.102537,0.052617,-0.000000,0.000000,2.982709,10,2
1780631285.301557,proposed,0.258684,30.385221,0.203483,3.324859,1.465922,0.362748,32.154287,0.000000,45.000000,-0.197118,-3.183088,-0.801975,1,87.786771,0.336972,0.298788,0.194981,0.194981,0.620000,0.033728,0.194974,0.194974,0.156328,0.429944,-0.026310,-0.142948,0.620000,0.033728,0.234871,0.356732,-0.142948,-0.142948,-0.121722,-0.104510,-0.000000,-0.000000,-0.000000,-0.000000,0.154987,3.331080,10,2
1780631285.347267,proposed,0.278046,30.701792,0.183771,3.006551,1.489416,-0.139781,32.168133,0.000000,45.000000,-0.459519,-2.951701,-0.765039,1,30.966311,0.368784,0.329686,0.209297,0.209297,0.620000,0.025999,0.209292,0.209292,0.140108,0.453893,-0.035663,-0.144580,0.620000,0.027741,0.222240,0.370019,-0.144580,-0.144580,-0.132072,-0.112336,-0.000000,-0.000000,0.022791,-0.000000,0.160086,3.012162,10,2
1780631285.469568,proposed,0.294126,30.987688,0.137819,2.711381,1.710612,-0.268261,32.291178,0.000000,45.000000,-0.481586,-2.672306,-1.027979,1,62.841041,0.330250,0.289921,0.184566,0.184566,0.638980,0.021945,0.184565,0.184565,0.125447,0.491588,-0.036897,-0.149824,0.638980,0.027103,0.211231,0.406996,-0.149824,-0.149824,-0.174704,-0.057157,-0.000000,-0.000000,0.099948,-0.000000,0.164165,2.714881,10,2
1780631285.516721,proposed,0.305500,31.245465,0.089660,2.444150,1.888043,-0.229455,32.827811,0.000000,45.000000,-3.308901,-4.104257,2.779568,1,27.653085,0.311859,0.272707,0.158023,0.158023,0.925254,0.025313,0.158023,0.158023,0.112558,0.787384,0.111250,-0.000493,0.925254,0.025313,0.115152,0.787384,-0.000493,-0.000493,-0.057316,0.000424,0.000000,-0.000000,0.031821,-0.000000,0.058305,2.445794,10,2
1780631285.617536,proposed,0.297921,31.469359,-0.241230,2.033724,2.001560,-0.292567,33.341893,0.000000,45.000000,-4.138329,6.846476,0.575249,1,16.688110,0.285924,0.251846,0.144952,0.144952,1.605905,0.030091,0.144952,0.144952,0.094165,1.481649,0.251846,0.144952,1.605751,0.030091,0.149445,1.432655,0.144952,0.144952,0.260136,0.355408,0.131656,0.256032,0.352831,-0.000000,0.000000,2.047981,10,2
1780631285.710895,proposed,0.253107,31.706963,-0.655063,2.718372,1.817177,-0.236538,33.590257,0.000000,45.000000,-1.765149,5.223496,0.040541,1,14.393484,0.309453,0.275273,0.168366,0.168366,1.032348,0.033995,0.168366,0.168366,0.129413,0.868940,0.275273,0.168366,0.998605,0.033995,0.158657,0.829951,0.168366,0.168366,0.202072,0.076659,0.156260,0.200003,0.076089,-0.000000,0.000000,2.796185,10,2
1780631285.807874,proposed,0.178775,32.004918,-0.831578,3.240721,1.797928,0.000207,33.604915,0.000000,45.000000,1.967893,0.259219,-0.091308,1,13.695773,inf,inf,inf,inf,inf,0.030280,inf,inf,0.157084,inf,inf,inf,inf,0.030280,0.157084,inf,inf,inf,inf,inf,723.280217,325.473334,227.847928,-0.000000,0.000000,3.345713,0,2
1780631285.905711,proposed,0.105456,32.330286,-0.634788,3.266643,1.732861,0.000201,33.930284,0.000000,45.000000,2.028476,-0.229679,-0.116601,1,22.092706,0.370861,inf,inf,inf,inf,0.030001,inf,inf,0.156156,inf,inf,inf,inf,0.030001,0.156156,inf,inf,inf,inf,inf,723.161672,325.421420,227.809400,-0.000000,0.000000,3.327749,0,2
1780631286.009378,proposed,0.052120,32.655802,-0.431941,3.243675,1.670912,0.054481,34.652100,0.000000,45.000000,-3.757782,0.533101,2.090210,1,13.796398,0.321123,0.281123,0.172146,0.172146,0.782572,0.038753,0.172146,0.172146,0.153301,0.590518,0.281123,0.172146,0.782572,0.038753,0.159613,0.590518,0.172146,0.172146,0.037386,0.009952,0.153747,0.041857,0.000000,-0.000000,0.000907,3.272308,10,2
1780631286.117556,proposed,-0.009863,32.982835,-0.807719,3.296985,1.591475,0.178473,34.940906,0.000000,45.000000,4.979907,2.845665,0.431503,1,11.814045,0.395208,0.358187,0.246006,0.246006,0.897882,0.038979,0.246006,0.246006,0.159613,0.699290,0.358187,0.246006,0.897882,0.038979,0.170131,0.698689,0.246006,0.246006,0.094942,0.052176,0.222582,0.074302,0.031406,-0.000000,0.000000,3.394484,10,2
1780631286.290259,proposed,-0.065735,33.326762,-0.309728,3.581552,1.650852,-0.219263,34.870963,0.000000,45.000000,0.302720,-3.627630,-1.359645,1,72.199527,0.441197,0.438809,0.325572,0.325572,0.620000,0.031161,0.324495,0.324495,0.170131,0.418708,-0.089281,-0.218510,0.620000,0.031161,0.186770,0.413703,-0.218510,-0.218510,-0.197108,-0.159381,-0.000000,0.000000,-0.000000,-0.000000,0.232917,3.594920,10,2
1780631286.335165,proposed,-0.065735,33.326762,-0.309728,3.581552,1.650852,-0.300737,34.700931,0.000000,45.000000,-3.332909,-5.655961,2.285792,1,22.431323,0.450431,0.447986,0.336359,0.336359,0.620000,0.028141,0.334955,0.334955,0.170131,0.421728,0.144929,0.036801,0.620000,0.028141,0.170131,0.421728,0.036801,0.036801,0.007326,0.003306,0.018546,0.000001,0.000000,-0.000000,0.002785,3.594920,10,2
1780631286.424653,proposed,-0.113373,33.656638,-0.643019,3.015956,1.883901,-0.366385,35.096539,0.000000,45.000000,-5.357250,-5.385353,5.691050,1,18.322274,0.484008,0.445093,0.338723,0.338723,0.620000,0.025304,0.338167,0.338167,0.143705,0.450991,0.221926,0.110551,0.620000,0.025304,0.143705,0.450991,0.110551,0.110551,0.038315,0.003027,0.094592,0.031952,0.000000,-0.000000,0.004173,3.083742,10,2
1780631286.518278,proposed,-0.204461,33.931306,-1.178744,2.477421,1.991961,-0.365773,35.621374,0.000000,45.000000,3.392133,3.650843,1.243034,1,12.087046,0.383359,0.346455,0.236393,0.236393,1.310709,0.027768,0.236393,0.236393,0.126842,1.156099,0.346455,0.236393,1.305340,0.027768,0.137698,1.147988,0.236393,0.236393,0.234379,0.275616,0.217127,0.238527,0.274726,-0.000000,0.000000,2.743547,10,2
1780631286.617033,proposed,-0.305375,34.197303,-0.839531,2.842505,1.912727,-0.149146,35.881550,0.000000,45.000000,5.373629,2.658901,0.131637,1,12.337380,0.469639,0.483689,0.379829,0.379829,1.394501,0.029139,0.379829,0.379829,0.137698,1.227665,0.483689,0.379829,1.388002,0.029139,0.145690,1.222814,0.379829,0.379829,0.349715,0.351260,0.365891,0.350350,0.350684,-0.000000,0.000000,2.963890,10,2
1780631286.708043,proposed,-0.362459,34.494848,-0.302168,3.108395,1.765659,-0.377166,35.962099,0.000000,45.000000,1.614947,-0.528866,-0.131140,1,17.371218,0.397786,0.360600,0.248374,0.248374,0.946508,0.025699,0.248374,0.248374,0.145690,0.775119,0.311842,0.199245,0.946091,0.025699,0.145690,0.775119,0.199245,0.199245,0.073283,0.061822,0.186458,0.064023,0.068324,-0.000000,0.000000,3.123047,5,2
1780631286.795236,proposed,-0.384601,34.803043,-0.140673,3.055508,1.653283,0.000156,36.403050,0.000000,45.000000,4.173120,0.648272,-0.183688,1,11.238228,inf,inf,inf,inf,inf,0.028829,inf,inf,0.142446,inf,inf,inf,inf,0.028829,0.146173,inf,inf,inf,inf,inf,722.277369,325.023022,227.529229,-0.000000,0.000001,3.058745,0,2
1780631286.912063,proposed,-0.377803,35.111835,0.276639,3.120336,1.515554,-0.320687,36.950722,0.000000,45.000000,-0.404987,2.576884,-0.180667,1,22.212216,0.369522,0.333777,0.222403,0.222403,1.452222,0.033777,0.222403,0.222403,0.146173,1.272273,0.333777,0.222403,1.452104,0.033777,0.159186,1.264252,0.222403,0.222403,0.253962,0.345545,0.200044,0.254093,0.343418,-0.000000,0.000001,3.132575,2,2
1780631287.036298,proposed,-0.352164,35.436753,0.236140,3.378024,1.515245,-0.160879,37.402917,0.000000,45.000000,0.625068,2.711914,-0.178729,1,17.069175,0.289687,0.250230,0.141194,0.141194,1.281011,0.039126,0.141194,0.141194,0.159186,1.082698,0.250230,0.141194,1.281011,0.039126,0.173664,1.075510,0.141194,0.141194,0.411029,0.341961,0.139782,0.400232,0.358339,-0.000000,0.000001,3.386268,10,2
1780631287.107873,proposed,-0.325425,35.788115,0.298647,3.649215,1.504213,0.339427,37.528120,0.000000,45.000000,4.643288,-0.496143,-0.175870,1,15.261400,0.446940,0.411913,0.286710,0.286710,1.179531,0.038640,0.286710,0.286710,0.173664,0.967227,0.410903,0.286710,1.179531,0.038640,0.174633,0.967227,0.286710,0.286710,0.145402,0.176963,0.269346,0.142511,0.181094,-0.000000,0.000001,3.661415,8,2
1780631287.237200,proposed,-0.272344,36.150556,0.762976,3.599601,1.362912,0.305493,38.008930,0.000000,45.000000,2.109692,0.536830,-0.158639,1,17.958765,0.287988,0.253408,0.144024,0.144024,1.422195,0.040866,0.144024,0.144024,0.174633,1.206696,0.253408,0.144024,1.408767,0.040866,0.180068,1.206696,0.144024,0.144024,0.331919,0.306633,0.116996,0.326252,0.316081,-0.000000,0.000001,3.679573,10,2
1780631287.309311,proposed,-0.185498,36.513200,0.973945,3.653284,1.331666,0.237128,38.408738,0.000000,45.000000,-6.516491,1.547106,4.381304,1,14.582492,0.415489,0.384490,0.266584,0.266584,0.787245,0.041670,0.266583,0.266583,0.180068,0.565506,0.384490,0.266584,0.767209,0.041670,0.182268,0.565506,0.266583,0.266583,0.096798,0.011901,0.240460,0.085783,0.000000,-0.000000,0.002925,3.780880,10,2
1780631287.434484,proposed,-0.120686,36.886264,0.322296,3.807995,1.340995,-0.308014,38.411580,0.000000,45.000000,-3.589959,-3.200920,0.956050,1,14.816944,0.456091,0.418916,0.304159,0.304159,0.830972,0.032877,0.304159,0.304159,0.182268,0.615828,0.393068,0.287046,0.819129,0.032877,0.182268,0.615828,0.287046,0.287046,0.119759,0.120899,0.276781,0.122443,0.115308,-0.000000,0.000000,3.821609,10,2
1780631287.531237,proposed,-0.106406,37.251059,-0.036700,3.487903,1.641105,-0.003974,38.842430,0.000000,45.000000,0.315609,-2.189886,1.178609,1,28.381669,0.968650,0.931006,0.825034,0.825034,0.620000,0.031129,0.424370,0.424370,0.164500,0.424370,0.157190,0.045138,0.620000,0.031129,0.164500,0.424370,0.045138,0.045138,0.008025,-0.007477,0.028831,0.000001,0.000000,-0.000000,0.000001,3.488096,10,2
1780631287.654275,proposed,-0.108498,37.588900,-0.005139,3.268914,1.559712,0.005137,39.180348,0.000000,45.000000,1.058792,-0.500349,0.117863,1,25.205922,0.541784,1.022300,0.915230,0.915230,0.807547,0.029370,0.625049,0.625049,0.153127,0.625051,0.491134,0.383201,0.799860,0.029370,0.153127,0.625051,0.383201,0.383201,0.134350,0.066919,0.362987,0.120445,0.052350,-0.000000,0.000001,3.268918,10,2
1780631287.720239,proposed,-0.103718,37.913289,0.100740,3.218879,1.521570,-0.399349,39.492290,0.000000,45.000000,-5.755004,-5.556971,5.157632,1,18.708068,0.473301,0.435492,0.317922,0.317922,0.700959,0.029220,0.317899,0.317899,0.150644,0.521095,0.254877,0.143367,0.674594,0.029220,0.150644,0.521095,0.143367,0.143367,0.036430,-0.011877,0.133933,0.037628,0.000000,-0.000000,0.005844,3.220455,10,2
1780631287.889701,proposed,-0.122419,38.207392,-0.474760,2.663182,1.880239,-0.371466,39.659264,0.000000,45.000000,1.567738,-2.882442,-3.490422,1,46.247835,0.473539,0.438250,0.313321,0.313321,0.677593,0.022886,0.313306,0.313306,0.124976,0.529731,0.128397,0.019751,0.670789,0.022886,0.124976,0.529731,0.019751,0.019751,-0.012005,-0.011312,0.008673,0.000000,0.002349,-0.000000,0.015579,2.705168,10,2
1780631287.921211,proposed,-0.122419,38.207392,-0.474760,2.663182,1.880239,0.104252,39.694540,0.000000,45.000000,4.717830,1.067382,-1.399525,1,16.874684,0.573169,0.536317,0.430815,0.430815,0.844835,0.023491,0.430813,0.430813,0.124976,0.696368,0.262613,0.156679,0.836664,0.023491,0.128128,0.696368,0.156679,0.156679,-0.000151,-0.016112,0.149584,0.007380,0.000000,-0.000000,0.000000,2.705168,10,2
1780631288.030236,proposed,-0.146306,38.479048,-0.002977,2.769920,1.620573,0.275289,39.877189,0.000000,45.000000,4.123696,0.238174,-0.535803,1,13.064002,0.406772,0.438279,0.328009,0.328009,0.943809,0.023068,0.328009,0.328009,0.128128,0.792612,0.313294,0.205932,0.934721,0.023068,0.130757,0.792612,0.205932,0.205932,0.025527,0.108994,0.200161,0.034437,0.106502,-0.000000,0.000000,2.769922,10,2
1780631288.143455,proposed,-0.125985,38.757230,0.409392,2.793738,1.461144,-0.274825,40.066673,0.000000,45.000000,-2.779005,-4.017148,1.295812,1,44.125143,0.271875,0.239620,0.130796,0.130796,0.649164,0.020856,0.130796,0.130796,0.130757,0.497551,0.080806,-0.022308,0.648661,0.020856,0.130757,0.497551,-0.022308,-0.022308,-0.094246,-0.004700,0.000000,-0.000000,0.010440,-0.000000,0.091056,2.823574,10,2
1780631288.251759,proposed,-0.125985,38.757230,0.409392,2.793738,1.461144,-0.041413,39.959391,0.000000,45.000000,-1.510517,-3.399949,-0.703221,1,43.690889,0.275686,0.243738,0.128660,0.128660,0.630546,0.019007,0.128660,0.128660,0.130757,0.480782,0.038525,-0.063759,0.620000,0.019007,0.132729,0.473807,-0.063759,-0.063759,-0.134521,-0.011242,-0.000000,-0.000000,0.044475,-0.000000,0.131156,2.823574,10,2
1780631288.304170,proposed,-0.092598,39.019604,0.258341,2.453743,1.640070,0.390003,40.530390,0.000000,45.000000,3.038065,2.308591,-0.364210,1,16.794515,0.377981,0.342513,0.229300,0.229300,1.071279,0.023655,0.229300,0.229300,0.113575,0.934049,0.325707,0.216873,1.063409,0.023655,0.126807,0.923379,0.216873,0.216873,0.090758,0.154012,0.201194,0.091378,0.146528,-0.000000,0.000000,2.467305,10,2
1780631288.420217,proposed,-0.051574,39.276522,0.562147,2.684602,1.502286,0.392001,40.956485,0.000000,45.000000,1.684411,3.220583,-0.262121,1,18.126547,0.412254,0.376272,0.250016,0.250016,1.210051,0.028651,0.250016,0.250016,0.126807,1.054593,0.376272,0.250016,1.200043,0.028651,0.144230,1.039736,0.250016,0.250016,0.186658,0.187867,0.236439,0.174483,0.181884,-0.000000,0.000000,2.742826,10,2
1780631288.504030,proposed,0.013063,39.561085,0.730588,3.006660,1.437320,-0.153060,41.112730,0.000000,45.000000,-4.595895,0.716714,-0.227917,1,18.343569,0.595924,0.558465,0.448381,0.448381,1.139852,0.027317,0.448381,0.448381,0.144230,0.968305,0.504929,0.396329,1.125603,0.027317,0.144230,0.968305,0.396329,0.396329,0.149719,0.159070,0.388872,0.148256,0.157712,-0.000000,0.000001,3.094150,2,2
1780631288.619350,proposed,0.063142,39.865334,0.270999,3.078332,1.541535,-0.389338,41.373869,0.000000,45.000000,-5.579386,-0.173985,-0.229246,1,16.589806,0.345211,0.309901,0.182082,0.182082,0.888485,0.027582,0.182082,0.182082,0.144032,0.716870,0.224053,0.119532,0.875578,0.027582,0.144032,0.716870,0.119532,0.119532,0.019387,0.096375,0.115181,0.020307,0.094847,-0.000000,0.000000,3.090237,10,2
1780631288.712564,proposed,0.062345,40.172298,-0.286940,3.060933,1.689672,0.266511,42.070630,0.000000,45.000000,2.672076,3.308132,-0.244198,1,15.949063,0.297442,0.268220,0.154931,0.154931,1.497640,0.035037,0.154931,0.154931,0.143231,1.319372,0.268220,0.154931,1.484692,0.035037,0.159474,1.306473,0.154931,0.154931,0.312707,0.341736,0.151838,0.305759,0.346178,-0.000000,0.000001,3.074353,7,2
1780631288.848398,proposed,0.047012,40.494932,-0.019732,3.391746,1.650702,0.163811,42.386395,0.000000,45.000000,1.329165,2.040705,-0.242129,1,24.464501,0.425360,0.385347,0.281754,0.281754,1.583987,0.037148,0.281754,0.281754,0.159474,1.387365,0.385347,0.281754,1.570757,0.037148,0.170273,1.381106,0.281754,0.281754,0.392308,0.440783,0.278765,0.392379,0.440475,-0.000000,0.000000,3.391804,10,2
1780631288.902815,proposed,0.051684,40.844310,0.113184,3.595817,1.600606,-0.399892,42.437290,0.000000,45.000000,-4.424606,-1.619215,-0.234158,1,14.024468,0.369550,0.330144,0.223907,0.223907,0.653221,0.033351,0.223897,0.223897,0.170273,0.449597,0.266722,0.158459,0.636999,0.033351,0.170273,0.449597,0.158459,0.158459,0.046393,0.016216,0.142377,0.042290,0.012906,-0.000000,0.000001,3.597598,10,2
1780631289.040452,proposed,0.040880,41.195795,-0.329276,3.433895,1.770373,-0.396066,42.851471,0.000000,45.000000,-6.636282,-0.604281,3.802355,1,28.533973,0.395700,0.367536,0.241789,0.241789,0.620000,0.033339,0.241741,0.241741,0.162488,0.424173,0.187343,0.083104,0.620000,0.033339,0.165995,0.424173,0.083104,0.083104,0.019179,0.002373,0.062319,0.013600,0.000000,-0.000000,0.001294,3.449646,10,2
1780631289.118368,proposed,-0.025230,41.536163,-0.992904,3.373467,1.758306,-0.354026,43.279311,0.000000,45.000000,-0.160727,0.383267,1.219411,1,12.579728,0.450655,0.418399,0.301638,0.301638,0.825463,0.035293,0.301637,0.301637,0.165995,0.624176,0.179405,0.071172,0.808375,0.035293,0.169217,0.624176,0.071172,0.071172,0.000912,-0.002925,0.062456,0.002188,0.000000,-0.000000,0.000002,3.516552,10,2
1780631289.256733,proposed,-0.125324,41.875427,-1.008977,3.411794,1.757346,-0.183968,43.120259,0.000000,45.000000,-3.685561,-5.062311,3.405197,1,40.922881,0.326248,0.288144,0.184384,0.184384,0.620000,0.025285,0.184378,0.184378,0.168171,0.426544,0.132209,0.028469,0.620000,0.025285,0.168171,0.426544,0.028469,0.028469,-0.072939,-0.000529,0.029684,-0.000000,0.000000,-0.000000,0.064300,3.557861,10,2
1780631289.342627,proposed,-0.244649,42.191294,-1.377533,2.905563,1.850473,0.003831,43.391317,0.000000,45.000000,1.858581,-2.971941,-3.509874,1,46.533098,0.282670,0.247744,0.136086,0.136086,0.620022,0.022170,0.136085,0.136085,0.150395,0.447458,-0.051401,-0.161270,0.620000,0.022170,0.150395,0.447458,-0.161270,-0.161270,-0.163751,-0.077274,-0.000000,-0.000000,0.072267,-0.000000,0.172603,3.215570,10,2
1780631289.431354,proposed,-0.244649,42.191294,-1.377533,2.905563,1.850473,0.148712,43.645540,0.000000,45.000000,6.162367,-5.101493,-5.999973,1,24.777105,0.369515,0.396268,0.280920,0.280920,0.945165,0.027160,0.280920,0.280920,0.150395,0.767610,0.250770,0.140027,0.895896,0.027160,0.150395,0.767610,0.140027,0.140027,0.009919,-0.018889,0.133576,0.022082,0.000000,-0.000000,0.009850,3.215570,10,2
1780631289.515643,proposed,-0.351591,42.456343,-0.761297,2.395413,1.324742,0.253455,43.919004,0.000000,45.000000,7.758685,1.950078,-1.635455,1,15.016949,0.403309,0.368645,0.240964,0.240964,0.973868,0.023867,0.240964,0.240964,0.115766,0.834236,0.257001,0.148873,0.970659,0.023867,0.121582,0.832938,0.148873,0.148873,0.037163,0.044393,0.132834,0.035238,0.036364,-0.000000,0.000001,2.513479,10,2
1780631289.628643,proposed,-0.388927,42.705635,0.014572,2.590421,1.447851,-0.339193,44.517631,0.000000,45.000000,0.962579,4.787681,-0.547396,1,16.587031,0.423602,0.383572,0.265764,0.265764,1.352747,0.029410,0.265764,0.265764,0.119442,1.203894,0.383572,0.265764,1.352577,0.029410,0.145553,1.182978,0.265764,0.265764,0.192997,0.252558,0.240694,0.180719,0.247040,-0.000000,0.000000,2.590462,10,2
1780631289.699197,proposed,-0.382657,42.988615,0.110830,3.069189,1.531679,-0.320830,44.827502,0.000000,45.000000,0.131210,3.115639,-0.281013,1,13.119267,0.383531,0.344638,0.236829,0.236829,1.410244,0.033323,0.236829,0.236829,0.143072,1.233849,0.344638,0.236829,1.410244,0.033323,0.159018,1.223789,0.236829,0.236829,0.286070,0.362715,0.221223,0.279307,0.355504,-0.000000,0.000000,3.071190,8,2
1780631289.810625,proposed,-0.370918,43.311113,0.123951,3.380753,1.535316,0.000002,44.911119,0.000000,45.000000,2.763474,-0.521025,-0.212989,1,14.208055,0.479373,inf,inf,inf,inf,0.031268,inf,inf,0.159018,inf,inf,inf,inf,0.031268,0.159018,inf,inf,inf,inf,inf,719.193159,323.640222,226.566140,-0.000000,0.000000,3.383025,0,2
1780631290.019039,proposed,-0.344705,43.646583,0.400298,3.328651,1.426114,-0.248077,44.920722,0.000000,45.000000,-0.447227,-3.460037,-1.776532,0,118.121244,0.307212,0.271488,0.158247,0.158247,0.620000,0.024101,0.158245,0.158245,0.157443,0.438456,-0.105575,-0.228573,0.620000,0.024101,0.157443,0.438456,-0.228573,-0.228573,-0.188064,-0.139858,-0.016326,-0.010374,0.050682,-0.016326,0.240000,3.352634,10,2
1780631290.050903,proposed,-0.306912,43.962148,0.355575,2.982647,1.466820,-0.367879,45.157051,0.000000,45.000000,-2.155123,-2.857312,-0.566700,1,16.014203,0.342948,0.303940,0.196542,0.196542,0.871335,0.020132,0.196542,0.196542,0.139688,0.711515,0.257384,0.154232,0.871335,0.020132,0.139688,0.711515,0.154232,0.154232,0.046134,0.094906,0.152040,0.045426,0.094781,-0.000000,0.000000,3.003767,10,2
1780631290.100748,proposed,-0.282130,44.246126,0.140063,2.696916,1.612571,-0.297854,45.082488,0.000000,45.000000,-0.924108,-4.737131,-0.276398,1,11.799220,0.490353,0.467921,0.358298,0.358298,0.722960,0.013300,0.358288,0.358288,0.124752,0.584909,0.434967,0.327721,0.717956,0.013300,0.124752,0.584909,0.327721,0.327721,0.128417,0.072422,0.321176,0.126262,0.072651,-0.000000,0.000000,2.700551,10,2
1780631290.216329,proposed,-0.272744,44.492132,0.047652,2.223203,1.651335,-0.305663,45.254977,0.000000,45.000000,-0.574337,-3.430715,-0.206322,1,15.337047,0.334481,0.294287,0.190927,0.190927,0.981693,0.009723,0.190927,0.190927,0.102192,0.869777,0.294287,0.190927,0.981693,0.009723,0.102192,0.869777,0.190927,0.190927,0.216220,0.214762,0.189476,0.213606,0.213122,-0.000000,0.000000,2.223713,10,2
1780631290.298759,proposed,-0.270850,44.697298,-0.009781,1.880131,1.658073,-0.148178,45.188356,0.000000,45.000000,1.092816,-4.230290,-0.188216,1,12.121852,0.369886,0.332795,0.227906,0.227906,0.868725,0.005907,0.227906,0.227906,0.086643,0.776174,0.332795,0.227906,0.868725,0.005907,0.086643,0.776174,0.227906,0.227906,0.230498,0.192608,0.227521,0.229230,0.192378,-0.000000,0.000000,1.880157,5,2
1780631290.416376,proposed,-0.266364,44.864160,0.099500,1.457102,1.413205,0.000000,45.000000,0.000000,45.000000,2.013149,-5.576652,-0.155803,1,26.378515,inf,inf,inf,inf,inf,0.003141,inf,inf,0.068450,inf,inf,inf,inf,0.003141,0.068450,inf,inf,inf,inf,inf,719.273039,323.672179,226.575966,-0.000000,0.000000,1.460496,0,2
1780631290.507086,proposed,-0.246349,44.981987,0.300815,0.899437,0.914252,-0.204068,45.344029,0.000000,45.000000,-0.807125,-1.187756,-0.092433,1,18.885564,0.412796,0.375688,0.265186,0.265186,0.847981,0.001943,0.265186,0.265186,0.047443,0.798595,0.375688,0.265186,0.847981,0.001943,0.047443,0.798595,0.265186,0.265186,0.174433,0.149687,0.259835,0.171287,0.148152,-0.000000,0.000001,0.948408,3,2
1780631290.615660,proposed,-0.220303,45.065992,0.220103,0.780662,1.216314,-0.132784,45.306162,0.000000,45.000000,-0.258280,-1.415551,-0.108861,1,17.519123,0.356223,0.316763,0.213528,0.213528,0.767988,0.001214,0.213528,0.213528,0.042033,0.724740,0.316763,0.213528,0.767988,0.001214,0.042033,0.724740,0.213528,0.213528,0.154672,0.126401,0.212420,0.153059,0.125937,-0.000000,0.000000,0.811097,3,2
1780631290.702236,proposed,-0.199584,45.136980,0.194275,0.639106,1.215466,0.000000,45.000000,0.000000,45.000000,0.895881,-4.163661,-0.112146,1,18.696727,inf,inf,inf,inf,inf,0.000916,inf,inf,0.036495,inf,inf,inf,inf,0.000916,0.036495,inf,inf,inf,inf,inf,719.275513,323.673179,226.575452,-0.000000,0.000000,0.667982,0,2
1780631290.804698,proposed,-0.175677,45.180073,0.283863,0.222740,0.784176,-0.154402,45.109431,0.000000,45.000000,-1.003154,-1.931426,-0.064895,1,14.419107,0.468207,0.430169,0.323677,0.323677,0.692762,0.000192,0.323677,0.323677,0.024954,0.667617,0.240995,0.137817,0.634890,0.000192,0.024954,0.618328,0.137817,0.137817,0.051290,0.033583,0.121818,0.043291,0.033583,-0.000000,0.000001,0.360820,1,2
1780631290.897660,proposed,-0.152306,45.192690,0.183547,0.029598,0.410753,-0.201956,45.345274,0.000000,45.000000,-1.332582,1.082293,-0.012286,1,12.291143,0.357984,0.321850,0.204543,0.204543,0.740614,0.000209,0.204543,0.204543,0.018594,0.721811,0.321850,0.204543,0.705774,0.000209,0.021304,0.687069,0.204543,0.204543,0.098897,0.077583,0.202116,0.095976,0.075893,-0.000000,0.000000,0.185918,8,2
1780631291.000093,proposed,-0.140615,45.201061,0.050289,0.137827,0.764522,0.000000,45.000000,0.000000,45.000000,0.928881,-2.321169,-0.037683,1,13.002102,inf,inf,inf,inf,inf,0.000417,inf,inf,0.017189,inf,inf,inf,inf,0.000436,0.026510,inf,inf,inf,inf,inf,719.289754,323.679590,226.575743,-0.000000,0.000000,0.146715,0,2
1780631291.099751,proposed,-0.130941,45.203238,0.143177,-0.094290,0.412455,0.000000,45.000000,0.000000,45.000000,0.600699,-1.566508,-0.005460,1,16.849904,inf,inf,inf,inf,inf,0.000415,inf,inf,0.018074,inf,inf,inf,inf,0.000434,0.025989,inf,inf,inf,inf,inf,719.304093,323.685628,226.582178,-0.000000,0.000000,0.171436,0,2
1780631291.203131,proposed,-0.113620,45.185976,0.203247,-0.250941,0.070601,-0.333760,45.220464,0.000000,45.000000,-2.817870,1.303198,0.039900,1,13.688460,0.299326,0.260652,0.157434,0.157434,0.728851,0.000448,0.157434,0.157434,0.023563,0.704840,0.233036,0.127633,0.695574,0.000448,0.026118,0.672542,0.127633,0.127633,0.042037,0.044278,0.111158,0.035468,0.040089,-0.000000,0.000001,0.322925,2,2
1780631291.303270,proposed,-0.107385,45.167398,-0.078540,-0.120621,0.467597,0.000000,45.000000,0.000000,45.000000,1.092914,-0.857458,0.007718,1,23.202263,inf,inf,inf,inf,inf,0.000282,inf,inf,0.017090,inf,inf,inf,inf,0.000282,0.023314,inf,inf,inf,inf,inf,719.304331,323.686469,226.581676,-0.000000,0.000000,0.143937,0,2
1780631291.407183,proposed,-0.109774,45.151049,0.030752,-0.206367,0.127543,0.000000,45.000000,0.000000,45.000000,0.923567,-0.493924,0.036643,1,17.929592,inf,inf,inf,inf,inf,0.000279,inf,inf,0.019411,inf,inf,inf,inf,0.000279,0.023100,inf,inf,inf,inf,inf,719.321868,323.694642,226.589025,-0.000000,0.000000,0.208645,0,2
1780631291.511297,proposed,-0.102081,45.127943,0.123108,-0.255759,-0.219536,0.000000,45.000000,0.000000,45.000000,0.432324,-0.041487,0.081431,1,26.798044,inf,inf,inf,inf,inf,0.000271,inf,inf,0.022136,inf,inf,inf,inf,0.000271,0.023038,inf,inf,inf,inf,inf,719.343165,323.706610,226.598360,-0.000000,0.000000,0.283846,0,2
1780631291.611099,proposed,-0.087609,45.102159,0.166341,-0.259908,-0.570333,0.000000,45.000000,0.000000,45.000000,0.074516,0.240655,0.130303,1,18.466840,inf,inf,inf,inf,inf,0.000232,inf,inf,0.023038,inf,inf,inf,inf,0.000232,0.023038,inf,inf,inf,inf,inf,719.342539,323.699708,226.594381,-0.000000,0.000000,0.308579,0,2
1780631291.697304,proposed,-0.070602,45.077372,0.173792,-0.235842,-0.730458,0.000000,45.000000,0.000000,45.000000,-0.136987,0.375861,0.159122,1,14.080237,inf,inf,inf,inf,inf,0.000174,inf,inf,0.022468,inf,inf,inf,inf,0.000174,0.022468,inf,inf,inf,inf,inf,719.332122,323.695018,226.591185,-0.000000,0.000000,0.292960,0,2
1780631291.806634,proposed,-0.053908,45.055667,0.160094,-0.198256,-0.785182,0.000000,45.000000,0.000000,45.000000,-0.240804,0.412527,0.171266,1,16.066055,inf,inf,inf,inf,inf,0.000117,inf,inf,0.021081,inf,inf,inf,inf,0.000117,0.021081,inf,inf,inf,inf,inf,719.329715,323.694016,226.590522,-0.000000,0.000000,0.254824,0,2
1780631291.901001,proposed,-0.039102,45.037904,0.136013,-0.157003,-0.793564,0.000000,45.000000,0.000000,45.000000,-0.273603,0.390385,0.174117,1,20.177096,inf,inf,inf,inf,inf,0.000071,inf,inf,0.019378,inf,inf,inf,inf,0.000071,0.019378,inf,inf,inf,inf,inf,719.330585,323.694443,226.590837,-0.000000,0.000000,0.207725,0,2
1780631292.007214,proposed,-0.026869,45.024155,0.108653,-0.117965,-0.780098,0.000000,45.000000,0.000000,45.000000,-0.263585,0.337886,0.172248,1,17.169837,inf,inf,inf,inf,inf,0.000039,inf,inf,0.017678,inf,inf,inf,inf,0.000039,0.017678,inf,inf,inf,inf,inf,719.332873,323.695479,226.591566,-0.000000,0.000000,0.160378,0,2
1780631292.097702,proposed,-0.017322,45.014048,0.082294,-0.084176,-0.753498,0.000000,45.000000,0.000000,45.000000,-0.230865,0.273970,0.167781,1,18.844347,inf,inf,inf,inf,inf,0.000020,inf,inf,0.016155,inf,inf,inf,inf,0.000020,0.016155,inf,inf,inf,inf,inf,719.335901,323.696849,226.592535,-0.000000,0.000000,0.117720,0,2
1780631292.203694,proposed,-0.010247,45.007001,0.059208,-0.056779,-0.713653,0.000000,45.000000,0.000000,45.000000,-0.188940,0.210318,0.161251,1,16.225203,inf,inf,inf,inf,inf,0.000009,inf,inf,0.014888,inf,inf,inf,inf,0.000009,0.014888,inf,inf,inf,inf,inf,719.339933,323.698726,226.593856,-0.000000,0.000000,0.082033,0,2
1780631292.292724,proposed,-0.005271,45.002374,0.040314,-0.035747,-0.650643,0.000000,45.000000,0.000000,45.000000,-0.146235,0.153372,0.151724,1,12.245163,inf,inf,inf,inf,inf,0.000004,inf,inf,0.013893,inf,inf,inf,inf,0.000004,0.013893,inf,inf,inf,inf,inf,719.345749,323.701476,226.595777,-0.000000,0.000000,0.053880,0,2
1780631292.405627,proposed,-0.001970,44.999566,0.025690,-0.020410,-0.525451,0.000000,45.000000,0.000000,45.000000,-0.107501,0.106013,0.134739,1,16.353869,inf,inf,inf,inf,inf,0.000001,inf,inf,0.013151,inf,inf,inf,inf,0.000001,0.013151,inf,inf,inf,inf,inf,719.355558,323.706507,226.599336,-0.000000,0.000000,0.032811,0,2
1780631292.506016,proposed,0.000061,44.998055,0.014940,-0.009809,-0.175340,0.000000,45.000000,0.000000,45.000000,-0.074960,0.068846,0.091507,1,22.883158,inf,inf,inf,inf,inf,0.000000,inf,inf,0.012626,inf,inf,inf,inf,0.000000,0.012626,inf,inf,inf,inf,inf,719.349768,323.709519,226.598711,-0.000000,0.000000,0.017873,0,2
1780631292.608713,proposed,0.001180,44.997419,0.007444,-0.002924,0.174712,0.000000,45.000000,0.000000,45.000000,-0.049204,0.041157,0.041998,1,16.730746,inf,inf,inf,inf,inf,0.000000,inf,inf,0.012280,inf,inf,inf,inf,0.000000,0.012280,inf,inf,inf,inf,inf,719.328187,323.698378,226.590538,-0.000000,0.000000,0.007998,0,2
1780631292.700207,proposed,0.001679,44.997332,0.002524,0.001191,0.524726,0.000000,45.000000,0.000000,45.000000,-0.029862,0.021574,-0.008760,1,19.376921,inf,inf,inf,inf,inf,0.000000,inf,inf,0.012098,inf,inf,inf,inf,0.000000,0.012181,inf,inf,inf,inf,inf,719.307446,323.688485,226.584989,-0.000000,0.000000,0.002791,0,2
1780631292.809240,proposed,0.001782,44.997559,-0.000462,0.003349,0.874727,0.000000,45.000000,0.000000,45.000000,-0.016068,0.008501,-0.059503,1,17.125779,inf,inf,inf,inf,inf,0.000000,inf,inf,0.012118,inf,inf,inf,inf,0.000000,0.012178,inf,inf,inf,inf,inf,719.292574,323.680958,226.581986,-0.000000,0.000000,0.003381,0,2
1780631292.903990,proposed,0.001655,44.997936,-0.002069,0.004199,1.224726,-0.215718,45.110093,0.000000,45.000000,-1.928202,0.981000,-0.109887,1,21.108353,0.422137,0.386478,0.279131,0.279131,0.802030,0.000389,0.279131,0.279131,0.012164,0.789477,0.386478,0.279131,0.787730,0.000420,0.026198,0.766325,0.279131,0.279131,0.138099,0.116135,0.279131,0.137099,0.116135,-0.000000,0.000000,0.004681,1,2
1780631293.006578,proposed,-0.008193,45.003261,-0.194889,0.102299,1.555656,-0.211342,45.107913,0.000000,45.000000,-1.089583,0.551923,-0.157849,1,16.315912,0.382038,0.347320,0.234341,0.234341,0.768437,0.000398,0.234341,0.234341,0.019825,0.748214,0.347320,0.234341,0.768437,0.000402,0.025665,0.747382,0.234341,0.234341,0.139519,0.120922,0.234341,0.138519,0.120922,-0.000000,0.000000,0.220107,1,2
1780631293.107794,proposed,-0.033129,45.016251,-0.303848,0.157491,1.897952,0.363917,44.833974,0.000000,45.000000,4.803249,-2.281094,-0.206121,1,22.388987,0.357208,0.317023,0.212803,0.212803,0.888597,0.001381,0.212803,0.212803,0.024271,0.862945,0.317023,0.212361,0.888597,0.001441,0.039487,0.860178,0.212361,0.212361,0.095319,0.110049,0.196809,0.088188,0.105804,-0.000000,0.000000,0.342238,4,2
1780631293.204687,proposed,-0.039498,45.020595,0.176477,-0.070618,1.460077,0.000000,45.000000,0.000000,45.000000,-0.069846,-0.041747,-0.169170,1,18.534757,inf,inf,inf,inf,inf,0.000056,inf,inf,0.018743,inf,inf,inf,inf,0.000056,0.018743,inf,inf,inf,inf,inf,719.287327,323.677008,226.579226,-0.000000,0.000001,0.190082,0,2
1780631293.310924,proposed,-0.022199,45.013324,0.169493,-0.074793,1.110109,-0.318048,45.242581,0.000000,45.000000,-3.392810,2.370905,-0.120698,1,13.591678,0.334836,0.294287,0.189477,0.189477,0.846945,0.000952,0.189477,0.189477,0.018570,0.827423,0.294287,0.189477,0.827042,0.001027,0.034664,0.798710,0.189477,0.189477,0.094677,0.101358,0.179141,0.088470,0.096922,-0.000000,0.000000,0.185261,10,2
1780631293.406507,proposed,-0.022214,45.017699,-0.169788,0.162297,1.394287,0.000000,45.000000,0.000000,45.000000,0.696045,-0.699534,-0.138791,1,17.102911,inf,inf,inf,inf,inf,0.000071,inf,inf,0.020359,inf,inf,inf,inf,0.000071,0.020359,inf,inf,inf,inf,inf,719.283558,323.675683,226.578382,-0.000000,0.000000,0.234880,0,2
1780631293.506531,proposed,-0.035713,45.030431,-0.100184,0.092344,1.041780,0.360397,44.826467,0.000000,45.000000,4.025342,-2.279344,-0.103942,1,20.350122,0.456841,0.420395,0.310859,0.310859,0.930999,0.001313,0.310859,0.310859,0.016815,0.912871,0.417024,0.309889,0.873899,0.001432,0.038662,0.843177,0.309889,0.309889,0.138917,0.131362,0.287336,0.128901,0.124756,-0.000000,0.000000,0.136251,3,2
1780631293.612741,proposed,-0.025605,45.028269,0.302350,-0.135590,0.753722,-0.351471,45.190967,0.000000,45.000000,-3.941564,1.879423,-0.063177,1,16.916802,0.372789,0.333476,0.226907,0.226907,0.843234,0.000994,0.226907,0.226907,0.023872,0.818368,0.306727,0.201979,0.790699,0.001015,0.035117,0.760874,0.201979,0.201979,0.077181,0.081092,0.189097,0.071278,0.077462,-0.000000,0.000001,0.331362,6,2
1780631293.702747,proposed,-0.015077,45.024107,-0.091806,0.052352,1.107389,-0.314855,45.246711,0.000000,45.000000,-2.559462,1.891904,-0.091196,1,13.736479,0.321374,0.281612,0.177365,0.177365,0.837884,0.000920,0.177365,0.177365,0.015727,0.821238,0.281612,0.177365,0.819035,0.000998,0.034083,0.793832,0.177365,0.177365,0.109151,0.111913,0.171802,0.105200,0.109320,-0.000000,0.000000,0.105684,10,2
1780631293.816152,proposed,-0.037055,45.038802,-0.347752,0.241542,1.415113,0.363480,44.833021,0.000000,45.000000,4.918547,-2.762648,-0.131073,1,15.386227,0.441885,0.401783,0.294741,0.294741,0.933806,0.001533,0.294741,0.294741,0.027267,0.905005,0.397318,0.289281,0.900355,0.001556,0.040852,0.866234,0.289281,0.289281,0.127173,0.129131,0.261903,0.115105,0.122280,-0.000000,0.000001,0.423408,3,2
1780631293.909287,proposed,-0.047238,45.049143,0.144103,-0.034722,1.063599,0.364697,44.835696,0.000000,45.000000,3.399885,-1.955112,-0.101963,1,21.850508,0.396811,0.393438,0.285591,0.285591,0.926884,0.001425,0.285591,0.285591,0.017243,0.908216,0.393438,0.285591,0.867035,0.001547,0.039715,0.838641,0.285591,0.285591,0.150027,0.140973,0.275088,0.144825,0.137972,-0.000000,0.000000,0.148227,3,2
1780631294.017897,proposed,-0.015828,45.035895,0.484091,-0.230233,0.757121,-0.308045,45.255163,0.000000,45.000000,-4.495688,2.827839,-0.060564,1,14.920683,0.373382,0.336162,0.209903,0.209903,0.844159,0.001212,0.209903,0.209903,0.031480,0.811467,0.304528,0.183685,0.794649,0.001212,0.036340,0.762985,0.183685,0.183685,0.068238,0.073751,0.168155,0.059756,0.068343,-0.000000,0.000001,0.536052,10,2
1780631294.107301,proposed,0.010103,45.027011,0.034522,0.052550,1.085014,-0.305737,45.257924,0.000000,45.000000,-3.305018,2.036464,-0.085641,1,15.981514,0.318426,0.278847,0.174739,0.174739,0.843555,0.001000,0.174739,0.174739,0.014211,0.828344,0.278847,0.174739,0.825823,0.001085,0.035330,0.799050,0.174739,0.174739,0.104446,0.109788,0.167656,0.099878,0.106916,-0.000000,0.000000,0.062876,10,2
1780631294.208443,proposed,-0.002970,45.042448,-0.295980,0.256197,1.383744,0.366022,44.838669,0.000000,45.000000,4.351631,-2.798984,-0.123817,1,15.109292,0.436174,0.397744,0.291960,0.291960,0.915359,0.001339,0.291960,0.291960,0.026084,0.887936,0.396423,0.287481,0.875143,0.001360,0.038890,0.842502,0.287481,0.287481,0.126902,0.123280,0.276134,0.121903,0.121141,-0.000000,0.000001,0.391460,3,2
1780631294.297285,proposed,-0.010810,45.054073,0.139184,-0.023702,1.026221,0.371917,44.852766,0.000000,45.000000,3.118867,-1.898641,-0.093695,1,12.333411,0.394114,0.407743,0.301847,0.301847,0.920138,0.001239,0.301847,0.301847,0.016991,0.901907,0.407743,0.301847,0.858676,0.001343,0.037739,0.831431,0.301847,0.301847,0.152769,0.139988,0.287720,0.145630,0.135664,-0.000000,0.000000,0.141187,4,2
1780631294.406041,proposed,0.018703,45.042210,0.451070,-0.213566,0.715814,-0.306587,45.256913,0.000000,45.000000,-4.664854,2.717449,-0.051668,1,13.375658,0.365444,0.327540,0.196609,0.196609,0.845973,0.001286,0.196609,0.196609,0.030090,0.814596,0.287588,0.171473,0.796945,0.001286,0.037620,0.764601,0.171473,0.171473,0.063338,0.072138,0.154245,0.053886,0.066290,-0.000000,0.000001,0.499074,10,2
1780631294.506078,proposed,0.040485,45.034440,-0.015415,0.058179,1.060577,-0.310578,45.252074,0.000000,45.000000,-3.409834,1.884875,-0.078479,1,15.775456,0.313821,0.274544,0.169243,0.169243,0.842801,0.001113,0.169243,0.169243,0.014116,0.827572,0.274544,0.169243,0.820943,0.001210,0.036639,0.793672,0.169243,0.169243,0.103089,0.108493,0.161716,0.098187,0.105340,-0.000000,0.000000,0.060187,10,2
1780631294.610114,proposed,0.021895,45.049683,-0.356399,0.246667,1.366506,0.370871,44.850151,0.000000,45.000000,4.433649,-2.730264,-0.117909,1,15.594293,0.463702,0.426853,0.319665,0.319665,0.918756,0.001276,0.319665,0.319665,0.027640,0.889841,0.421021,0.307956,0.871990,0.001276,0.037992,0.839710,0.307956,0.307956,0.132140,0.123753,0.291226,0.124986,0.120300,-0.000000,0.000001,0.433433,3,2
1780631294.712208,proposed,0.008423,45.060698,0.086966,-0.026360,1.017019,0.375131,44.861160,0.000000,45.000000,3.214154,-1.865909,-0.089027,1,26.518395,0.452963,0.412602,0.306590,0.306590,0.915990,0.001143,0.306590,0.306590,0.015201,0.899646,0.412602,0.306590,0.853341,0.001243,0.036859,0.826294,0.306590,0.306590,0.149936,0.136836,0.292835,0.142979,0.132599,-0.000000,0.000000,0.090873,3,2
1780631294.817746,proposed,0.033191,45.048732,0.408382,-0.212951,0.710851,-0.308181,45.255000,0.000000,45.000000,-4.611423,2.642041,-0.047802,1,14.702748,0.358358,0.319207,0.193255,0.193255,0.846052,0.001289,0.193255,0.193255,0.028650,0.816113,0.282145,0.168657,0.796291,0.001289,0.037964,0.763897,0.168657,0.168657,0.062367,0.072246,0.150866,0.052823,0.066343,-0.000000,0.000001,0.460569,10,2
1780631294.901877,proposed,0.050972,45.040648,-0.052761,0.051253,1.058503,-0.305204,45.258554,0.000000,45.000000,-3.285568,1.912377,-0.075152,1,11.993045,0.315223,0.276172,0.171456,0.171456,0.844510,0.001140,0.171456,0.171456,0.014588,0.828782,0.276172,0.171456,0.828531,0.001241,0.036885,0.801333,0.171456,0.171456,0.105449,0.110914,0.163379,0.100206,0.107335,-0.000000,0.000000,0.073557,10,2
1780631295.006617,proposed,0.029268,45.055335,-0.381317,0.242491,1.364198,0.374658,44.859888,0.000000,45.000000,4.521682,-2.673277,-0.114704,1,15.396891,0.455675,0.419318,0.311851,0.311851,0.912228,0.001269,0.311851,0.311851,0.028327,0.882633,0.412156,0.297859,0.862059,0.001269,0.037794,0.829820,0.297859,0.297859,0.126341,0.118726,0.280347,0.118677,0.114625,-0.000000,0.000001,0.451890,4,2
1780631295.106984,proposed,0.013744,45.066218,0.070851,-0.024836,1.019255,0.377791,44.868568,0.000000,45.000000,3.268610,-1.851554,-0.086376,1,21.592437,0.445669,0.405450,0.299316,0.299316,0.911203,0.001122,0.299316,0.299316,0.014642,0.895439,0.405450,0.299316,0.847334,0.001222,0.036675,0.820286,0.299316,0.299316,0.144718,0.132792,0.292104,0.140607,0.130582,-0.000000,0.000000,0.075078,3,2
1780631295.210274,proposed,0.037172,45.054476,0.397712,-0.209992,0.714749,-0.304237,45.259692,0.000000,45.000000,-4.560294,2.620629,-0.045486,1,13.089847,0.372008,0.333267,0.202815,0.202815,0.851112,0.001274,0.202815,0.202815,0.028247,0.821591,0.297198,0.180532,0.801584,0.001274,0.037870,0.769309,0.180532,0.180532,0.068984,0.076251,0.158680,0.056911,0.068606,-0.000000,0.000001,0.449746,10,2
1780631295.307396,proposed,0.054142,45.046580,-0.058317,0.052071,1.061275,-0.304411,45.259488,0.000000,45.000000,-3.278227,1.862607,-0.072812,1,16.392888,0.319401,0.280075,0.175381,0.175381,0.846355,0.001138,0.175381,0.175381,0.014752,0.830466,0.280075,0.175381,0.828663,0.001238,0.036844,0.801528,0.175381,0.175381,0.108228,0.113144,0.166799,0.102590,0.109094,-0.000000,0.000000,0.078181,10,2
1780631295.407074,proposed,0.031919,45.061100,-0.386140,0.238332,1.368391,0.377092,44.866577,0.000000,45.000000,4.541703,-2.650333,-0.112527,1,14.071478,0.467364,0.431663,0.323117,0.323117,0.917645,0.001267,0.323117,0.323117,0.028397,0.887981,0.424940,0.307690,0.864097,0.001267,0.037767,0.831869,0.307690,0.307690,0.129976,0.120164,0.299068,0.126196,0.118498,-0.000000,0.000001,0.453769,3,2
1780631295.508390,proposed,0.016014,45.071682,0.068030,-0.026702,1.023792,0.110240,44.962439,0.000000,45.000000,0.879353,-1.054118,-0.084206,1,24.188052,0.571168,0.530940,0.423493,0.423493,0.830495,0.000142,0.423493,0.423493,0.014571,0.815782,0.530298,0.421159,0.763838,0.000162,0.020585,0.747368,0.421159,0.421159,0.188238,0.134417,0.415745,0.184725,0.134418,-0.000000,0.000000,0.073083,1,2
1780631295.615103,proposed,0.027214,45.063741,0.155965,-0.132113,0.674205,-0.284656,45.281018,0.000000,45.000000,-3.403994,2.442400,-0.038535,1,11.236033,0.368352,0.329320,0.206821,0.206821,0.847650,0.000989,0.206821,0.206821,0.019258,0.827403,0.311151,0.198562,0.791716,0.001064,0.035200,0.762784,0.198562,0.198562,0.084810,0.086745,0.184431,0.077514,0.082076,-0.000000,0.000001,0.204399,10,2
1780631295.706662,proposed,0.025790,45.062742,-0.184434,0.112127,1.012528,-0.377620,45.131921,0.000000,45.000000,-3.030870,0.302394,-0.063783,1,21.364715,0.412237,0.372266,0.265899,0.265899,0.876853,0.001145,0.265899,0.265899,0.019671,0.856038,0.372266,0.265899,0.810453,0.001219,0.036173,0.784597,0.265899,0.265899,0.137920,0.124240,0.256762,0.133151,0.121212,-0.000000,0.000000,0.215843,4,2
1780631295.794984,proposed,-0.007808,45.075466,-0.487521,0.142366,1.372049,0.000000,45.000000,0.000000,45.000000,2.005383,-1.281368,-0.108859,1,12.059140,inf,inf,inf,inf,inf,0.000347,inf,inf,0.030421,inf,inf,inf,inf,0.000347,0.030421,inf,inf,inf,inf,inf,719.281075,323.675271,226.578201,-0.000000,0.000000,0.507883,0,2
1780631295.894629,proposed,-0.046533,45.083296,-0.286983,0.014229,1.020945,0.214591,44.931376,0.000000,45.000000,3.750788,-1.512833,-0.081165,1,12.629699,0.424910,0.384518,0.278896,0.278896,0.841659,0.000692,0.278896,0.278896,0.022263,0.818704,0.364115,0.257141,0.774731,0.000698,0.030735,0.748842,0.257141,0.257141,0.103749,0.093888,0.255142,0.102749,0.093888,-0.000000,0.000000,0.287335,1,2
1780631296.012606,proposed,-0.056477,45.077155,0.088096,-0.137054,0.735645,-0.345241,45.202011,0.000000,45.000000,-2.680694,1.606580,-0.042600,1,14.107819,0.395062,0.356884,0.247841,0.247841,0.830205,0.000675,0.247841,0.247841,0.017769,0.811761,0.338058,0.232281,0.769665,0.000720,0.030964,0.743742,0.232281,0.232281,0.095969,0.087916,0.217870,0.089179,0.083500,-0.000000,0.000001,0.162926,6,2
1780631296.098332,proposed,-0.061071,45.071482,-0.179973,0.023604,1.080598,-0.316560,45.244520,0.000000,45.000000,-1.678650,1.557479,-0.070312,1,12.324117,0.403635,0.363467,0.253796,0.253796,0.842826,0.000658,0.253796,0.253796,0.018435,0.823733,0.363467,0.253796,0.790566,0.000697,0.030024,0.768342,0.253796,0.253796,0.143192,0.126751,0.237275,0.134879,0.121701,-0.000000,0.000000,0.181515,9,2
1780631296.209014,proposed,-0.087462,45.081630,-0.347838,0.179352,1.405917,0.309884,44.860577,0.000000,45.000000,4.956840,-2.647800,-0.112163,1,16.380469,0.434600,0.394384,0.288369,0.288369,0.930629,0.001528,0.288369,0.288369,0.026080,0.903021,0.393432,0.287287,0.888693,0.001574,0.040915,0.854768,0.287287,0.287287,0.128684,0.131103,0.282309,0.126342,0.130205,-0.000000,0.000001,0.391355,2,2
1780631296.308592,proposed,-0.097461,45.086326,0.147846,-0.085428,1.061921,0.131161,44.947898,0.000000,45.000000,1.753374,-1.053182,-0.084498,1,24.256185,0.536566,0.499441,0.391002,0.391002,0.881410,0.000499,0.391002,0.391002,0.018049,0.862862,0.499441,0.391002,0.811384,0.000543,0.027902,0.791150,0.391002,0.391002,0.188450,0.148560,0.391002,0.187450,0.148560,-0.000000,0.000000,0.170752,1,2
1780631296.433358,proposed,-0.073910,45.072518,0.323183,-0.190746,0.724368,-0.309093,45.253893,0.000000,45.000000,-3.397402,2.382965,-0.040206,1,26.322753,0.407425,0.368705,0.238497,0.238497,0.825102,0.000742,0.238497,0.238497,0.025487,0.798873,0.331471,0.216277,0.764445,0.000742,0.031254,0.737263,0.216277,0.216277,0.085103,0.078669,0.204109,0.078343,0.074459,-0.000000,0.000001,0.375275,10,2
1780631296.504798,proposed,-0.058578,45.065358,-0.016557,0.047550,1.056967,-0.370751,45.150146,0.000000,45.000000,-2.962908,0.723608,-0.065168,1,19.188010,0.447252,0.407449,0.298526,0.298526,0.855707,0.000683,0.298526,0.298526,0.013769,0.841255,0.407449,0.298526,0.785902,0.000741,0.031096,0.761959,0.298526,0.298526,0.135743,0.116681,0.284582,0.128838,0.112029,-0.000000,0.000000,0.050350,5,2
1780631296.618047,proposed,-0.075049,45.073731,-0.312848,0.119911,1.400304,0.303911,44.850171,0.000000,45.000000,4.541049,-2.469070,-0.108326,1,20.862566,0.418260,0.378295,0.271852,0.271852,0.913490,0.001393,0.271852,0.271852,0.024007,0.888090,0.378295,0.271852,0.873906,0.001457,0.039665,0.841101,0.271852,0.271852,0.124983,0.128321,0.270649,0.123438,0.127945,-0.000000,0.000001,0.335041,2,2
1780631296.704720,proposed,-0.083628,45.073376,0.141257,-0.126996,1.055196,0.371882,44.852677,0.000000,45.000000,3.772214,-1.587999,-0.080900,1,19.349187,0.404723,0.391523,0.285021,0.285021,0.949129,0.001709,0.285021,0.285021,0.018739,0.928682,0.391523,0.285021,0.878639,0.001841,0.042303,0.848812,0.285021,0.285021,0.151075,0.143173,0.276635,0.146472,0.140632,-0.000000,0.000000,0.189951,2,2
1780631296.815903,proposed,-0.050642,45.052737,0.518478,-0.285796,0.766690,-0.312789,45.249325,0.000000,45.000000,-4.352468,2.900119,-0.042005,1,16.653869,0.397394,0.359204,0.228471,0.228471,0.834454,0.001118,0.228471,0.228471,0.033597,0.799739,0.298143,0.190440,0.772210,0.001118,0.034432,0.741537,0.190440,0.190440,0.064781,0.066358,0.174774,0.057895,0.062236,-0.000000,0.000001,0.592030,10,2
1780631296.900963,proposed,-0.020556,45.038658,0.083232,0.004216,1.087305,-0.314378,45.247319,0.000000,45.000000,-3.314339,2.058256,-0.067029,1,13.922432,0.339573,0.299203,0.193574,0.193574,0.838596,0.000852,0.193574,0.193574,0.014934,0.822809,0.299203,0.193574,0.795566,0.000935,0.033499,0.769408,0.193574,0.193574,0.108503,0.109432,0.184893,0.103111,0.105808,-0.000000,0.000000,0.083338,10,2
1780631297.012394,proposed,-0.028805,45.049371,-0.248202,0.210041,1.385010,0.364042,44.834249,0.000000,45.000000,4.351317,-2.693490,-0.105198,1,14.218311,0.440710,0.401796,0.296033,0.296033,0.930898,0.001431,0.296033,0.296033,0.023645,0.905823,0.401796,0.296033,0.878261,0.001503,0.040110,0.845132,0.296033,0.296033,0.136371,0.130586,0.273822,0.126454,0.125858,-0.000000,0.000001,0.325149,3,2
1780631297.110394,proposed,-0.031868,45.056907,0.186929,-0.059308,1.031049,0.367948,44.843112,0.000000,45.000000,3.059123,-1.843878,-0.075597,1,22.082110,0.396685,0.403594,0.296757,0.296757,0.928085,0.001382,0.296757,0.296757,0.018960,0.907742,0.403594,0.296757,0.856730,0.001489,0.038981,0.829171,0.296757,0.296757,0.153485,0.140097,0.274321,0.142623,0.132982,-0.000000,0.000000,0.196112,3,2
1780631297.228826,proposed,0.002120,45.041757,0.492842,-0.243695,0.719078,-0.307237,45.256135,0.000000,45.000000,-4.712871,2.852419,-0.033644,1,23.039133,0.373860,0.335513,0.204737,0.204737,0.844962,0.001284,0.204737,0.204737,0.031999,0.811680,0.287317,0.173620,0.786269,0.001284,0.037107,0.754015,0.173620,0.173620,0.061014,0.067630,0.156165,0.051112,0.061542,-0.000000,0.000001,0.549800,10,2
1780631297.306161,proposed,0.027840,45.031650,0.021555,0.041546,1.058870,-0.308277,45.254883,0.000000,45.000000,-3.444422,2.018755,-0.060041,1,15.320131,0.321285,0.281267,0.176154,0.176154,0.847053,0.001061,0.176154,0.176154,0.013644,0.832348,0.281267,0.176154,0.812076,0.001154,0.036093,0.784846,0.176154,0.176154,0.107375,0.112195,0.166841,0.101278,0.107619,-0.000000,0.000000,0.046805,10,2
1780631297.407725,proposed,0.012773,45.045898,-0.322888,0.243422,1.360210,0.368878,44.845310,0.000000,45.000000,4.345781,-2.715194,-0.098981,1,13.128631,0.465099,0.428147,0.321016,0.321016,0.923187,0.001282,0.321016,0.321016,0.026562,0.895343,0.428147,0.312990,0.863197,0.001289,0.038218,0.830918,0.312990,0.312990,0.136431,0.124371,0.299659,0.130939,0.122178,-0.000000,0.000001,0.404365,3,2
1780631297.500872,proposed,0.002214,45.056664,0.111690,-0.028097,1.010669,0.373861,44.857774,0.000000,45.000000,3.141779,-1.851292,-0.070104,1,18.234967,0.443143,0.403334,0.297563,0.297563,0.912526,0.001171,0.297563,0.297563,0.016064,0.895291,0.403334,0.297563,0.840989,0.001272,0.037082,0.813979,0.297563,0.297563,0.144527,0.131474,0.282785,0.137107,0.126915,-0.000000,0.000000,0.115170,4,2
1780631297.609968,proposed,0.029092,45.044598,0.425868,-0.213227,0.703031,-0.308877,45.254155,0.000000,45.000000,-4.664192,2.673673,-0.028842,1,12.608580,0.369451,0.330513,0.199999,0.199999,0.850157,0.001300,0.199999,0.199999,0.029236,0.819621,0.288459,0.174727,0.793468,0.001300,0.037979,0.760989,0.174727,0.174727,0.064728,0.071840,0.151288,0.051413,0.063620,-0.000000,0.000001,0.476266,10,2
1780631297.706757,proposed,0.048357,45.036644,-0.040551,0.054141,1.052397,-0.309908,45.252897,0.000000,45.000000,-3.362354,1.887214,-0.056483,1,15.865589,0.318708,0.279205,0.173858,0.173858,0.847155,0.001144,0.173858,0.173858,0.014379,0.831633,0.279205,0.173858,0.813780,0.001245,0.036955,0.786465,0.173858,0.173858,0.108694,0.113265,0.165394,0.102906,0.108874,-0.000000,0.000000,0.067643,10,2
1780631297.796784,proposed,0.027491,45.051494,-0.376786,0.242862,1.359307,0.373106,44.855807,0.000000,45.000000,4.497794,-2.678962,-0.096353,1,10.476547,0.454282,0.418579,0.310390,0.310390,0.911352,0.001266,0.310390,0.310390,0.028192,0.881894,0.415153,0.295995,0.847520,0.001266,0.037792,0.815298,0.295995,0.295995,0.125281,0.114414,0.285675,0.121091,0.112812,-0.000000,0.000001,0.448274,3,2
1780631297.912432,proposed,0.012301,45.062385,0.072993,-0.025034,1.014700,0.377197,44.866874,0.000000,45.000000,3.264870,-1.832065,-0.068274,1,22.922759,0.393080,0.404025,0.297977,0.297977,0.910109,0.001121,0.297977,0.297977,0.014716,0.894272,0.404025,0.297977,0.838416,0.001220,0.036656,0.811396,0.297977,0.297977,0.141039,0.128577,0.289457,0.136369,0.125960,-0.000000,0.000000,0.077167,4,2
1780631298.029092,proposed,0.035925,45.050722,0.399480,-0.208241,0.710744,-0.307754,45.255514,0.000000,45.000000,-4.588646,2.610545,-0.027622,1,17.881520,0.366035,0.327333,0.199122,0.199122,0.849438,0.001284,0.199122,0.199122,0.028275,0.819879,0.292288,0.176795,0.793585,0.001284,0.037979,0.761232,0.176795,0.176795,0.067277,0.073353,0.153239,0.053618,0.064874,-0.000000,0.000001,0.450498,10,2
1780631298.106956,proposed,0.052929,45.042950,-0.059384,0.052814,1.059126,-0.307577,45.255728,0.000000,45.000000,-3.293020,1.857388,-0.055317,1,15.805332,0.318545,0.279131,0.174201,0.174201,0.846525,0.001147,0.174201,0.174201,0.014797,0.830581,0.279131,0.174201,0.816399,0.001248,0.036944,0.789211,0.174201,0.174201,0.110010,0.114746,0.165790,0.103993,0.109779,-0.000000,0.000000,0.079472,10,2
1780631298.217081,proposed,0.030526,45.057519,-0.388686,0.238553,1.366580,0.374756,44.860150,0.000000,45.000000,4.543498,-2.677051,-0.095268,1,19.450825,0.457944,0.421782,0.314050,0.314050,0.912937,0.001273,0.314050,0.314050,0.028482,0.883182,0.417669,0.299793,0.848953,0.001273,0.037817,0.816676,0.299793,0.299793,0.127065,0.115825,0.290770,0.123188,0.114178,-0.000000,0.000001,0.456053,3,2
1780631298.312678,proposed,0.014375,45.067989,0.065663,-0.029152,1.021468,0.378461,44.870513,0.000000,45.000000,3.293641,-1.831137,-0.067161,1,23.405728,0.394588,0.405171,0.299023,0.299023,0.911153,0.001121,0.299023,0.299023,0.014527,0.895504,0.405171,0.299023,0.838647,0.001221,0.036676,0.811581,0.299023,0.299023,0.140781,0.128319,0.291805,0.136684,0.126100,-0.000000,0.000000,0.071844,3,2
1780631298.418384,proposed,0.037409,45.055918,0.395028,-0.212266,0.717779,-0.284810,45.280861,0.000000,45.000000,-4.375572,2.807974,-0.026545,1,14.503002,0.369834,0.331635,0.202209,0.202209,0.851787,0.001245,0.202209,0.202209,0.028198,0.822344,0.289876,0.176839,0.790389,0.001245,0.037522,0.758369,0.176839,0.176839,0.065624,0.071329,0.162694,0.058028,0.066761,-0.000000,0.000001,0.448446,10,2
1780631298.516325,proposed,0.055034,45.048731,-0.042530,0.068531,1.052979,-0.303736,45.260277,0.000000,45.000000,-3.336333,1.791522,-0.052813,1,17.079891,0.320404,0.281360,0.176517,0.176517,0.844784,0.001135,0.176517,0.176517,0.014839,0.828809,0.281360,0.176517,0.816821,0.001234,0.036815,0.789647,0.176517,0.176517,0.111101,0.114773,0.168491,0.105313,0.109993,-0.000000,0.000000,0.080655,10,2
1780631298.612190,proposed,0.034100,45.064542,-0.376163,0.247683,1.363163,0.226281,44.940097,0.000000,45.000000,3.130357,-2.073010,-0.092676,1,17.677279,0.432833,0.404446,0.291268,0.291268,0.816284,0.000584,0.291268,0.291268,0.028271,0.787429,0.362454,0.256919,0.742266,0.000584,0.028271,0.716954,0.256919,0.256919,0.103229,0.081066,0.252919,0.102229,0.081066,-0.000000,0.000001,0.450384,1,2
1780631298.707292,proposed,0.012135,45.078945,-0.063127,0.040382,1.009671,0.115394,44.961812,0.000000,45.000000,1.435705,-1.378688,-0.063690,1,22.251810,0.393812,0.517999,0.410462,0.410462,0.829747,0.000165,0.410462,0.410462,0.014637,0.814945,0.499927,0.388753,0.755157,0.000180,0.021204,0.736909,0.388753,0.388753,0.167120,0.122537,0.384753,0.166120,0.122537,-0.000000,0.000000,0.074939,1,2
1780631298.819944,proposed,0.013001,45.076090,0.080443,-0.097486,0.665378,-0.301540,45.262819,0.000000,45.000000,-3.050649,1.992159,-0.018479,1,14.565893,0.375701,0.336561,0.217744,0.217744,0.844152,0.000889,0.217744,0.217744,0.016464,0.826800,0.320605,0.211240,0.782210,0.000965,0.033852,0.754589,0.211240,0.211240,0.091481,0.088559,0.194022,0.082497,0.082418,-0.000000,0.000001,0.126391,10,2
1780631298.903777,proposed,0.005792,45.076302,-0.224622,0.101729,1.012576,-0.305827,45.257817,0.000000,45.000000,-2.008279,1.315226,-0.044935,1,16.884539,0.407093,0.366837,0.254983,0.254983,0.863675,0.000918,0.254983,0.254983,0.020782,0.841975,0.366837,0.254983,0.806477,0.000965,0.033149,0.783009,0.254983,0.254983,0.150438,0.132519,0.240608,0.142109,0.126601,-0.000000,0.000000,0.246584,7,2
1780631299.001487,proposed,-0.026712,45.093051,-0.425450,0.233252,1.343282,0.000000,45.000000,0.000000,45.000000,1.975239,-1.765164,-0.087291,1,14.380554,inf,inf,inf,inf,inf,0.000343,inf,inf,0.029570,inf,inf,inf,inf,0.000343,0.029570,inf,inf,inf,inf,inf,719.283361,323.677267,226.577298,-0.000000,0.000000,0.485195,0,2
1780631299.106759,proposed,-0.059380,45.107550,-0.227926,0.056736,0.983090,0.000000,45.000000,0.000000,45.000000,1.689409,-1.342738,-0.058105,1,23.100313,0.509005,inf,inf,inf,inf,0.000164,inf,inf,0.020359,inf,inf,inf,inf,0.000164,0.020359,inf,inf,inf,inf,inf,719.294657,323.682185,226.578387,-0.000000,0.000000,0.234881,0,2
1780631299.213787,proposed,-0.073726,45.106510,-0.058985,-0.077538,0.644862,-0.308540,45.254564,0.000000,45.000000,-1.702500,1.561827,-0.013529,1,16.746468,0.436432,0.397022,0.288024,0.288024,0.835544,0.000512,0.288024,0.288024,0.015434,0.819598,0.387736,0.282276,0.771793,0.000539,0.028070,0.748863,0.282276,0.282276,0.123862,0.103033,0.255354,0.111045,0.094456,-0.000000,0.000001,0.097424,7,2
1780631299.298879,proposed,-0.088137,45.106566,-0.229235,0.078645,0.986250,-0.359166,45.176067,0.000000,45.000000,-1.524738,0.387581,-0.039524,1,13.645944,0.456639,0.417043,0.308874,0.308874,0.838969,0.000579,0.308874,0.308874,0.020629,0.817761,0.417043,0.308874,0.762633,0.000590,0.028524,0.742179,0.308874,0.308874,0.149461,0.119484,0.300063,0.144862,0.116481,-0.000000,0.000000,0.242350,4,2
1780631299.395403,proposed,-0.118684,45.116368,-0.381709,0.117403,1.335889,0.000000,45.000000,0.000000,45.000000,2.636693,-1.528457,-0.083862,1,11.517339,inf,inf,inf,inf,inf,0.000371,inf,inf,0.026376,inf,inf,inf,inf,0.000371,0.026376,inf,inf,inf,inf,inf,719.281717,323.676642,226.575829,-0.000000,0.000000,0.399355,0,2
1780631299.493869,proposed,-0.143671,45.120466,-0.118039,-0.035443,0.991130,0.000000,45.000000,0.000000,45.000000,2.002227,-1.030774,-0.056873,1,13.060059,inf,inf,inf,inf,inf,0.000247,inf,inf,0.016352,inf,inf,inf,inf,0.000258,0.023014,inf,inf,inf,inf,inf,719.292121,323.680606,226.576925,-0.000000,0.000000,0.123246,0,2
1780631299.614888,proposed,-0.145464,45.111768,0.082184,-0.138520,0.661096,-0.312152,45.250122,0.000000,45.000000,-1.698787,1.769620,-0.013747,1,17.808162,0.434339,0.395414,0.287279,0.287279,0.806061,0.000336,0.287279,0.287279,0.017702,0.788022,0.366825,0.263280,0.736274,0.000351,0.025232,0.714338,0.263280,0.263280,0.106537,0.085822,0.253250,0.102862,0.083829,-0.000000,0.000001,0.161065,6,2
1780631299.698706,proposed,-0.145740,45.106764,-0.087695,0.038442,0.997116,-0.276309,45.099289,0.000000,45.000000,-0.901658,-0.103949,-0.039512,1,13.436184,0.473932,0.434256,0.326379,0.326379,0.765368,0.000122,0.326379,0.326379,0.015374,0.749872,0.410388,0.302705,0.688108,0.000129,0.019517,0.671992,0.302705,0.302705,0.135382,0.094655,0.280213,0.124802,0.092503,-0.000000,0.000000,0.095751,2,2
1780631299.811156,proposed,-0.159018,45.110088,-0.177861,0.028047,1.349782,0.127690,44.934577,0.000000,45.000000,3.275370,-1.695641,-0.084047,1,17.173085,0.518934,0.478891,0.371680,0.371680,0.912876,0.000773,0.371680,0.371680,0.018383,0.893719,0.478891,0.371680,0.855256,0.000830,0.032324,0.828521,0.371680,0.371680,0.179602,0.155174,0.371681,0.178603,0.155175,-0.000000,0.000000,0.180059,1,2
1780631299.905631,proposed,-0.160427,45.104415,0.149676,-0.141517,1.011304,0.000000,45.000000,0.000000,45.000000,1.011189,-0.429534,-0.057872,1,22.020590,inf,inf,inf,inf,inf,0.000289,inf,inf,0.019316,inf,inf,inf,inf,0.000295,0.023831,inf,inf,inf,inf,inf,719.293320,323.681442,226.578736,-0.000000,0.000000,0.205986,0,2
1780631300.013007,proposed,-0.140403,45.088115,0.250795,-0.184471,0.666593,-0.303593,45.260444,0.000000,45.000000,-2.490735,2.321498,-0.013322,1,12.073390,0.378399,0.339970,0.230365,0.230365,0.788616,0.000482,0.230365,0.230365,0.023139,0.764994,0.294029,0.190477,0.715035,0.000482,0.027307,0.690981,0.190477,0.190477,0.069328,0.061862,0.183893,0.067277,0.061033,-0.000000,0.000001,0.311332,8,2
1780631300.101334,proposed,-0.127778,45.081276,0.001721,0.047679,0.995933,-0.166690,45.088084,0.000000,45.000000,-0.541822,0.023834,-0.038006,1,18.203176,0.477685,0.442845,0.332626,0.332626,0.735668,0.000013,0.332626,0.332626,0.013676,0.721979,0.317938,0.212751,0.659795,0.000015,0.014551,0.646497,0.212751,0.212751,0.088053,0.060062,0.196751,0.080053,0.060062,-0.000000,0.000000,0.047710,1,2
1780631300.208458,proposed,-0.130315,45.086163,-0.052461,0.050062,1.346473,0.325047,44.813261,0.000000,45.000000,4.248032,-2.651203,-0.082081,1,15.633364,0.404788,0.364898,0.258360,0.258360,0.951681,0.001838,0.258360,0.258360,0.014551,0.935292,0.364898,0.258360,0.899580,0.002001,0.043859,0.865711,0.258360,0.258360,0.147513,0.150994,0.256039,0.145451,0.150229,-0.000000,0.000001,0.072515,2,2
1780631300.301961,proposed,-0.114320,45.077913,0.372342,-0.215058,0.999862,0.000000,45.000000,0.000000,45.000000,-0.314645,0.061003,-0.054902,1,21.435832,inf,inf,inf,inf,inf,0.000346,inf,inf,0.027512,inf,inf,inf,inf,0.000346,0.027512,inf,inf,inf,inf,inf,719.297164,323.682755,226.581167,-0.000000,0.000000,0.429987,0,2
1780631300.413927,proposed,-0.078659,45.056712,0.340878,-0.208958,0.650393,-0.308056,45.255150,0.000000,45.000000,-3.580152,2.699682,-0.009620,1,12.596913,0.390551,0.350818,0.232538,0.232538,0.821579,0.000790,0.232538,0.232538,0.026394,0.794395,0.311101,0.203213,0.755741,0.000790,0.031689,0.728332,0.203213,0.203213,0.075317,0.072034,0.189879,0.068195,0.067739,-0.000000,0.000001,0.399826,10,2
1780631300.505596,proposed,-0.062472,45.049315,-0.017137,0.061010,0.987327,0.000000,45.000000,0.000000,45.000000,0.362908,-0.506769,-0.035007,1,21.604613,inf,inf,inf,inf,inf,0.000046,inf,inf,0.014228,inf,inf,inf,inf,0.000048,0.016872,inf,inf,inf,inf,inf,719.298174,323.683835,226.579794,-0.000000,0.000000,0.063372,0,2
1780631300.610492,proposed,-0.062372,45.052882,0.019153,0.010334,0.637263,0.359981,44.825604,0.000000,45.000000,3.704273,-2.108440,-0.002959,1,14.758492,0.370407,0.334685,0.223275,0.223275,0.900546,0.001496,0.223275,0.223275,0.012763,0.886287,0.330084,0.223275,0.844427,0.001614,0.040592,0.813608,0.223275,0.223275,0.100482,0.105000,0.207503,0.093194,0.100364,-0.000000,0.000000,0.021763,3,2
1780631300.786218,proposed,-0.041935,45.043373,0.389581,-0.200511,0.373108,-0.199564,45.107864,0.000000,45.000000,-0.573672,0.286108,0.495779,0,103.845255,0.348795,0.309147,0.203849,0.203849,0.741034,0.000419,0.203849,0.203849,0.027815,0.712800,-0.017498,-0.146418,0.727252,0.015098,0.130786,0.597659,-0.146418,-0.146418,-0.092755,-0.083893,-0.000439,0.000646,0.000099,-0.000439,0.159979,0.438153,1,2
1780631300.816920,proposed,-0.041935,45.043373,0.389581,-0.200511,0.373108,-0.199564,45.107864,0.000000,45.000000,-3.176586,1.486047,0.155305,1,24.186029,0.348795,0.309147,0.203849,0.203849,0.741034,0.000419,0.203849,0.203849,0.027815,0.712800,0.246895,0.143825,0.683151,0.000419,0.027815,0.660768,0.143825,0.143825,0.046710,0.042457,0.139825,0.045710,0.042457,-0.000000,0.000000,0.438153,1,2
1780631300.906909,proposed,-0.018860,45.030752,0.071922,-0.051906,0.765357,-0.314230,45.247507,0.000000,45.000000,-3.189380,2.272975,0.026482,1,15.812291,0.379251,0.340122,0.216053,0.216053,0.844435,0.000882,0.216053,0.216053,0.015124,0.828429,0.328032,0.216053,0.778437,0.000967,0.033807,0.751640,0.216053,0.216053,0.097736,0.093513,0.201494,0.090067,0.088581,-0.000000,0.000000,0.088696,10,2
1780631301.008760,proposed,-0.027614,45.036927,-0.247016,0.175392,1.093130,0.368033,44.843311,0.000000,45.000000,4.380413,-2.331964,-0.041500,1,14.177614,0.462609,0.426858,0.318506,0.318506,0.933793,0.001371,0.318506,0.318506,0.022833,0.909589,0.402544,0.296654,0.856726,0.001448,0.039534,0.824102,0.296654,0.296654,0.121476,0.113494,0.283344,0.115898,0.110040,-0.000000,0.000001,0.302951,3,2
1780631301.102148,proposed,-0.030414,45.042806,0.191026,-0.057805,0.808428,0.364369,44.834968,0.000000,45.000000,2.998294,-1.770256,-0.027319,1,17.418243,0.402521,0.364441,0.254963,0.254963,0.900720,0.001342,0.254963,0.254963,0.019085,0.880294,0.364441,0.254963,0.835094,0.001444,0.038519,0.807844,0.254963,0.254963,0.129529,0.122713,0.245342,0.124144,0.119495,-0.000000,0.000000,0.199580,3,2
1780631301.214252,proposed,0.003680,45.028174,0.490855,-0.234830,0.511498,-0.313570,45.248342,0.000000,45.000000,-4.778951,2.870182,0.008813,1,14.226968,0.330538,0.290895,0.184615,0.184615,0.834020,0.001325,0.184615,0.184615,0.031785,0.800911,0.247658,0.143124,0.778907,0.001325,0.037659,0.746315,0.143124,0.143124,0.041586,0.058327,0.122881,0.031918,0.052092,-0.000000,0.000001,0.544136,10,2
1780631301.303863,proposed,0.028871,45.019042,0.012960,0.052188,0.902161,-0.311173,45.251339,0.000000,45.000000,-3.446231,2.053579,-0.024823,1,16.136988,0.335547,0.295727,0.183781,0.183781,0.853403,0.001106,0.183781,0.183781,0.013889,0.838408,0.295727,0.183781,0.797555,0.001200,0.036596,0.770118,0.183781,0.183781,0.107448,0.106521,0.172883,0.099438,0.100495,-0.000000,0.000000,0.053773,10,2
1780631301.409104,proposed,0.012936,45.034529,-0.331663,0.257546,1.221559,0.367780,44.842717,0.000000,45.000000,4.373378,-2.697096,-0.067757,1,12.871301,0.466396,0.443303,0.324789,0.324789,0.920327,0.001269,0.324789,0.324789,0.027138,0.891920,0.410607,0.302201,0.843341,0.001269,0.037976,0.811151,0.302201,0.302201,0.123567,0.110535,0.292954,0.120058,0.108791,-0.000000,0.000001,0.419917,3,2
1780631301.504261,proposed,0.001636,45.046798,0.105675,-0.012164,0.902857,0.369881,44.847725,0.000000,45.000000,3.140263,-1.922283,-0.043452,1,21.436151,0.437311,0.397606,0.290142,0.290142,0.906315,0.001153,0.290142,0.290142,0.015751,0.889411,0.397606,0.290142,0.835867,0.001252,0.036915,0.808854,0.290142,0.290142,0.137112,0.125764,0.279906,0.131576,0.122486,-0.000000,0.000000,0.106372,3,2
1780631301.616402,proposed,0.027905,45.035970,0.419701,-0.204392,0.603948,-0.309815,45.253011,0.000000,45.000000,-4.634728,2.695765,-0.004461,1,12.671750,0.336971,0.296629,0.184209,0.184209,0.842266,0.001309,0.184209,0.184209,0.028884,0.812073,0.257177,0.151446,0.782762,0.001309,0.038147,0.750221,0.151446,0.151446,0.050131,0.063680,0.131383,0.039925,0.057272,-0.000000,0.000001,0.466824,10,2
1780631301.712996,proposed,0.046701,45.029010,-0.043772,0.065184,0.974613,-0.311309,45.251171,0.000000,45.000000,-3.343563,1.892478,-0.035131,1,16.418862,0.325896,0.285590,0.177589,0.177589,0.851004,0.001161,0.177589,0.177589,0.014764,0.835079,0.285590,0.177589,0.803546,0.001263,0.037123,0.776194,0.177589,0.177589,0.110064,0.111231,0.168953,0.103143,0.105500,-0.000000,0.000000,0.078517,10,2
1780631301.808661,proposed,0.025606,45.044991,-0.378128,0.254432,1.290186,0.369858,44.847667,0.000000,45.000000,4.493014,-2.744496,-0.076839,1,12.201850,0.468708,0.436018,0.324535,0.324535,0.917482,0.001273,0.324535,0.324535,0.028471,0.887739,0.418448,0.304964,0.843700,0.001273,0.037812,0.811427,0.304964,0.304964,0.126470,0.112479,0.293368,0.121975,0.110430,-0.000000,0.000001,0.455759,3,2
1780631301.906190,proposed,0.010259,45.056711,0.071173,-0.020017,0.958554,0.374953,44.860679,0.000000,45.000000,3.270793,-1.863907,-0.050763,1,20.185321,0.456279,0.416450,0.309238,0.309238,0.915676,0.001121,0.309238,0.309238,0.014601,0.899954,0.416450,0.309238,0.843354,0.001220,0.036665,0.816297,0.309238,0.309238,0.143700,0.129983,0.297869,0.137708,0.126400,-0.000000,0.000000,0.073935,3,2
1780631302.016667,proposed,0.033730,45.045390,0.398252,-0.206408,0.659627,-0.306098,45.257495,0.000000,45.000000,-4.548459,2.665151,-0.011273,1,13.014671,0.355467,0.315907,0.193380,0.193380,0.847116,0.001285,0.193380,0.193380,0.028203,0.817629,0.275352,0.166075,0.786427,0.001285,0.037996,0.754073,0.166075,0.166075,0.059716,0.068434,0.144145,0.047600,0.060970,-0.000000,0.000001,0.448564,10,2
1780631302.107532,proposed,0.050813,45.038075,-0.056593,0.060107,1.016614,-0.311101,45.251429,0.000000,45.000000,-3.314920,1.834262,-0.040292,1,16.480337,0.334956,0.294831,0.186392,0.186392,0.854194,0.001155,0.186392,0.186392,0.014907,0.838132,0.294831,0.186392,0.804401,0.001257,0.037035,0.777163,0.186392,0.186392,0.113670,0.113240,0.175226,0.106125,0.107403,-0.000000,0.000000,0.082557,10,2
1780631302.207875,proposed,0.028579,45.053257,-0.388085,0.243533,1.329367,0.373408,44.856591,0.000000,45.000000,4.544518,-2.694649,-0.081248,1,12.840068,0.473243,0.438345,0.328369,0.328369,0.920171,0.001276,0.328369,0.328369,0.028561,0.890334,0.426225,0.310504,0.847549,0.001276,0.037840,0.815245,0.310504,0.310504,0.129901,0.115107,0.295923,0.124026,0.112211,-0.000000,0.000001,0.458169,3,2
1780631302.304402,proposed,0.012493,45.064137,0.066366,-0.025932,0.992008,0.376806,44.865773,0.000000,45.000000,3.292617,-1.854670,-0.054331,1,21.732472,0.457158,0.417120,0.310485,0.310485,0.917042,0.001125,0.310485,0.310485,0.014507,0.901411,0.417120,0.310485,0.842768,0.001224,0.036716,0.815669,0.310485,0.310485,0.144170,0.130145,0.300260,0.138739,0.126963,-0.000000,0.000000,0.071253,3,2
