time_s,controller,x,y,vx,vy,yaw,ref_x,ref_y,goal_x,goal_y,ux,uy,alpha,feasible,solve_ms,clearance_m,d_lower_min,c_body,barrier,gamma_ref,recovery_energy,recoverable_margin,h_R,dynamic_reserve,recoverability_delta,pred_min_d_lower,pred_min_c_body,pred_min_gamma,pred_max_recovery_energy,pred_max_dynamic_reserve,pred_min_delta,pred_min_h_R,pred_min_psi0,pred_min_psi1,pred_min_psi2,pred_min_psi0_constraint,pred_min_psi1_constraint,pred_min_psi2_constraint,solver_constraint_margin,max_safety_slack,speed_mps,obstacle_count,guide_points
1780630751.971672,nmpc_dc,0.000000,-50.000000,0.000000,0.000000,1.570800,0.000000,-48.400000,0.000000,45.000000,-0.000000,7.999991,-0.171058,1,15.859302,inf,inf,inf,inf,inf,0.016640,inf,inf,0.012000,inf,inf,inf,inf,nan,0.000000,inf,inf,inf,inf,inf,inf,inf,inf,-0.000000,0.000001,0.000000,0,2
1780630752.077746,nmpc_dc,0.000000,-50.000000,0.000000,0.000000,1.570800,0.000000,-48.400000,0.000000,45.000000,-0.000000,7.999992,-0.212728,1,14.562020,inf,inf,inf,inf,inf,0.016640,inf,inf,0.012000,inf,inf,inf,inf,nan,0.000000,inf,inf,inf,inf,inf,inf,inf,inf,-0.000000,0.000001,0.000000,0,2
1780630752.170923,nmpc_dc,0.000000,-50.000000,0.000000,0.000000,1.570800,0.000000,-48.400000,0.000000,45.000000,-0.000000,7.999992,-0.221782,1,14.732246,inf,inf,inf,inf,inf,0.016640,inf,inf,0.012000,inf,inf,inf,inf,nan,0.000000,inf,inf,inf,inf,inf,inf,inf,inf,-0.000000,0.000001,0.000000,0,2
1780630752.275120,nmpc_dc,-0.000000,-49.960000,-0.000000,0.799999,1.570799,0.000000,-48.360000,0.000000,45.000000,-0.000000,7.999980,-0.222623,1,14.022632,inf,inf,inf,inf,inf,0.017408,inf,inf,0.041600,inf,inf,inf,inf,nan,0.000000,inf,inf,inf,inf,inf,inf,inf,inf,-0.000000,0.000000,0.799999,0,2
1780630752.361878,nmpc_dc,-0.000000,-49.840000,-0.000000,1.599997,1.570798,0.000000,-48.240000,0.000000,45.000000,0.000000,7.751393,-0.221388,1,5.344420,inf,inf,inf,inf,inf,0.019712,inf,inf,0.074400,inf,inf,inf,inf,nan,0.000000,inf,inf,inf,inf,inf,inf,inf,inf,-0.000000,0.000000,1.599997,0,2
1780630752.676981,nmpc_dc,-0.000000,-49.641244,-0.000000,2.375137,1.570798,-0.256676,-48.061966,0.000000,45.000000,-2.286239,4.107337,-0.219679,1,4.901439,1.215066,1.259047,1.145093,1.145093,1.253178,0.023410,1.110449,1.110449,0.109233,1.120536,1.175581,1.069512,inf,nan,0.000000,1.069512,1.069512,1.069512,0.349542,0.050652,1.069512,0.349542,0.050652,-0.000000,0.000000,2.375137,10,4
1780630752.696822,nmpc_dc,-0.011431,-49.383193,-0.228624,2.785870,1.577184,-0.297831,-47.808747,0.000000,45.000000,-1.708309,1.966669,-0.218521,1,4.755692,1.273831,1.295424,1.171030,1.171030,1.301365,0.026022,1.136037,1.136037,0.129367,1.145976,1.240261,1.122271,inf,nan,0.000000,1.122271,1.122271,1.122271,0.350295,0.077616,1.122271,0.350295,0.077616,-0.000000,0.000000,2.795236,10,4
1780630752.716595,nmpc_dc,-0.011431,-49.383193,-0.228624,2.785870,1.577184,-0.297831,-47.808747,0.000000,45.000000,-1.664788,1.805449,-0.216849,1,4.649959,1.273831,1.295424,1.171030,1.171030,1.301365,0.026022,1.136037,1.136037,0.129367,1.145976,1.240261,1.122271,inf,nan,0.000000,1.122271,1.122271,1.122271,0.350143,0.077466,1.122271,0.350144,0.077467,-0.000000,0.000000,2.795236,10,4
1780630752.763513,nmpc_dc,-0.042618,-49.095579,-0.395103,2.966415,1.643175,-0.344176,-47.523596,0.000000,45.000000,-1.057535,0.969932,-0.222228,1,3.001451,1.283242,1.331382,1.206039,1.206039,1.370172,0.027400,1.185011,1.185011,0.139131,1.203641,1.243242,1.135733,inf,nan,0.000000,1.135733,1.135733,1.135733,0.358463,0.083270,1.135733,0.358464,0.083271,-0.000000,0.000000,2.992612,10,4
1780630752.894439,nmpc_dc,-0.087415,-48.794088,-0.500856,3.063408,1.697168,-0.393069,-47.222770,0.000000,45.000000,-0.578831,0.470529,-0.228029,1,6.702987,1.301170,1.345328,1.222741,1.222741,0.747786,0.028218,0.574837,0.574837,0.144731,0.574837,0.465380,0.361955,inf,nan,0.000000,0.361955,0.361955,0.361955,0.056030,-0.176918,0.361956,0.056031,-0.176917,-0.000000,0.000000,3.104082,10,4
1780630752.967956,nmpc_dc,-0.140395,-48.485394,-0.558739,3.110461,1.730461,-0.443312,-46.913632,0.000000,45.000000,-0.261462,0.228013,-0.231644,1,2.853929,1.324333,1.364775,1.251674,1.251674,0.690699,0.028639,0.514483,0.514483,0.147577,0.514483,0.300006,0.191684,inf,nan,0.000000,0.191684,0.191684,0.191684,0.022981,-0.215578,0.191684,0.022982,-0.215578,-0.000000,0.000000,3.160247,10,4
1780630753.075343,nmpc_dc,-0.197576,-48.173208,-0.584886,3.133263,1.746748,-0.494217,-46.600426,0.000000,45.000000,-0.065583,0.117623,-0.232837,1,3.076398,1.400842,1.306321,1.190678,1.190678,0.663678,0.028842,0.485879,0.485879,0.148957,0.485879,0.216677,0.113050,inf,nan,0.000000,0.113050,0.113050,0.113050,-0.016386,-0.060638,0.113051,-0.016385,-0.060638,-0.000000,0.000000,3.187385,10,4
1780630753.178849,nmpc_dc,-0.256393,-47.859294,-0.591444,3.145025,1.752448,-0.545437,-46.285277,0.000000,45.000000,0.045946,0.068101,-0.232263,1,3.175284,1.106381,1.013222,0.902281,0.902281,0.668766,0.028936,0.490222,0.490222,0.149608,0.490222,0.223220,0.121225,inf,nan,0.000000,0.121225,0.121225,0.121225,-0.043269,-0.046100,0.121226,-0.043268,-0.046099,-0.000000,0.000000,3.200154,10,4
1780630753.290099,nmpc_dc,-0.315308,-47.544451,-0.586849,3.151835,1.752461,-0.596807,-45.969208,0.000000,45.000000,0.101140,0.045065,-0.230633,1,4.328892,0.823315,0.737871,0.631289,0.631289,0.664012,0.028978,0.484957,0.484957,0.149906,0.485128,0.239758,0.126469,inf,nan,0.000000,0.126469,0.126469,0.126469,-0.060164,-0.037579,0.126469,-0.060164,-0.037579,-0.000000,0.000000,3.206003,10,4
1780630753.376029,nmpc_dc,-0.373487,-47.229042,-0.576735,3.156342,1.749835,-0.648248,-45.652704,0.000000,45.000000,0.120403,0.033080,-0.228461,1,3.576903,0.568239,0.505538,0.401780,0.401780,0.662948,0.028996,0.400211,0.400211,0.150039,0.483912,0.230735,0.129180,inf,nan,0.000000,0.129180,0.129180,0.129180,-0.066409,-0.071500,0.129181,-0.066409,-0.071500,-0.000000,0.000000,3.208600,10,4
1780630753.487322,nmpc_dc,-0.430558,-46.913242,-0.564695,3.159650,1.746292,-0.699722,-45.335994,0.000000,45.000000,0.118251,0.025597,-0.226067,1,4.341957,0.383761,0.389510,0.275585,0.275585,0.703358,0.029004,0.275580,0.275580,0.150096,0.524258,0.258351,0.154643,inf,nan,0.000000,0.154643,0.154643,0.154643,-0.014104,-0.040504,0.154644,-0.014104,-0.040503,-0.000000,0.000000,3.209714,10,4
1780630753.580616,nmpc_dc,-0.486437,-46.597149,-0.552870,3.162209,1.742740,-0.751212,-45.019188,0.000000,45.000000,-0.746638,-0.273060,-0.223634,1,3.323498,0.343074,0.390568,0.278676,0.278676,0.620000,0.029007,0.278578,0.278578,0.150119,0.440874,0.093619,-0.018026,inf,nan,0.000000,-0.018026,-0.018026,-0.018026,-0.109767,-0.176193,-0.018025,-0.109767,-0.176192,-0.000000,0.000001,3.210176,10,4
1780630753.689682,nmpc_dc,-0.545457,-46.282294,-0.627534,3.134903,1.740770,-0.802586,-44.703090,0.000000,45.000000,-0.573464,0.044217,-0.221377,1,3.737043,0.363881,0.279834,0.165121,0.165121,0.734283,0.028906,0.165121,0.165121,0.149452,0.555925,0.081140,-0.019065,inf,nan,0.000000,-0.019065,-0.019065,-0.019065,-0.129630,-0.199586,-0.019063,-0.129629,-0.199585,-0.000000,0.000002,3.197095,10,4
1780630753.786841,nmpc_dc,-0.611077,-45.968582,-0.684880,3.139325,1.735258,-0.853950,-44.387061,0.000000,45.000000,-6.235469,-5.011878,-0.218777,1,8.837558,0.377339,0.298446,0.193684,0.193684,0.620000,0.029031,0.193679,0.193679,0.150272,0.440698,0.085718,-0.021803,inf,nan,0.000000,-0.021803,-0.021803,-0.021803,-0.084702,-0.083863,-0.018085,-0.084702,-0.082242,-0.000000,0.003887,3.213164,10,4
1780630753.897853,nmpc_dc,-0.710743,-45.679709,-1.308427,2.638137,1.917431,-0.902256,-44.089841,0.000000,45.000000,-4.857336,-6.356594,-0.236562,1,10.830161,0.427669,0.326772,0.213359,0.213359,0.743914,0.027074,0.213359,0.213359,0.136747,0.580093,0.035916,-0.090821,inf,nan,0.000000,-0.090821,-0.090821,-0.090821,-0.129155,0.009483,-0.015010,-0.129155,0.029944,-0.000000,0.080169,2.944783,10,4
1780630753.987027,nmpc_dc,-0.865872,-45.447679,-1.794160,2.002478,2.024047,-0.942990,-43.839218,0.000000,45.000000,7.094887,3.497020,-0.251103,1,9.818616,0.384057,0.343812,0.238356,0.238356,0.620000,0.025530,0.238347,0.238347,0.124176,0.470295,0.044464,-0.081366,inf,nan,0.000000,-0.081366,-0.081366,-0.081366,-0.093401,-0.017069,-0.013693,-0.093400,-0.003494,-0.000000,0.070837,2.688667,10,4
1780630754.090089,nmpc_dc,-1.009814,-45.229946,-1.084672,2.352180,1.889383,-0.981171,-43.604296,0.000000,45.000000,0.459073,2.502880,-0.238465,1,5.358658,0.408782,0.354752,0.236523,0.236523,0.664380,0.025234,0.236521,0.236521,0.119431,0.519715,0.043440,-0.082212,inf,nan,0.000000,-0.082212,-0.082212,-0.082212,-0.130613,-0.046319,-0.012530,-0.105367,-0.010897,-0.000000,0.070844,2.590224,10,4
1780630754.181222,nmpc_dc,-1.115986,-44.982213,-1.038765,2.602468,1.724205,-1.023130,-43.346127,0.000000,45.000000,2.952583,2.946541,-0.215792,1,3.974628,0.343127,0.266836,0.163530,0.163530,0.779943,0.026877,0.163530,0.163530,0.129704,0.623361,0.099087,-0.003179,inf,nan,0.000000,-0.003179,-0.003179,-0.003179,-0.096598,0.043433,-0.002345,-0.096598,0.043777,-0.000000,0.000834,2.802119,10,4
1780630754.292305,nmpc_dc,-1.205099,-44.707234,-0.743506,2.897122,1.690744,-1.068965,-43.064114,0.000000,45.000000,4.735280,1.997086,-0.205110,1,3.154822,0.384243,0.350654,0.244241,0.244241,0.918372,0.028405,0.244241,0.244241,0.139050,0.750917,0.235074,0.124657,inf,nan,0.000000,0.124657,0.124657,0.124657,-0.041249,0.062545,0.124657,-0.041248,0.062546,-0.000000,0.000000,2.991006,10,4
1780630754.379989,nmpc_dc,-1.255773,-44.407536,-0.269978,3.096830,1.657536,-1.117725,-42.764105,0.000000,45.000000,2.784624,1.041854,-0.197508,1,2.899801,0.432821,0.352852,0.240285,0.240285,0.965734,0.029275,0.240285,0.240285,0.144958,0.791500,0.400712,0.281554,inf,nan,0.000000,0.281554,0.281554,0.281554,0.129898,0.041927,0.281554,0.129898,0.041928,-0.000000,0.000000,3.108576,10,4
1780630754.489155,nmpc_dc,-1.268848,-44.092644,0.008484,3.201016,1.592143,-1.167923,-42.455246,0.000000,45.000000,1.070982,0.453702,-0.187220,1,3.362220,0.339112,0.307521,0.199313,0.199313,1.113687,0.029789,0.199313,0.199313,0.149652,0.934245,0.298605,0.195788,inf,nan,0.000000,0.195788,0.195788,0.195788,0.237353,0.066403,0.195788,0.237354,0.066404,-0.000000,0.000000,3.201027,10,4
1780630754.579113,nmpc_dc,-1.262645,-43.770274,0.115582,3.246386,1.551774,-1.218809,-42.142155,0.000000,45.000000,-0.041972,0.125366,-0.179052,1,3.468822,0.594924,0.647996,0.535982,0.535982,1.174241,0.029905,0.535982,0.535982,0.152076,0.992259,0.577465,0.467342,inf,nan,0.000000,0.467342,0.467342,0.467342,0.201187,0.025544,0.467342,0.201187,0.025544,-0.000000,0.000000,3.248443,10,4
1780630754.688243,nmpc_dc,-1.251296,-43.445008,0.111385,3.258923,1.547374,-1.270021,-41.827057,0.000000,45.000000,-0.664384,-0.045576,-0.175383,1,4.335198,0.672075,0.692119,0.580724,0.580724,1.204325,0.029777,0.580724,0.580724,0.152711,1.021836,0.641248,0.528326,inf,nan,0.000000,0.528326,0.528326,0.528326,0.302882,-0.011804,0.528326,0.302882,-0.011804,-0.000000,0.000000,3.260825,10,4
1780630754.779507,nmpc_dc,-1.243480,-43.119344,0.044947,3.254365,1.566954,-1.321387,-41.511012,0.000000,45.000000,-0.943483,-0.123895,-0.175474,1,3.553518,0.792435,0.781564,0.675718,0.675718,1.252507,0.029565,0.675718,0.675718,0.152396,1.070547,0.777042,0.672710,inf,nan,0.000000,0.672710,0.672710,0.672710,0.367979,0.017376,0.672710,0.367980,0.017377,-0.000000,0.000000,3.254675,10,4
1780630754.892603,nmpc_dc,-1.243702,-42.794527,-0.049402,3.241975,1.596668,-1.372826,-41.194519,0.000000,45.000000,-1.001879,-0.148939,-0.177608,1,8.297957,0.981343,0.962939,0.858407,0.858407,1.325780,0.029364,0.858406,0.858406,0.151764,1.144652,0.996985,0.888376,inf,nan,0.000000,0.888376,0.888376,0.888376,0.385837,0.001926,0.888376,0.385837,0.001926,-0.000000,0.000000,3.242352,10,4
1780630754.977435,nmpc_dc,-1.253652,-42.471074,-0.149589,3.227082,1.627692,-1.424299,-40.877815,0.000000,45.000000,-0.931400,-0.144823,-0.180382,1,3.400196,1.225818,1.205246,1.097686,1.097686,1.421692,0.029213,1.097499,1.097499,0.151160,1.241319,1.260291,1.145865,inf,nan,0.000000,1.145865,1.145865,1.145865,0.397400,0.059642,1.145865,0.397400,0.059642,-0.000000,0.000000,3.230547,10,4
1780630755.086922,nmpc_dc,-1.273268,-42.149090,-0.242729,3.212599,1.655723,-1.475789,-40.561011,0.000000,45.000000,-0.796546,-0.126368,-0.182972,1,4.971767,1.370132,1.426968,1.302173,1.302173,1.534879,0.029115,1.298004,1.298004,0.150711,1.355053,1.330132,1.224302,inf,nan,0.000000,1.224302,1.224302,1.224302,0.401081,0.136289,1.224303,0.401081,0.136289,-0.000000,0.000000,3.221756,10,4
1780630755.162749,nmpc_dc,-1.301524,-41.828462,-0.322384,3.199963,1.679107,-1.527286,-40.244160,0.000000,45.000000,-0.639819,-0.102529,-0.184993,1,3.134735,1.403707,1.431532,1.318957,1.318957,1.660559,0.029059,1.318859,1.318859,0.150425,1.481075,1.364592,1.258093,inf,nan,0.000000,1.258093,1.258093,1.258093,0.476101,0.151533,1.258093,0.476101,0.151534,-0.000000,0.000000,3.216161,10,4
1780630755.287720,nmpc_dc,-1.336961,-41.508978,-0.386366,3.189710,1.697527,-1.578786,-39.927287,0.000000,45.000000,-0.487078,-0.078475,-0.186319,1,3.072365,1.502396,1.497847,1.387505,1.387505,1.795100,0.029030,1.387495,1.387495,0.150265,1.615806,1.470265,1.356766,inf,nan,0.000000,1.356766,1.356766,1.356766,0.559152,0.167511,1.356766,0.559153,0.167512,-0.000000,0.000000,3.213025,10,4
1780630755.377021,nmpc_dc,-1.378033,-41.190400,-0.435074,3.181862,1.711318,-1.630289,-39.610404,0.000000,45.000000,-0.352267,-0.056928,-0.186958,1,3.580657,1.655000,1.619669,1.513695,1.513695,1.935929,0.029016,1.513689,1.513689,0.150185,1.756727,1.617811,1.508888,inf,nan,0.000000,1.508888,1.508888,1.508888,0.645757,0.184080,1.508889,0.645758,0.184080,-0.000000,0.000000,3.211469,10,4
1780630755.484809,nmpc_dc,-1.423302,-40.872498,-0.470300,3.176169,1.721120,-1.681792,-39.293516,0.000000,45.000000,-0.241275,-0.039061,-0.186987,1,3.855655,1.847753,1.791888,1.687196,1.687196,2.081287,0.029011,1.687180,1.687180,0.150151,1.902124,1.807960,1.701979,inf,nan,0.000000,1.701979,1.701979,1.701979,0.733807,0.201112,1.701979,0.733807,0.201112,-0.000000,0.000000,3.210800,10,4
1780630755.564103,nmpc_dc,-1.471538,-40.555077,-0.494428,3.172263,1.727691,-1.733295,-38.976625,0.000000,45.000000,-0.154909,-0.025116,-0.186512,1,3.963779,1.438094,1.431235,1.321463,1.321463,0.649502,0.029009,0.470354,0.470354,0.150139,0.470354,0.348928,0.243445,inf,nan,0.000000,0.243445,0.243445,0.243445,0.007057,-0.288388,0.243446,0.007058,-0.288387,-0.000000,0.000000,3.210563,10,4
1780630755.689929,nmpc_dc,-1.521756,-40.237976,-0.509919,3.169752,1.731784,-1.784799,-38.659733,0.000000,45.000000,-0.031439,-0.076472,-0.185643,1,2.916890,1.678038,1.578006,1.462702,1.462702,0.620000,0.029009,0.440855,0.440855,0.150136,0.440855,0.092310,-0.013412,inf,nan,0.000000,-0.013412,-0.013412,-0.013412,-0.058336,-0.047917,-0.013412,-0.058335,-0.047917,-0.000000,0.000001,3.210505,10,4
1780630755.792148,nmpc_dc,-1.572905,-39.921383,-0.513063,3.162104,1.734105,-1.836246,-38.343189,0.000000,45.000000,0.931030,-0.180551,-0.184489,1,8.931903,1.371120,1.273599,1.157625,1.157625,0.620000,0.028955,0.441269,0.441269,0.149776,0.441269,0.080645,-0.018650,inf,nan,0.000000,-0.018650,-0.018650,-0.018650,-0.071973,-0.062064,-0.018649,-0.071972,-0.062063,-0.000000,0.000004,3.203457,10,4
1780630755.881578,nmpc_dc,-1.619556,-39.606075,-0.419960,3.144049,1.732188,-1.887374,-38.028609,0.000000,45.000000,2.483641,0.118406,-0.182810,1,6.388542,1.069595,0.968523,0.853338,0.853338,0.620000,0.028715,0.443113,0.443113,0.148173,0.443113,0.080098,-0.019207,inf,nan,0.000000,-0.019207,-0.019207,-0.019207,-0.103954,-0.067733,-0.018627,-0.103953,-0.067733,-0.000000,0.000580,3.171973,10,4
1780630755.980306,nmpc_dc,-1.649134,-39.291078,-0.171596,3.155890,1.728872,-1.938014,-37.717035,0.000000,45.000000,2.067985,0.211464,-0.180849,1,4.612014,0.768872,0.667146,0.553665,0.553665,0.620000,0.028634,0.443170,0.443170,0.147592,0.443774,0.088136,-0.017588,inf,nan,0.000000,-0.017588,-0.017588,-0.017588,-0.131533,-0.053449,-0.017587,-0.131533,-0.053449,-0.000000,0.000001,3.160552,10,4
1780630756.093603,nmpc_dc,-1.655953,-38.974432,0.035203,3.177036,1.738795,-1.988328,-37.407458,0.000000,45.000000,1.094111,-0.643349,-0.180288,1,6.531989,0.481130,0.386672,0.274981,0.274981,0.744669,0.028792,0.274980,0.274980,0.148440,0.567437,0.080707,-0.020737,inf,nan,0.000000,-0.020737,-0.020737,-0.020737,-0.135952,0.017465,-0.018019,-0.135951,0.018824,-0.000000,0.002718,3.177231,10,4
1780630756.172279,nmpc_dc,-1.646962,-38.659945,0.144614,3.112701,1.753112,-2.037894,-37.102488,0.000000,45.000000,-4.041587,0.006784,-0.180555,1,4.466049,0.447137,0.430179,0.321343,0.321343,0.958340,0.028412,0.321343,0.321343,0.145337,0.784591,0.351335,0.248373,inf,nan,0.000000,0.248373,0.248373,0.248373,0.035325,0.077497,0.248374,0.035326,0.077498,-0.000000,0.000001,3.116059,10,4
1780630756.277157,nmpc_dc,-1.652709,-38.348641,-0.259545,3.113380,1.757072,-2.087336,-36.798286,0.000000,45.000000,-3.023499,-0.010521,-0.179892,1,6.420286,0.429566,0.477382,0.368916,0.368916,1.113122,0.028564,0.368916,0.368916,0.145748,0.938811,0.389566,0.286361,inf,nan,0.000000,0.286361,0.286361,0.286361,0.130277,0.094652,0.286362,0.130277,0.094653,-0.000000,0.000000,3.124180,10,4
1780630756.368086,nmpc_dc,-1.693781,-38.037356,-0.561895,3.112328,1.785518,-2.137683,-36.488508,0.000000,45.000000,-1.687331,-0.020584,-0.181671,1,6.039201,0.439109,0.464964,0.357125,0.357125,1.185618,0.028877,0.357125,0.357125,0.147698,1.009043,0.400920,0.296287,inf,nan,0.000000,0.296287,0.296287,0.296287,0.235980,-0.025480,0.296288,0.235980,-0.025480,-0.000000,0.000000,3.162643,10,4
1780630756.489287,nmpc_dc,-1.758407,-37.726226,-0.730628,3.110269,1.814331,-2.188612,-36.175152,0.000000,45.000000,-0.715708,0.007623,-0.184090,1,4.726452,0.362278,0.295446,0.192281,0.192281,1.150971,0.029090,0.192281,0.192281,0.149342,0.972540,0.324406,0.219590,inf,nan,0.000000,0.219590,0.219590,0.219590,0.294362,-0.071220,0.219591,0.294362,-0.071220,-0.000000,0.000000,3.194932,10,4
1780630756.573683,nmpc_dc,-1.835048,-37.415161,-0.802198,3.111032,1.827834,-2.239840,-35.859956,0.000000,45.000000,-0.098479,0.043152,-0.184985,1,3.456850,0.467831,0.450856,0.340039,0.340039,1.274310,0.029173,0.340039,0.340039,0.150253,1.094885,0.508196,0.401295,inf,nan,0.000000,0.401295,0.401295,0.401295,0.399165,-0.041993,0.401295,0.399166,-0.041993,-0.000000,0.000000,3.212793,10,4
1780630756.683744,nmpc_dc,-1.915761,-37.103842,-0.812046,3.115347,1.826452,-2.291213,-35.543869,0.000000,45.000000,0.253046,0.069144,-0.183873,1,4.429209,0.789217,0.751404,0.636030,0.636030,1.220876,0.029172,0.636030,0.636030,0.150592,1.041111,0.817262,0.704377,inf,nan,0.000000,0.704377,0.704377,0.704377,0.315732,-0.104632,0.704378,0.315733,-0.104632,-0.000000,0.000000,3.219442,10,4
1780630756.777508,nmpc_dc,-1.995700,-36.791961,-0.786742,3.122261,1.815760,-2.342655,-35.227357,0.000000,45.000000,0.421021,0.081663,-0.181252,1,3.971508,1.111102,1.057593,0.944511,0.944511,1.271299,0.029135,0.944345,0.944345,0.150614,1.091549,1.128893,1.015970,inf,nan,0.000000,1.015970,1.015970,1.015970,0.315090,-0.103841,1.015971,0.315090,-0.103840,-0.000000,0.000000,3.219857,10,4
1780630756.883710,nmpc_dc,-2.072269,-36.479327,-0.744640,3.130428,1.800978,-2.394130,-34.910644,0.000000,45.000000,0.470299,0.082684,-0.177825,1,6.849371,1.381804,1.370758,1.247933,1.247933,1.348479,0.029093,1.167137,1.167137,0.150507,1.168879,1.286436,1.179198,inf,nan,0.000000,1.179198,1.179198,1.179198,0.314809,0.109916,1.179199,0.314809,0.109917,-0.000000,0.000000,3.217773,10,4
1780630756.977407,nmpc_dc,-2.144381,-36.165871,-0.697610,3.138696,1.785585,-2.445620,-34.593836,0.000000,45.000000,0.448931,0.075912,-0.174152,1,4.763196,1.324416,1.372789,1.256444,1.256444,1.447519,0.029059,1.241869,1.241869,0.150380,1.268080,1.286436,1.179198,inf,nan,0.000000,1.179198,1.179198,1.179198,0.364213,0.127506,1.179199,0.364213,0.127506,-0.000000,0.000000,3.215287,10,4
1780630757.088736,nmpc_dc,-2.211898,-35.851622,-0.652717,3.146287,1.771510,-2.497117,-34.276983,0.000000,45.000000,0.390727,0.064893,-0.170585,1,6.193582,1.334742,1.373266,1.260580,1.260580,1.301588,0.029036,1.122050,1.122050,0.150278,1.122274,1.302887,1.189651,inf,nan,0.000000,1.189651,1.189651,1.189651,0.373809,-0.016185,1.189652,0.373809,-0.016185,-0.000000,0.000000,3.213279,10,4
1780630757.176617,nmpc_dc,-2.275216,-35.536668,-0.613644,3.152777,1.759633,-2.548618,-33.960109,0.000000,45.000000,0.318151,0.052353,-0.167307,1,4.957871,1.380222,1.421944,1.308437,1.308437,0.667157,0.029022,0.487926,0.487926,0.150209,0.487926,0.283199,0.173092,inf,nan,0.000000,0.173092,0.173092,0.173092,-0.001202,-0.253174,0.173092,-0.001201,-0.253173,-0.000000,0.000000,3.211940,10,4
1780630757.292881,nmpc_dc,-2.334990,-35.221129,-0.581829,3.158012,1.750195,-2.600120,-33.643226,0.000000,45.000000,0.245099,0.040122,-0.164387,1,9.451576,1.481302,1.441866,1.325701,1.325701,0.620000,0.029014,0.440816,0.440816,0.150170,0.440816,0.098732,-0.004349,inf,nan,0.000000,-0.004349,-0.004349,-0.004349,-0.042104,-0.065859,-0.004349,-0.042104,-0.065859,-0.000000,0.000000,3.211162,10,4
1780630757.377600,nmpc_dc,-2.391947,-34.905127,-0.557319,3.162024,1.743079,-2.651623,-33.326337,0.000000,45.000000,0.103399,0.010352,-0.161828,1,7.698961,1.233904,1.134787,1.019810,1.019810,0.620000,0.029011,0.440840,0.440840,0.150149,0.440840,0.090526,-0.014896,inf,nan,0.000000,-0.014896,-0.014896,-0.014896,-0.082904,-0.064248,-0.014896,-0.082904,-0.064247,-0.000000,0.000000,3.210763,10,4
1780630757.485933,nmpc_dc,-2.447162,-34.588873,-0.546979,3.163059,1.737976,-2.703121,-33.009479,0.000000,45.000000,0.043746,-0.000874,-0.159593,1,8.946547,0.927877,0.832984,0.718498,0.718498,0.620000,0.029005,0.440883,0.440883,0.150110,0.440885,0.090877,-0.014959,inf,nan,0.000000,-0.014959,-0.014959,-0.014959,-0.111568,-0.064003,-0.014959,-0.111568,-0.064003,-0.000000,0.000000,3.210005,10,4
1780630757.572646,nmpc_dc,-2.501641,-34.272571,-0.542605,3.162972,1.734389,-2.754608,-32.692691,0.000000,45.000000,-1.341296,0.022250,-0.157624,1,3.513988,0.377396,0.338269,0.232712,0.232712,0.677226,0.028999,0.232710,0.232710,0.150068,0.498159,0.082794,-0.016584,inf,nan,0.000000,-0.016584,-0.016584,-0.016584,-0.131009,-0.158626,-0.016581,-0.131008,-0.158625,-0.000000,0.000003,3.209176,10,4
1780630757.693107,nmpc_dc,-2.562608,-33.956163,-0.676734,3.165197,1.728538,-2.806279,-32.374772,0.000000,45.000000,0.732506,0.037065,-0.155484,1,4.195463,0.367178,0.293969,0.169456,0.169456,0.733744,0.029213,0.169456,0.169456,0.151477,0.553054,0.103552,0.002612,inf,nan,0.000000,0.002612,0.002612,0.002612,-0.124488,0.009104,0.002613,-0.124488,0.009105,-0.000000,0.000000,3.236733,10,4
1780630757.780990,nmpc_dc,-2.626619,-33.639458,-0.603484,3.168903,1.725288,-2.858075,-32.056082,0.000000,45.000000,3.676415,-0.285264,-0.153598,1,4.998959,0.419243,0.379190,0.273870,0.273870,0.620000,0.029132,0.273785,0.273785,0.150920,0.439948,0.081584,-0.019304,inf,nan,0.000000,-0.019304,-0.019304,-0.019304,-0.068092,-0.041286,-0.018746,-0.068092,-0.041007,-0.000000,0.000558,3.225855,10,4
1780630757.891929,nmpc_dc,-2.668585,-33.323994,-0.235842,3.140377,1.692813,-2.909107,-31.742091,0.000000,45.000000,4.046180,-0.474762,-0.148606,1,5.753595,0.367701,0.364070,0.252244,0.252244,0.620000,0.028543,0.252210,0.252210,0.147017,0.444440,0.101010,-0.009162,inf,nan,0.000000,-0.009162,-0.009162,-0.009162,-0.049478,-0.018322,-0.009161,-0.049478,-0.017077,-0.000000,0.002490,3.149220,10,4
1780630757.979376,nmpc_dc,-2.671938,-33.012330,0.168776,3.092901,1.672443,-2.958544,-31.437917,0.000000,45.000000,0.888772,-0.144935,-0.144187,1,3.968409,0.331330,0.284583,0.171640,0.171640,0.749085,0.028159,0.171640,0.171640,0.144399,0.576527,0.086420,-0.015548,inf,nan,0.000000,-0.015548,-0.015548,-0.015548,-0.072980,-0.043030,-0.013011,-0.071712,-0.041761,-0.000000,0.002537,3.097502,10,4
1780630758.090830,nmpc_dc,-2.650617,-32.703765,0.257653,3.078407,1.713165,-3.006855,-31.140669,0.000000,45.000000,-4.249819,0.246770,-0.146593,1,3.689643,0.425709,0.347130,0.242370,0.242370,1.325069,0.028158,0.242370,0.242370,0.143978,1.152933,0.388611,0.272974,inf,nan,0.000000,0.272974,0.272974,0.272974,0.195415,0.118952,0.272975,0.195416,0.118953,-0.000000,0.000001,3.089171,10,4
1780630758.178394,nmpc_dc,-2.646101,-32.394690,-0.167329,3.103084,1.720373,-3.055679,-30.840264,0.000000,45.000000,-3.225421,0.089513,-0.147040,1,3.498368,0.386658,0.334138,0.230114,0.230114,1.430091,0.028385,0.230114,0.230114,0.144909,1.256798,0.345828,0.243283,inf,nan,0.000000,0.243283,0.243283,0.243283,0.308758,0.129756,0.243283,0.308758,0.129756,-0.000000,0.000000,3.107592,10,4
1780630758.283441,nmpc_dc,-2.678961,-32.083934,-0.489871,3.112036,1.757389,-3.105731,-30.532302,0.000000,45.000000,-1.869656,0.013049,-0.150240,1,4.470874,0.335829,0.334189,0.221910,0.221910,1.290031,0.028743,0.221910,0.221910,0.147074,1.114214,0.296397,0.193733,inf,nan,0.000000,0.193733,0.193733,0.193733,0.259149,0.114987,0.193733,0.259149,0.114987,-0.000000,0.000000,3.150355,10,4
1780630758.378324,nmpc_dc,-2.737296,-31.772665,-0.676836,3.113340,1.794308,-3.156520,-30.219806,0.000000,45.000000,-0.870411,0.012422,-0.154098,1,3.362899,0.365304,0.300253,0.197049,0.197049,1.386943,0.028997,0.197049,0.197049,0.148890,1.209056,0.329019,0.223014,inf,nan,0.000000,0.223014,0.223014,0.223014,0.330340,0.125903,0.223015,0.330340,0.125904,-0.000000,0.000000,3.186063,10,4
1780630758.482770,nmpc_dc,-2.809332,-31.461269,-0.763877,3.114583,1.814457,-3.207682,-29.905018,0.000000,45.000000,-0.222865,0.037077,-0.156269,1,4.962684,0.631025,0.541652,0.434367,0.434367,1.552558,0.029115,0.434367,0.434367,0.149951,1.373492,0.590529,0.486450,inf,nan,0.000000,0.486450,0.486450,0.486450,0.436384,0.144856,0.486450,0.436385,0.144857,-0.000000,0.000000,3.206888,10,4
1780630758.574456,nmpc_dc,-2.886834,-31.149626,-0.786164,3.118290,1.818072,-3.259024,-29.589122,0.000000,45.000000,0.157841,0.060345,-0.156204,1,3.107078,1.157560,1.064642,0.952585,0.952585,1.832920,0.029139,0.952585,0.952585,0.150410,1.653371,1.120274,1.013051,inf,nan,0.000000,1.013051,1.013051,1.013051,0.603403,0.177198,1.013051,0.603404,0.177199,-0.000000,0.000000,3.215865,10,4
1780630758.685315,nmpc_dc,-2.964661,-30.837495,-0.770380,3.124325,1.810880,-3.310451,-29.272701,0.000000,45.000000,0.351592,0.073528,-0.154403,1,2.906262,1.458457,1.362721,1.246824,1.246824,1.998831,0.029119,1.246824,1.246824,0.150514,1.819198,1.422699,1.312539,inf,nan,0.000000,1.312539,1.312539,1.312539,0.700703,0.196334,1.312539,0.700703,0.196334,-0.000000,0.000000,3.217902,10,4
1780630758.790015,nmpc_dc,-3.039941,-30.524695,-0.735221,3.131678,1.798422,-3.361919,-28.956031,0.000000,45.000000,0.422211,0.076353,-0.151607,1,4.046510,1.765126,1.665171,1.550521,1.550521,2.164954,0.029086,1.550521,1.550521,0.150459,1.985409,1.732232,1.619480,inf,nan,0.000000,1.619480,1.619480,1.619480,0.797480,0.215503,1.619480,0.797481,0.215504,-0.000000,0.000000,3.216824,10,4
1780630758.890096,nmpc_dc,-3.111352,-30.211145,-0.693000,3.139313,1.784506,-3.384000,-28.636869,0.000000,45.000000,0.679496,0.092662,-0.148421,1,3.078308,2.076782,1.973478,1.860135,1.860135,2.331112,0.028995,1.860134,1.860134,0.150360,2.151756,2.045947,1.931116,inf,nan,0.000000,1.931116,1.931116,1.931116,0.894050,0.234695,1.931117,0.894050,0.234696,-0.000000,0.000000,3.214893,10,4
1780630758.978756,nmpc_dc,-3.177254,-29.896751,-0.625050,3.148579,1.761017,-3.384000,-28.315974,0.000000,45.000000,0.984244,0.110657,-0.144115,1,3.068759,2.391676,2.285648,2.173290,2.173290,2.497160,0.028885,2.173111,2.173111,0.150111,2.318163,2.359946,2.245831,inf,nan,0.000000,2.245831,2.245831,2.245831,0.990545,0.253911,2.245831,0.990546,0.253912,-0.000000,0.000000,3.210022,10,4
1780630759.078496,nmpc_dc,-3.234838,-29.581339,-0.526625,3.159645,1.727467,-3.384000,-27.995410,0.000000,45.000000,1.083195,0.108787,-0.138461,1,4.887685,2.708680,2.600515,2.488895,2.488895,2.663075,0.028806,2.466811,2.466811,0.149765,2.484504,2.675872,2.562627,inf,nan,0.000000,2.562627,2.562627,2.562627,1.086911,0.273114,2.562627,1.086911,0.273115,-0.000000,0.000000,3.203231,10,4
1780630759.173309,nmpc_dc,-3.282085,-29.264831,-0.418306,3.170524,1.692608,-3.384000,-27.675421,0.000000,45.000000,1.030649,0.091354,-0.132364,1,3.058993,3.026981,2.917518,2.806320,2.806320,2.828823,0.028761,2.650442,2.650442,0.149498,2.650564,2.993496,2.880750,inf,nan,0.000000,2.880750,2.880750,2.880750,1.183101,0.292276,2.880750,1.183102,0.292276,-0.000000,0.000000,3.197999,10,4
1780630759.291062,nmpc_dc,-3.318762,-28.947322,-0.315241,3.179659,1.660812,-3.384000,-27.356141,0.000000,45.000000,0.895879,0.065269,-0.126529,1,3.849688,3.345990,3.235902,3.124886,3.124886,2.994345,0.028736,2.816250,2.816250,0.149358,2.816251,3.312123,3.199626,inf,nan,0.000000,3.199626,3.199626,3.199626,1.279118,0.311382,3.199627,1.279118,0.311383,-0.000000,0.000000,3.195248,10,4
1780630759.379783,nmpc_dc,-3.345807,-28.629030,-0.225653,3.186186,1.633921,-3.384000,-27.029030,0.000000,45.000000,0.728942,0.112882,-0.121331,1,3.036839,3.665309,3.555022,3.444041,3.444041,3.164042,0.028893,2.985846,2.985846,0.149303,2.985846,3.631268,3.518856,inf,nan,0.000000,3.518856,3.518856,3.518856,1.375345,0.331196,3.518857,1.375345,0.331196,-0.000000,0.000000,3.194166,10,4
1780630759.488853,nmpc_dc,-3.364727,-28.309847,-0.152759,3.197474,1.612955,-3.384000,-26.709847,0.000000,45.000000,0.561323,0.066359,-0.116971,1,4.024821,3.985052,3.874782,3.763768,3.763768,3.329702,0.028939,3.151106,3.151106,0.149657,3.151106,3.950975,3.838544,inf,nan,0.000000,3.838544,3.838544,3.838544,1.471795,0.350246,3.838544,1.471796,0.350246,-0.000000,0.000000,3.201121,10,4
1780630759.579482,nmpc_dc,-3.377197,-27.989767,-0.096627,3.204110,1.596696,-3.384000,-26.389767,0.000000,45.000000,-1.754752,-3.551135,-0.113360,1,16.957588,0.471895,0.375854,0.251473,0.251473,0.620000,0.028971,0.251436,0.251436,0.149884,0.441145,-0.082770,-0.196862,inf,nan,0.000000,-0.196862,-0.196862,-0.196862,-0.219206,-0.307775,-0.012825,-0.188647,-0.307775,-0.000000,0.194042,3.205567,10,4
1780630759.690625,nmpc_dc,-3.395633,-27.687112,-0.272102,2.848996,1.648777,-3.384000,-26.087112,0.000000,45.000000,-1.324987,1.327889,-0.117407,1,6.634142,0.378414,0.300523,0.196867,0.196867,0.620000,0.026470,0.196864,0.196864,0.132646,0.460884,0.079896,-0.019470,inf,nan,0.000000,-0.019470,-0.019470,-0.019470,-0.125850,-0.130036,-0.019008,-0.125850,-0.130036,-0.000000,0.000462,2.861961,10,4
1780630759.779094,nmpc_dc,-3.429468,-27.395573,-0.404601,2.981785,1.583917,-3.384000,-25.795573,0.000000,45.000000,1.076333,1.149039,-0.110599,1,4.678401,0.447960,0.491411,0.375039,0.375039,0.620000,0.027519,0.373202,0.373202,0.139956,0.452525,0.086681,-0.012825,inf,nan,0.000000,-0.012825,-0.012825,-0.012825,-0.080814,-0.138206,-0.012822,-0.080813,-0.138206,-0.000000,0.000002,3.009110,10,4
1780630759.896356,nmpc_dc,-3.464547,-27.091649,-0.296967,3.096689,1.573783,-3.384000,-25.491649,0.000000,45.000000,0.750408,0.572451,-0.107090,1,7.247418,0.453145,0.494153,0.373397,0.373397,0.620000,0.028295,0.371276,0.371276,0.145076,0.446629,0.086755,-0.012712,inf,nan,0.000000,-0.012712,-0.012712,-0.012712,-0.103160,-0.176511,-0.012712,-0.103160,-0.176511,-0.000000,0.000000,3.110896,10,4
1780630759.976756,nmpc_dc,-3.490491,-26.779118,-0.221927,3.153934,1.548981,-3.384000,-25.179118,0.000000,45.000000,1.090327,0.493756,-0.102820,1,4.031432,0.354011,0.271600,0.159139,0.159139,0.746929,0.028710,0.159139,0.159139,0.147652,0.570568,0.093605,-0.012188,inf,nan,0.000000,-0.012188,-0.012188,-0.012188,-0.122547,-0.179626,-0.012187,-0.122546,-0.179626,-0.000000,0.000001,3.161733,10,4
1780630760.088474,nmpc_dc,-3.507232,-26.461256,-0.112894,3.203310,1.530393,-3.384000,-24.861256,0.000000,45.000000,1.680622,0.069224,-0.099069,1,10.049092,0.346662,0.273544,0.170020,0.170020,0.892577,0.029067,0.170020,0.170020,0.149870,0.713639,0.103184,-0.008585,inf,nan,0.000000,-0.008585,-0.008585,-0.008585,-0.130379,0.068070,-0.008585,-0.130378,0.068070,-0.000000,0.000000,3.205299,10,4
1780630760.177963,nmpc_dc,-3.510119,-26.140579,0.055168,3.210232,1.513226,-3.384000,-24.540579,0.000000,45.000000,1.005014,0.006442,-0.095627,1,4.561873,0.456052,0.542208,0.434568,0.434568,1.125935,0.029114,0.434568,0.434568,0.150146,0.946674,0.467850,0.362374,inf,nan,0.000000,0.362374,0.362374,0.362374,0.117732,0.091203,0.362375,0.117732,0.091203,-0.000000,0.000000,3.210706,10,4
1780630760.302071,nmpc_dc,-3.499577,-25.819523,0.155670,3.210876,1.502410,-3.384000,-24.219523,0.000000,45.000000,0.414119,-0.001146,-0.092976,1,14.287428,0.460009,0.551805,0.444132,0.444132,1.272284,0.029128,0.444132,0.444132,0.150348,1.092809,0.482320,0.371394,inf,nan,0.000000,0.371394,0.371394,0.371394,0.223034,0.108582,0.371394,0.223035,0.108582,-0.000000,0.000000,3.214648,10,4
1780630760.375906,nmpc_dc,-3.481939,-25.498441,0.197082,3.210762,1.500482,-3.384000,-23.898441,0.000000,45.000000,0.028698,-0.001209,-0.091507,1,6.082852,0.378583,0.328044,0.223905,0.223905,1.390344,0.029120,0.223905,0.223905,0.150458,1.210767,0.343172,0.236105,inf,nan,0.000000,0.236105,0.236105,0.236105,0.322003,0.124998,0.236105,0.322004,0.124999,-0.000000,0.000000,3.216805,10,4
1780630760.488291,nmpc_dc,-3.462087,-25.177371,0.199952,3.210641,1.505530,-3.384000,-23.577371,0.000000,45.000000,-0.533540,-0.653295,-0.091111,1,9.503625,0.580859,0.490964,0.383550,0.383550,0.620000,0.029097,0.379894,0.379894,0.150461,0.440442,0.084460,-0.018715,inf,nan,0.000000,-0.018715,-0.018715,-0.018715,-0.053559,-0.210686,-0.018566,-0.053558,-0.210686,-0.000000,0.000149,3.216861,10,4
1780630760.575003,nmpc_dc,-3.444760,-24.859574,0.146598,3.145312,1.518120,-3.384000,-23.259574,0.000000,45.000000,-0.149644,0.240193,-0.091791,1,4.226207,0.790622,0.728513,0.614475,0.614475,0.621270,0.028561,0.445639,0.445639,0.146992,0.445717,0.108767,0.008596,inf,nan,0.000000,0.008596,0.008596,0.008596,-0.075595,-0.287487,0.008596,-0.075595,-0.287487,-0.000000,0.000001,3.148726,10,4
1780630760.692215,nmpc_dc,-3.430849,-24.543842,0.131633,3.169331,1.525827,-3.384000,-22.943842,0.000000,45.000000,-0.178214,0.200872,-0.092212,1,3.415856,0.927309,0.832947,0.719798,0.719798,0.633301,0.028729,0.456392,0.456392,0.148177,0.456395,0.104197,0.003842,inf,nan,0.000000,0.003842,0.003842,0.003842,-0.104887,-0.061801,0.003842,-0.104887,-0.061801,-0.000000,0.000000,3.172063,10,4
1780630760.780142,nmpc_dc,-3.418576,-24.225904,0.113812,3.189418,1.534086,-3.384000,-22.625904,0.000000,45.000000,-0.210591,0.108754,-0.092626,1,3.386661,0.638217,0.548354,0.440669,0.440669,0.730916,0.028870,0.440112,0.440112,0.149164,0.552882,0.110299,0.007684,inf,nan,0.000000,0.007684,0.007684,0.007684,-0.117210,-0.024788,0.007685,-0.117209,-0.024787,-0.000000,0.000000,3.191448,10,4
1780630760.891603,nmpc_dc,-3.408248,-23.906419,0.092753,3.200293,1.542164,-3.384000,-22.306419,0.000000,45.000000,-0.211579,0.053543,-0.093016,1,4.088374,0.372381,0.306868,0.203651,0.203651,0.775920,0.028944,0.203651,0.203651,0.149684,0.597292,0.126573,0.017814,inf,nan,0.000000,0.017814,0.017814,0.017814,-0.122876,-0.026201,0.017814,-0.122876,-0.026201,-0.000000,0.000000,3.201637,10,4
1780630760.979704,nmpc_dc,-3.400031,-23.586122,0.071595,3.205648,1.549469,-3.384000,-21.986122,0.000000,45.000000,-0.190964,0.025610,-0.093312,1,3.535305,0.443440,0.521096,0.413705,0.413705,0.852979,0.028979,0.413702,0.413702,0.149929,0.674071,0.444686,0.338264,inf,nan,0.000000,0.338264,0.338264,0.338264,0.080062,-0.052706,0.338264,0.080063,-0.052706,-0.000000,0.000000,3.206447,10,4
1780630761.082394,nmpc_dc,-3.393826,-23.265429,0.052498,3.208209,1.555643,-3.384000,-21.665429,0.000000,45.000000,-0.159906,0.012136,-0.093461,1,4.637402,0.446834,0.529674,0.421544,0.421544,0.754333,0.028995,0.421413,0.421413,0.150041,0.575297,0.453555,0.347171,inf,nan,0.000000,0.347171,0.347171,0.347171,0.066464,-0.082892,0.347172,0.066464,-0.082891,-0.000000,0.000000,3.208638,10,4
1780630761.177372,nmpc_dc,-3.389376,-22.944547,0.036508,3.209422,1.560582,-3.384000,-21.344547,0.000000,45.000000,-0.126218,0.005727,-0.093437,1,3.506860,0.371124,0.320071,0.215962,0.215962,0.620000,0.029002,0.215952,0.215952,0.150091,0.440906,0.251378,0.146321,inf,nan,0.000000,0.146321,0.146321,0.146321,-0.017907,-0.176304,0.146322,-0.017906,-0.176304,-0.000000,0.000000,3.209630,10,4
1780630761.284298,nmpc_dc,-3.386356,-22.623576,0.023886,3.209995,1.564346,-3.384000,-21.023576,0.000000,45.000000,0.078792,-0.121349,-0.093241,1,5.013200,0.505107,0.507989,0.395188,0.395188,0.620000,0.029006,0.389930,0.389930,0.150115,0.440880,0.080009,-0.019272,inf,nan,0.000000,-0.019272,-0.019272,-0.019272,-0.046177,-0.159144,-0.019271,-0.046177,-0.159143,-0.000000,0.000001,3.210084,10,4
1780630761.369096,nmpc_dc,-3.383573,-22.303184,0.031765,3.197860,1.566984,-3.384000,-20.703184,0.000000,45.000000,1.666108,-1.084699,-0.092882,1,4.482446,0.565294,0.584046,0.470237,0.470237,0.620000,0.028913,0.432659,0.432659,0.149499,0.441588,0.079450,-0.020019,inf,nan,0.000000,-0.020019,-0.020019,-0.020019,-0.073657,-0.161831,-0.018769,-0.073657,-0.161831,-0.000000,0.001250,3.198018,10,4
1780630761.496744,nmpc_dc,-3.372066,-21.988821,0.198376,3.089390,1.550967,-3.384000,-20.388821,0.000000,45.000000,4.795743,-0.027751,-0.090453,1,7.347804,0.698559,0.688601,0.583519,0.583519,0.620000,0.028141,0.447304,0.447304,0.144311,0.447548,0.077314,-0.022362,inf,nan,0.000000,-0.022362,-0.022362,-0.022362,-0.119583,-0.193788,-0.018958,-0.119582,-0.193787,-0.000000,0.003404,3.095753,10,4
1780630761.570726,nmpc_dc,-3.328250,-21.680021,0.677950,3.086615,1.565789,-3.384000,-20.080021,0.000000,45.000000,4.773639,-1.016775,-0.090874,1,4.457226,0.635644,0.527539,0.416904,0.416904,0.628507,0.028644,0.409632,0.409632,0.147574,0.452289,0.081357,-0.023043,inf,nan,0.000000,-0.023043,-0.023043,-0.023043,-0.130425,-0.020689,-0.017630,-0.130425,-0.020688,-0.000000,0.005414,3.160191,10,4
1780630761.696946,nmpc_dc,-3.236587,-21.376443,1.155314,2.984937,1.543747,-3.384000,-19.776443,0.000000,45.000000,0.324535,0.621801,-0.088012,1,5.480629,0.356190,0.260992,0.148799,0.148799,0.785463,0.029075,0.148799,0.148799,0.149637,0.606752,0.075395,-0.024067,inf,nan,0.000000,-0.024067,-0.024067,-0.024067,-0.136065,0.058856,-0.018477,-0.136065,0.058856,-0.000000,0.005590,3.200719,10,4
1780630761.779106,nmpc_dc,-3.119433,-21.074840,1.187768,3.047118,1.611359,-3.384000,-19.474840,0.000000,45.000000,-7.604495,0.772125,-0.094094,1,3.479530,0.365434,0.355311,0.244950,0.244950,0.955479,0.029930,0.244950,0.244950,0.153204,0.772344,0.325522,0.223126,inf,nan,0.000000,0.223126,0.223126,0.223126,0.066948,0.077370,0.223126,0.066948,0.077370,-0.000000,0.000000,3.270431,10,4
1780630761.891768,nmpc_dc,-3.038678,-20.766268,0.427318,3.124330,1.601090,-3.384000,-19.166268,0.000000,45.000000,-5.545311,0.440693,-0.093885,1,4.791698,0.365522,0.428307,0.313650,0.313650,1.112364,0.029348,0.313650,0.313650,0.147230,0.935786,0.325522,0.223136,inf,nan,0.000000,0.223136,0.223136,0.223136,0.149022,0.095488,0.223136,0.149022,0.095488,-0.000000,0.000000,3.153417,10,4
1780630761.980207,nmpc_dc,-3.023673,-20.451632,-0.127213,3.168399,1.651202,-3.384000,-18.851632,0.000000,45.000000,-3.062363,0.220111,-0.098688,1,3.468706,0.422281,0.437958,0.327637,0.327637,1.272727,0.029550,0.327637,0.327637,0.148121,1.095056,0.385477,0.279022,inf,nan,0.000000,0.279022,0.279022,0.279022,0.247804,0.113740,0.279023,0.247804,0.113741,-0.000000,0.000000,3.170952,10,4
1780630762.090642,nmpc_dc,-3.051706,-20.133691,-0.433449,3.190411,1.708898,-3.384000,-18.533691,0.000000,45.000000,-1.266319,0.105792,-0.105540,1,3.004321,0.443053,0.372539,0.269065,0.269065,1.431946,0.029798,0.269065,0.269065,0.150607,1.251542,0.409278,0.300344,inf,nan,0.000000,0.300344,0.300344,0.300344,0.358129,0.131904,0.300345,0.358129,0.131904,-0.000000,0.000000,3.219720,10,4
1780630762.178523,nmpc_dc,-3.101383,-19.814121,-0.560081,3.200990,1.741482,-3.384000,-18.214121,0.000000,45.000000,-0.126478,0.050221,-0.110124,1,3.919958,0.712430,0.623830,0.516273,0.516273,1.598460,0.029831,0.516273,0.516273,0.152137,1.416492,0.672460,0.568370,inf,nan,0.000000,0.568370,0.568370,0.568370,0.463467,0.150849,0.568371,0.463467,0.150850,-0.000000,0.000000,3.249619,10,4
1780630762.292481,nmpc_dc,-3.158023,-19.493771,-0.572729,3.206012,1.743676,-3.384000,-17.893771,0.000000,45.000000,0.520004,0.023743,-0.110804,1,4.506266,1.006171,0.911913,0.799122,0.799122,1.765028,0.029700,0.799122,0.799122,0.152503,1.582825,0.967095,0.861326,inf,nan,0.000000,0.861326,0.861326,0.861326,0.564535,0.169916,0.861326,0.564536,0.169917,-0.000000,0.000000,3.256767,10,4
1780630762.379201,nmpc_dc,-3.212696,-19.173051,-0.520728,3.208386,1.725456,-3.384000,-17.573051,0.000000,45.000000,0.824836,0.011209,-0.108279,1,4.103393,1.312704,1.215012,1.099582,1.099582,1.931528,0.029509,1.099582,1.099582,0.152175,1.749844,1.275732,1.167463,inf,nan,0.000000,1.167463,1.167463,1.167463,0.663471,0.189094,1.167464,0.663472,0.189095,-0.000000,0.000000,3.250369,10,4
1780630762.489014,nmpc_dc,-3.260645,-18.852156,-0.438245,3.209507,1.698256,-3.384000,-17.252156,0.000000,45.000000,0.908733,0.005289,-0.103992,1,6.213178,1.626800,1.522794,1.409547,1.409547,2.098007,0.029331,1.409547,1.409547,0.151608,1.917069,1.591073,1.480696,inf,nan,0.000000,1.480696,1.480696,1.480696,0.761220,0.208341,1.480696,0.761220,0.208342,-0.000000,0.000000,3.239289,10,4
1780630762.573848,nmpc_dc,-3.299926,-18.531179,-0.347372,3.210036,1.669677,-3.384000,-16.931179,0.000000,45.000000,0.861545,0.002497,-0.099142,1,3.155401,0.673985,0.570381,0.457658,0.457658,1.604104,0.029196,0.457658,0.457658,0.151070,1.423839,0.638270,0.529662,inf,nan,0.000000,0.529662,0.529662,0.529662,0.475770,0.151323,0.529662,0.475771,0.151323,-0.000000,0.000000,3.228777,10,4
1780630762.682899,nmpc_dc,-3.330355,-18.210163,-0.261217,3.210286,1.643628,-3.384000,-16.610163,0.000000,45.000000,0.746592,0.001178,-0.094457,1,4.085752,0.991430,0.883640,0.772425,0.772425,1.770759,0.029108,0.772425,0.772425,0.150667,1.590984,0.958096,0.846533,inf,nan,0.000000,0.846533,0.846533,0.846533,0.573306,0.170567,0.846534,0.573307,0.170568,-0.000000,0.000000,3.220896,10,4
1780630762.767509,nmpc_dc,-3.352744,-17.889129,-0.186558,3.210403,1.621718,-3.384000,-16.289129,0.000000,45.000000,0.605944,0.000555,-0.090295,1,2.910904,1.311029,1.201905,1.091091,1.091091,1.932437,0.029056,1.091091,1.091091,0.150407,1.752973,1.279055,1.165880,inf,nan,0.000000,1.165880,1.165880,1.165880,0.670048,0.174395,1.165880,0.670049,0.174395,-0.000000,0.000000,3.215819,10,4
1780630762.892490,nmpc_dc,-3.368370,-17.568086,-0.125963,3.210459,1.604330,-3.384000,-15.968086,0.000000,45.000000,0.465558,0.000261,-0.086782,1,3.474815,1.631565,1.521900,1.411169,1.411169,2.058804,0.029029,1.411169,1.411169,0.150260,1.879515,1.600234,1.486164,inf,nan,0.000000,1.486164,1.486164,1.486164,0.766513,0.175045,1.486165,0.766513,0.175046,-0.000000,0.000000,3.212929,10,4
1780630762.979278,nmpc_dc,-3.378638,-17.247038,-0.079408,3.210485,1.591214,-3.384000,-15.647038,0.000000,45.000000,0.339789,0.000123,-0.083919,1,3.481091,1.952431,1.842550,1.731799,1.731799,2.173443,0.029016,1.731796,1.731796,0.150185,1.994241,1.921398,1.806828,inf,nan,0.000000,1.806828,1.806828,1.806828,0.862874,0.171988,1.806828,0.862875,0.171988,-0.000000,0.000000,3.211467,10,4
1780630763.091404,nmpc_dc,-3.384880,-16.925989,-0.045429,3.210497,1.581815,-3.384000,-15.325989,0.000000,45.000000,0.235083,0.000058,-0.081642,1,3.530904,2.273415,2.163452,2.052653,2.052653,2.294739,0.029011,2.049657,2.049657,0.150152,2.115576,2.242506,2.127653,inf,nan,0.000000,2.127653,2.127653,2.127653,0.958906,0.184316,2.127654,0.958907,0.184316,-0.000000,0.000000,3.210819,10,4
1780630763.171479,nmpc_dc,-3.388248,-16.604939,-0.021920,3.210503,1.575449,-3.384000,-15.004939,0.000000,45.000000,0.152840,0.000027,-0.079856,1,3.984321,2.594442,2.484451,2.373600,2.373600,2.422069,0.029009,2.242626,2.242626,0.150140,2.242919,2.563569,2.448264,inf,nan,0.000000,2.448264,2.448264,2.448264,1.015994,0.202662,2.448264,1.015994,0.202663,-0.000000,0.000000,3.210578,10,4
1780630763.283255,nmpc_dc,-3.389675,-16.283889,-0.006636,3.210506,1.571430,-3.384000,-14.683889,0.000000,45.000000,0.091519,0.000013,-0.078460,1,4.521816,2.882069,2.805485,2.692708,2.692708,2.554268,0.029009,2.375122,2.375122,0.150136,2.375122,2.841706,2.730449,inf,nan,0.000000,2.730449,2.730449,2.730449,1.025061,0.252966,2.730449,1.025062,0.252967,-0.000000,0.000000,3.210513,10,4
1780630763.367710,nmpc_dc,-3.389881,-15.962838,0.002516,3.210507,1.569131,-3.384000,-14.362838,0.000000,45.000000,0.048112,0.000006,-0.077358,1,2.816390,3.082473,3.025911,2.921047,2.921047,2.690446,0.029009,2.511301,2.511301,0.150136,2.511301,3.043128,2.936375,inf,nan,0.000000,2.936375,2.936375,2.936375,1.098661,0.269188,2.936376,1.098662,0.269189,-0.000000,0.000000,3.210508,10,4
1780630763.491201,nmpc_dc,-3.389389,-15.641787,0.007327,3.210508,1.568025,-3.384000,-14.041787,0.000000,45.000000,0.019103,0.000003,-0.076466,1,4.606425,3.300876,3.235151,3.130127,3.130127,2.829936,0.029009,2.650790,2.650790,0.150137,2.650790,3.262421,3.154124,inf,nan,0.000000,3.154124,3.154124,3.154124,1.178347,0.285760,3.154124,1.178348,0.285761,-0.000000,0.000000,3.210516,10,4
1780630763.575542,nmpc_dc,-3.388561,-15.320737,0.009237,3.210508,1.567697,-3.384000,-13.720737,0.000000,45.000000,0.001063,0.000003,-0.075718,1,3.243167,1.207887,1.104555,0.991409,0.991409,1.870873,0.029009,0.991409,0.991409,0.150137,1.691727,1.168650,1.062691,inf,nan,0.000000,1.062691,1.062691,1.062691,0.633454,0.182520,1.062692,0.633454,0.182520,-0.000000,0.000000,3.210521,10,4
1780630763.692127,nmpc_dc,-3.387632,-14.999686,0.009343,3.210508,1.567834,-3.384000,-13.399686,0.000000,45.000000,-0.009042,0.000001,-0.075060,1,3.595043,1.522672,1.417188,1.304845,1.304845,2.037231,0.029009,1.304845,1.304845,0.150137,1.858085,1.484468,1.377338,inf,nan,0.000000,1.377338,1.377338,1.377338,0.729755,0.201686,1.377338,0.729755,0.201686,-0.000000,0.000000,3.210522,10,4
1780630763.779882,nmpc_dc,-3.386743,-14.678635,0.008439,3.210508,1.568215,-3.384000,-13.078635,0.000000,45.000000,-0.013709,0.000000,-0.074456,1,3.584460,1.839496,1.732660,1.620732,1.620732,2.203701,0.029009,1.620732,1.620732,0.150137,2.024556,1.801989,1.693891,inf,nan,0.000000,1.693891,1.693891,1.693891,0.825878,0.220870,1.693892,0.825879,0.220870,-0.000000,0.000000,3.210519,10,4
1780630763.879460,nmpc_dc,-3.385968,-14.357584,0.007068,3.210508,1.568692,-3.384000,-12.757584,0.000000,45.000000,-0.014881,-0.000000,-0.073880,1,2.895882,2.157495,2.049734,1.938042,1.938042,2.370253,0.029009,1.938038,1.938038,0.150137,2.191108,2.120490,2.011602,inf,nan,0.000000,2.011602,2.011602,2.011602,0.921946,0.240067,2.011602,0.921946,0.240067,-0.000000,0.000000,3.210516,10,4
1780630763.980247,nmpc_dc,-3.385335,-14.036533,0.005580,3.210508,1.569173,-3.384000,-12.436533,0.000000,45.000000,-0.013997,-0.000000,-0.073315,1,3.598728,2.476233,2.367798,2.256251,2.256251,2.536868,0.029009,2.255443,2.255443,0.150136,2.357723,2.439606,2.330067,inf,nan,0.000000,2.330067,2.330067,2.330067,1.018006,0.259274,2.330068,1.018007,0.259275,-0.000000,0.000000,3.210513,10,4
1780630764.083317,nmpc_dc,-3.384847,-13.715482,0.004180,3.210508,1.569607,-3.384000,-12.115482,0.000000,45.000000,-0.012064,-0.000000,-0.072751,1,4.503417,2.795465,2.686517,2.575064,2.575064,2.703531,0.029009,2.519907,2.519907,0.150136,2.524386,2.759134,2.649053,inf,nan,0.000000,2.649053,2.649053,2.649053,1.114078,0.278489,2.649054,1.114078,0.278490,-0.000000,0.000000,3.210511,10,4
1780630764.166972,nmpc_dc,-3.384490,-13.394432,0.002974,3.210508,1.569970,-3.384000,-11.794432,0.000000,45.000000,-0.009750,-0.000000,-0.072183,1,2.917880,3.115046,3.005694,2.894303,2.894303,2.870232,0.029009,2.691064,2.691064,0.150136,2.691087,3.078954,2.968415,inf,nan,0.000000,2.968415,2.968415,2.968415,1.210167,0.297711,2.968416,1.210168,0.297711,-0.000000,0.000000,3.210510,10,4
1780630764.292376,nmpc_dc,-3.384241,-13.073381,0.001999,3.210508,1.570256,-3.384000,-11.473381,0.000000,45.000000,-0.007462,-0.000000,-0.071610,1,4.683364,3.434884,3.325204,3.213857,3.213857,3.036964,0.029009,2.857819,2.857819,0.150136,2.857819,3.398987,3.288058,inf,nan,0.000000,3.288058,3.288058,3.288058,1.306276,0.316937,3.288058,1.306277,0.316938,-0.000000,0.000000,3.210509,10,4
1780630764.379976,nmpc_dc,-3.384078,-12.752330,0.001253,3.210508,1.570470,-3.384000,-11.152330,0.000000,45.000000,-0.005426,-0.000000,-0.071031,1,3.627003,3.754716,3.644965,3.533650,3.533650,3.203722,0.029009,3.024577,3.024577,0.150136,3.024577,3.719183,3.607917,inf,nan,0.000000,3.607917,3.607917,3.607917,1.402404,0.336168,3.607917,1.402405,0.336168,-0.000000,0.000000,3.210508,10,4
1780630764.493283,nmpc_dc,-3.383980,-12.431279,0.000710,3.210508,1.570623,-3.384000,-10.831279,0.000000,45.000000,-0.003738,-0.000000,-0.070447,1,3.919142,4.074706,3.964921,3.853628,3.853628,3.370501,0.029009,3.191355,3.191355,0.150136,3.191355,4.039506,3.927946,inf,nan,0.000000,3.927946,3.927946,3.927946,1.498549,0.355401,3.927946,1.498550,0.355402,-0.000000,0.000000,3.210508,10,4
1780630764.573205,nmpc_dc,-3.383928,-12.110228,0.000336,3.210508,1.570725,-3.384000,-10.510228,0.000000,45.000000,-0.002418,0.000000,-0.069861,1,3.140756,2.479474,2.369778,2.258559,2.258559,2.540806,0.029009,2.257795,2.257795,0.150136,2.361661,2.443735,2.332906,inf,nan,0.000000,2.332906,2.332906,2.332906,1.019750,0.259662,2.332906,1.019751,0.259662,-0.000000,0.000000,3.210508,5,4
1780630764.698311,nmpc_dc,-3.383906,-11.789178,0.000095,3.210508,1.570789,-3.384000,-10.189178,0.000000,45.000000,-0.001437,0.000000,-0.069274,1,3.308171,2.799314,2.689555,2.578364,2.578364,2.707632,0.029009,2.523891,2.523891,0.150136,2.528487,2.764078,2.652784,inf,nan,0.000000,2.652784,2.652784,2.652784,1.115933,0.278899,2.652785,1.115933,0.278899,-0.000000,0.000000,3.210508,5,4
1780630764.780312,nmpc_dc,-3.383904,-11.468127,-0.000049,3.210508,1.570825,-3.384000,-9.868127,0.000000,45.000000,-0.000746,-0.000000,-0.068687,1,3.133294,3.119392,3.009588,2.898413,2.898413,2.874475,0.029009,2.695306,2.695306,0.150136,2.695330,3.084559,2.972882,inf,nan,0.000000,2.972882,2.972882,2.972882,1.212126,0.298139,2.972882,1.212126,0.298139,-0.000000,0.000000,3.210508,5,4
1780630764.896621,nmpc_dc,-3.383913,-11.147076,-0.000124,3.210508,1.570842,-3.384000,-9.547076,0.000000,45.000000,-0.000286,-0.000000,-0.068102,1,3.216134,3.439646,3.329808,3.218642,3.218642,3.041330,0.029009,2.862185,2.862185,0.150136,2.862185,3.405143,3.293143,inf,nan,0.000000,3.293143,3.293143,3.293143,1.308329,0.317382,3.293143,1.308329,0.317382,-0.000000,0.000000,3.210508,5,4
1780630764.980772,nmpc_dc,-3.383926,-10.826025,-0.000152,3.210508,1.570847,-3.384000,-9.226025,0.000000,45.000000,-0.000001,-0.000000,-0.067520,1,3.129567,3.760031,3.650167,3.539005,3.539005,3.208196,0.029009,3.029051,3.029051,0.150136,3.029051,3.725804,3.613529,inf,nan,0.000000,3.613529,3.613529,3.613529,1.404542,0.336627,3.613529,1.404542,0.336627,-0.000000,0.000000,3.210508,5,4
1780630765.094794,nmpc_dc,-3.383942,-10.504974,-0.000152,3.210508,1.570844,-3.384000,-8.904974,0.000000,45.000000,0.000156,-0.000000,-0.066941,1,3.472771,4.080518,3.970634,3.859473,3.859473,3.375072,0.029009,3.195927,3.195927,0.150136,3.195927,4.046524,3.934012,inf,nan,0.000000,3.934012,3.934012,3.934012,1.500765,0.355874,3.934013,1.500765,0.355874,-0.000000,0.000000,3.210508,5,4
1780630765.179572,nmpc_dc,-3.383956,-10.183923,-0.000137,3.210508,1.570838,-3.384000,-8.583923,0.000000,45.000000,0.000228,-0.000000,-0.066367,1,3.143856,4.401085,4.291185,4.180024,4.180024,3.541954,0.029009,3.362809,3.362809,0.150136,3.362809,4.367292,4.254573,inf,nan,0.000000,4.254573,4.254573,4.254573,1.596996,0.375122,4.254574,1.596996,0.375123,-0.000000,0.000000,3.210508,5,4
1780630765.293090,nmpc_dc,-3.383969,-9.862873,-0.000114,3.210508,1.570830,-3.384000,-8.262873,0.000000,45.000000,0.000244,-0.000000,-0.065797,1,3.583401,4.721717,4.611804,4.500640,4.500640,3.708844,0.029009,3.529699,3.529699,0.150136,3.529699,4.688097,4.575197,inf,nan,0.000000,4.575197,4.575197,4.575197,1.693235,0.394372,4.575198,1.693235,0.394373,-0.000000,0.000000,3.210508,5,4
1780630765.380295,nmpc_dc,-3.383979,-9.541822,-0.000090,3.210508,1.570822,-3.384000,-7.941822,0.000000,45.000000,0.000227,-0.000000,-0.065232,1,3.078961,5.042401,4.932477,4.821311,4.821311,3.875739,0.029009,3.696593,3.696593,0.150136,3.696593,5.008932,4.895873,inf,nan,0.000000,4.895873,4.895873,4.895873,1.789480,0.413623,4.895873,1.789480,0.413624,-0.000000,0.000000,3.210508,5,4
1780630765.487958,nmpc_dc,-3.383987,-9.220771,-0.000067,3.210508,1.570815,-3.384000,-7.620771,0.000000,45.000000,0.000195,-0.000000,-0.064672,1,3.207732,5.363128,5.253195,5.142026,5.142026,4.042638,0.029009,3.863493,3.863493,0.150136,3.863493,5.329793,5.216591,inf,nan,0.000000,5.216591,5.216591,5.216591,1.885731,0.432876,5.216591,1.885732,0.432876,-0.000000,0.000000,3.210508,5,4
1780630765.577353,nmpc_dc,-3.383992,-8.899720,-0.000047,3.210508,1.570809,-3.384000,-7.299720,0.000000,45.000000,0.000146,0.000006,-0.064117,1,3.278739,0.462653,0.453892,0.335669,0.335669,1.000843,0.029009,0.335669,0.335669,0.150136,0.821698,0.318942,0.212814,inf,nan,0.000000,0.212814,0.212814,0.212814,-0.017445,0.078392,0.212814,-0.017445,0.078393,-0.000000,0.000000,3.210508,10,4
1780630765.684572,nmpc_dc,-3.383996,-8.578669,-0.000033,3.210509,1.570805,-3.384000,-6.978669,0.000000,45.000000,0.000118,0.000002,-0.063566,1,4.196883,0.444637,0.518963,0.401892,0.401892,1.162025,0.029009,0.401892,0.401892,0.150136,0.982880,0.417723,0.314608,inf,nan,0.000000,0.314608,0.314608,0.314608,0.150267,0.083232,0.314608,0.150268,0.083232,-0.000000,0.000000,3.210509,10,4
1780630765.766987,nmpc_dc,-3.383999,-8.257618,-0.000021,3.210509,1.570801,-3.384000,-6.657618,0.000000,45.000000,0.000089,0.000000,-0.063021,1,2.832364,0.438891,0.460619,0.351817,0.351817,1.278852,0.029009,0.351817,0.351817,0.150136,1.099707,0.409887,0.296217,inf,nan,0.000000,0.296217,0.296217,0.296217,0.243252,0.091071,0.296218,0.243252,0.091071,-0.000000,0.000000,3.210509,10,4
1780630765.898207,nmpc_dc,-3.384001,-7.936568,-0.000012,3.210509,1.570799,-3.384000,-6.336568,0.000000,45.000000,0.000063,-0.000000,-0.062481,1,4.632606,0.497221,0.402690,0.290766,0.290766,1.408312,0.029009,0.290766,0.290766,0.150136,1.229167,0.457472,0.352831,inf,nan,0.000000,0.352831,0.352831,0.352831,0.375958,0.107878,0.352831,0.375959,0.107878,-0.000000,0.000000,3.210509,10,4
1780630765.978451,nmpc_dc,-3.384002,-7.615517,-0.000006,3.210509,1.570797,-3.384000,-6.015517,0.000000,45.000000,0.000053,-0.000006,-0.061945,1,3.827104,0.768518,0.690615,0.578880,0.578880,0.871443,0.029009,0.578346,0.578346,0.150136,0.692298,0.600574,0.496669,inf,nan,0.000000,0.496669,0.496669,0.496669,0.079308,-0.248134,0.496669,0.079309,-0.248134,-0.000000,0.000000,3.210509,10,4
1780630766.090826,nmpc_dc,-3.384002,-7.294466,-0.000000,3.210508,1.570796,-3.384000,-5.694466,0.000000,45.000000,0.132798,-2.392115,-0.061414,1,12.953948,1.039237,0.949624,0.837265,0.837265,0.620000,0.029009,0.440855,0.440855,0.150136,0.440855,0.103104,-0.010965,inf,nan,0.000000,-0.010965,-0.010965,-0.010965,-0.070492,-0.111786,-0.010122,-0.070492,-0.111785,-0.000000,0.000966,3.210508,10,4
1780630766.180309,nmpc_dc,-3.383338,-6.985376,0.013279,2.971297,1.567489,-3.384000,-5.385376,0.000000,45.000000,0.187775,-4.388294,-0.060542,1,5.882116,0.868607,0.763790,0.651260,0.651260,0.620000,0.027235,0.454668,0.454668,0.138068,0.454697,0.099921,-0.012138,inf,nan,0.000000,-0.012138,-0.012138,-0.012138,-0.079049,-0.043741,-0.010126,-0.079049,-0.043741,-0.000000,0.002349,2.971326,10,4
1780630766.295573,nmpc_dc,-3.381071,-6.710187,0.032057,2.532467,1.560707,-3.384000,-5.110187,0.000000,45.000000,0.218070,-6.359877,-0.059198,1,7.090210,0.600006,0.499882,0.383204,0.383204,0.620000,0.024337,0.382221,0.382221,0.116680,0.478983,0.097393,-0.013907,inf,nan,0.000000,-0.013907,-0.013907,-0.013907,-0.079873,-0.010067,-0.010055,-0.079873,-0.010067,-0.000000,0.004168,2.532670,10,4
1780630766.379313,nmpc_dc,-3.376775,-6.488740,0.053864,1.896480,1.551347,-3.384000,-4.888740,0.000000,45.000000,-0.304452,-6.536626,-0.057463,1,6.534981,0.411895,0.314016,0.190252,0.190252,0.702030,0.020960,0.190252,0.190252,0.087402,0.593668,0.100803,-0.016223,inf,nan,0.000000,-0.016223,-0.016223,-0.016223,-0.072898,-0.004067,-0.010708,-0.072898,-0.001548,-0.000000,0.005535,1.897244,10,4
1780630766.502609,nmpc_dc,-3.372911,-6.331775,0.023419,1.242817,1.582450,-3.384000,-4.731775,0.000000,45.000000,-1.641989,-5.902142,-0.060004,1,13.375782,0.333622,0.246793,0.141652,0.141652,0.758889,0.018495,0.141652,0.141652,0.059369,0.681024,0.017084,-0.098921,inf,nan,0.000000,-0.098921,-0.098921,-0.098921,-0.073146,-0.048458,-0.011704,-0.046243,-0.033228,-0.000000,0.092597,1.243038,10,4
1780630766.575691,nmpc_dc,-3.378779,-6.237004,-0.140780,0.652603,1.680414,-3.384000,-4.637004,0.000000,45.000000,0.454027,7.987106,-0.070965,1,4.220195,2.328677,2.219889,2.108615,2.108615,2.467861,0.017175,2.108614,2.108614,0.036481,2.414205,2.297220,2.182873,inf,nan,0.000000,2.182873,2.182873,2.182873,0.760264,0.261990,2.182873,0.760264,0.261990,-0.000000,0.000000,0.667615,4,4
1780630766.682504,nmpc_dc,-3.390587,-6.131808,-0.095377,1.451313,1.692605,-3.384000,-4.531808,0.000000,45.000000,0.515169,7.983395,-0.074579,1,3.590847,2.434071,2.325494,2.214113,2.214113,2.522622,0.019179,2.214101,2.214101,0.068194,2.435249,2.402366,2.288211,inf,nan,0.000000,2.288211,2.288211,2.288211,0.871627,0.269433,2.288211,0.871627,0.269433,-0.000000,0.000000,1.454444,4,4
1780630766.781329,nmpc_dc,-3.397549,-5.946760,-0.043861,2.249653,1.699754,-3.384000,-4.346760,0.000000,45.000000,0.354170,4.866417,-0.075782,1,3.174887,2.619224,2.510806,2.399331,2.399331,2.618861,0.022717,2.398264,2.398264,0.103410,2.492734,2.587412,2.473292,inf,nan,0.000000,2.473292,2.473292,2.473292,0.991210,0.274455,2.473292,0.991210,0.274455,-0.000000,0.000000,2.250081,4,4
1780630766.884706,nmpc_dc,-3.400164,-5.697463,-0.008443,2.736295,1.654950,-3.384000,-4.097463,0.000000,45.000000,0.208125,2.471504,-0.070720,1,3.858736,2.868521,2.759057,2.647949,2.647949,2.748142,0.025627,2.591725,2.591725,0.126489,2.596026,2.836713,2.722514,inf,nan,0.000000,2.722514,2.722514,2.722514,1.102613,0.286226,2.722514,1.102614,0.286226,-0.000000,0.000000,2.736308,4,4
1780630766.980597,nmpc_dc,-3.399968,-5.411476,0.012369,2.983445,1.610487,-3.384000,-3.811476,0.000000,45.000000,0.102992,1.194047,-0.064144,1,3.124288,3.154450,3.044486,2.933535,2.933535,2.896661,0.027323,2.730641,2.730641,0.138674,2.730664,3.122699,3.008373,inf,nan,0.000000,3.008373,3.008373,3.008373,1.206688,0.301831,3.008374,1.206688,0.301832,-0.000000,0.000000,2.983471,4,4
1780630767.099389,nmpc_dc,-3.398216,-5.107161,0.022668,3.102850,1.584630,-3.384000,-3.507161,0.000000,45.000000,0.033753,0.567812,-0.059273,1,3.735867,3.458687,3.348665,3.237705,3.237705,3.054839,0.028195,2.881971,2.881971,0.144673,2.881971,3.427012,3.312549,inf,nan,0.000000,3.312549,3.312549,3.312549,1.306760,0.319348,3.312550,1.306760,0.319349,-0.000000,0.000000,3.102933,4,4
1780630767.179596,nmpc_dc,-3.395780,-4.794037,0.026044,3.159631,1.572339,-3.384000,-3.194037,0.000000,45.000000,-0.008138,0.268602,-0.056337,1,3.132738,3.771736,3.661738,3.550743,3.550743,3.217620,0.028622,3.041448,3.041448,0.147551,3.041448,3.740134,3.625544,inf,nan,0.000000,3.625544,3.625544,3.625544,1.404858,0.337784,3.625545,1.404858,0.337784,-0.000000,0.000000,3.159738,4,4
1780630767.293780,nmpc_dc,-3.393216,-4.476731,0.025230,3.186491,1.567416,-3.384000,-2.876731,0.000000,45.000000,-0.030515,0.126838,-0.054706,1,3.552145,4.088977,3.978996,3.867971,3.867971,3.382573,0.028826,3.204831,3.204831,0.148917,3.204831,4.057441,3.942739,inf,nan,0.000000,3.942739,3.942739,3.942739,1.502012,0.356655,3.942739,1.502012,0.356656,-0.000000,0.000000,3.186591,4,4
1780630767.380663,nmpc_dc,-3.390846,-4.157447,0.022178,3.199175,1.566066,-3.384000,-2.557447,0.000000,45.000000,-0.039768,0.059859,-0.053801,1,3.213731,4.408208,4.298230,4.187184,4.187184,3.548553,0.028923,3.370069,3.370069,0.149562,3.370069,4.376726,4.261929,inf,nan,0.000000,4.261929,4.261929,4.261929,1.598719,0.375732,4.261929,1.598719,0.375733,-0.000000,0.000000,3.199252,4,4
1780630767.495437,nmpc_dc,-3.388827,-3.837231,0.018202,3.205161,1.566289,-3.384000,-2.237231,0.000000,45.000000,-0.040795,0.028244,-0.053254,1,3.337832,4.728385,4.618403,4.507340,4.507340,3.715020,0.028968,3.536185,3.536185,0.149866,3.536185,4.696944,4.582069,inf,nan,0.000000,4.582069,4.582069,4.582069,1.695215,0.394907,4.582069,1.695215,0.394908,-0.000000,0.000000,3.205213,4,4
1780630767.576441,nmpc_dc,-3.387211,-3.516573,0.014122,3.207985,1.567097,-3.384000,-1.916573,0.000000,45.000000,-0.037159,0.013326,-0.052864,1,3.307575,2.395218,2.285217,2.174408,2.174408,2.499434,0.028990,2.174236,2.174236,0.150009,2.320436,2.364473,2.249407,inf,nan,0.000000,2.249407,2.249407,2.249407,0.995564,0.254814,2.249408,0.995565,0.254814,-0.000000,0.000000,3.208016,10,4
1780630767.686377,nmpc_dc,-3.385985,-3.195708,0.010406,3.209318,1.568023,-3.384000,-1.595708,0.000000,45.000000,-0.031314,0.006287,-0.052528,1,3.980976,2.716085,2.606084,2.495218,2.495218,2.664275,0.029000,2.469967,2.469967,0.150076,2.485199,2.685266,2.570149,inf,nan,0.000000,2.570149,2.570149,2.570149,1.091898,0.274032,2.570150,1.091898,0.274032,-0.000000,0.000000,3.209335,10,4
1780630767.779527,nmpc_dc,-3.385100,-2.874745,0.007275,3.209947,1.568864,-3.384000,-1.274745,0.000000,45.000000,-0.024848,0.002966,-0.052199,1,3.659917,3.037049,2.927049,2.816137,2.816137,2.829355,0.029005,2.650156,2.650156,0.150108,2.650242,3.006177,2.891003,inf,nan,0.000000,2.891003,2.891003,2.891003,1.187845,0.292877,2.891003,1.187845,0.292877,-0.000000,0.000000,3.209955,10,4
1780630767.891384,nmpc_dc,-3.384497,-2.553735,0.004790,3.210243,1.569548,-3.384000,-0.953735,0.000000,45.000000,-0.018704,0.001399,-0.051857,1,4.803018,3.354535,3.248059,3.137110,3.137110,2.994437,0.029007,2.815307,2.815307,0.150123,2.815307,3.327148,3.211546,inf,nan,0.000000,3.211546,3.211546,3.211546,1.284010,0.312076,3.211547,1.284010,0.312076,-0.000000,0.000000,3.210247,10,4
1780630767.979925,nmpc_dc,-3.384112,-2.232704,0.002919,3.210383,1.570063,-3.384000,-0.632704,0.000000,45.000000,-0.013372,0.000660,-0.051495,1,3.593296,3.668184,3.569090,3.458110,3.458110,3.159552,0.029008,2.980414,2.980414,0.150130,2.980414,3.648150,3.532092,inf,nan,0.000000,3.532092,3.532092,3.532092,1.380199,0.331220,3.532093,1.380200,0.331221,-0.000000,0.000000,3.210385,10,4
1780630768.094243,nmpc_dc,-3.383887,-1.911662,0.001582,3.210449,1.570428,-3.384000,-0.311662,0.000000,45.000000,-0.009040,0.000311,-0.051114,1,3.962554,3.982989,3.890131,3.779053,3.779053,3.324879,0.029008,3.145738,3.145738,0.150133,3.145738,3.969168,3.852664,inf,nan,0.000000,3.852664,3.852664,3.852664,1.475413,0.350374,3.852664,1.475413,0.350375,-0.000000,0.000000,3.210450,10,4
1780630768.178136,nmpc_dc,-3.383774,-1.590616,0.000678,3.210480,1.570669,-3.384000,0.009384,0.000000,45.000000,-0.005707,0.000147,-0.050718,1,3.659543,4.298701,4.211177,4.099009,4.099009,3.490381,0.029009,3.311238,3.311238,0.150135,3.311238,4.287904,4.172278,inf,nan,0.000000,4.172278,4.172278,4.172278,1.570209,0.369338,4.172278,1.570209,0.369338,-0.000000,0.000000,3.210480,10,4
1780630768.297002,nmpc_dc,-3.383734,-1.269567,0.000108,3.210495,1.570817,-3.384000,0.330433,0.000000,45.000000,-0.003273,0.000069,-0.050310,1,9.797284,4.615140,4.532225,4.418705,4.418705,3.656031,0.029009,3.476886,3.476886,0.150136,3.476886,4.604250,4.490803,inf,nan,0.000000,4.490803,4.490803,4.490803,1.665959,0.388489,4.490804,1.665959,0.388489,-0.000000,0.000000,3.210495,10,4
1780630768.380400,nmpc_dc,-3.383740,-0.948517,-0.000220,3.210502,1.570897,-3.384000,0.651483,0.000000,45.000000,-0.001587,0.000033,-0.049894,1,6.576322,4.932169,4.852371,4.738054,4.738054,3.821806,0.029009,3.642661,3.642661,0.150136,3.642661,4.921180,4.809521,inf,nan,0.000000,4.809521,4.809521,4.809521,1.761755,0.407618,4.809522,1.761756,0.407619,-0.000000,0.000000,3.210502,10,4
1780630768.491661,nmpc_dc,-3.383770,-0.627467,-0.000378,3.210505,1.570931,-3.384000,0.972533,0.000000,45.000000,-0.000489,0.000015,-0.049474,1,5.040251,5.249684,5.169137,5.055945,5.055945,3.987690,0.029009,3.808546,3.808546,0.150136,3.808546,5.238595,5.128420,inf,nan,0.000000,5.128420,5.128420,5.128420,1.857025,0.426740,5.128421,1.857025,0.426741,-0.000000,0.000000,3.210505,10,4
1780630768.577241,nmpc_dc,-3.383810,-0.306416,-0.000427,3.210507,1.570936,-3.384000,1.293584,0.000000,45.000000,-7.164723,-2.505947,-0.049052,1,5.573375,0.413405,0.390867,0.273041,0.273041,0.781304,0.029009,0.273041,0.273041,0.150136,0.602159,0.086471,-0.024465,inf,nan,0.000000,-0.024465,-0.024465,-0.024465,-0.100270,-0.006527,-0.017417,-0.100269,-0.003002,-0.000000,0.007048,3.210507,10,4
1780630768.689113,nmpc_dc,-3.419677,0.002105,-0.716900,2.959912,1.692114,-3.384000,1.602105,0.000000,45.000000,-7.605370,0.215736,-0.061844,1,8.641751,0.343585,0.248684,0.138616,0.138616,0.801379,0.027778,0.138616,0.138616,0.141780,0.631821,0.069930,-0.029696,inf,nan,0.000000,-0.029696,-0.029696,-0.029696,-0.152553,0.055527,-0.018899,-0.152553,0.055527,-0.000000,0.010797,3.045493,10,4
1780630768.779790,nmpc_dc,-3.529393,0.299175,-1.477437,2.981486,1.586588,-3.384000,1.899175,0.000000,45.000000,7.280557,1.032882,-0.053156,1,3.594319,0.398355,0.460601,0.345153,0.345153,1.160887,0.030064,0.345153,0.345153,0.156142,0.974681,0.358355,0.255442,inf,nan,0.000000,0.255442,0.255442,0.255442,0.230104,0.094234,0.255442,0.230104,0.094234,-0.000000,0.000000,3.327473,10,4
1780630768.898317,nmpc_dc,-3.640734,0.602487,-0.749381,3.084774,1.593435,-3.384000,2.202487,0.000000,45.000000,6.161479,0.635918,-0.051371,1,4.694297,0.386541,0.391299,0.277611,0.277611,1.285339,0.029161,0.277611,0.277611,0.148301,1.107877,0.350027,0.243366,inf,nan,0.000000,0.243366,0.243366,0.243366,0.284093,0.112457,0.243367,0.284093,0.112458,-0.000000,0.000000,3.174492,10,4
1780630768.976827,nmpc_dc,-3.684865,0.914144,-0.133233,3.148366,1.544223,-3.384000,2.514144,0.000000,45.000000,3.735241,0.323741,-0.045237,1,3.084443,0.484029,0.470493,0.365608,0.365608,1.403690,0.029144,0.365608,0.365608,0.147116,1.227429,0.475373,0.371100,inf,nan,0.000000,0.371100,0.371100,0.371100,0.344319,0.126512,0.371100,0.344319,0.126512,-0.000000,0.000000,3.151183,10,4
1780630769.092139,nmpc_dc,-3.679512,1.230600,0.240291,3.180740,1.481667,-3.384000,2.830600,0.000000,45.000000,1.846795,0.156523,-0.036602,1,3.940172,0.564452,0.630885,0.526755,0.526755,1.532674,0.029417,0.526755,0.526755,0.149080,1.354176,0.671361,0.557893,inf,nan,0.000000,0.557893,0.557893,0.557893,0.426289,0.074587,0.557893,0.426289,0.074587,-0.000000,0.000000,3.189803,10,4
1780630769.177009,nmpc_dc,-3.646249,1.549456,0.424971,3.196392,1.437764,-3.384000,3.149456,0.000000,45.000000,0.588522,0.074449,-0.029427,1,4.191190,0.830567,0.877290,0.770791,0.770791,1.547209,0.029564,0.770791,0.770791,0.150852,1.366793,0.923153,0.816814,inf,nan,0.000000,0.816814,0.816814,0.816814,0.524600,0.052218,0.816814,0.524600,0.052219,-0.000000,0.000000,3.224519,10,4
1780630769.295189,nmpc_dc,-3.600809,1.869468,0.483823,3.203837,1.422533,-3.384000,3.469468,0.000000,45.000000,-0.172211,0.035220,-0.025786,1,5.879848,1.120185,1.150562,1.040744,1.040744,1.571038,0.029544,1.040744,1.040744,0.151652,1.389842,1.201456,1.096370,inf,nan,0.000000,1.096370,1.096370,1.096370,0.558447,0.004869,1.096370,0.558447,0.004869,-0.000000,0.000000,3.240163,10,4
1780630769.377959,nmpc_dc,-3.553288,2.190028,0.466602,3.207359,1.429981,-3.384000,3.790028,0.000000,45.000000,-0.576333,0.016620,-0.025522,1,4.494618,1.421756,1.441668,1.328136,1.328136,0.633592,0.029432,0.452458,0.452458,0.151701,0.452458,0.295766,0.184328,inf,nan,0.000000,0.184328,0.184328,0.184328,-0.013432,-0.289575,0.184328,-0.013432,-0.289575,-0.000000,0.000000,3.241121,10,4
1780630769.494571,nmpc_dc,-3.509510,2.510847,0.408968,3.209021,1.449770,-3.384000,4.110847,0.000000,45.000000,-0.728729,-0.311081,-0.027446,1,5.772879,1.670792,1.564837,1.450793,1.450793,0.620000,0.029300,0.439313,0.439313,0.151387,0.439313,0.097810,-0.011310,inf,nan,0.000000,-0.011310,-0.011310,-0.011310,-0.052024,-0.050210,-0.011308,-0.052023,-0.050209,-0.000000,0.000001,3.234976,10,4
1780630769.575426,nmpc_dc,-3.472256,2.830193,0.336095,3.177913,1.476019,-3.384000,4.430193,0.000000,45.000000,-0.773965,-0.960294,-0.030610,1,5.026062,1.358839,1.252459,1.140325,1.140325,0.620000,0.028945,0.441677,0.441677,0.149377,0.441677,0.099284,-0.011383,inf,nan,0.000000,-0.011383,-0.011383,-0.011383,-0.063418,-0.058498,-0.009779,-0.063418,-0.058498,-0.000000,0.001603,3.195636,10,4
1780630769.690389,nmpc_dc,-3.442517,3.143183,0.258699,3.081883,1.505213,-3.384000,4.743183,0.000000,45.000000,-0.714395,-2.997283,-0.034382,1,4.685548,1.049772,0.944265,0.830978,0.830978,0.620000,0.028140,0.447702,0.447702,0.144158,0.447702,0.100224,-0.011110,inf,nan,0.000000,-0.011110,-0.011110,-0.011110,-0.073771,-0.047548,-0.009837,-0.073770,-0.047548,-0.000000,0.001284,3.092722,10,4
1780630769.782413,nmpc_dc,-3.420219,3.436385,0.187259,2.782155,1.538932,-3.384000,5.036385,0.000000,45.000000,-0.609081,-5.148283,-0.038798,1,5.015769,0.762031,0.658375,0.542420,0.542420,0.620000,0.025979,0.463146,0.463146,0.129034,0.464987,0.098965,-0.013075,inf,nan,0.000000,-0.013075,-0.013075,-0.013075,-0.078190,-0.026044,-0.009882,-0.078190,-0.026043,-0.000000,0.003193,2.788450,10,4
1780630769.893653,nmpc_dc,-3.404538,3.688859,0.126351,2.267327,1.569263,-3.384000,5.288859,0.000000,45.000000,-0.490009,-6.706804,-0.042917,1,5.590303,0.518057,0.417726,0.296855,0.296855,0.620000,0.022831,0.296825,0.296825,0.104371,0.492798,0.097832,-0.014547,inf,nan,0.000000,-0.014547,-0.014547,-0.014547,-0.079186,-0.003924,-0.009907,-0.079185,-0.002280,-0.000000,0.004640,2.270845,10,4
1780630769.981642,nmpc_dc,-3.394353,3.882058,0.077351,1.596646,1.593581,-3.384000,5.482058,0.000000,45.000000,-0.916160,-5.097926,-0.046358,1,5.081641,0.361878,0.267359,0.149535,0.149535,0.620000,0.019707,0.149535,0.149535,0.074336,0.525957,0.108451,-0.017752,inf,nan,0.000000,-0.017752,-0.017752,-0.017752,-0.060982,-0.004496,-0.011660,-0.060982,-0.001777,-0.000000,0.006307,1.598519,10,4
1780630770.110501,nmpc_dc,-3.391199,4.016233,-0.014265,1.086854,1.627360,-3.384000,5.616233,0.000000,45.000000,4.500510,6.614031,-0.050599,1,22.155163,0.345141,0.250216,0.140160,0.140160,0.620000,0.018058,0.140160,0.140160,0.052997,0.548945,0.073362,-0.048492,inf,nan,0.000000,-0.048492,-0.048492,-0.048492,-0.100760,-0.141391,-0.015871,-0.085027,-0.141391,-0.000000,0.036156,1.086947,10,4
1780630770.175843,nmpc_dc,-3.370123,4.157988,0.435786,1.748257,1.845589,-3.384000,5.757988,0.000000,45.000000,-2.286269,6.843362,-0.075097,1,3.887727,0.361613,0.391634,0.285471,0.285471,0.620000,0.020537,0.285462,0.285462,0.083177,0.516286,0.091706,-0.015866,inf,nan,0.000000,-0.015866,-0.015866,-0.015866,-0.060101,-0.119778,-0.015865,-0.060101,-0.119778,-0.000000,0.000000,1.801752,10,4
1780630770.299976,nmpc_dc,-3.337976,4.367031,0.207159,2.432593,1.599045,-3.384000,5.967031,0.000000,45.000000,-2.656546,3.937431,-0.053877,1,11.599457,0.573071,0.522476,0.418120,0.418120,0.620000,0.023806,0.415391,0.415391,0.112350,0.483844,0.082601,-0.017253,inf,nan,0.000000,-0.017253,-0.017253,-0.017253,-0.091036,-0.146114,-0.017251,-0.091035,-0.146114,-0.000000,0.000002,2.441398,10,4
1780630770.380043,nmpc_dc,-3.330542,4.629977,-0.058496,2.826336,1.500126,-3.384000,6.229977,0.000000,45.000000,-2.517159,1.858201,-0.037455,1,4.240739,0.437994,0.424542,0.314993,0.314993,0.631014,0.026248,0.314883,0.314883,0.130922,0.473844,0.082832,-0.017138,inf,nan,0.000000,-0.017138,-0.017138,-0.017138,-0.105850,-0.127615,-0.017132,-0.105850,-0.127615,-0.000000,0.000006,2.826941,10,4
1780630770.493940,nmpc_dc,-3.348978,4.921902,-0.310212,3.012156,1.512156,-3.384000,6.521902,0.000000,45.000000,-0.956904,1.329743,-0.034420,1,5.207993,0.368766,0.338807,0.231203,0.231203,0.759408,0.027651,0.231203,0.231203,0.140906,0.590850,0.086346,-0.016719,inf,nan,0.000000,-0.016719,-0.016719,-0.016719,-0.126020,-0.144676,-0.016716,-0.126020,-0.144676,-0.000000,0.000003,3.028088,10,4
1780630770.574312,nmpc_dc,-3.384784,5.229766,-0.405902,3.145130,1.543206,-3.384000,6.829766,0.000000,45.000000,-7.868663,-1.443656,-0.036821,1,8.171272,0.331806,0.249709,0.143636,0.143636,0.801412,0.028708,0.143636,0.143636,0.148134,0.624570,0.065454,-0.035370,inf,nan,0.000000,-0.035370,-0.035370,-0.035370,-0.132552,0.053197,-0.017710,-0.132552,0.053198,-0.000000,0.017659,3.171215,10,4
1780630770.695171,nmpc_dc,-3.464717,5.537061,-1.192769,3.000765,1.634803,-3.384000,7.137061,0.000000,45.000000,5.421038,0.822338,-0.047178,1,4.196673,0.454521,0.562204,0.453461,0.453461,1.322645,0.029195,0.453461,0.453461,0.151088,1.142362,0.529182,0.417914,inf,nan,0.000000,0.417914,0.417914,0.417914,0.327262,0.112538,0.417914,0.327262,0.112538,-0.000000,0.000000,3.229131,10,4
1780630770.778126,nmpc_dc,-3.556889,5.841249,-0.650665,3.082999,1.607154,-3.384000,7.441249,0.000000,45.000000,4.836442,0.627941,-0.046436,1,3.907576,0.421496,0.347169,0.243603,0.243603,1.399661,0.028748,0.243603,0.243603,0.147103,1.223811,0.389383,0.278993,inf,nan,0.000000,0.278993,0.278993,0.278993,0.363266,0.119431,0.278994,0.363267,0.119431,-0.000000,0.000000,3.150912,10,4
1780630770.896603,nmpc_dc,-3.597773,6.152689,-0.167020,3.145793,1.561603,-3.384000,7.752689,0.000000,45.000000,3.009704,0.334562,-0.040993,1,5.481670,0.375004,0.355295,0.246706,0.246706,1.326181,0.028846,0.246706,0.246706,0.147068,1.150268,0.334536,0.231960,inf,nan,0.000000,0.231960,0.231960,0.231960,0.286518,0.117687,0.231960,0.286519,0.117688,-0.000000,0.000000,3.150224,10,4
1780630770.970922,nmpc_dc,-3.599427,6.468941,0.133950,3.179249,1.509649,-3.384000,8.068941,0.000000,45.000000,1.550875,0.163954,-0.033712,1,5.453461,0.444864,0.401181,0.297409,0.297409,1.298363,0.029092,0.297409,0.297409,0.148686,1.120584,0.444499,0.332671,inf,nan,0.000000,0.332671,0.332671,0.332671,0.369687,-0.014855,0.332672,0.369687,-0.014854,-0.000000,0.000000,3.182070,10,4
1780630771.089778,nmpc_dc,-3.578277,6.787685,0.289037,3.195644,1.474630,-3.384000,8.387685,0.000000,45.000000,0.564211,0.078326,-0.027862,1,4.730078,0.631449,0.622552,0.514466,0.514466,1.257960,0.029240,0.514466,0.514466,0.150043,1.078676,0.672870,0.568181,inf,nan,0.000000,0.568181,0.568181,0.568181,0.346365,-0.017928,0.568182,0.346366,-0.017927,-0.000000,0.000000,3.208689,10,4
1780630771.178221,nmpc_dc,-3.546552,7.107641,0.345459,3.203477,1.461865,-3.384000,8.707641,0.000000,45.000000,-0.043117,0.037109,-0.024831,1,4.413438,0.932949,0.910461,0.797607,0.797607,1.268022,0.029270,0.797605,0.797605,0.150726,1.088027,0.964764,0.859889,inf,nan,0.000000,0.859889,0.859889,0.859889,0.340411,-0.018309,0.859890,0.340411,-0.018308,-0.000000,0.000000,3.222050,10,4
1780630771.294691,nmpc_dc,-3.512222,7.428175,0.341147,3.207188,1.466075,-3.384000,9.028175,0.000000,45.000000,-0.375496,0.017532,-0.024373,1,6.138607,1.243582,1.211853,1.095970,1.095970,1.299577,0.029230,1.085561,1.085561,0.150891,1.119457,1.269605,1.162903,inf,nan,0.000000,1.162903,1.162903,1.162903,0.336865,-0.004218,1.162904,0.336865,-0.004218,-0.000000,0.000000,3.225281,10,4
1780630771.366361,nmpc_dc,-3.479985,7.748981,0.303597,3.208941,1.479755,-3.384000,9.348981,0.000000,45.000000,-0.520984,0.008276,-0.025591,1,2.784965,1.253851,1.415699,1.301990,1.301990,1.323176,0.029167,1.143111,1.143111,0.150788,1.143221,1.309880,1.203629,inf,nan,0.000000,1.203629,1.203629,1.203629,0.335359,0.062605,1.203629,0.335359,0.062605,-0.000000,0.000000,3.223271,10,4
1780630771.494910,nmpc_dc,-3.452230,8.069917,0.251499,3.209769,1.497035,-3.384000,9.669917,0.000000,45.000000,-0.547892,0.003905,-0.027614,1,6.304546,1.232326,1.402957,1.282555,1.282555,1.336969,0.029109,1.156905,1.156905,0.150601,1.157258,1.309880,1.203629,inf,nan,0.000000,1.203629,1.203629,1.203629,0.381706,0.042638,1.203629,0.381706,0.042638,-0.000000,0.000000,3.219607,10,4
1780630771.574223,nmpc_dc,-3.429820,8.390913,0.196710,3.210159,1.514318,-3.384000,9.990913,0.000000,45.000000,-0.506328,0.001844,-0.029824,1,3.170805,1.429610,1.431588,1.326410,1.326410,1.965911,0.029066,1.326410,1.326410,0.150426,1.786419,1.474077,1.360006,inf,nan,0.000000,1.360006,1.360006,1.360006,0.664586,0.189437,1.360006,0.664586,0.189438,-0.000000,0.000000,3.216180,10,4
1780630771.690218,nmpc_dc,-3.412680,8.711938,0.146077,3.210344,1.529735,-3.384000,10.311938,0.000000,45.000000,-0.431102,0.000870,-0.031865,1,4.178166,1.682852,1.677677,1.570345,1.570345,2.121502,0.029039,1.570345,1.570345,0.150297,1.942166,1.727230,1.616590,inf,nan,0.000000,1.616590,1.616590,1.616590,0.759851,0.207861,1.616590,0.759852,0.207862,-0.000000,0.000000,3.213665,10,4
1780630771.778823,nmpc_dc,-3.400228,9.032977,0.102967,3.210431,1.542512,-3.384000,10.632977,0.000000,45.000000,-0.344985,0.000410,-0.033562,1,3.345553,1.956841,1.947037,1.837120,1.837120,2.279032,0.029023,1.837117,1.837117,0.150217,2.099793,1.999429,1.891464,inf,nan,0.000000,1.891464,1.891464,1.891464,0.854470,0.226416,1.891465,0.854471,0.226416,-0.000000,0.000000,3.212081,10,4
1780630771.897362,nmpc_dc,-3.391656,9.354022,0.068468,3.210472,1.552511,-3.384000,10.954022,0.000000,45.000000,-0.261711,0.000193,-0.034860,1,6.963063,2.243953,2.231286,2.118854,2.118854,2.438091,0.029015,2.118642,2.118642,0.150172,2.258905,2.285199,2.178495,inf,nan,0.000000,2.178495,2.178495,2.178495,0.948809,0.245074,2.178496,0.948809,0.245075,-0.000000,0.000000,3.211202,10,4
1780630771.976428,nmpc_dc,-3.386118,9.675070,0.042297,3.210491,1.559943,-3.384000,11.275070,0.000000,45.000000,-0.188597,0.000091,-0.035770,1,3.189955,2.539387,2.525246,2.410558,2.410558,2.598359,0.029011,2.394749,2.394749,0.150150,2.419198,2.579941,2.473755,inf,nan,0.000000,2.473755,2.473755,2.473755,1.043079,0.263815,2.473756,1.043079,0.263816,-0.000000,0.000000,3.210770,10,4
1780630772.092962,nmpc_dc,-3.382831,9.996120,0.023437,3.210500,1.565186,-3.384000,11.596120,0.000000,45.000000,-0.128649,0.000043,-0.036340,1,4.557567,2.841103,2.825572,2.709058,2.709058,2.759587,0.029009,2.580123,2.580123,0.150140,2.580438,2.880769,2.774707,inf,nan,0.000000,2.774707,2.774707,2.774707,1.137392,0.282624,2.774708,1.137393,0.282625,-0.000000,0.000000,3.210586,10,4
1780630772.180134,nmpc_dc,-3.381131,10.317170,0.010572,3.210504,1.568674,-3.384000,11.917170,0.000000,45.000000,-0.082174,0.000020,-0.036629,1,3.362916,3.147100,3.127751,3.012301,3.012301,2.921588,0.029009,2.742440,2.742440,0.150137,2.742443,3.185836,3.079687,inf,nan,0.000000,3.079687,3.079687,3.079687,1.231805,0.301489,3.079688,1.231805,0.301490,-0.000000,0.000000,3.210522,10,4
1780630772.295223,nmpc_dc,-3.380485,10.638221,0.002355,3.210506,1.570827,-3.384000,12.238221,0.000000,45.000000,-0.047955,0.000009,-0.036701,1,4.721682,3.456101,3.433617,3.318936,3.318936,3.084216,0.029009,2.905071,2.905071,0.150136,2.905071,3.493933,3.387586,inf,nan,0.000000,3.387586,3.387586,3.387586,1.326339,0.320402,3.387586,1.326339,0.320402,-0.000000,0.000000,3.210507,10,4
1780630772.379539,nmpc_dc,-3.380489,10.959271,-0.002440,3.210507,1.572019,-3.384000,12.559271,0.000000,45.000000,-0.024053,0.000004,-0.036613,1,3.398865,3.766656,3.742166,3.628056,3.628056,3.247358,0.029009,3.068213,3.068213,0.150136,3.068213,3.804252,3.697649,inf,nan,0.000000,3.697649,3.697649,3.697649,1.421002,0.339353,3.697649,1.421002,0.339353,-0.000000,0.000000,3.210508,10,4
1780630772.499748,nmpc_dc,-3.380853,11.280322,-0.004846,3.210508,1.572553,-3.384000,12.880322,0.000000,45.000000,-0.008331,0.000002,-0.036415,1,10.024789,4.078847,4.052717,3.939040,3.939040,3.410926,0.029009,3.231781,3.231781,0.150136,3.231781,4.116242,4.009356,inf,nan,0.000000,4.009356,4.009356,4.009356,1.515792,0.358338,4.009356,1.515792,0.358338,-0.000000,0.000000,3.210511,10,4
1780630772.573703,nmpc_dc,-3.381379,11.601373,-0.005679,3.210508,1.572669,-3.384000,13.201373,0.000000,45.000000,0.001250,0.000001,-0.036145,1,3.388850,1.014698,0.949466,0.844925,0.844925,0.866906,0.029009,0.687644,0.687644,0.150136,0.687761,0.537818,0.433214,inf,nan,0.000000,0.433214,0.433214,0.433214,0.041724,0.008121,0.433215,0.041724,0.008122,-0.000000,0.000000,3.210513,10,4
1780630772.696131,nmpc_dc,-3.381941,11.922424,-0.005554,3.210508,1.572540,-3.384000,13.522424,0.000000,45.000000,0.006417,0.000003,-0.035831,1,6.411868,0.774642,0.757286,0.652091,0.652091,0.931290,0.029009,0.651243,0.651243,0.150136,0.752145,0.533476,0.429749,inf,nan,0.000000,0.429749,0.429749,0.429749,0.036541,0.054124,0.429750,0.036542,0.054125,-0.000000,0.000000,3.210513,10,4
1780630772.778444,nmpc_dc,-3.382464,12.243474,-0.004912,3.210508,1.572289,-3.384000,13.843474,0.000000,45.000000,0.008616,0.000003,-0.035496,1,3.950121,0.596552,0.651333,0.537499,0.537499,1.036171,0.029009,0.537499,0.537499,0.150136,0.857025,0.532900,0.429290,inf,nan,0.000000,0.429290,0.429290,0.429290,0.082898,0.083091,0.429290,0.082898,0.083092,-0.000000,0.000000,3.210512,10,4
1780630772.893015,nmpc_dc,-3.382912,12.564525,-0.004050,3.210509,1.571996,-3.384000,14.164525,0.000000,45.000000,0.008945,0.000002,-0.035153,1,6.545009,0.526547,0.633485,0.515504,0.515504,1.163428,0.029009,0.515504,0.515504,0.150136,0.984283,0.532900,0.429290,inf,nan,0.000000,0.429290,0.429290,0.429290,0.172286,0.094164,0.429290,0.172286,0.094164,-0.000000,0.000000,3.210511,10,4
1780630772.965021,nmpc_dc,-3.383273,12.885576,-0.003156,3.210509,1.571710,-3.384000,14.485576,0.000000,45.000000,0.008206,0.000000,-0.034811,1,2.786842,0.567966,0.641037,0.528254,0.528254,1.300598,0.029009,0.528254,0.528254,0.150136,1.121453,0.584155,0.472789,inf,nan,0.000000,0.472789,0.472789,0.472789,0.258921,0.107253,0.472789,0.258922,0.107254,-0.000000,0.000000,3.210510,10,4
1780630773.094268,nmpc_dc,-3.383547,13.206627,-0.002335,3.210509,1.571457,-3.384000,14.806627,0.000000,45.000000,0.006952,-0.000000,-0.034474,1,2.880298,0.709115,0.718111,0.609460,0.609460,1.441360,0.029009,0.609460,0.609460,0.150136,1.262215,0.695294,0.589874,inf,nan,0.000000,0.589874,0.589874,0.589874,0.367262,0.125701,0.589874,0.367263,0.125701,-0.000000,0.000000,3.210510,10,4
1780630773.178182,nmpc_dc,-3.383746,13.527678,-0.001640,3.210509,1.571249,-3.384000,15.127678,0.000000,45.000000,-0.073262,-0.150598,-0.034146,1,5.116063,0.925185,0.868204,0.763907,0.763907,0.620000,0.029009,0.440855,0.440855,0.150136,0.440855,0.084655,-0.018098,inf,nan,0.000000,-0.018098,-0.018098,-0.018098,-0.056687,-0.164762,-0.018098,-0.056686,-0.164762,-0.000000,0.000001,3.210509,10,4
1780630773.280419,nmpc_dc,-3.384276,13.847976,-0.008966,3.195449,1.571202,-3.384000,15.447976,0.000000,45.000000,-0.251917,-0.854740,-0.033840,1,8.204253,1.161848,1.084558,0.978822,0.978822,0.620000,0.028893,0.441738,0.441738,0.149369,0.441738,0.110504,-0.011955,inf,nan,0.000000,-0.011955,-0.011955,-0.011955,-0.063785,-0.172772,-0.010695,-0.063785,-0.172771,-0.000000,0.001260,3.195462,10,4
1780630773.365290,nmpc_dc,-3.386433,14.163247,-0.034158,3.109975,1.573125,-3.384000,15.763247,0.000000,45.000000,-0.562022,-2.577712,-0.033756,1,3.870274,1.055392,0.947342,0.836174,0.836174,0.620000,0.028248,0.446714,0.446714,0.145038,0.446714,0.102982,-0.011169,inf,nan,0.000000,-0.011169,-0.011169,-0.011169,-0.077460,-0.050692,-0.011016,-0.077459,-0.050692,-0.000000,0.001401,3.110163,10,4
1780630773.496913,nmpc_dc,-3.392659,14.461356,-0.090360,2.852204,1.586056,-3.384000,16.061356,0.000000,45.000000,-0.820525,-4.698183,-0.034948,1,10.697016,0.760680,0.655605,0.543619,0.543619,0.620000,0.026412,0.459791,0.459791,0.132235,0.461352,0.097286,-0.013158,inf,nan,0.000000,-0.013158,-0.013158,-0.013158,-0.081590,-0.026751,-0.010229,-0.081590,-0.026751,-0.000000,0.002929,2.853635,10,4
1780630773.575428,nmpc_dc,-3.405797,14.723085,-0.172413,2.382385,1.615371,-3.384000,16.323085,0.000000,45.000000,-0.840739,-6.559561,-0.038214,1,5.288345,0.507005,0.407812,0.293604,0.293604,0.672256,0.023490,0.293599,0.293599,0.109865,0.538901,0.095347,-0.014477,inf,nan,0.000000,-0.014477,-0.014477,-0.014477,-0.083474,-0.003843,-0.010026,-0.083474,-0.001687,-0.000000,0.004451,2.388616,10,4
1780630773.699767,nmpc_dc,-3.427242,14.928526,-0.256487,1.726429,1.645670,-3.384000,16.528526,0.000000,45.000000,0.176173,-6.410001,-0.042085,1,9.410164,0.345331,0.251053,0.140127,0.140127,0.772854,0.020308,0.140127,0.140127,0.080704,0.671842,0.095680,-0.015275,inf,nan,0.000000,-0.015275,-0.015275,-0.015275,-0.064578,-0.004266,-0.010058,-0.064577,-0.001443,-0.000000,0.005711,1.745378,10,4
1780630773.783214,nmpc_dc,-3.452010,15.069119,-0.238869,1.085429,1.585928,-3.384000,16.669119,0.000000,45.000000,2.698444,7.531162,-0.036278,1,9.570098,0.373840,0.299889,0.192255,0.192255,0.863106,0.018152,0.192255,0.192255,0.053987,0.790967,0.084527,-0.018003,inf,nan,0.000000,-0.018003,-0.018003,-0.018003,-0.080759,-0.051676,-0.018003,-0.080759,-0.051676,-0.000000,0.000000,1.111402,10,4
1780630773.907128,nmpc_dc,-3.462405,15.215318,0.030975,1.838545,1.741882,-3.384000,16.815318,0.000000,45.000000,0.764068,6.657246,-0.051575,1,7.746289,0.382406,0.428097,0.321183,0.321183,1.077512,0.020737,0.321183,0.321183,0.084811,0.971963,0.300787,0.198602,inf,nan,0.000000,0.198602,0.198602,0.198602,0.030489,0.077130,0.198602,0.030489,0.077130,-0.000000,0.000000,1.838806,10,4
1780630773.977894,nmpc_dc,-3.455487,15.432458,0.107382,2.504270,1.695241,-3.384000,17.032458,0.000000,45.000000,0.217612,3.636316,-0.049990,1,4.057687,0.358610,0.407347,0.300124,0.300124,1.185271,0.024213,0.300124,0.300124,0.115437,1.045621,0.318610,0.216275,inf,nan,0.000000,0.216275,0.216275,0.216275,0.109942,0.104663,0.216275,0.109942,0.104663,-0.000000,0.000000,2.506571,10,4
1780630774.099445,nmpc_dc,-3.443660,15.701067,0.129143,2.867902,1.614758,-3.384000,17.301067,0.000000,45.000000,-0.025477,1.794663,-0.040490,1,6.041334,0.343570,0.338219,0.226733,0.226733,1.309719,0.026553,0.226733,0.226733,0.133082,1.150084,0.306098,0.201304,inf,nan,0.000000,0.201304,0.201304,0.201304,0.230451,0.116293,0.201304,0.230451,0.116293,-0.000000,0.000000,2.870808,10,4
1780630774.177634,nmpc_dc,-3.430874,15.996831,0.126596,3.047368,1.569580,-3.384000,17.596831,0.000000,45.000000,-0.146368,0.859326,-0.032935,1,4.263563,0.370986,0.289170,0.185084,0.185084,1.124413,0.027817,0.185084,0.185084,0.142006,0.954589,0.338883,0.228593,inf,nan,0.000000,0.228593,0.228593,0.228593,0.282762,-0.057567,0.228594,0.282762,-0.057567,-0.000000,0.000000,3.049996,10,4
1780630774.297641,nmpc_dc,-3.418946,16.305864,0.111959,3.133300,1.552708,-3.384000,17.905864,0.000000,45.000000,-0.196741,0.407435,-0.028998,1,6.084720,0.458878,0.360212,0.245587,0.245587,1.045897,0.028444,0.245587,0.245587,0.146311,0.871143,0.418396,0.315109,inf,nan,0.000000,0.315109,0.315109,0.315109,0.249689,-0.065875,0.315110,0.249689,-0.065875,-0.000000,0.000000,3.135300,10,4
1780630774.377596,nmpc_dc,-3.408734,16.621231,0.092285,3.174044,1.549786,-3.384000,18.221231,0.000000,45.000000,-0.204164,0.192543,-0.027510,1,4.249888,0.767383,0.662633,0.550475,0.550475,0.972122,0.028744,0.550470,0.550470,0.148346,0.795033,0.728663,0.623146,inf,nan,0.000000,0.623146,0.623146,0.623146,0.188028,-0.157923,0.623147,0.188029,-0.157923,-0.000000,0.000000,3.175385,10,4
1780630774.477075,nmpc_dc,-3.400526,16.939598,0.071868,3.193298,1.552432,-3.384000,18.539598,0.000000,45.000000,-0.187203,0.090889,-0.027249,1,5.173846,1.081996,0.975091,0.863555,0.863555,0.850415,0.028885,0.672196,0.672196,0.149300,0.672231,0.663848,0.559543,inf,nan,0.000000,0.559543,0.559543,0.559543,0.122268,-0.207069,0.559544,0.122269,-0.207068,-0.000000,0.000000,3.194107,10,4
1780630774.575911,nmpc_dc,-3.394275,17.259383,0.053148,3.202387,1.556679,-3.384000,18.859383,0.000000,45.000000,-0.158498,0.042895,-0.027472,1,4.358332,1.413219,1.342685,1.231903,1.231903,2.008085,0.028950,1.231903,1.231903,0.149744,1.829390,1.417316,1.306763,inf,nan,0.000000,1.306763,1.306763,1.306763,0.711610,0.198203,1.306764,0.711610,0.198203,-0.000000,0.000000,3.202828,10,4
1780630774.697309,nmpc_dc,-3.389753,17.579836,0.037298,3.206677,1.560843,-3.384000,19.179836,0.000000,45.000000,-0.126260,0.020239,-0.027805,1,5.253996,1.732030,1.662386,1.551525,1.551525,2.174664,0.028981,1.551525,1.551525,0.149952,1.995731,1.737558,1.626344,inf,nan,0.000000,1.626344,1.626344,1.626344,0.807951,0.217383,1.626344,0.807951,0.217384,-0.000000,0.000000,3.206894,10,4
1780630774.777506,nmpc_dc,-3.386654,17.900605,0.024672,3.208701,1.564314,-3.384000,19.500605,0.000000,45.000000,-0.095385,0.009549,-0.028088,1,4.692812,2.051296,1.982530,1.871611,1.871611,2.341417,0.028996,1.871609,1.871609,0.150049,2.162373,2.058124,1.946391,inf,nan,0.000000,1.946391,1.946391,1.946391,0.904226,0.236600,1.946392,0.904226,0.236601,-0.000000,0.000000,3.208795,10,4
1780630774.892643,nmpc_dc,-3.384664,18.221522,0.015134,3.209655,1.566958,-3.384000,19.821522,0.000000,45.000000,-0.068447,0.004505,-0.028267,1,2.921909,2.371196,2.302912,2.191948,2.191948,2.508255,0.029003,2.191715,2.191715,0.150094,2.329158,2.378850,2.266700,inf,nan,0.000000,2.266700,2.266700,2.266700,1.000478,0.255835,2.266700,1.000478,0.255836,-0.000000,0.000000,3.209691,10,4
1780630774.977300,nmpc_dc,-3.383493,18.542511,0.008289,3.210106,1.568838,-3.384000,20.142511,0.000000,45.000000,-0.046466,0.002125,-0.028335,1,5.289931,2.691458,2.623435,2.512438,2.512438,2.675134,0.029006,2.483256,2.483256,0.150116,2.496012,2.699662,2.587168,inf,nan,0.000000,2.587168,2.587168,2.587168,1.096725,0.275080,2.587168,1.096725,0.275080,-0.000000,0.000000,3.210117,10,4
1780630775.100289,nmpc_dc,-3.382896,18.863532,0.003642,3.210318,1.570088,-3.384000,20.463532,0.000000,45.000000,-0.029498,0.001002,-0.028307,1,9.831735,3.011939,2.944053,2.833029,2.833029,2.842035,0.029007,2.662827,2.662827,0.150127,2.662901,3.020525,2.907742,inf,nan,0.000000,2.907742,2.907742,2.907742,1.192975,0.294329,2.907743,1.192976,0.294329,-0.000000,0.000000,3.210321,10,4
1780630775.186097,nmpc_dc,-3.382680,19.184569,0.000693,3.210419,1.570857,-3.384000,20.784569,0.000000,45.000000,-0.017057,0.000473,-0.028202,1,9.292196,3.332557,3.264739,3.153695,3.153695,3.008947,0.029008,2.829807,2.829807,0.150132,2.829808,3.341422,3.228395,inf,nan,0.000000,3.228395,3.228395,3.228395,1.289231,0.313581,3.228395,1.289232,0.313582,-0.000000,0.000000,3.210419,10,4
1780630775.289997,nmpc_dc,-3.382696,19.505613,-0.001013,3.210466,1.571277,-3.384000,21.105613,0.000000,45.000000,-0.008406,0.000223,-0.028041,1,3.253924,3.653267,3.585480,3.474419,3.474419,3.175867,0.029009,2.996724,2.996724,0.150134,2.996724,3.662344,3.549108,inf,nan,0.000000,3.549108,3.549108,3.549108,1.385494,0.332835,3.549108,1.385494,0.332836,-0.000000,0.000000,3.210466,10,4
1780630775.376117,nmpc_dc,-3.382839,19.826661,-0.001854,3.210488,1.571461,-3.384000,21.426661,0.000000,45.000000,-0.002746,0.000105,-0.027841,1,7.135806,3.974039,3.906265,3.795189,3.795189,3.342790,0.029009,3.163646,3.163646,0.150135,3.163646,3.983285,3.869869,inf,nan,0.000000,3.869869,3.869869,3.869869,1.481762,0.352091,3.869869,1.481762,0.352091,-0.000000,0.000000,3.210489,10,4
1780630775.495766,nmpc_dc,-3.383038,20.147710,-0.002128,3.210499,1.571495,-3.384000,21.747710,0.000000,45.000000,0.000672,0.000049,-0.027616,1,12.321218,4.294856,4.227087,4.115999,4.115999,3.509716,0.029009,3.330572,3.330572,0.150136,3.330572,4.304242,4.190670,inf,nan,0.000000,4.190670,4.190670,4.190670,1.578035,0.371347,4.190670,1.578035,0.371347,-0.000000,0.000000,3.210500,10,4
1780630775.572732,nmpc_dc,-3.383248,20.468760,-0.002061,3.210504,1.571441,-3.384000,22.068760,0.000000,45.000000,-1.568068,-0.063336,-0.027399,1,4.724320,1.024934,0.934026,0.823399,0.823399,0.620000,0.029009,0.440855,0.440855,0.150136,0.440855,0.083723,-0.016103,inf,nan,0.000000,-0.016103,-0.016103,-0.016103,-0.088310,-0.066577,-0.016099,-0.088310,-0.066577,-0.000000,0.000004,3.210504,10,4
1780630775.694172,nmpc_dc,-3.391294,20.789494,-0.158868,3.204170,1.572340,-3.368764,22.388365,0.000000,45.000000,-2.081979,-0.136291,-0.027267,1,3.691230,0.748004,0.666758,0.552814,0.552814,0.620000,0.028970,0.440451,0.440451,0.150014,0.441016,0.083719,-0.016328,inf,nan,0.000000,-0.016328,-0.016328,-0.016328,-0.103266,-0.036480,-0.015933,-0.103265,-0.036480,-0.000000,0.000395,3.208106,10,4
1780630775.775911,nmpc_dc,-3.417591,21.109229,-0.367066,3.190541,1.566872,-3.321649,22.704610,0.000000,45.000000,-0.576298,0.671045,-0.026464,1,3.789305,0.483889,0.398117,0.292466,0.292466,0.716593,0.028981,0.292460,0.292460,0.150191,0.537421,0.087926,-0.017225,inf,nan,0.000000,-0.017225,-0.017225,-0.017225,-0.115140,0.002911,-0.016702,-0.115140,0.002911,-0.000000,0.000522,3.211587,10,4
1780630775.897144,nmpc_dc,-3.457179,21.431639,-0.424696,3.257646,1.531950,-3.274140,23.023500,0.000000,45.000000,2.335668,0.087253,-0.022268,1,5.364783,0.347892,0.264377,0.160207,0.160207,0.851370,0.029640,0.160207,0.160207,0.153964,0.667766,0.092131,-0.017542,inf,nan,0.000000,-0.017542,-0.017542,-0.017542,-0.135204,0.063007,-0.017539,-0.135203,0.063008,-0.000000,0.000003,3.285212,10,4
1780630775.977970,nmpc_dc,-3.487970,21.757839,-0.191129,3.266371,1.496636,-3.226072,23.346140,0.000000,45.000000,3.357047,-0.345611,-0.017231,1,4.186405,0.442712,0.511515,0.401560,0.401560,1.007196,0.029690,0.401560,0.401560,0.153283,0.824223,0.424058,0.317533,inf,nan,0.000000,0.317533,0.317533,0.317533,0.205957,-0.071389,0.317533,0.205957,-0.071388,-0.000000,0.000000,3.271958,10,4
1780630776.097035,nmpc_dc,-3.490298,22.082748,0.144576,3.231810,1.449733,-3.178194,23.667502,0.000000,45.000000,2.390969,-0.256391,-0.010754,1,5.365417,0.334824,0.327836,0.216274,0.216274,0.750715,0.029516,0.216274,0.216274,0.151390,0.569809,0.294675,0.186185,inf,nan,0.000000,0.186185,0.186185,0.186185,0.045503,-0.199661,0.186185,0.045503,-0.199660,-0.000000,0.000000,3.235042,10,4
1780630776.177051,nmpc_dc,-3.463885,22.404647,0.383673,3.206171,1.412464,-3.132685,23.972964,0.000000,45.000000,1.426967,-0.282278,-0.005008,1,4.311090,0.358950,0.314915,0.210126,0.210126,0.620000,0.029213,0.210117,0.210117,0.151083,0.439704,0.206537,0.088616,inf,nan,0.000000,0.088616,0.088616,0.088616,-0.041578,-0.234668,0.088617,-0.041578,-0.234667,-0.000000,0.000000,3.229046,10,4
1780630776.294284,nmpc_dc,-3.418383,22.723853,0.526369,3.177943,1.384872,-3.085173,24.291870,0.000000,45.000000,0.554592,-0.719321,-0.000559,1,11.397809,0.535500,0.468066,0.362443,0.362443,0.620000,0.029155,0.360620,0.360620,0.150684,0.440161,0.101554,-0.007040,inf,nan,0.000000,-0.007040,-0.007040,-0.007040,-0.041106,-0.265637,-0.007039,-0.041106,-0.265637,-0.000000,0.000002,3.221240,10,4
1780630776.379263,nmpc_dc,-3.362973,23.038051,0.581829,3.106011,1.367734,-3.038176,24.607321,0.000000,45.000000,-0.512225,-1.643844,0.002423,1,8.543111,0.830933,0.745088,0.634344,0.634344,0.620000,0.028676,0.443722,0.443722,0.147566,0.443759,0.089097,-0.012415,inf,nan,0.000000,-0.012415,-0.012415,-0.012415,-0.065514,-0.279944,-0.011546,-0.065513,-0.279944,-0.000000,0.000869,3.160036,10,4
1780630776.499435,nmpc_dc,-3.307351,23.340433,0.530606,2.941626,1.370186,-2.992897,24.911244,0.000000,45.000000,-6.712812,0.568352,0.002911,1,12.312645,0.945113,0.840674,0.725873,0.725873,0.620000,0.027403,0.453640,0.453640,0.138955,0.453642,0.084504,-0.016045,inf,nan,0.000000,-0.016045,-0.016045,-0.016045,-0.109781,-0.069918,-0.016044,-0.109781,-0.069918,-0.000000,0.004124,2.989098,10,4
1780630776.572402,nmpc_dc,-3.287855,23.637437,-0.140675,2.998462,1.408409,-2.949185,25.204640,0.000000,45.000000,3.135479,0.691959,-0.001172,1,3.403401,0.684219,0.595200,0.487586,0.487586,0.752320,0.027523,0.486663,0.486663,0.139588,0.585209,0.202892,0.097599,inf,nan,0.000000,0.097599,0.097599,0.097599,-0.065724,-0.022402,0.097599,-0.065724,-0.022402,-0.000000,0.000000,3.001760,10,4
1780630776.697109,nmpc_dc,-3.286245,23.940743,0.172873,3.067658,1.416461,-2.904944,25.501595,0.000000,45.000000,2.865028,0.337477,-0.003038,1,2.952182,0.467253,0.405970,0.302380,0.302380,0.620000,0.028109,0.302210,0.302210,0.143139,0.448751,0.104008,-0.004207,inf,nan,0.000000,-0.004207,-0.004207,-0.004207,-0.070825,-0.096441,-0.004206,-0.070825,-0.096440,-0.000000,0.000000,3.072525,10,4
1780630776.780064,nmpc_dc,-3.254633,24.249196,0.459375,3.101405,1.393463,-2.859301,25.807958,0.000000,45.000000,2.148095,-0.323717,-0.001005,1,4.865303,0.387279,0.408248,0.299860,0.299860,0.620000,0.028605,0.299683,0.299683,0.146308,0.445087,0.085437,-0.018122,inf,nan,0.000000,-0.018122,-0.018122,-0.018122,-0.049703,-0.167790,-0.018115,-0.049702,-0.167790,-0.000000,0.000007,3.135242,10,4
1780630776.912972,nmpc_dc,-3.197955,24.557718,0.674185,3.069033,1.357508,-2.813104,26.118041,0.000000,45.000000,3.822833,-0.993738,0.003450,1,14.239182,0.380953,0.432345,0.323769,0.323769,0.620000,0.028636,0.323357,0.323357,0.146661,0.444703,0.080556,-0.019412,inf,nan,0.000000,-0.019412,-0.019412,-0.019412,-0.085842,-0.157299,-0.018961,-0.085842,-0.157299,-0.000000,0.001566,3.142211,10,4
1780630776.978092,nmpc_dc,-3.111422,24.859653,1.056468,2.969660,1.338275,-2.767218,26.426031,0.000000,45.000000,4.285079,-1.194085,0.006638,1,5.143591,0.422740,0.408085,0.298599,0.298599,0.620000,0.028640,0.298425,0.298425,0.147157,0.444203,0.091197,-0.021071,inf,nan,0.000000,-0.021071,-0.021071,-0.021071,-0.099291,-0.196827,-0.017795,-0.099290,-0.196827,-0.000000,0.003277,3.151984,10,4
1780630777.100510,nmpc_dc,-2.984350,25.150648,1.484976,2.850251,1.338974,-2.722047,26.729229,0.000000,45.000000,3.769060,-3.221449,0.007288,1,7.158268,0.460249,0.399697,0.287603,0.287603,0.620000,0.029040,0.287469,0.287469,0.150309,0.440652,0.081297,-0.018203,inf,nan,0.000000,-0.018203,-0.018203,-0.018203,-0.076226,-0.015146,-0.017322,-0.076226,-0.015146,-0.000000,0.006292,3.213890,10,4
1780630777.176195,nmpc_dc,-2.817007,25.419566,1.861882,2.528106,1.284604,-2.679218,27.016697,0.000000,45.000000,-0.288537,-0.784072,0.013324,1,4.607712,0.383187,0.302031,0.188106,0.188106,0.698124,0.028533,0.188106,0.188106,0.146535,0.523055,0.075826,-0.025438,inf,nan,0.000000,-0.025438,-0.025438,-0.025438,-0.108979,-0.001401,-0.018662,-0.108979,-0.001401,-0.000000,0.006776,3.139734,10,4
1780630777.294841,nmpc_dc,-2.632261,25.668456,1.833029,2.449699,1.395933,-2.638931,27.287110,0.000000,45.000000,-7.238621,3.406224,0.002626,1,11.102831,0.423793,0.478024,0.362837,0.362837,0.789134,0.028264,0.362833,0.362833,0.142488,0.618383,0.051844,-0.049010,inf,nan,0.000000,-0.049010,-0.049010,-0.049010,-0.187622,-0.188976,-0.016845,-0.171539,-0.172894,-0.000000,0.032165,3.059578,10,4
1780630777.379619,nmpc_dc,-2.485151,25.930457,1.109167,2.790321,1.355344,-2.597551,27.564863,0.000000,45.000000,-5.783131,5.527694,0.004354,1,5.560703,0.344115,0.253992,0.147534,0.147534,0.903879,0.028265,0.147534,0.147534,0.139634,0.735980,0.045004,-0.055892,inf,nan,0.000000,-0.055892,-0.055892,-0.055892,-0.197247,0.053301,-0.017394,-0.177508,0.053302,-0.000000,0.039478,3.002689,10,4
1780630777.497095,nmpc_dc,-2.403150,26.237128,0.530853,3.343091,1.278952,-2.551073,27.876826,0.000000,45.000000,-4.109512,0.181349,0.013076,1,6.048078,0.342877,0.342260,0.229623,0.229623,1.048705,0.031368,0.229623,0.229623,0.159119,0.858218,0.301436,0.188987,inf,nan,0.000000,0.188987,0.188987,0.188987,0.048511,0.072359,0.188987,0.048511,0.072360,-0.000000,0.000000,3.384976,10,4
1780630777.570642,nmpc_dc,-2.370613,26.572344,0.119902,3.361226,1.494600,-2.501510,28.209505,0.000000,45.000000,-2.007626,-0.324374,-0.008284,1,3.432780,0.346277,0.375607,0.267903,0.267903,1.231451,0.031108,0.267903,0.267903,0.157998,1.042345,0.315714,0.204285,inf,nan,0.000000,0.204285,0.204285,0.204285,0.236826,0.096876,0.204285,0.236827,0.096876,-0.000000,0.000000,3.363364,10,4
1780630777.694196,nmpc_dc,-2.368660,26.906845,-0.080860,3.328788,1.586518,-2.452714,28.537027,0.000000,45.000000,-0.540925,-0.280632,-0.023581,1,5.136773,0.424610,0.355195,0.251806,0.251806,1.394475,0.030624,0.251806,0.251806,0.156260,1.207590,0.391331,0.282082,inf,nan,0.000000,0.282082,0.282082,0.282082,0.364385,0.121750,0.282083,0.364385,0.121751,-0.000000,0.000000,3.329770,10,4
1780630777.777749,nmpc_dc,-2.379451,27.238320,-0.134953,3.300725,1.607698,-2.404636,28.859732,0.000000,45.000000,0.333987,-0.230885,-0.029560,1,4.030533,0.484732,0.389569,0.275272,0.275272,1.512032,0.030188,0.275272,0.275272,0.154904,1.326940,0.444897,0.341611,inf,nan,0.000000,0.341611,0.341611,0.341611,0.418967,0.139712,0.341611,0.418968,0.139713,-0.000000,0.000000,3.303483,10,4
1780630777.897971,nmpc_dc,-2.391276,27.567238,-0.101554,3.277637,1.595128,-2.356954,29.179784,0.000000,45.000000,0.781660,-0.203618,-0.029497,1,5.279589,0.803126,0.701144,0.587483,0.587483,1.672584,0.029813,0.587483,0.587483,0.153655,1.489115,0.762714,0.658095,inf,nan,0.000000,0.658095,0.658095,0.658095,0.516470,0.158344,0.658095,0.516470,0.158344,-0.000000,0.000000,3.279209,10,4
1780630777.977013,nmpc_dc,-2.397524,27.893984,-0.023388,3.257275,1.568399,-2.309467,29.498524,0.000000,45.000000,0.947015,-0.182487,-0.026381,1,4.710759,1.122100,1.018399,0.905493,0.905493,1.546209,0.029517,0.905493,0.905493,0.152534,1.364158,1.083282,0.977136,inf,nan,0.000000,0.977136,0.977136,0.977136,0.523588,0.018366,0.977136,0.523589,0.018367,-0.000000,0.000000,3.257359,10,4
1780630778.098478,nmpc_dc,-2.395127,28.218799,0.071313,3.239026,1.538063,-2.262073,29.816636,0.000000,45.000000,0.939884,-0.159602,-0.022130,1,6.211931,1.441004,1.336619,1.223866,1.223866,1.640053,0.029306,1.223858,1.223858,0.151634,1.459113,1.403251,1.295739,inf,nan,0.000000,1.295739,1.295739,1.295739,0.539011,0.029982,1.295739,0.539012,0.029983,-0.000000,0.000000,3.239811,10,4
1780630778.177386,nmpc_dc,-2.383297,28.541904,0.165302,3.223066,1.509370,-2.214724,30.134448,0.000000,45.000000,0.838491,-0.134170,-0.017801,1,4.659030,1.692852,1.654176,1.539434,1.539434,0.866730,0.029169,0.686567,0.686567,0.150994,0.686567,0.699930,0.588905,inf,nan,0.000000,0.588905,0.588905,0.588905,0.146978,-0.152823,0.588906,0.146979,-0.152823,-0.000000,0.000000,3.227302,10,4
1780630778.284086,nmpc_dc,-2.362574,28.863539,0.249151,3.209649,1.484610,-2.167397,30.452120,0.000000,45.000000,0.695626,-0.108002,-0.013908,1,7.344929,1.670163,1.581837,1.473245,1.473245,0.836706,0.029088,0.657033,0.657033,0.150585,0.657033,0.612806,0.508545,inf,nan,0.000000,0.508545,0.508545,0.508545,0.112235,-0.015562,0.508546,0.112236,-0.015561,-0.000000,0.000000,3.219305,10,4
1780630778.377152,nmpc_dc,-2.334181,29.183964,0.318713,3.198849,1.464529,-2.120078,30.769726,0.000000,45.000000,0.544645,-0.083201,-0.010659,1,5.526212,1.400441,1.318488,1.212057,1.212057,0.817430,0.029044,0.638036,0.638036,0.150350,0.638036,0.613539,0.506373,inf,nan,0.000000,0.506373,0.506373,0.506373,0.085923,-0.011741,0.506373,0.085923,-0.011740,-0.000000,0.000000,3.214687,10,4
1780630778.495469,nmpc_dc,-2.299586,29.503433,0.373178,3.190529,1.449070,-2.072765,31.087300,0.000000,45.000000,0.404797,-0.061283,-0.008095,1,6.630774,1.148943,1.078630,0.973987,0.973987,0.666803,0.029023,0.487553,0.487553,0.150227,0.487553,0.312499,0.209980,inf,nan,0.000000,0.209980,0.209980,0.209980,-0.004656,-0.074371,0.209981,-0.004656,-0.074371,-0.000000,0.000000,3.212279,10,4
1780630778.575157,nmpc_dc,-2.260244,29.822179,0.413658,3.184400,1.437757,-2.025454,31.404859,0.000000,45.000000,0.285572,-0.042998,-0.006170,1,3.069524,2.222877,2.233097,2.125869,2.125869,2.161222,0.029014,1.981854,1.981854,0.150169,1.982039,2.222986,2.110908,inf,nan,0.000000,2.110908,2.110908,2.110908,0.803256,0.185252,2.110909,0.803257,0.185252,-0.000000,0.000000,3.211155,10,4
1780630778.696723,nmpc_dc,-2.217451,30.140405,0.442215,3.180101,1.429920,-1.978144,31.722411,0.000000,45.000000,0.190057,-0.028528,-0.004796,1,4.312749,2.396132,2.384521,2.279139,2.279139,2.249217,0.029010,2.070041,2.070041,0.150146,2.070060,2.388993,2.280892,inf,nan,0.000000,2.280892,2.280892,2.280892,0.881651,0.199100,2.280892,0.881652,0.199100,-0.000000,0.000000,3.210700,10,4
1780630778.780279,nmpc_dc,-2.172279,30.458272,0.461221,3.177248,1.424829,-1.930834,32.039960,0.000000,45.000000,0.117541,-0.017612,-0.003868,1,3.144166,2.589299,2.568025,2.463209,2.463209,2.346162,0.029009,2.167014,2.167014,0.150138,2.167014,2.584605,2.478276,inf,nan,0.000000,2.478276,2.478276,2.478276,0.962507,0.204266,2.478276,0.962508,0.204266,-0.000000,0.000000,3.210549,10,4
1780630778.910906,nmpc_dc,-2.125569,30.775909,0.472975,3.175487,1.421797,-1.883525,32.357507,0.000000,45.000000,0.065244,-0.009768,-0.003280,1,7.897336,2.800892,2.776808,2.671776,2.671776,2.452418,0.029009,2.273272,2.273272,0.150137,2.273272,2.803346,2.697300,inf,nan,0.000000,2.697300,2.697300,2.697300,1.037571,0.217057,2.697301,1.037572,0.217058,-0.000000,0.000000,3.210517,10,4
1780630778.982095,nmpc_dc,-2.077946,31.093408,0.479499,3.174510,1.420224,-1.836216,32.675054,0.000000,45.000000,0.029544,-0.004424,-0.002941,1,3.164682,3.030018,3.005320,2.899583,2.899583,2.566573,0.029009,2.387427,2.387427,0.150137,2.387427,3.040050,2.925681,inf,nan,0.000000,2.925681,2.925681,2.925681,1.054698,0.255345,2.925682,1.054698,0.255346,-0.000000,0.000000,3.210519,10,4
1780630779.093780,nmpc_dc,-2.029848,31.410837,0.482453,3.174067,1.419625,-1.788906,32.992600,0.000000,45.000000,0.006718,-0.001011,-0.002772,1,3.908062,3.249412,3.210690,3.104960,3.104960,2.687404,0.029009,2.508257,2.508257,0.150137,2.508257,3.212406,3.102675,inf,nan,0.000000,3.102675,3.102675,3.102675,1.117110,0.270342,3.102675,1.117110,0.270342,-0.000000,0.000000,3.210524,10,4
1780630779.180310,nmpc_dc,-1.981569,31.728239,0.483125,3.173966,1.419630,-1.741597,33.310147,0.000000,45.000000,-0.006620,0.000981,-0.002713,1,3.032237,3.435166,3.386045,3.280974,3.280974,2.813871,0.029009,2.634724,2.634724,0.150137,2.634724,3.396590,3.288982,inf,nan,0.000000,3.288982,3.288982,3.288982,1.190443,0.285821,3.288983,1.190443,0.285821,-0.000000,0.000000,3.210525,10,4
1780630779.297535,nmpc_dc,-1.933290,32.045641,0.482463,3.174064,1.419969,-1.694288,33.627693,0.000000,45.000000,-0.013328,0.001983,-0.002718,1,4.898510,3.639122,3.580881,3.475975,3.475975,2.945106,0.029009,2.765960,2.765960,0.150137,2.765960,3.599264,3.492730,inf,nan,0.000000,3.492730,3.492730,3.492730,1.266370,0.301713,3.492730,1.266370,0.301714,-0.000000,0.000000,3.210523,10,4
1780630779.380159,nmpc_dc,-1.885110,32.363057,0.481130,3.174263,1.420459,-1.646979,33.945239,0.000000,45.000000,-0.015670,0.002333,-0.002755,1,3.159930,3.857998,3.792208,3.687120,3.687120,2.830734,0.029009,2.651588,2.651588,0.150137,2.651588,3.817523,3.711281,inf,nan,0.000000,3.711281,3.711281,3.711281,1.279380,0.196867,3.711282,1.279380,0.196868,-0.000000,0.000000,3.210519,10,4
1780630779.494507,nmpc_dc,-1.837075,32.680495,0.479563,3.174496,1.420982,-1.599670,34.262785,0.000000,45.000000,-0.015353,0.002286,-0.002803,1,4.137846,4.088695,4.017472,3.911960,3.911960,2.856009,0.029009,2.676863,2.676863,0.150137,2.676863,4.048906,3.942388,inf,nan,0.000000,3.942388,3.942388,3.942388,1.284508,0.181622,3.942389,1.284509,0.181623,-0.000000,0.000000,3.210515,10,4
1780630779.574493,nmpc_dc,-1.789196,32.997956,0.478028,3.174725,1.421469,-1.552361,34.580331,0.000000,45.000000,-0.013598,0.002030,-0.002851,1,3.396722,0.416719,0.354014,0.230149,0.230149,1.340012,0.029009,0.230149,0.230149,0.150136,1.160866,0.375958,0.254815,inf,nan,0.000000,0.254815,0.254815,0.254815,0.284906,0.118721,0.254816,0.284906,0.118722,-0.000000,0.000000,3.210512,10,4
1780630779.708499,nmpc_dc,-1.741461,33.315438,0.476668,3.174928,1.421887,-1.505051,34.897877,0.000000,45.000000,-0.011220,0.001673,-0.002890,1,7.454670,0.608459,0.512017,0.396083,0.396083,1.495373,0.029009,0.396083,0.396083,0.150136,1.316228,0.574124,0.447374,inf,nan,0.000000,0.447374,0.447374,0.447374,0.400945,0.137099,0.447374,0.400946,0.137099,-0.000000,0.000000,3.210511,10,4
1780630779.776931,nmpc_dc,-1.693850,33.632940,0.475546,3.175095,1.422223,-1.457742,35.215423,0.000000,45.000000,-0.008755,0.001300,-0.002917,1,4.275430,0.859811,0.775475,0.667449,0.667449,0.862453,0.029009,0.654488,0.654488,0.150136,0.683308,0.646900,0.541005,inf,nan,0.000000,0.541005,0.541005,0.541005,0.094870,-0.265078,0.541005,0.094871,-0.265077,-0.000000,0.000000,3.210510,10,4
1780630779.897904,nmpc_dc,-1.646339,33.950456,0.474671,3.175225,1.422479,-1.410433,35.532969,0.000000,45.000000,-0.006479,0.000964,-0.002933,1,6.040639,1.105571,1.041089,0.913559,0.913559,0.919782,0.029009,0.740570,0.740570,0.150136,0.740637,0.650018,0.545810,inf,nan,0.000000,0.545810,0.545810,0.545810,0.081862,0.012014,0.545811,0.081863,0.012014,-0.000000,0.000000,3.210509,10,4
1780630779.978017,nmpc_dc,-1.598905,34.267983,0.474023,3.175321,1.422664,-1.363124,35.850515,0.000000,45.000000,-0.004548,0.000679,-0.002939,1,4.309545,0.897399,0.862463,0.756505,0.756505,1.019688,0.029009,0.755035,0.755035,0.150136,0.840543,0.647092,0.542117,inf,nan,0.000000,0.542117,0.542117,0.542117,0.077022,0.057848,0.542117,0.077023,0.057848,-0.000000,0.000000,3.210508,10,4
1780630780.099031,nmpc_dc,-1.551525,34.585518,0.473568,3.175389,1.422791,-1.315815,36.168061,0.000000,45.000000,-0.003009,0.000450,-0.002935,1,6.447117,0.747901,0.763228,0.649715,0.649715,1.140610,0.029009,0.649715,0.649715,0.150136,0.961465,0.646824,0.541533,inf,nan,0.000000,0.541533,0.541533,0.541533,0.118882,0.091846,0.541533,0.118882,0.091847,-0.000000,0.000000,3.210508,10,4
1780630780.177624,nmpc_dc,-1.504183,34.903060,0.473267,3.175434,1.422872,-1.268506,36.485607,0.000000,45.000000,-0.001846,0.000276,-0.002924,1,4.404451,0.685871,0.743118,0.625690,0.625690,1.270806,0.029009,0.625690,0.625690,0.150136,1.091661,0.646824,0.541533,inf,nan,0.000000,0.541533,0.541533,0.541533,0.202880,0.107522,0.541533,0.202881,0.107522,-0.000000,0.000000,3.210509,10,4
1780630780.306491,nmpc_dc,-1.456866,35.220604,0.473083,3.175462,1.422921,-1.221196,36.803153,0.000000,45.000000,-0.001012,0.000151,-0.002908,1,11.710067,0.726699,0.749151,0.638286,0.638286,1.408446,0.029009,0.638286,0.638286,0.150136,1.229301,0.690056,0.581953,inf,nan,0.000000,0.581953,0.581953,0.581953,0.306654,0.124216,0.581954,0.306655,0.124217,-0.000000,0.000000,3.210509,10,4
1780630780.373842,nmpc_dc,-1.409563,35.538151,0.472982,3.175477,1.422945,-1.173887,37.120699,0.000000,45.000000,-0.000446,0.000063,-0.002888,1,4.367452,0.858433,0.833168,0.726034,0.726034,1.179456,0.029009,0.726032,0.726032,0.150136,1.000311,0.819054,0.714022,inf,nan,0.000000,0.714022,0.714022,0.714022,0.300435,-0.065822,0.714022,0.300436,-0.065822,-0.000000,0.000000,3.210509,10,4
1780630780.482146,nmpc_dc,-1.362267,35.855699,0.472937,3.175483,1.422954,-1.126578,37.438245,0.000000,45.000000,-0.000087,0.000008,-0.002866,1,5.772185,1.056181,0.996814,0.892484,0.892484,1.012735,0.029009,0.830167,0.830167,0.150136,0.833590,1.021416,0.911274,inf,nan,0.000000,0.911274,0.911274,0.911274,0.204491,-0.207603,0.911274,0.204491,-0.207603,-0.000000,0.000000,3.210508,10,4
1780630780.575264,nmpc_dc,-1.314973,36.173248,0.472928,3.175484,1.422953,-1.079269,37.755791,0.000000,45.000000,0.000125,-0.000017,-0.002842,1,3.024817,0.977017,0.968429,0.860216,0.860216,1.522447,0.029009,0.860216,0.860216,0.150136,1.343302,1.017191,0.911786,inf,nan,0.000000,0.911786,0.911786,0.911786,0.486925,0.082752,0.911787,0.486925,0.082753,-0.000000,0.000000,3.210508,10,4
1780630780.685744,nmpc_dc,-1.267680,36.490796,0.472941,3.175483,1.422948,-1.031960,38.073337,0.000000,45.000000,0.000225,-0.000032,-0.002817,1,3.273710,1.270225,1.250608,1.134173,1.134173,1.650958,0.029009,1.134173,1.134173,0.150136,1.471813,1.259767,1.143466,inf,nan,0.000000,1.143466,1.143466,1.143466,0.494201,0.153779,1.143467,0.494201,0.153779,-0.000000,0.000000,3.210508,10,4
1780630780.780438,nmpc_dc,-1.220385,36.808344,0.472963,3.175479,1.422940,-0.984650,38.390883,0.000000,45.000000,0.000256,-0.000037,-0.002792,1,3.075346,1.440194,1.410334,1.303809,1.303809,1.787943,0.029009,1.303809,1.303809,0.150136,1.608798,1.404717,1.294627,inf,nan,0.000000,1.294627,1.294627,1.294627,0.576956,0.170417,1.294628,0.576957,0.170417,-0.000000,0.000000,3.210508,10,4
1780630780.904091,nmpc_dc,-1.173087,37.125892,0.472989,3.175476,1.422931,-0.937341,38.708429,0.000000,45.000000,0.000248,-0.000037,-0.002766,1,8.376342,1.628707,1.575989,1.471265,1.471265,1.931058,0.029009,1.471264,1.471264,0.150136,1.751913,1.589241,1.483195,inf,nan,0.000000,1.483195,1.483195,1.483195,0.665342,0.187549,1.483196,0.665343,0.187549,-0.000000,0.000000,3.210508,10,4
1780630780.979491,nmpc_dc,-1.125787,37.443439,0.473014,3.175472,1.422923,-0.890032,39.025975,0.000000,45.000000,0.000217,-0.000032,-0.002742,1,3.040325,1.849288,1.781214,1.676333,1.676333,2.078692,0.029009,1.676321,1.676321,0.150136,1.899547,1.809319,1.703579,inf,nan,0.000000,1.703579,1.703579,1.703579,0.754465,0.205054,1.703580,0.754466,0.205054,-0.000000,0.000000,3.210508,10,4
1780630781.089915,nmpc_dc,-1.078485,37.760986,0.473035,3.175469,1.422917,-0.842723,39.343521,0.000000,45.000000,0.000178,-0.000027,-0.002717,1,4.081013,2.093038,2.014785,1.908774,1.908774,2.229726,0.029009,1.908575,1.908575,0.150136,2.050581,2.054326,1.946971,inf,nan,0.000000,1.946971,1.946971,1.946971,0.844120,0.222844,1.946971,0.844121,0.222844,-0.000000,0.000000,3.210508,10,4
1780630781.177926,nmpc_dc,-1.031180,38.078533,0.473053,3.175466,1.422911,-0.795414,39.661067,0.000000,45.000000,0.000138,-0.000021,-0.002693,1,2.921999,2.352960,2.268502,2.160944,2.160944,2.383365,0.029009,2.155265,2.155265,0.150136,2.204219,2.316846,2.207000,inf,nan,0.000000,2.207000,2.207000,2.207000,0.934308,0.240856,2.207000,0.934308,0.240856,-0.000000,0.000000,3.210508,10,4
1780630781.286160,nmpc_dc,-0.983874,38.396080,0.473067,3.175464,1.422907,-0.748105,39.978613,0.000000,45.000000,0.000102,-0.000015,-0.002669,1,3.472906,2.625152,2.536664,2.427434,2.427434,2.539036,0.029009,2.357323,2.357323,0.150136,2.359891,2.591853,2.479207,inf,nan,0.000000,2.479207,2.479207,2.479207,1.025038,0.259044,2.479208,1.025039,0.259044,-0.000000,0.000000,3.210508,10,4
1780630781.379134,nmpc_dc,-0.936567,38.713626,0.473077,3.175462,1.422904,-0.700795,40.296159,0.000000,45.000000,0.000071,-0.000011,-0.002646,1,3.169844,2.906966,2.815355,2.704472,2.704472,2.696320,0.029009,2.517134,2.517134,0.150136,2.517175,2.875631,2.760483,inf,nan,0.000000,2.760483,2.760483,2.760483,1.116296,0.277372,2.760484,1.116296,0.277373,-0.000000,0.000000,3.210508,10,4
1780630781.499136,nmpc_dc,-0.889259,39.031172,0.473084,3.175461,1.422902,-0.653486,40.613705,0.000000,45.000000,0.000047,-0.000007,-0.002623,1,4.428597,3.195032,3.101868,2.989423,2.989423,2.854900,0.029009,2.675754,2.675754,0.150136,2.675755,3.161519,3.048634,inf,nan,0.000000,3.048634,3.048634,3.048634,1.208046,0.295816,3.048635,1.208046,0.295817,-0.000000,0.000000,3.210508,10,4
1780630781.575527,nmpc_dc,-0.841950,39.348718,0.473089,3.175461,1.422901,-0.606177,40.931251,0.000000,45.000000,-6.537536,-4.610925,-0.002599,1,7.581114,0.341767,0.246447,0.129616,0.129616,0.714169,0.029009,0.129616,0.129616,0.150136,0.535024,0.068024,-0.041129,inf,nan,0.000000,-0.041129,-0.041129,-0.041129,-0.095922,-0.079408,-0.017304,-0.095921,-0.079408,-0.000000,0.023826,3.210508,10,4
1780630781.695168,nmpc_dc,-0.827329,39.643210,-0.180665,2.714368,1.664854,-0.562938,41.221479,0.000000,45.000000,2.664589,1.661568,-0.028947,1,5.415723,0.406616,0.298658,0.187929,0.187929,0.693651,0.025526,0.187928,0.187928,0.125714,0.542411,0.377725,0.263182,inf,nan,0.000000,0.263182,0.263182,0.263182,0.041608,-0.232701,0.263182,0.041609,-0.232701,-0.000000,0.000000,2.720374,10,4
1780630781.780283,nmpc_dc,-0.832072,39.922954,0.085794,2.880525,1.566774,-0.522268,41.494458,0.000000,45.000000,2.579257,1.336095,-0.024646,1,3.847730,0.344344,0.255236,0.149361,0.149361,0.750715,0.026642,0.149361,0.149361,0.133625,0.590448,0.307491,0.202097,inf,nan,0.000000,0.202097,0.202097,0.202097,0.030015,-0.134048,0.202098,0.030016,-0.134048,-0.000000,0.000000,2.881802,10,4
1780630781.907352,nmpc_dc,-0.810597,40.217687,0.343720,3.014134,1.500097,-0.478845,41.785921,0.000000,45.000000,1.623400,0.689374,-0.016152,1,8.735566,0.443358,0.371637,0.254629,0.254629,0.855755,0.027745,0.254629,0.254629,0.141186,0.686823,0.425899,0.319833,inf,nan,0.000000,0.319833,0.319833,0.319833,0.023233,-0.215101,0.319833,0.023234,-0.215101,-0.000000,0.000000,3.033669,10,4
1780630781.978192,nmpc_dc,-0.768108,40.522548,0.506060,3.083072,1.438394,-0.433490,42.090355,0.000000,45.000000,0.856332,0.330858,-0.007206,1,3.395330,0.401101,0.312923,0.196554,0.196554,0.980334,0.028419,0.196554,0.196554,0.145755,0.806161,0.361545,0.254183,inf,nan,0.000000,0.254183,0.254183,0.254183,0.078183,-0.087362,0.254183,0.078183,-0.087361,-0.000000,0.000000,3.124329,10,4
1780630782.105591,nmpc_dc,-0.713220,40.832509,0.591693,3.116158,1.399424,-0.387121,42.401585,0.000000,45.000000,0.342564,0.168298,-0.000680,1,8.447910,0.528639,0.528780,0.404661,0.404661,1.110286,0.028767,0.404661,0.404661,0.148166,0.933354,0.461289,0.349315,inf,nan,0.000000,0.349315,0.349315,0.349315,0.080892,0.084688,0.349315,0.080892,0.084689,-0.000000,0.000000,3.171835,10,4
1780630782.177356,nmpc_dc,-0.652338,41.144966,0.625950,3.132988,1.381706,-0.340259,42.716131,0.000000,45.000000,0.026936,0.099952,0.002886,1,3.475931,0.493067,0.564248,0.454398,0.454398,1.243851,0.028928,0.454398,0.454398,0.149340,1.065583,0.486024,0.372543,inf,nan,0.000000,0.372543,0.372543,0.372543,0.203042,0.087653,0.372544,0.203043,0.087653,-0.000000,0.000000,3.194906,10,4
1780630782.308677,nmpc_dc,-0.589608,41.458765,0.628643,3.142983,1.377871,-0.293161,43.032259,0.000000,45.000000,0.178116,-4.823533,0.004177,1,17.642656,0.461472,0.577433,0.465982,0.465982,0.620000,0.028993,0.431138,0.431138,0.149867,0.441140,0.036227,-0.082610,inf,nan,0.000000,-0.082610,-0.082610,-0.082610,-0.071295,-0.179924,-0.012627,-0.066126,-0.179923,-0.000000,0.071837,3.205235,10,4
1780630782.397062,nmpc_dc,-0.525853,41.748946,0.646455,2.660629,1.329238,-0.249484,43.325430,0.000000,45.000000,5.952511,-0.061265,0.009743,1,21.111290,0.603797,0.696984,0.583407,0.583407,0.620000,0.025647,0.467284,0.467284,0.126573,0.467779,0.063171,-0.052942,inf,nan,0.000000,-0.052942,-0.052942,-0.052942,-0.165936,-0.148644,-0.012193,-0.147141,-0.148644,-0.000000,0.040749,2.738038,10,4
1780630782.506100,nmpc_dc,-0.431445,42.014702,1.241706,2.654503,1.418066,-0.208700,43.599176,0.000000,45.000000,4.055356,1.336942,0.001400,1,9.648861,0.590658,0.481173,0.370994,0.370994,0.620000,0.026947,0.369620,0.369620,0.136040,0.457013,0.069349,-0.050635,inf,nan,0.000000,-0.050635,-0.050635,-0.050635,-0.167878,-0.059290,-0.012520,-0.147926,-0.039339,-0.000000,0.039902,2.930566,10,4
1780630782.575417,nmpc_dc,-0.286998,42.286837,1.647242,2.788197,1.491122,-0.165900,43.886455,0.000000,45.000000,-5.928013,1.971913,-0.008650,1,3.450152,2.489312,2.469022,2.358098,2.358098,2.594429,0.029312,2.354265,2.354265,0.151564,2.413553,2.542470,2.432915,inf,nan,0.000000,2.432915,2.432915,2.432915,1.033984,0.267702,2.432915,1.033984,0.267702,-0.000000,0.000000,3.238433,5,4
1780630782.718756,nmpc_dc,-0.151914,42.575516,1.054440,2.985388,1.424666,-0.120892,44.188554,0.000000,45.000000,-4.850722,1.263926,-0.003846,1,6.530029,2.797880,2.773030,2.662138,2.662138,2.753093,0.028948,2.574889,2.574889,0.147876,2.576270,2.845588,2.737024,inf,nan,0.000000,2.737024,2.737024,2.737024,1.134770,0.285371,2.737025,1.134770,0.285371,-0.000000,0.000000,3.166131,5,4
1780630782.768899,nmpc_dc,-0.070723,42.880375,0.569368,3.111781,1.457992,-0.074696,44.498626,0.000000,45.000000,-2.928084,0.695996,-0.006249,1,2.776516,3.112837,3.087075,2.976029,2.976029,2.915731,0.029031,2.738954,2.738954,0.147739,2.738961,3.159021,3.050687,inf,nan,0.000000,3.050687,3.050687,3.050687,1.232525,0.303789,3.050687,1.232526,0.303790,-0.000000,0.000000,3.163441,5,4
1780630782.889351,nmpc_dc,-0.028427,43.195033,0.276560,3.181381,1.505842,-0.027917,44.812617,0.000000,45.000000,-1.443601,0.338327,-0.012021,1,3.363349,3.429582,3.405315,3.293911,3.293911,3.080605,0.029245,2.902097,2.902097,0.149262,2.902097,3.476462,3.368006,inf,nan,0.000000,3.368006,3.368006,3.368006,1.329522,0.322589,3.368007,1.329522,0.322589,-0.000000,0.000000,3.193379,5,4
1780630782.981138,nmpc_dc,-0.007989,43.514863,0.132200,3.215213,1.537016,0.000000,45.000000,0.000000,45.000000,-0.624384,-1.018487,-0.016805,1,2.998594,3.747397,3.725148,3.613470,3.613470,3.179131,0.026763,3.001852,3.001852,0.150515,3.001852,3.795846,3.687126,inf,nan,0.000000,3.687126,3.687126,3.687126,1.420613,0.330017,3.687126,1.420613,0.330017,-0.000000,0.000000,3.217930,5,4
1780630783.096806,nmpc_dc,0.002109,43.831292,0.069761,3.113365,1.559106,0.000000,45.000000,0.000000,45.000000,-0.375474,-3.487021,-0.020299,1,6.405920,4.060468,4.040106,3.928242,3.928242,3.179275,0.020516,3.013519,3.013519,0.145240,3.013519,4.110624,4.001601,inf,nan,0.000000,4.001601,4.001601,4.001601,1.492244,0.321675,4.001601,1.492245,0.321675,-0.000000,0.000000,3.114146,5,4
1780630783.180593,nmpc_dc,0.007208,44.125193,0.032214,2.764662,1.579608,0.000000,45.000000,0.000000,45.000000,-0.235473,-4.742847,-0.023274,1,3.003130,4.351004,4.332359,4.220308,4.220308,3.179445,0.014148,3.037416,3.037416,0.127881,3.037416,4.402671,4.293365,inf,nan,0.000000,4.293365,4.293365,4.293365,1.538830,0.315811,4.293365,1.538830,0.315811,-0.000000,0.000000,2.764850,5,4
1780630783.296000,nmpc_dc,0.009252,44.377945,0.008667,2.290378,1.592894,0.000000,45.000000,0.000000,45.000000,-0.138610,-4.983371,-0.025316,1,4.206402,4.600843,4.583464,4.471305,4.471305,3.179575,0.008811,3.065485,3.065485,0.105279,3.065485,4.653731,4.544185,inf,nan,0.000000,4.544185,4.544185,4.544185,1.565772,0.311926,4.544185,1.565772,0.311926,-0.000000,0.000000,2.290394,5,4
1780630783.374068,nmpc_dc,0.009425,44.582066,-0.005194,1.792041,1.600782,0.000000,45.000000,0.000000,45.000000,-0.071334,-4.607507,-0.026523,1,3.227231,4.802615,4.786111,4.673901,4.673901,3.179659,0.004990,3.091919,3.091919,0.082750,3.091919,4.856438,4.746702,inf,nan,0.000000,4.746702,4.746702,4.746702,1.561616,0.309538,4.746702,1.561616,0.309538,-0.000000,0.000000,1.792048,5,4
1780630783.493342,nmpc_dc,0.008549,44.738232,-0.012328,1.331290,1.605826,0.000000,45.000000,0.000000,45.000000,-0.026799,-3.924936,-0.027204,1,3.968965,4.956969,4.941074,4.828841,4.828841,3.179715,0.002573,3.114114,3.114114,0.063028,3.114114,5.011485,4.901604,inf,nan,0.000000,4.901604,4.901604,4.901604,1.554560,0.308225,4.901604,1.554560,0.308225,-0.000000,0.000000,1.331347,5,4
1780630783.574764,nmpc_dc,0.007183,44.851737,-0.015008,0.938796,1.611012,0.000000,45.000000,0.000000,45.000000,0.000623,-3.142259,-0.027765,1,3.089955,0.438173,0.344660,0.235427,0.235427,0.760825,0.001201,0.235427,0.235427,0.047066,0.712558,0.399876,0.294835,inf,nan,0.000000,0.294835,0.294835,0.294835,0.131599,0.024130,0.294835,0.131599,0.024130,-0.000000,0.000000,0.938916,10,4
1780630783.691658,nmpc_dc,0.005685,44.929905,-0.014945,0.624570,1.620087,0.000000,45.000000,0.000000,45.000000,0.015752,-2.384734,-0.028715,1,4.370945,0.509651,0.414682,0.302688,0.302688,0.760475,0.000501,0.302688,0.302688,0.034842,0.725132,0.470301,0.365992,inf,nan,0.000000,0.365992,0.365992,0.365992,0.129023,0.023987,0.365992,0.129023,0.023987,-0.000000,0.000000,0.624749,10,4
1780630783.780982,nmpc_dc,0.004269,44.980438,-0.013370,0.386097,1.641035,0.000000,45.000000,0.000000,45.000000,0.022509,-1.719218,-0.031050,1,3.138939,0.556465,0.461142,0.346667,0.346667,0.759689,0.000182,0.346667,0.346667,0.025895,0.733613,0.516927,0.412835,inf,nan,0.000000,0.412835,0.412835,0.412835,0.127672,0.023983,0.412835,0.127672,0.023983,-0.000000,0.000000,0.386328,10,4
1780630783.897457,nmpc_dc,0.003045,45.010452,-0.011119,0.214175,1.724737,0.000000,45.000000,0.000000,45.000000,0.023933,-1.173279,-0.040548,1,3.948488,0.584662,0.483243,0.369894,0.369894,0.756896,0.000056,0.369894,0.369894,0.019621,0.737219,0.540740,0.436640,inf,nan,0.000000,0.436640,0.436640,0.436640,0.127137,0.024183,0.436640,0.127138,0.024183,-0.000000,0.000000,0.214464,10,4
1780630783.980349,nmpc_dc,0.002052,45.026003,-0.008726,0.096847,2.080621,0.000000,45.000000,0.000000,45.000000,0.022255,-0.749867,-0.081413,1,3.113754,0.599464,0.492674,0.381699,0.381699,0.751489,0.000016,0.381699,0.381699,0.015427,0.736046,0.538494,0.434388,inf,nan,0.000000,0.434388,0.434388,0.434388,0.127110,0.024476,0.434388,0.127110,0.024476,-0.000000,0.000000,0.097240,10,4
1780630784.094098,nmpc_dc,0.001291,45.031939,-0.006501,0.021861,2.433530,0.000000,45.000000,0.000000,45.000000,0.019031,-0.437985,-0.129534,1,3.897461,0.605262,0.515970,0.408451,0.408451,0.757294,0.000007,0.408451,0.408451,0.012800,0.744488,0.537052,0.432943,inf,nan,0.000000,0.432943,0.432943,0.432943,0.127366,0.024655,0.432943,0.127366,0.024655,-0.000000,0.000000,0.022807,10,4
1780630784.180400,nmpc_dc,0.000736,45.031935,-0.004597,-0.021938,2.784248,0.000000,45.000000,0.000000,45.000000,0.015283,-0.220044,-0.178924,1,3.071443,0.605462,0.554802,0.450448,0.450448,0.774272,0.000007,0.450448,0.450448,0.012786,0.761479,0.536205,0.432094,inf,nan,0.000000,0.432094,0.432094,0.432094,0.127753,0.024811,0.432094,0.127753,0.024811,-0.000000,0.000000,0.022414,10,4
1780630784.295841,nmpc_dc,0.000353,45.028641,-0.003069,-0.043942,3.134287,0.000000,45.000000,0.000000,45.000000,0.011631,-0.076615,-0.228242,1,4.142096,0.602543,0.615485,0.502000,0.502000,0.800192,0.000008,0.501999,0.501999,0.013547,0.786638,0.535775,0.431662,inf,nan,0.000000,0.431662,0.431662,0.431662,0.128172,0.025015,0.431662,0.128172,0.025015,-0.000000,0.000000,0.044049,10,4
1780630784.400679,nmpc_dc,0.000104,45.023863,-0.001906,-0.051604,-2.798910,0.000000,45.000000,0.000000,45.000000,-0.337877,0.504304,6.000000,0,19.844238,0.598199,0.657410,0.540091,0.540091,0.826169,0.000007,0.540089,0.540089,0.013814,0.812348,0.545603,0.441469,inf,nan,0.000000,0.441469,0.441469,0.441469,0.131437,0.025924,0.535198,0.220740,0.119560,-0.028314,0.093739,0.051639,10,4
1780630784.491680,nmpc_dc,-0.001776,45.021225,-0.035694,-0.001173,-2.449299,0.000000,45.000000,0.000000,45.000000,0.148816,-0.145860,3.758190,1,4.615604,0.596457,0.617194,0.506596,0.506596,0.820709,0.000004,0.506595,0.506595,0.013253,0.807451,0.537233,0.433107,inf,nan,0.000000,0.433107,0.433107,0.433107,0.128027,0.025071,0.433108,0.128028,0.025071,-0.000000,0.000000,0.035713,10,4
1780630784.567278,nmpc_dc,-0.004601,45.020378,-0.020812,-0.015759,-2.099406,0.000000,45.000000,0.000000,45.000000,0.144576,-0.122506,1.265424,1,4.576198,0.329887,0.239719,0.133583,0.133583,0.620000,0.000004,0.133583,0.133583,0.012915,0.607081,0.276727,0.167576,inf,nan,0.000000,0.167576,0.167576,0.167576,0.049047,0.009364,0.167577,0.049047,0.009364,-0.000000,0.000000,0.026106,10,4
1780630784.694698,nmpc_dc,-0.005960,45.018189,-0.006355,-0.028010,-1.749568,0.000000,45.000000,0.000000,45.000000,0.092178,-0.046897,0.595492,1,9.396367,0.329082,0.221360,0.111614,0.111614,0.620000,0.000003,0.111614,0.111614,0.013007,0.606989,0.277522,0.168729,inf,nan,0.000000,0.168729,0.168729,0.168729,0.049760,0.009546,0.168730,0.049760,0.009546,-0.000000,0.000000,0.028722,10,4
1780630784.773309,nmpc_dc,-0.006134,45.015154,0.002863,-0.032700,-1.477155,0.000000,45.000000,0.000000,45.000000,0.048870,0.006651,0.394512,1,5.839806,0.327677,0.222733,0.111547,0.111547,0.620000,0.000003,0.111547,0.111547,0.013152,0.606845,0.278426,0.170160,inf,nan,0.000000,0.170160,0.170160,0.170160,0.050483,0.009775,0.170160,0.050483,0.009775,-0.000000,0.000000,0.032825,10,4
1780630784.895630,nmpc_dc,-0.005603,45.011917,0.007750,-0.032034,-1.317116,0.000000,45.000000,0.000000,45.000000,0.019188,0.036561,0.324308,1,9.003290,0.325473,0.229843,0.116936,0.116936,0.620000,0.000002,0.116936,0.116936,0.013156,0.606841,0.280272,0.171279,inf,nan,0.000000,0.171279,0.171279,0.171279,0.051033,0.009966,0.171279,0.051033,0.009966,-0.000000,0.000000,0.032959,10,4
1780630784.975090,nmpc_dc,-0.004733,45.008897,0.009669,-0.028378,-1.214894,0.000000,45.000000,0.000000,45.000000,0.000678,0.049489,0.293546,1,7.430602,0.323820,0.230800,0.122862,0.122862,0.620000,0.000002,0.122862,0.122862,0.013052,0.606947,0.281815,0.172653,inf,nan,0.000000,0.172653,0.172653,0.172653,0.051602,0.010150,0.172653,0.051603,0.010150,-0.000000,0.000000,0.029980,10,4
1780630785.095331,nmpc_dc,-0.003762,45.006306,0.009737,-0.023429,-1.141750,0.000000,45.000000,0.000000,45.000000,-0.009659,0.051567,0.276009,1,9.476316,0.323233,0.237392,0.132909,0.132909,0.620000,0.000001,0.132909,0.132909,0.012890,0.607109,0.281580,0.174542,inf,nan,0.000000,0.174542,0.174542,0.174542,0.052147,0.010346,0.174542,0.052147,0.010346,-0.000000,0.000000,0.025372,10,4
1780630785.171546,nmpc_dc,-0.002837,45.004221,0.008771,-0.018273,-1.081871,0.000000,45.000000,0.000000,45.000000,-0.014392,0.047405,0.263336,1,5.876155,0.325632,0.253847,0.150825,0.150825,0.620000,0.000001,0.150825,0.150825,0.012710,0.607289,0.284131,0.179765,inf,nan,0.000000,0.179765,0.179765,0.179765,0.053684,0.010720,0.179765,0.053684,0.010720,-0.000000,0.000000,0.020269,10,4
1780630785.285732,nmpc_dc,-0.002032,45.002631,0.007332,-0.013532,-1.025329,0.000000,45.000000,0.000000,45.000000,-0.015531,0.040213,0.252323,1,7.083585,0.326983,0.266768,0.163316,0.163316,0.620000,0.000000,0.163316,0.163316,0.012539,0.607460,0.286125,0.182531,inf,nan,0.000000,0.182531,0.182531,0.182531,0.054503,0.010926,0.182531,0.054503,0.010927,-0.000000,0.000000,0.015391,10,4
1780630785.374908,nmpc_dc,-0.001376,45.001479,0.005779,-0.009511,-0.963663,0.000000,45.000000,0.000000,45.000000,-0.014561,0.032083,0.241238,1,7.530445,0.325511,0.273377,0.169332,0.169332,0.620000,0.000000,0.169332,0.169332,0.012390,0.607610,0.286032,0.182104,inf,nan,0.000000,0.182104,0.182104,0.182104,0.054400,0.010928,0.182104,0.054400,0.010928,-0.000000,0.000000,0.011129,10,4
1780630785.494302,nmpc_dc,-0.000871,45.000688,0.004322,-0.006302,-0.885374,0.000000,45.000000,0.000000,45.000000,-0.012523,0.024272,0.228396,1,10.192430,0.328627,0.293620,0.185681,0.185681,0.624616,0.000000,0.185681,0.185681,0.012268,0.612348,0.289108,0.185726,inf,nan,0.000000,0.185726,0.185726,0.185726,0.055539,0.011162,0.185726,0.055539,0.011163,-0.000000,0.000000,0.007642,10,4
1780630785.566911,nmpc_dc,-0.000502,45.000179,0.003070,-0.003875,-0.766130,0.000000,45.000000,0.000000,45.000000,-0.010103,0.017438,0.210738,1,4.767052,0.343164,0.254645,0.128437,0.128437,0.623372,0.000000,0.128437,0.128437,0.012173,0.611198,0.302361,0.186225,inf,nan,0.000000,0.186225,0.186225,0.186225,0.055812,0.011186,0.186225,0.055813,0.011186,-0.000000,0.000000,0.004944,10,4
1780630785.688631,nmpc_dc,-0.000245,44.999879,0.002060,-0.002132,-0.533557,0.000000,45.000000,0.000000,45.000000,-0.007721,0.011858,0.179649,1,8.762823,0.342801,0.254570,0.134253,0.134253,0.621500,0.000000,0.134253,0.134253,0.012104,0.609396,0.302355,0.186224,inf,nan,0.000000,0.186224,0.186224,0.186224,0.055835,0.011188,0.186224,0.055835,0.011189,-0.000000,0.000000,0.002964,10,4
1780630785.772895,nmpc_dc,-0.000078,44.999725,0.001288,-0.000946,-0.183556,0.000000,45.000000,0.000000,45.000000,-0.005605,0.007544,0.132616,1,6.588174,0.342605,0.267924,0.149306,0.149306,0.622181,0.000000,0.149306,0.149306,0.012056,0.610125,0.302353,0.186224,inf,nan,0.000000,0.186224,0.186224,0.186224,0.055856,0.011188,0.186224,0.055857,0.011188,-0.000000,0.000000,0.001598,10,4
1780630785.888247,nmpc_dc,0.000023,44.999668,0.000727,-0.000191,0.166444,0.000000,45.000000,0.000000,45.000000,-0.003855,0.004377,0.081898,1,9.063527,0.342520,0.286925,0.181986,0.181986,0.632991,0.000000,0.181986,0.181986,0.012026,0.620964,0.302353,0.186224,inf,nan,0.000000,0.186224,0.186224,0.186224,0.055874,0.011187,0.186224,0.055874,0.011187,-0.000000,0.000000,0.000752,10,4
1780630785.963510,nmpc_dc,0.000077,44.999671,0.000342,0.000246,0.516444,0.000000,45.000000,0.000000,45.000000,-0.002488,0.002171,0.030584,1,2.869116,0.342507,0.341965,0.226234,0.226234,0.655183,0.000000,0.226234,0.226234,0.012015,0.643168,0.302353,0.186231,inf,nan,0.000000,0.186231,0.186231,0.186231,0.055888,0.011185,0.186231,0.055888,0.011186,-0.000000,0.000000,0.000421,10,4
1780630786.094243,nmpc_dc,0.000098,44.999706,0.000093,0.000463,0.866444,0.000000,45.000000,0.000000,45.000000,-0.001474,0.000725,-0.020550,1,9.787710,0.342535,0.331338,0.217637,0.217637,0.672798,0.000000,0.217637,0.217637,0.012017,0.660781,0.302380,0.186250,inf,nan,0.000000,0.186250,0.186250,0.186250,0.055898,0.011184,0.186250,0.055899,0.011185,-0.000000,0.000000,0.000473,10,4
1780630786.175241,nmpc_dc,0.000100,44.999756,-0.000054,0.000536,1.216444,0.000000,45.000000,0.000000,45.000000,-0.000761,-0.000151,-0.071312,1,7.611141,0.342582,0.271865,0.168413,0.168413,0.658285,0.000000,0.168413,0.168413,0.012019,0.646266,0.302427,0.186273,inf,nan,0.000000,0.186273,0.186273,0.186273,0.055906,0.011184,0.186274,0.055906,0.011184,-0.000000,0.000000,0.000539,10,4
1780630786.289018,nmpc_dc,0.000091,44.999809,-0.000131,0.000521,1.566444,0.000000,45.000000,0.000000,45.000000,-0.000287,-0.000621,-0.121655,1,9.761260,0.342635,0.247347,0.133656,0.133656,0.640764,0.000000,0.133656,0.133656,0.012019,0.628745,0.302480,0.186297,inf,nan,0.000000,0.186297,0.186297,0.186297,0.055910,0.011183,0.186297,0.055910,0.011183,-0.000000,0.000000,0.000537,10,4
1780630786.363689,nmpc_dc,0.000076,44.999858,-0.000159,0.000459,1.813618,0.000000,45.000000,0.000000,45.000000,0.000005,-0.000817,-0.160376,1,2.884348,0.342686,0.233573,0.122681,0.122681,0.632186,0.000000,0.122681,0.122681,0.012017,0.620169,0.302531,0.186318,inf,nan,0.000000,0.186318,0.186318,0.186318,0.055913,0.011183,0.186318,0.055913,0.011183,-0.000000,0.000000,0.000486,10,4
1780630786.493948,nmpc_dc,0.000061,44.999900,-0.000159,0.000377,1.952217,0.000000,45.000000,0.000000,45.000000,0.000166,-0.000841,-0.184120,1,9.633471,0.342731,0.233516,0.121142,0.121142,0.628603,0.000000,0.121142,0.121142,0.012014,0.616588,0.302575,0.186336,inf,nan,0.000000,0.186336,0.186336,0.186336,0.055914,0.011183,0.186336,0.055914,0.011183,-0.000000,0.000000,0.000409,10,4
1780630786.569623,nmpc_dc,0.000046,44.999934,-0.000142,0.000293,2.042173,0.000000,45.000000,0.000000,45.000000,0.000239,-0.000768,-0.198672,1,5.516443,0.340621,0.237372,0.120710,0.120710,0.624203,0.000000,0.120710,0.120710,0.012011,0.612191,0.300188,0.185539,inf,nan,0.000000,0.185539,0.185539,0.185539,0.055672,0.011134,0.185539,0.055672,0.011134,-0.000000,0.000000,0.000326,10,4
1780630786.690059,nmpc_dc,0.000033,44.999959,-0.000118,0.000216,2.113474,0.000000,45.000000,0.000000,45.000000,0.000254,-0.000648,-0.208801,1,10.510360,0.340649,0.243804,0.122247,0.122247,0.623430,0.000000,0.122247,0.122247,0.012009,0.611422,0.300216,0.185551,inf,nan,0.000000,0.185551,0.185551,0.185551,0.055671,0.011134,0.185551,0.055671,0.011134,-0.000000,0.000000,0.000246,10,4
1780630786.775827,nmpc_dc,0.000022,44.999977,-0.000093,0.000151,2.184131,0.000000,45.000000,0.000000,45.000000,0.000236,-0.000515,-0.217689,1,8.206267,0.340669,0.245105,0.124139,0.124139,0.622932,0.000000,0.124139,0.124139,0.012006,0.610926,0.300237,0.185559,inf,nan,0.000000,0.185559,0.185559,0.185559,0.055671,0.011134,0.185559,0.055671,0.011134,-0.000000,0.000000,0.000178,10,4
1780630786.897590,nmpc_dc,0.000014,44.999990,-0.000069,0.000100,2.271319,0.000000,45.000000,0.000000,45.000000,0.000202,-0.000388,-0.228010,1,10.464988,0.340684,0.247620,0.126764,0.126764,0.622563,0.000000,0.126764,0.126764,0.012004,0.610559,0.300251,0.185565,inf,nan,0.000000,0.185565,0.185565,0.185565,0.055671,0.011134,0.185565,0.055671,0.011134,-0.000000,0.000000,0.000122,10,4
1780630786.972024,nmpc_dc,0.000008,44.999998,-0.000049,0.000061,2.406041,0.000000,45.000000,0.000000,45.000000,0.000163,-0.000278,-0.243800,1,6.114081,0.340693,0.256888,0.130930,0.130930,0.622199,0.000000,0.130930,0.130930,0.012003,0.610196,0.300260,0.185569,inf,nan,0.000000,0.185569,0.185569,0.185569,0.055670,0.011134,0.185569,0.055671,0.011134,-0.000000,0.000000,0.000078,10,4
1780630787.092793,nmpc_dc,0.000004,45.000003,-0.000033,0.000033,2.676600,0.000000,45.000000,0.000000,45.000000,0.000124,-0.000188,-0.275647,1,11.170664,0.340698,0.256017,0.138843,0.138843,0.621593,0.000000,0.138843,0.138843,0.012002,0.609591,0.300266,0.185569,inf,nan,0.000000,0.185569,0.185569,0.185569,0.055670,0.011134,0.185569,0.055671,0.011134,-0.000000,0.000000,0.000047,10,4
1780630787.172250,nmpc_dc,0.000001,45.000005,-0.000020,0.000014,3.026600,0.000000,45.000000,0.000000,45.000000,0.000089,-0.000119,-0.319960,1,6.302243,0.340701,0.271112,0.156706,0.156706,0.624486,0.000000,0.156706,0.156706,0.012001,0.612485,0.300265,0.185569,inf,nan,0.000000,0.185569,0.185569,0.185569,0.055670,0.011134,0.185569,0.055671,0.011134,-0.000000,0.000000,0.000025,10,4
1780630787.291512,nmpc_dc,-0.000000,45.000006,-0.000011,0.000002,-2.906585,0.000000,45.000000,0.000000,45.000000,0.000064,-0.000058,2.877803,1,10.785808,0.340703,0.297787,0.192968,0.192968,0.637801,0.000000,0.192968,0.192968,0.012000,0.625801,0.300265,0.185569,inf,nan,0.000000,0.185569,0.185569,0.185569,0.055671,0.011134,0.185570,0.055671,0.011134,-0.000000,0.000000,0.000012,10,4
1780630787.375801,nmpc_dc,-0.000001,45.000006,-0.000005,-0.000003,-2.556585,0.000000,45.000000,0.000000,45.000000,0.000041,-0.000027,1.062413,1,7.961844,0.340703,0.358199,0.230697,0.230697,0.661334,0.000000,0.230697,0.230697,0.012000,0.649334,0.300265,0.185569,inf,nan,0.000000,0.185569,0.185569,0.185569,0.055671,0.011134,0.185570,0.055671,0.011135,-0.000000,0.000000,0.000006,10,4
1780630787.495484,nmpc_dc,-0.000001,45.000005,-0.000001,-0.000006,-2.206585,0.000000,45.000000,0.000000,45.000000,0.000021,-0.000020,0.561226,1,10.498831,0.340702,0.309589,0.201739,0.201739,0.671410,0.000000,0.201739,0.201739,0.012000,0.659410,0.300265,0.185569,inf,nan,0.000000,0.185569,0.185569,0.185569,0.055671,0.011134,0.185569,0.055671,0.011134,-0.000000,0.000000,0.000006,10,4
1780630787.566952,nmpc_dc,-0.000001,45.000005,0.000001,-0.000008,-1.856585,0.000000,45.000000,0.000000,45.000000,0.000011,-0.000005,0.394199,1,4.897172,0.340925,0.261675,0.157691,0.157691,0.653388,0.000000,0.157691,0.157691,0.012000,0.641388,0.300726,0.179154,inf,nan,0.000000,0.179154,0.179154,0.179154,0.053746,0.010749,0.179154,0.053746,0.010749,-0.000000,0.000000,0.000008,10,4
1780630787.690067,nmpc_dc,-0.000001,45.000004,0.000002,-0.000008,-1.541757,0.000000,45.000000,0.000000,45.000000,0.000004,0.000006,0.315629,1,6.661798,0.340924,0.245571,0.129518,0.129518,0.638274,0.000000,0.129518,0.129518,0.012000,0.626274,0.300726,0.179154,inf,nan,0.000000,0.179154,0.179154,0.179154,0.053746,0.010749,0.179154,0.053746,0.010749,-0.000000,0.000000,0.000009,10,4
1780630787.762786,nmpc_dc,-0.000001,45.000003,0.000003,-0.000008,-1.391989,0.000000,45.000000,0.000000,45.000000,-0.000001,0.000011,0.277654,1,2.844532,0.340923,0.234245,0.122525,0.122525,0.632972,0.000000,0.122525,0.122525,0.012000,0.620972,0.300726,0.179154,inf,nan,0.000000,0.179154,0.179154,0.179154,0.053746,0.010749,0.179155,0.053746,0.010749,-0.000000,0.000000,0.000008,10,4
1780630787.894196,nmpc_dc,-0.000001,45.000002,0.000003,-0.000007,-1.323932,0.000000,45.000000,0.000000,45.000000,-0.000003,0.000013,0.258970,1,9.953690,0.340922,0.231538,0.120650,0.120650,0.631197,0.000000,0.120650,0.120650,0.012000,0.619197,0.300726,0.179154,inf,nan,0.000000,0.179154,0.179154,0.179154,0.053746,0.010749,0.179155,0.053746,0.010749,-0.000000,0.000000,0.000007,10,4
1780630787.975344,nmpc_dc,-0.000000,45.000002,0.000002,-0.000005,-1.300720,0.000000,45.000000,0.000000,45.000000,-0.000004,0.000013,0.250112,1,8.295476,0.340922,0.231048,0.120186,0.120186,0.630513,0.000000,0.120186,0.120186,0.012000,0.618512,0.300726,0.179154,inf,nan,0.000000,0.179154,0.179154,0.179154,0.053746,0.010749,0.179155,0.053746,0.010749,-0.000000,0.000000,0.000006,10,4
1780630788.094947,nmpc_dc,-0.000000,45.000001,0.000002,-0.000004,-1.308262,0.000000,45.000000,0.000000,45.000000,-0.000004,0.000011,0.247116,1,9.737036,0.340921,0.231182,0.120327,0.120327,0.630730,0.000000,0.120327,0.120327,0.012000,0.618730,0.300726,0.179154,inf,nan,0.000000,0.179154,0.179154,0.179154,0.053746,0.010749,0.179155,0.053746,0.010749,-0.000000,0.000000,0.000005,10,4
1780630788.175304,nmpc_dc,-0.000000,45.000001,0.000001,-0.000003,-1.344678,0.000000,45.000000,0.000000,45.000000,-0.000004,0.000009,0.248749,1,8.324126,0.340921,0.232162,0.121137,0.121137,0.631846,0.000000,0.121137,0.121137,0.012000,0.619846,0.300726,0.179154,inf,nan,0.000000,0.179154,0.179154,0.179154,0.053746,0.010749,0.179155,0.053746,0.010749,-0.000000,0.000000,0.000003,10,4
1780630788.299858,nmpc_dc,0.000000,45.000001,0.000001,-0.000002,-1.415185,0.000000,45.000000,0.000000,45.000000,-0.000003,0.000007,0.255241,1,12.786029,0.340920,0.235590,0.123343,0.123343,0.633615,0.000000,0.123343,0.123343,0.012000,0.621614,0.300726,0.179154,inf,nan,0.000000,0.179154,0.179154,0.179154,0.053746,0.010749,0.179155,0.053746,0.010749,-0.000000,0.000000,0.000002,10,4
1780630788.371869,nmpc_dc,0.000000,45.000001,0.000001,-0.000001,-1.526772,0.000000,45.000000,0.000000,45.000000,-0.000003,0.000005,0.267379,1,5.946473,0.340920,0.244972,0.128633,0.128633,0.637629,0.000000,0.128633,0.128633,0.012000,0.625629,0.300726,0.179154,inf,nan,0.000000,0.179154,0.179154,0.179154,0.053746,0.010749,0.179155,0.053746,0.010749,-0.000000,0.000000,0.000002,10,4
1780630788.490271,nmpc_dc,0.000000,45.000000,0.000000,-0.000001,-1.677633,0.000000,45.000000,0.000000,45.000000,-0.000002,0.000004,0.285129,1,10.294113,0.340920,0.248140,0.139414,0.139414,0.644973,0.000000,0.139414,0.139414,0.012000,0.632973,0.300726,0.179154,inf,nan,0.000000,0.179154,0.179154,0.179154,0.053746,0.010749,0.179155,0.053746,0.010749,-0.000000,0.000000,0.000001,10,4
1780630788.569012,nmpc_dc,0.000000,45.000000,0.000000,-0.000000,-1.846261,0.000000,45.000000,0.000000,45.000000,-0.000004,0.000005,0.306102,1,5.286504,0.336745,0.257047,0.153321,0.153321,0.652022,0.000000,0.153321,0.153321,0.012000,0.640022,0.296595,0.189056,inf,nan,0.000000,0.189056,0.189056,0.189056,0.056717,0.011343,0.189056,0.056717,0.011343,-0.000000,0.000000,0.000000,10,4
1780630788.690610,nmpc_dc,0.000000,45.000000,-0.000000,0.000000,-1.999139,0.000000,45.000000,0.000000,45.000000,-0.000003,0.000003,0.326033,1,10.359514,0.336745,0.276515,0.173102,0.173102,0.661080,0.000000,0.173102,0.173102,0.012000,0.649080,0.296595,0.189056,inf,nan,0.000000,0.189056,0.189056,0.189056,0.056717,0.011343,0.189056,0.056717,0.011343,-0.000000,0.000000,0.000000,10,4
1780630788.775230,nmpc_dc,0.000000,45.000000,-0.000000,0.000000,-2.087127,0.000000,45.000000,0.000000,45.000000,-0.000001,0.000001,0.338509,1,8.203432,0.336745,0.290567,0.185847,0.185847,0.666674,0.000000,0.185847,0.185847,0.012000,0.654674,0.296595,0.189056,inf,nan,0.000000,0.189056,0.189056,0.189056,0.056717,0.011343,0.189057,0.056717,0.011343,-0.000000,0.000000,0.000001,10,4
1780630788.882744,nmpc_dc,0.000000,45.000000,-0.000000,0.000001,-2.080451,0.000000,45.000000,0.000000,45.000000,-0.000000,0.000000,0.338732,1,8.230038,0.336745,0.289437,0.184855,0.184855,0.666250,0.000000,0.184855,0.184855,0.012000,0.654250,0.296596,0.189056,inf,nan,0.000000,0.189056,0.189056,0.189056,0.056717,0.011343,0.189057,0.056717,0.011343,-0.000000,0.000000,0.000001,10,4
1780630788.958911,nmpc_dc,0.000000,45.000000,-0.000000,0.000001,-2.003178,0.000000,45.000000,0.000000,45.000000,0.000000,-0.000001,0.328202,1,3.087187,0.336746,0.277118,0.173671,0.173671,0.661335,0.000000,0.173671,0.173671,0.012000,0.649335,0.296596,0.189056,inf,nan,0.000000,0.189056,0.189056,0.189056,0.056717,0.011343,0.189057,0.056717,0.011343,-0.000000,0.000000,0.000001,10,4
1780630789.062015,nmpc_dc,0.000000,45.000001,-0.000000,0.000001,-1.895510,0.000000,45.000000,0.000000,45.000000,0.000001,-0.000001,0.311741,1,3.009912,0.336746,0.262567,0.159293,0.159293,0.654791,0.000000,0.159293,0.159293,0.012000,0.642791,0.296596,0.189056,inf,nan,0.000000,0.189056,0.189056,0.189056,0.056717,0.011343,0.189057,0.056717,0.011343,-0.000000,0.000000,0.000001,10,4
1780630789.158741,nmpc_dc,0.000000,45.000001,-0.000000,0.000000,-1.788116,0.000000,45.000000,0.000000,45.000000,0.000001,-0.000001,0.293933,1,3.037044,0.336746,0.251532,0.146816,0.146816,0.648983,0.000000,0.146816,0.146816,0.012000,0.636983,0.296596,0.189056,inf,nan,0.000000,0.189056,0.189056,0.189056,0.056717,0.011343,0.189057,0.056717,0.011343,-0.000000,0.000000,0.000001,10,4
1780630789.294756,nmpc_dc,-0.000000,45.000001,-0.000000,0.000000,-1.696222,0.000000,45.000000,0.000000,45.000000,0.000001,-0.000001,0.277590,1,9.730379,0.336746,0.245172,0.137814,0.137814,0.644752,0.000000,0.137814,0.137814,0.012000,0.632752,0.296596,0.189056,inf,nan,0.000000,0.189056,0.189056,0.189056,0.056717,0.011343,0.189057,0.056717,0.011343,-0.000000,0.000000,0.000000,10,4
1780630789.364179,nmpc_dc,-0.000000,45.000001,-0.000000,0.000000,-1.624022,0.000000,45.000000,0.000000,45.000000,0.000001,-0.000001,0.263864,1,2.905997,0.336746,0.242308,0.131877,0.131877,0.641070,0.000000,0.131877,0.131877,0.012000,0.629070,0.296596,0.189056,inf,nan,0.000000,0.189056,0.189056,0.189056,0.056717,0.011343,0.189057,0.056717,0.011343,-0.000000,0.000000,0.000000,10,4
1780630789.493717,nmpc_dc,-0.000000,45.000001,-0.000000,0.000000,-1.570229,0.000000,45.000000,0.000000,45.000000,0.000001,-0.000001,0.252884,1,9.171771,0.336746,0.241434,0.128111,0.128111,0.638463,0.000000,0.128111,0.128111,0.012000,0.626463,0.296596,0.189056,inf,nan,0.000000,0.189056,0.189056,0.189056,0.056717,0.011343,0.189057,0.056717,0.011343,-0.000000,0.000000,0.000000,10,4
1780630789.567478,nmpc_dc,-0.000000,45.000001,-0.000000,0.000000,-1.531631,0.000000,45.000000,0.000000,45.000000,0.000001,-0.000001,0.244316,1,4.871046,0.337858,0.240456,0.125222,0.125222,0.636095,0.000000,0.125222,0.125222,0.012000,0.624095,0.297510,0.187029,inf,nan,0.000000,0.187029,0.187029,0.187029,0.056109,0.011222,0.187029,0.056109,0.011222,-0.000000,0.000000,0.000000,10,4
1780630789.690630,nmpc_dc,-0.000000,45.000001,-0.000000,0.000000,-1.504805,0.000000,45.000000,0.000000,45.000000,0.000001,-0.000001,0.237687,1,10.329931,0.337858,0.237890,0.123857,0.123857,0.635043,0.000000,0.123857,0.123857,0.012000,0.623043,0.297510,0.187029,inf,nan,0.000000,0.187029,0.187029,0.187029,0.056109,0.011222,0.187029,0.056109,0.011222,-0.000000,0.000000,0.000000,10,4
1780630789.775298,nmpc_dc,-0.000000,45.000001,0.000000,-0.000000,-1.488933,0.000000,45.000000,0.000000,45.000000,0.000000,-0.000000,0.232778,1,8.517277,0.337858,0.236498,0.123115,0.123115,0.634463,0.000000,0.123115,0.123115,0.012000,0.622463,0.297510,0.187029,inf,nan,0.000000,0.187029,0.187029,0.187029,0.056109,0.011222,0.187029,0.056109,0.011222,-0.000000,0.000000,0.000000,10,4
1780630789.889607,nmpc_dc,-0.000000,45.000001,0.000000,-0.000000,-1.483815,0.000000,45.000000,0.000000,45.000000,0.000000,-0.000000,0.229502,1,11.904248,0.337858,0.236069,0.122886,0.122886,0.634282,0.000000,0.122886,0.122886,0.012000,0.622282,0.297510,0.187029,inf,nan,0.000000,0.187029,0.187029,0.187029,0.056109,0.011222,0.187029,0.056109,0.011222,-0.000000,0.000000,0.000000,10,4
1780630789.974125,nmpc_dc,-0.000000,45.000001,0.000000,-0.000000,-1.486935,0.000000,45.000000,0.000000,45.000000,-0.000000,0.000000,0.227553,1,7.385349,0.337858,0.236329,0.123025,0.123025,0.634392,0.000000,0.123025,0.123025,0.012000,0.622392,0.297510,0.187029,inf,nan,0.000000,0.187029,0.187029,0.187029,0.056109,0.011222,0.187029,0.056109,0.011222,-0.000000,0.000000,0.000000,10,4
1780630790.094399,nmpc_dc,-0.000000,45.000001,0.000000,-0.000000,-1.495272,0.000000,45.000000,0.000000,45.000000,-0.000000,0.000000,0.226515,1,9.811245,0.337858,0.237043,0.123406,0.123406,0.634691,0.000000,0.123406,0.123406,0.012000,0.622691,0.297510,0.187029,inf,nan,0.000000,0.187029,0.187029,0.187029,0.056109,0.011222,0.187029,0.056109,0.011222,-0.000000,0.000000,0.000000,10,4
1780630790.175488,nmpc_dc,-0.000000,45.000001,0.000000,-0.000000,-1.506202,0.000000,45.000000,0.000000,45.000000,-0.000000,0.000000,0.225994,1,8.076319,0.337858,0.238017,0.123925,0.123925,0.635096,0.000000,0.123925,0.123925,0.012000,0.623096,0.297510,0.187029,inf,nan,0.000000,0.187029,0.187029,0.187029,0.056109,0.011222,0.187029,0.056109,0.011222,-0.000000,0.000000,0.000000,10,4
1780630790.294900,nmpc_dc,-0.000000,45.000001,0.000000,-0.000000,-1.517764,0.000000,45.000000,0.000000,45.000000,-0.000000,0.000000,0.225675,1,10.142583,0.337858,0.239097,0.124499,0.124499,0.635540,0.000000,0.124499,0.124499,0.012000,0.623540,0.297510,0.187029,inf,nan,0.000000,0.187029,0.187029,0.187029,0.056109,0.011222,0.187029,0.056109,0.011222,-0.000000,0.000000,0.000000,10,4
1780630790.375283,nmpc_dc,-0.000000,45.000001,0.000000,-0.000000,-1.528654,0.000000,45.000000,0.000000,45.000000,-0.000000,0.000000,0.225335,1,7.957022,0.337858,0.240158,0.125064,0.125064,0.635974,0.000000,0.125064,0.125064,0.012000,0.623974,0.297510,0.187029,inf,nan,0.000000,0.187029,0.187029,0.187029,0.056109,0.011222,0.187029,0.056109,0.011222,-0.000000,0.000000,0.000000,10,4
1780630790.494717,nmpc_dc,-0.000000,45.000001,0.000000,-0.000000,-1.538129,0.000000,45.000000,0.000000,45.000000,-0.000000,0.000000,0.224838,1,10.314152,0.337858,0.241117,0.125573,0.125573,0.636362,0.000000,0.125573,0.125573,0.012000,0.624362,0.297510,0.187029,inf,nan,0.000000,0.187029,0.187029,0.187029,0.056109,0.011222,0.187029,0.056109,0.011222,-0.000000,0.000000,0.000000,10,4
1780630790.566994,nmpc_dc,-0.000000,45.000001,0.000000,-0.000000,-1.545868,0.000000,45.000000,0.000000,45.000000,0.000001,-0.000000,0.224116,1,4.827341,0.334281,0.236650,0.121250,0.121250,0.633899,0.000000,0.121250,0.121250,0.012000,0.621899,0.293803,0.176545,inf,nan,0.000000,0.176545,0.176545,0.176545,0.052963,0.010593,0.176545,0.052964,0.010593,-0.000000,0.000000,0.000000,10,4
1780630790.692116,nmpc_dc,-0.000000,45.000001,0.000000,-0.000000,-1.551852,0.000000,45.000000,0.000000,45.000000,0.000000,-0.000000,0.223151,1,10.500727,0.334281,0.237259,0.121577,0.121577,0.634178,0.000000,0.121577,0.121577,0.012000,0.622178,0.293803,0.176545,inf,nan,0.000000,0.176545,0.176545,0.176545,0.052963,0.010593,0.176545,0.052964,0.010593,-0.000000,0.000000,0.000000,10,4
1780630790.775880,nmpc_dc,0.000000,45.000001,0.000000,-0.000000,-1.559929,0.000000,45.000000,0.000000,45.000000,0.000000,-0.000000,0.222359,1,7.681282,0.334281,0.238102,0.122029,0.122029,0.634556,0.000000,0.122029,0.122029,0.012000,0.622556,0.293803,0.176545,inf,nan,0.000000,0.176545,0.176545,0.176545,0.052963,0.010593,0.176545,0.052964,0.010593,-0.000000,0.000000,0.000000,10,4
1780630790.897998,nmpc_dc,0.000000,45.000001,0.000000,-0.000000,-1.574361,0.000000,45.000000,0.000000,45.000000,-0.000000,0.000000,0.222308,1,10.061658,0.334281,0.238474,0.122867,0.122867,0.635243,0.000000,0.122867,0.122867,0.012000,0.623243,0.293803,0.176545,inf,nan,0.000000,0.176545,0.176545,0.176545,0.052963,0.010593,0.176545,0.052964,0.010593,-0.000000,0.000000,0.000000,10,4
1780630790.971725,nmpc_dc,0.000000,45.000001,0.000000,-0.000000,-1.594413,0.000000,45.000000,0.000000,45.000000,-0.000000,0.000000,0.223054,1,5.730401,0.334281,0.238424,0.124098,0.124098,0.636222,0.000000,0.124098,0.124098,0.012000,0.624222,0.293803,0.176545,inf,nan,0.000000,0.176545,0.176545,0.176545,0.052963,0.010593,0.176545,0.052964,0.010593,-0.000000,0.000000,0.000000,10,4
1780630791.094887,nmpc_dc,0.000000,45.000001,0.000000,-0.000000,-1.617429,0.000000,45.000000,0.000000,45.000000,-0.000000,0.000000,0.224318,1,8.823270,0.334281,0.238554,0.125604,0.125604,0.637379,0.000000,0.125604,0.125604,0.012000,0.625379,0.293803,0.176545,inf,nan,0.000000,0.176545,0.176545,0.176545,0.052963,0.010593,0.176545,0.052964,0.010593,-0.000000,0.000000,0.000000,10,4
1780630791.177557,nmpc_dc,0.000000,45.000001,0.000000,-0.000000,-1.640700,0.000000,45.000000,0.000000,45.000000,-0.000000,0.000000,0.225730,1,8.260413,0.334281,0.238888,0.127229,0.127229,0.638582,0.000000,0.127229,0.127229,0.012000,0.626582,0.293803,0.176545,inf,nan,0.000000,0.176545,0.176545,0.176545,0.052963,0.010593,0.176545,0.052964,0.010593,-0.000000,0.000000,0.000000,10,4
1780630791.290844,nmpc_dc,0.000000,45.000001,0.000000,-0.000000,-1.662189,0.000000,45.000000,0.000000,45.000000,-0.000000,0.000000,0.226977,1,6.324203,0.334281,0.239377,0.128821,0.128821,0.639712,0.000000,0.128821,0.128821,0.012000,0.627712,0.293803,0.176545,inf,nan,0.000000,0.176545,0.176545,0.176545,0.052963,0.010593,0.176545,0.052964,0.010593,-0.000000,0.000000,0.000000,10,4
1780630791.370650,nmpc_dc,0.000000,45.000001,0.000000,-0.000000,-1.680680,0.000000,45.000000,0.000000,45.000000,-0.000000,0.000000,0.227848,1,5.438067,0.334281,0.239937,0.130262,0.130262,0.640668,0.000000,0.130262,0.130262,0.012000,0.628668,0.293803,0.176545,inf,nan,0.000000,0.176545,0.176545,0.176545,0.052963,0.010593,0.176545,0.052964,0.010593,-0.000000,0.000000,0.000000,10,4
1780630791.485967,nmpc_dc,0.000000,45.000001,0.000000,-0.000000,-1.695677,0.000000,45.000000,0.000000,45.000000,-0.000000,0.000000,0.228239,1,3.115000,0.334281,0.240484,0.131479,0.131479,0.641460,0.000000,0.131479,0.131479,0.012000,0.629460,0.293803,0.176545,inf,nan,0.000000,0.176545,0.176545,0.176545,0.052963,0.010593,0.176545,0.052964,0.010593,-0.000000,0.000000,0.000000,10,4
1780630791.559285,nmpc_dc,0.000000,45.000001,0.000000,-0.000000,-1.707204,0.000000,45.000000,0.000000,45.000000,-0.000002,0.000001,0.228129,1,3.108548,0.336771,0.245802,0.138838,0.138838,0.645822,0.000000,0.138838,0.138838,0.012000,0.633822,0.296621,0.189259,inf,nan,0.000000,0.189259,0.189259,0.189259,0.056778,0.011356,0.189259,0.056778,0.011356,-0.000000,0.000000,0.000000,10,4
1780630791.684374,nmpc_dc,0.000000,45.000001,-0.000000,0.000000,-1.715612,0.000000,45.000000,0.000000,45.000000,-0.000001,0.000001,0.227556,1,6.786186,0.336771,0.246293,0.139612,0.139612,0.646291,0.000000,0.139612,0.139612,0.012000,0.634291,0.296621,0.189259,inf,nan,0.000000,0.189259,0.189259,0.189259,0.056778,0.011356,0.189259,0.056778,0.011356,-0.000000,0.000000,0.000000,10,4
1780630791.770234,nmpc_dc,0.000000,45.000001,-0.000000,0.000000,-1.713839,0.000000,45.000000,0.000000,45.000000,-0.000000,0.000000,0.225761,1,4.320018,0.336771,0.246188,0.139448,0.139448,0.646192,0.000000,0.139448,0.139448,0.012000,0.634192,0.296621,0.189259,inf,nan,0.000000,0.189259,0.189259,0.189259,0.056778,0.011356,0.189259,0.056778,0.011356,-0.000000,0.000000,0.000000,10,4
1780630791.899501,nmpc_dc,0.000000,45.000001,-0.000000,0.000000,-1.695031,0.000000,45.000000,0.000000,45.000000,0.000000,-0.000000,0.221818,1,7.090827,0.336771,0.245137,0.137741,0.137741,0.645151,0.000000,0.137741,0.137741,0.012000,0.633151,0.296621,0.189259,inf,nan,0.000000,0.189259,0.189259,0.189259,0.056778,0.011356,0.189259,0.056778,0.011356,-0.000000,0.000000,0.000000,10,4
1780630791.975515,nmpc_dc,0.000000,45.000001,-0.000000,0.000000,-1.663328,0.000000,45.000000,0.000000,45.000000,0.000000,-0.000000,0.215959,1,8.200663,0.336771,0.243656,0.135017,0.135017,0.643442,0.000000,0.135017,0.135017,0.012000,0.631442,0.296621,0.189259,inf,nan,0.000000,0.189259,0.189259,0.189259,0.056778,0.011356,0.189259,0.056778,0.011356,-0.000000,0.000000,0.000000,10,4
1780630792.094296,nmpc_dc,-0.000000,45.000001,-0.000000,0.000000,-1.625994,0.000000,45.000000,0.000000,45.000000,0.000000,-0.000000,0.209045,1,9.455115,0.336771,0.242387,0.132059,0.132059,0.641515,0.000000,0.132059,0.132059,0.012000,0.629515,0.296621,0.189259,inf,nan,0.000000,0.189259,0.189259,0.189259,0.056778,0.011356,0.189259,0.056778,0.011356,-0.000000,0.000000,0.000000,10,4
1780630792.175272,nmpc_dc,-0.000000,45.000001,-0.000000,0.000000,-1.589030,0.000000,45.000000,0.000000,45.000000,0.000000,-0.000000,0.201952,1,8.033893,0.336771,0.241642,0.129397,0.129397,0.639713,0.000000,0.129397,0.129397,0.012000,0.627713,0.296621,0.189259,inf,nan,0.000000,0.189259,0.189259,0.189259,0.056778,0.011356,0.189259,0.056778,0.011356,-0.000000,0.000000,0.000000,10,4
1780630792.297303,nmpc_dc,-0.000000,45.000001,-0.000000,0.000000,-1.556065,0.000000,45.000000,0.000000,45.000000,0.000000,-0.000000,0.195295,1,10.588955,0.336771,0.241411,0.127246,0.127246,0.638206,0.000000,0.127246,0.127246,0.012000,0.626206,0.296621,0.189259,inf,nan,0.000000,0.189259,0.189259,0.189259,0.056778,0.011356,0.189259,0.056778,0.011356,-0.000000,0.000000,0.000000,10,4
1780630792.374705,nmpc_dc,-0.000000,45.000001,-0.000000,0.000000,-1.528697,0.000000,45.000000,0.000000,45.000000,0.000000,-0.000000,0.189400,1,7.673012,0.336771,0.241529,0.125620,0.125620,0.637036,0.000000,0.125620,0.125620,0.012000,0.625036,0.296621,0.189259,inf,nan,0.000000,0.189259,0.189259,0.189259,0.056778,0.011356,0.189259,0.056778,0.011356,-0.000000,0.000000,0.000000,10,4
1780630792.476244,nmpc_dc,-0.000000,45.000001,-0.000000,0.000000,-1.507184,0.000000,45.000000,0.000000,45.000000,0.000000,-0.000000,0.184370,1,4.864320,0.336771,0.239441,0.124444,0.124444,0.636171,0.000000,0.124444,0.124444,0.012000,0.624171,0.296621,0.189259,inf,nan,0.000000,0.189259,0.189259,0.189259,0.056778,0.011356,0.189259,0.056778,0.011356,-0.000000,0.000000,0.000000,10,4
1780630792.558985,nmpc_dc,-0.000000,45.000001,-0.000000,0.000000,-1.491039,0.000000,45.000000,0.000000,45.000000,0.000003,-0.000003,0.180173,1,3.135815,0.341055,0.241284,0.126744,0.126744,0.636140,0.000000,0.126744,0.126744,0.012000,0.624140,0.300834,0.180056,inf,nan,0.000000,0.180056,0.180056,0.180056,0.054017,0.010803,0.180056,0.054017,0.010803,-0.000000,0.000000,0.000000,10,4
1780630792.687876,nmpc_dc,-0.000000,45.000001,0.000000,-0.000000,-1.479441,0.000000,45.000000,0.000000,45.000000,0.000002,-0.000002,0.176707,1,7.686381,0.341055,0.240258,0.126176,0.126176,0.635709,0.000000,0.126176,0.126176,0.012000,0.623709,0.300834,0.180056,inf,nan,0.000000,0.180056,0.180056,0.180056,0.054017,0.010803,0.180056,0.054017,0.010803,-0.000000,0.000000,0.000000,10,4
1780630792.769348,nmpc_dc,-0.000000,45.000001,0.000000,-0.000000,-1.481083,0.000000,45.000000,0.000000,45.000000,0.000001,-0.000001,0.174887,1,5.306356,0.341055,0.240400,0.126255,0.126255,0.635769,0.000000,0.126255,0.126255,0.012000,0.623769,0.300834,0.180056,inf,nan,0.000000,0.180056,0.180056,0.180056,0.054017,0.010803,0.180056,0.054017,0.010803,-0.000000,0.000000,0.000001,10,4
1780630792.897837,nmpc_dc,0.000000,45.000001,0.000000,-0.000000,-1.506813,0.000000,45.000000,0.000000,45.000000,-0.000000,0.000000,0.176113,1,10.608911,0.341055,0.242759,0.127557,0.127557,0.636751,0.000000,0.127557,0.127557,0.012000,0.624751,0.300834,0.180056,inf,nan,0.000000,0.180056,0.180056,0.180056,0.054017,0.010803,0.180056,0.054017,0.010803,-0.000000,0.000000,0.000001,10,4
1780630792.974833,nmpc_dc,0.000000,45.000001,0.000000,-0.000000,-1.556611,0.000000,45.000000,0.000000,45.000000,-0.000001,0.000001,0.180713,1,7.643240,0.341055,0.245620,0.130423,0.130423,0.638859,0.000000,0.130423,0.130423,0.012000,0.626859,0.300834,0.180056,inf,nan,0.000000,0.180056,0.180056,0.180056,0.054017,0.010803,0.180056,0.054017,0.010803,-0.000000,0.000000,0.000001,10,4
1780630793.088007,nmpc_dc,0.000000,45.000001,0.000000,-0.000000,-1.625254,0.000000,45.000000,0.000000,45.000000,-0.000001,0.000001,0.188180,1,3.562595,0.341055,0.246364,0.135129,0.135129,0.642150,0.000000,0.135129,0.135129,0.012000,0.630150,0.300834,0.180056,inf,nan,0.000000,0.180056,0.180056,0.180056,0.054017,0.010803,0.180056,0.054017,0.010803,-0.000000,0.000000,0.000001,10,4
1780630793.171290,nmpc_dc,0.000000,45.000001,0.000000,-0.000000,-1.705105,0.000000,45.000000,0.000000,45.000000,-0.000001,0.000001,0.197535,1,5.816465,0.341055,0.249429,0.141716,0.141716,0.646234,0.000000,0.141716,0.141716,0.012000,0.634234,0.300834,0.180056,inf,nan,0.000000,0.180056,0.180056,0.180056,0.054017,0.010803,0.180056,0.054017,0.010803,-0.000000,0.000000,0.000000,10,4
1780630793.295522,nmpc_dc,0.000000,45.000000,0.000000,-0.000000,-1.787774,0.000000,45.000000,0.000000,45.000000,-0.000001,0.000001,0.207610,1,10.441856,0.341054,0.255020,0.149799,0.149799,0.649999,0.000000,0.149799,0.149799,0.012000,0.637999,0.300834,0.180056,inf,nan,0.000000,0.180056,0.180056,0.180056,0.054017,0.010803,0.180056,0.054017,0.010803,-0.000000,0.000000,0.000000,10,4
1780630793.371413,nmpc_dc,0.000000,45.000000,0.000000,-0.000000,-1.865748,0.000000,45.000000,0.000000,45.000000,-0.000001,0.000001,0.217289,1,5.745002,0.341054,0.262425,0.158548,0.158548,0.653938,0.000000,0.158548,0.158548,0.012000,0.641938,0.300834,0.180056,inf,nan,0.000000,0.180056,0.180056,0.180056,0.054017,0.010803,0.180056,0.054017,0.010803,-0.000000,0.000000,0.000000,10,4
1780630793.487281,nmpc_dc,0.000000,45.000000,0.000000,-0.000000,-1.933682,0.000000,45.000000,0.000000,45.000000,-0.000000,0.000000,0.225714,1,14.249926,0.341054,0.270443,0.166916,0.166916,0.657529,0.000000,0.166916,0.166916,0.012000,0.645529,0.300834,0.180056,inf,nan,0.000000,0.180056,0.180056,0.180056,0.054017,0.010803,0.180056,0.054017,0.010803,-0.000000,0.000000,0.000000,10,4
1780630793.561460,nmpc_dc,0.000000,45.000000,0.000000,-0.000000,-1.988865,0.000000,45.000000,0.000000,45.000000,-0.000001,0.000001,0.232383,1,4.204177,0.340592,0.275585,0.172073,0.172073,0.660772,0.000000,0.172073,0.172073,0.012000,0.648772,0.300262,0.183293,inf,nan,0.000000,0.183293,0.183293,0.183293,0.054988,0.010998,0.183293,0.054988,0.010998,-0.000000,0.000000,0.000000,10,4
1780630793.691354,nmpc_dc,0.000000,45.000000,-0.000000,0.000000,-2.030894,0.000000,45.000000,0.000000,45.000000,-0.000001,0.000001,0.237138,1,10.442016,0.340592,0.281715,0.177816,0.177816,0.663008,0.000000,0.177816,0.177816,0.012000,0.651008,0.300262,0.183293,inf,nan,0.000000,0.183293,0.183293,0.183293,0.054988,0.010998,0.183293,0.054988,0.010998,-0.000000,0.000000,0.000000,10,4
1780630793.775553,nmpc_dc,0.000000,45.000000,-0.000000,0.000000,-2.056105,0.000000,45.000000,0.000000,45.000000,-0.000000,0.000000,0.239552,1,7.887687,0.340592,0.285611,0.181348,0.181348,0.664291,0.000000,0.181348,0.181348,0.012000,0.652291,0.300262,0.183293,inf,nan,0.000000,0.183293,0.183293,0.183293,0.054988,0.010998,0.183293,0.054988,0.010998,-0.000000,0.000000,0.000000,10,4
1780630793.895905,nmpc_dc,0.000000,45.000000,-0.000000,0.000000,-2.061470,0.000000,45.000000,0.000000,45.000000,-0.000000,0.000000,0.239205,1,10.199166,0.340592,0.286460,0.182106,0.182106,0.664556,0.000000,0.182106,0.182106,0.012000,0.652556,0.300262,0.183293,inf,nan,0.000000,0.183293,0.183293,0.183293,0.054988,0.010998,0.183293,0.054988,0.010998,-0.000000,0.000000,0.000000,10,4
1780630793.963824,nmpc_dc,0.000000,45.000000,-0.000000,0.000000,-2.051082,0.000000,45.000000,0.000000,45.000000,0.000000,-0.000000,0.236455,1,4.080563,0.340592,0.284822,0.180640,0.180640,0.664040,0.000000,0.180640,0.180640,0.012000,0.652040,0.300262,0.183293,inf,nan,0.000000,0.183293,0.183293,0.183293,0.054988,0.010998,0.183293,0.054988,0.010998,-0.000000,0.000000,0.000000,10,4
1780630794.064688,nmpc_dc,0.000000,45.000000,-0.000000,0.000000,-2.031236,0.000000,45.000000,0.000000,45.000000,0.000000,-0.000000,0.232091,1,3.724732,0.340592,0.281767,0.177864,0.177864,0.663026,0.000000,0.177864,0.177864,0.012000,0.651026,0.300262,0.183293,inf,nan,0.000000,0.183293,0.183293,0.183293,0.054988,0.010998,0.183293,0.054988,0.010998,-0.000000,0.000000,0.000000,10,4
1780630794.167837,nmpc_dc,0.000000,45.000000,-0.000000,0.000000,-2.007528,0.000000,45.000000,0.000000,45.000000,0.000000,-0.000000,0.226931,1,6.771593,0.340592,0.278250,0.174599,0.174599,0.661776,0.000000,0.174599,0.174599,0.012000,0.649776,0.300262,0.183293,inf,nan,0.000000,0.183293,0.183293,0.183293,0.054988,0.010998,0.183293,0.054988,0.010998,-0.000000,0.000000,0.000000,10,4
1780630794.295664,nmpc_dc,0.000000,45.000000,-0.000000,0.000000,-1.983905,0.000000,45.000000,0.000000,45.000000,0.000000,-0.000000,0.221615,1,10.282271,0.340592,0.274893,0.171408,0.171408,0.660503,0.000000,0.171408,0.171408,0.012000,0.648503,0.300262,0.183293,inf,nan,0.000000,0.183293,0.183293,0.183293,0.054988,0.010998,0.183293,0.054988,0.010998,-0.000000,0.000000,0.000000,10,4
1780630794.375042,nmpc_dc,0.000000,45.000000,-0.000000,0.000000,-1.962695,0.000000,45.000000,0.000000,45.000000,0.000000,-0.000000,0.216556,1,7.709853,0.340592,0.272009,0.168602,0.168602,0.659346,0.000000,0.168602,0.168602,0.012000,0.647346,0.300262,0.183293,inf,nan,0.000000,0.183293,0.183293,0.183293,0.054988,0.010998,0.183293,0.054988,0.010998,-0.000000,0.000000,0.000000,10,4
1780630794.506647,nmpc_dc,0.000000,45.000000,-0.000000,0.000000,-1.944976,0.000000,45.000000,0.000000,45.000000,0.000000,-0.000000,0.211975,1,16.767015,0.340592,0.269698,0.166304,0.166304,0.658376,0.000000,0.166304,0.166304,0.012000,0.646376,0.300262,0.183293,inf,nan,0.000000,0.183293,0.183293,0.183293,0.054988,0.010998,0.183293,0.054988,0.010998,-0.000000,0.000000,0.000000,10,4
1780630794.559187,nmpc_dc,0.000000,45.000000,-0.000000,0.000000,-1.930987,0.000000,45.000000,0.000000,45.000000,0.000000,-0.000000,0.207948,1,3.156304,0.337843,0.263540,0.160126,0.160126,0.656218,0.000000,0.160126,0.160126,0.012000,0.644218,0.297403,0.181047,inf,nan,0.000000,0.181047,0.181047,0.181047,0.054314,0.010863,0.181047,0.054314,0.010863,-0.000000,0.000000,0.000000,10,4
1780630794.689914,nmpc_dc,0.000000,45.000000,-0.000000,0.000000,-1.920481,0.000000,45.000000,0.000000,45.000000,0.000000,-0.000000,0.204465,1,7.434073,0.337843,0.262291,0.158824,0.158824,0.655651,0.000000,0.158824,0.158824,0.012000,0.643651,0.297403,0.181047,inf,nan,0.000000,0.181047,0.181047,0.181047,0.054314,0.010863,0.181047,0.054314,0.010863,-0.000000,0.000000,0.000000,10,4
1780630794.763133,nmpc_dc,0.000000,45.000000,-0.000000,0.000000,-1.913056,0.000000,45.000000,0.000000,45.000000,0.000000,-0.000000,0.201475,1,2.854479,0.337843,0.261430,0.157913,0.157913,0.655252,0.000000,0.157913,0.157913,0.012000,0.643252,0.297403,0.181047,inf,nan,0.000000,0.181047,0.181047,0.181047,0.054314,0.010863,0.181047,0.054314,0.010863,-0.000000,0.000000,0.000000,10,4
1780630794.898750,nmpc_dc,0.000000,45.000000,0.000000,0.000000,-1.908233,0.000000,45.000000,0.000000,45.000000,0.000000,-0.000000,0.198912,1,10.094794,0.337843,0.260879,0.157321,0.157321,0.654993,0.000000,0.157321,0.157321,0.012000,0.642993,0.297403,0.181047,inf,nan,0.000000,0.181047,0.181047,0.181047,0.054314,0.010863,0.181047,0.054314,0.010863,-0.000000,0.000000,0.000000,10,4
1780630794.971212,nmpc_dc,0.000000,45.000000,0.000000,0.000000,-1.905422,0.000000,45.000000,0.000000,45.000000,0.000000,-0.000000,0.196691,1,5.715295,0.337843,0.260561,0.156978,0.156978,0.654842,0.000000,0.156978,0.156978,0.012000,0.642842,0.297403,0.181047,inf,nan,0.000000,0.181047,0.181047,0.181047,0.054314,0.010863,0.181047,0.054314,0.010863,-0.000000,0.000000,0.000000,10,4
1780630795.081523,nmpc_dc,0.000000,45.000000,0.000000,0.000000,-1.904045,0.000000,45.000000,0.000000,45.000000,-0.000000,-0.000000,0.194725,1,9.120750,0.337843,0.260407,0.156811,0.156811,0.654769,0.000000,0.156811,0.156811,0.012000,0.642769,0.297403,0.181047,inf,nan,0.000000,0.181047,0.181047,0.181047,0.054314,0.010863,0.181047,0.054314,0.010863,-0.000000,0.000000,0.000000,10,4
1780630795.175003,nmpc_dc,0.000000,45.000000,0.000000,0.000000,-1.903616,0.000000,45.000000,0.000000,45.000000,-0.000000,-0.000000,0.192939,1,7.653541,0.337843,0.260358,0.156759,0.156759,0.654746,0.000000,0.156759,0.156759,0.012000,0.642746,0.297403,0.181047,inf,nan,0.000000,0.181047,0.181047,0.181047,0.054314,0.010863,0.181047,0.054314,0.010863,-0.000000,0.000000,0.000000,10,4
1780630795.299965,nmpc_dc,0.000000,45.000000,0.000000,0.000000,-1.903759,0.000000,45.000000,0.000000,45.000000,-0.000000,-0.000000,0.191272,1,12.310678,0.337843,0.260375,0.156776,0.156776,0.654753,0.000000,0.156776,0.156776,0.012000,0.642753,0.297403,0.181047,inf,nan,0.000000,0.181047,0.181047,0.181047,0.054314,0.010863,0.181047,0.054314,0.010863,-0.000000,0.000000,0.000000,10,4
1780630795.375433,nmpc_dc,0.000000,45.000000,0.000000,0.000000,-1.904206,0.000000,45.000000,0.000000,45.000000,-0.000000,-0.000000,0.189678,1,8.178276,0.337843,0.260425,0.156830,0.156830,0.654777,0.000000,0.156830,0.156830,0.012000,0.642777,0.297403,0.181047,inf,nan,0.000000,0.181047,0.181047,0.181047,0.054314,0.010863,0.181047,0.054314,0.010863,-0.000000,0.000000,0.000000,10,4
1780630795.487315,nmpc_dc,0.000000,45.000000,0.000000,0.000000,-1.904775,0.000000,45.000000,0.000000,45.000000,-0.000000,-0.000000,0.188127,1,10.795228,0.337843,0.260489,0.156900,0.156900,0.654808,0.000000,0.156900,0.156900,0.012000,0.642808,0.297403,0.181047,inf,nan,0.000000,0.181047,0.181047,0.181047,0.054314,0.010863,0.181047,0.054314,0.010863,-0.000000,0.000000,0.000000,10,4
1780630795.569272,nmpc_dc,0.000000,45.000000,0.000000,0.000000,-1.905353,0.000000,45.000000,0.000000,45.000000,-0.000000,-0.000000,0.186596,1,5.258071,0.342297,0.267028,0.163487,0.163487,0.656769,0.000000,0.163487,0.163487,0.012000,0.644769,0.302001,0.184535,inf,nan,0.000000,0.184535,0.184535,0.184535,0.055360,0.011072,0.184535,0.055361,0.011072,-0.000000,0.000000,0.000000,10,4
1780630795.696224,nmpc_dc,0.000000,45.000000,0.000000,-0.000000,-1.905877,0.000000,45.000000,0.000000,45.000000,-0.000000,-0.000000,0.185075,1,9.948123,0.342297,0.267089,0.163551,0.163551,0.656797,0.000000,0.163551,0.163551,0.012000,0.644797,0.302001,0.184535,inf,nan,0.000000,0.184535,0.184535,0.184535,0.055360,0.011072,0.184535,0.055361,0.011072,-0.000000,0.000000,0.000000,10,4
1780630795.775227,nmpc_dc,0.000000,45.000000,0.000000,-0.000000,-1.906586,0.000000,45.000000,0.000000,45.000000,-0.000000,-0.000000,0.183586,1,8.027022,0.342297,0.267172,0.163639,0.163639,0.656836,0.000000,0.163639,0.163639,0.012000,0.644836,0.302001,0.184535,inf,nan,0.000000,0.184535,0.184535,0.184535,0.055360,0.011072,0.184535,0.055361,0.011072,-0.000000,0.000000,0.000000,10,4
1780630795.896287,nmpc_dc,0.000000,45.000000,-0.000000,-0.000000,-1.907756,0.000000,45.000000,0.000000,45.000000,-0.000000,0.000000,0.182165,1,10.315209,0.342297,0.267310,0.163783,0.163783,0.656900,0.000000,0.163783,0.163783,0.012000,0.644900,0.302001,0.184535,inf,nan,0.000000,0.184535,0.184535,0.184535,0.055360,0.011072,0.184535,0.055361,0.011072,-0.000000,0.000000,0.000000,10,4
1780630795.970693,nmpc_dc,0.000000,45.000000,-0.000000,-0.000000,-1.909305,0.000000,45.000000,0.000000,45.000000,-0.000000,0.000000,0.180811,1,7.287632,0.342297,0.267493,0.163974,0.163974,0.656985,0.000000,0.163974,0.163974,0.012000,0.644985,0.302001,0.184535,inf,nan,0.000000,0.184535,0.184535,0.184535,0.055360,0.011072,0.184535,0.055361,0.011072,-0.000000,0.000000,0.000000,10,4
1780630796.096229,nmpc_dc,0.000000,45.000000,-0.000000,-0.000000,-1.911028,0.000000,45.000000,0.000000,45.000000,0.000000,0.000000,0.179502,1,7.956788,0.342297,0.267697,0.164188,0.164188,0.657080,0.000000,0.164188,0.164188,0.012000,0.645080,0.302001,0.184535,inf,nan,0.000000,0.184535,0.184535,0.184535,0.055360,0.011072,0.184535,0.055361,0.011072,-0.000000,0.000000,0.000000,10,4
1780630796.175560,nmpc_dc,0.000000,45.000000,-0.000000,-0.000000,-1.912729,0.000000,45.000000,0.000000,45.000000,0.000000,0.000000,0.178210,1,7.643231,0.342297,0.267900,0.164399,0.164399,0.657173,0.000000,0.164399,0.164399,0.012000,0.645173,0.302001,0.184535,inf,nan,0.000000,0.184535,0.184535,0.184535,0.055360,0.011072,0.184535,0.055361,0.011072,-0.000000,0.000000,0.000000,10,4
1780630796.296691,nmpc_dc,0.000000,45.000000,-0.000000,-0.000000,-1.914271,0.000000,45.000000,0.000000,45.000000,0.000000,0.000000,0.176913,1,10.166365,0.342297,0.268084,0.164590,0.164590,0.657258,0.000000,0.164590,0.164590,0.012000,0.645258,0.302001,0.184535,inf,nan,0.000000,0.184535,0.184535,0.184535,0.055360,0.011072,0.184535,0.055361,0.011072,-0.000000,0.000000,0.000000,10,4
1780630796.375360,nmpc_dc,0.000000,45.000000,-0.000000,-0.000000,-1.915580,0.000000,45.000000,0.000000,45.000000,0.000000,0.000000,0.175597,1,7.934698,0.342297,0.268241,0.164753,0.164753,0.657330,0.000000,0.164753,0.164753,0.012000,0.645330,0.302001,0.184535,inf,nan,0.000000,0.184535,0.184535,0.184535,0.055360,0.011072,0.184535,0.055361,0.011072,-0.000000,0.000000,0.000000,10,4
1780630796.489893,nmpc_dc,0.000000,45.000000,-0.000000,-0.000000,-1.916628,0.000000,45.000000,0.000000,45.000000,0.000000,0.000000,0.174258,1,9.635294,0.342297,0.268367,0.164884,0.164884,0.657387,0.000000,0.164884,0.164884,0.012000,0.645387,0.302001,0.184535,inf,nan,0.000000,0.184535,0.184535,0.184535,0.055360,0.011072,0.184535,0.055361,0.011072,-0.000000,0.000000,0.000000,10,4
1780630796.568722,nmpc_dc,0.000000,45.000000,-0.000000,-0.000000,-1.917427,0.000000,45.000000,0.000000,45.000000,-0.000002,0.000002,0.172893,1,5.267926,0.336744,0.265273,0.162117,0.162117,0.656498,0.000000,0.162117,0.162117,0.012000,0.644498,0.296595,0.190235,inf,nan,0.000000,0.190235,0.190235,0.190235,0.057070,0.011414,0.190235,0.057071,0.011414,-0.000000,0.000000,0.000000,10,4
1780630796.694197,nmpc_dc,0.000000,45.000000,-0.000000,0.000000,-1.918005,0.000000,45.000000,0.000000,45.000000,-0.000001,0.000001,0.171507,1,8.575844,0.336744,0.265346,0.162192,0.162192,0.656532,0.000000,0.162192,0.162192,0.012000,0.644532,0.296595,0.190235,inf,nan,0.000000,0.190235,0.190235,0.190235,0.057070,0.011414,0.190235,0.057071,0.011414,-0.000000,0.000000,0.000000,10,4
1780630796.775415,nmpc_dc,0.000000,45.000001,-0.000000,0.000000,-1.902059,0.000000,45.000000,0.000000,45.000000,-0.000000,0.000000,0.168325,1,8.025462,0.336744,0.263369,0.160156,0.160156,0.655597,0.000000,0.160156,0.160156,0.012000,0.643597,0.296595,0.190235,inf,nan,0.000000,0.190235,0.190235,0.190235,0.057070,0.011414,0.190235,0.057071,0.011414,-0.000000,0.000000,0.000001,10,4
1780630796.896936,nmpc_dc,0.000000,45.000001,-0.000000,0.000000,-1.854929,0.000000,45.000000,0.000000,45.000000,0.000000,-0.000000,0.161320,1,9.436109,0.336744,0.257974,0.154382,0.154382,0.652935,0.000000,0.154382,0.154382,0.012000,0.640935,0.296595,0.190235,inf,nan,0.000000,0.190235,0.190235,0.190235,0.057070,0.011414,0.190235,0.057071,0.011414,-0.000000,0.000000,0.000001,10,4
1780630796.973674,nmpc_dc,0.000000,45.000001,-0.000000,0.000000,-1.786724,0.000000,45.000000,0.000000,45.000000,0.000001,-0.000001,0.151108,1,6.062496,0.336744,0.251422,0.146709,0.146709,0.649374,0.000000,0.146709,0.146709,0.012000,0.637374,0.296595,0.190235,inf,nan,0.000000,0.190235,0.190235,0.190235,0.057070,0.011414,0.190235,0.057071,0.011414,-0.000000,0.000000,0.000001,10,4
1780630797.094152,nmpc_dc,0.000000,45.000001,-0.000000,0.000000,-1.713115,0.000000,45.000000,0.000000,45.000000,0.000001,-0.000001,0.139572,1,10.900188,0.336744,0.246122,0.139394,0.139394,0.645964,0.000000,0.139394,0.139394,0.012000,0.633964,0.296595,0.190235,inf,nan,0.000000,0.190235,0.190235,0.190235,0.057070,0.011414,0.190235,0.057071,0.011414,-0.000000,0.000000,0.000000,10,4
1780630797.175133,nmpc_dc,-0.000000,45.000001,-0.000000,0.000000,-1.645259,0.000000,45.000000,0.000000,45.000000,0.000001,-0.000001,0.128405,1,8.108624,0.336745,0.242953,0.133570,0.133570,0.642362,0.000000,0.133570,0.133570,0.012000,0.630362,0.296595,0.190235,inf,nan,0.000000,0.190235,0.190235,0.190235,0.057070,0.011414,0.190235,0.057071,0.011414,-0.000000,0.000000,0.000000,10,4
1780630797.289519,nmpc_dc,-0.000000,45.000001,-0.000000,0.000000,-1.588398,0.000000,45.000000,0.000000,45.000000,0.000001,-0.000001,0.118599,1,11.044492,0.336745,0.241609,0.129378,0.129378,0.639538,0.000000,0.129378,0.129378,0.012000,0.627538,0.296595,0.190235,inf,nan,0.000000,0.190235,0.190235,0.190235,0.057070,0.011414,0.190235,0.057071,0.011414,-0.000000,0.000000,0.000000,10,4
1780630797.375684,nmpc_dc,-0.000000,45.000001,-0.000000,0.000000,-1.543662,0.000000,45.000000,0.000000,45.000000,0.000000,-0.000001,0.110517,1,8.066367,0.336745,0.241403,0.126522,0.126522,0.637516,0.000000,0.126522,0.126522,0.012000,0.625516,0.296595,0.190235,inf,nan,0.000000,0.190235,0.190235,0.190235,0.057070,0.011414,0.190235,0.057071,0.011414,-0.000000,0.000000,0.000000,10,4
1780630797.489574,nmpc_dc,-0.000000,45.000001,-0.000000,0.000000,-1.510050,0.000000,45.000000,0.000000,45.000000,0.000000,-0.000000,0.104128,1,9.084864,0.336745,0.239709,0.124632,0.124632,0.636130,0.000000,0.124632,0.124632,0.012000,0.624130,0.296595,0.190235,inf,nan,0.000000,0.190235,0.190235,0.190235,0.057070,0.011414,0.190235,0.057071,0.011414,-0.000000,0.000000,0.000000,10,4
1780630797.577197,nmpc_dc,-0.000000,45.000001,-0.000000,0.000000,-1.485741,0.000000,45.000000,0.000000,45.000000,0.000003,-0.000003,0.099217,1,11.339321,0.341089,0.240764,0.126486,0.126486,0.635809,0.000000,0.126486,0.126486,0.012000,0.623809,0.300861,0.181092,inf,nan,0.000000,0.181092,0.181092,0.181092,0.054328,0.010866,0.181092,0.054328,0.010866,-0.000000,0.000000,0.000000,10,4
1780630797.695398,nmpc_dc,-0.000000,45.000001,0.000000,-0.000000,-1.468795,0.000000,45.000000,0.000000,45.000000,0.000002,-0.000002,0.095508,1,8.918702,0.341089,0.239321,0.125684,0.125684,0.635192,0.000000,0.125684,0.125684,0.012000,0.623192,0.300861,0.181092,inf,nan,0.000000,0.181092,0.181092,0.181092,0.054328,0.010866,0.181092,0.054328,0.010866,-0.000000,0.000000,0.000000,10,4
1780630797.775198,nmpc_dc,-0.000000,45.000001,0.000000,-0.000000,-1.466654,0.000000,45.000000,0.000000,45.000000,0.000001,-0.000001,0.093736,1,7.965860,0.341089,0.239147,0.125586,0.125586,0.635117,0.000000,0.125586,0.125586,0.012000,0.623117,0.300861,0.181092,inf,nan,0.000000,0.181092,0.181092,0.181092,0.054328,0.010866,0.181092,0.054328,0.010866,-0.000000,0.000000,0.000001,10,4
1780630797.885231,nmpc_dc,0.000000,45.000001,0.000000,-0.000000,-1.488928,0.000000,45.000000,0.000000,45.000000,-0.000000,0.000000,0.095117,1,8.481645,0.341089,0.241048,0.126643,0.126643,0.635929,0.000000,0.126643,0.126643,0.012000,0.623929,0.300861,0.181092,inf,nan,0.000000,0.181092,0.181092,0.181092,0.054328,0.010866,0.181092,0.054328,0.010866,-0.000000,0.000000,0.000001,10,4
1780630797.965118,nmpc_dc,0.000000,45.000001,0.000000,-0.000000,-1.535058,0.000000,45.000000,0.000000,45.000000,-0.000001,0.000001,0.099876,1,2.828942,0.341089,0.245568,0.129121,0.129121,0.637791,0.000000,0.129121,0.129121,0.012000,0.625791,0.300861,0.181092,inf,nan,0.000000,0.181092,0.181092,0.181092,0.054328,0.010866,0.181092,0.054328,0.010866,-0.000000,0.000000,0.000001,10,4
1780630798.095900,nmpc_dc,0.000000,45.000001,0.000000,-0.000000,-1.599823,0.000000,45.000000,0.000000,45.000000,-0.000001,0.000001,0.107478,1,9.820441,0.341089,0.245897,0.133265,0.133265,0.640773,0.000000,0.133265,0.133265,0.012000,0.628773,0.300861,0.181092,inf,nan,0.000000,0.181092,0.181092,0.181092,0.054328,0.010866,0.181092,0.054328,0.010866,-0.000000,0.000000,0.000001,10,4
1780630798.175166,nmpc_dc,0.000000,45.000001,0.000000,-0.000000,-1.675901,0.000000,45.000000,0.000000,45.000000,-0.000001,0.000001,0.116973,1,8.973500,0.341089,0.248029,0.139136,0.139136,0.644716,0.000000,0.139136,0.139136,0.012000,0.632716,0.300861,0.181092,inf,nan,0.000000,0.181092,0.181092,0.181092,0.054328,0.010866,0.181092,0.054328,0.010866,-0.000000,0.000000,0.000000,10,4
1780630798.290437,nmpc_dc,0.000000,45.000000,0.000000,-0.000000,-1.755293,0.000000,45.000000,0.000000,45.000000,-0.000001,0.000001,0.127242,1,10.367284,0.341089,0.252507,0.146425,0.146425,0.648305,0.000000,0.146425,0.146425,0.012000,0.636305,0.300861,0.181092,inf,nan,0.000000,0.181092,0.181092,0.181092,0.054328,0.010866,0.181092,0.054328,0.010866,-0.000000,0.000000,0.000000,10,4
1780630798.375245,nmpc_dc,0.000000,45.000000,0.000000,-0.000000,-1.830747,0.000000,45.000000,0.000000,45.000000,-0.000001,0.000001,0.137210,1,7.967249,0.341089,0.258803,0.154437,0.154437,0.652014,0.000000,0.154437,0.154437,0.012000,0.640014,0.300861,0.181092,inf,nan,0.000000,0.181092,0.181092,0.181092,0.054328,0.010866,0.181092,0.054328,0.010866,-0.000000,0.000000,0.000000,10,4
1780630798.493305,nmpc_dc,0.000000,45.000000,0.000000,-0.000000,-1.896969,0.000000,45.000000,0.000000,45.000000,-0.000000,0.000000,0.146034,1,6.948713,0.341089,0.265868,0.162260,0.162260,0.655512,0.000000,0.162260,0.162260,0.012000,0.643512,0.300861,0.181092,inf,nan,0.000000,0.181092,0.181092,0.181092,0.054328,0.010866,0.181092,0.054328,0.010866,-0.000000,0.000000,0.000000,10,4
1780630798.570561,nmpc_dc,0.000000,45.000000,0.000000,-0.000000,-1.951134,0.000000,45.000000,0.000000,45.000000,-0.000001,0.000001,0.153202,1,5.632109,0.342684,0.273475,0.170026,0.170026,0.658959,0.000000,0.170026,0.170026,0.012000,0.646959,0.302412,0.184470,inf,nan,0.000000,0.184470,0.184470,0.184470,0.055341,0.011068,0.184470,0.055341,0.011068,-0.000000,0.000000,0.000000,10,4
1780630798.691146,nmpc_dc,0.000000,45.000000,0.000000,-0.000000,-1.992650,0.000000,45.000000,0.000000,45.000000,-0.000000,0.000000,0.158533,1,10.284164,0.342684,0.279169,0.175539,0.175539,0.661272,0.000000,0.175539,0.175539,0.012000,0.649272,0.302412,0.184470,inf,nan,0.000000,0.184470,0.184470,0.184470,0.055341,0.011068,0.184470,0.055341,0.011068,-0.000000,0.000000,0.000000,10,4
1780630798.775334,nmpc_dc,0.000000,45.000000,-0.000000,0.000000,-2.019633,0.000000,45.000000,0.000000,45.000000,-0.000000,0.000000,0.161788,1,7.809462,0.342684,0.283119,0.179231,0.179231,0.662744,0.000000,0.179231,0.179231,0.012000,0.650744,0.302412,0.184470,inf,nan,0.000000,0.184470,0.184470,0.184470,0.055341,0.011068,0.184470,0.055341,0.011068,-0.000000,0.000000,0.000000,10,4
