time_s,controller,x,y,vx,vy,yaw,ref_x,ref_y,goal_x,goal_y,ux,uy,alpha,feasible,solve_ms,clearance_m,d_lower_min,c_body,barrier,gamma_ref,recovery_energy,recoverable_margin,h_R,dynamic_reserve,recoverability_delta,pred_min_d_lower,pred_min_c_body,pred_min_gamma,pred_max_recovery_energy,pred_max_dynamic_reserve,pred_min_delta,pred_min_h_R,pred_min_psi0,pred_min_psi1,pred_min_psi2,pred_min_psi0_constraint,pred_min_psi1_constraint,pred_min_psi2_constraint,solver_constraint_margin,max_safety_slack,speed_mps,obstacle_count,guide_points
1780631054.490235,proposed,0.000000,-50.000000,0.000000,0.000000,1.570800,0.000000,-48.400000,0.000000,45.000000,0.000000,7.999991,-0.171058,1,16.240374,inf,inf,inf,inf,inf,0.016640,inf,inf,0.012000,inf,inf,inf,inf,0.016640,0.117688,inf,inf,inf,inf,inf,753.568813,339.093843,237.363617,-0.000000,0.000001,0.000000,0,2
1780631054.606816,proposed,0.000000,-50.000000,0.000000,0.000000,1.570800,0.000000,-48.400000,0.000000,45.000000,0.000000,7.999992,-0.212728,1,25.121736,inf,inf,inf,inf,inf,0.016640,inf,inf,0.012000,inf,inf,inf,inf,0.016640,0.117688,inf,inf,inf,inf,inf,753.568310,339.093602,237.363431,-0.000000,0.000001,0.000000,0,2
1780631054.697602,proposed,0.000000,-49.960000,0.000000,0.799999,1.570799,0.000000,-48.360000,0.000000,45.000000,0.000000,7.999980,-0.221781,1,22.949095,inf,inf,inf,inf,inf,0.017408,inf,inf,0.041600,inf,inf,inf,inf,0.017408,0.115913,inf,inf,inf,inf,inf,753.558306,339.088762,237.359486,-0.000000,0.000000,0.799999,0,2
1780631054.803035,proposed,0.000000,-49.840000,0.000000,1.599997,1.570798,0.000000,-48.240000,0.000000,45.000000,0.000000,7.751393,-0.222603,1,24.979074,inf,inf,inf,inf,inf,0.019712,inf,inf,0.074400,inf,inf,inf,inf,0.019712,0.121923,inf,inf,inf,inf,inf,753.508670,339.065057,237.354153,-0.000000,0.000000,1.599997,0,2
1780631054.899373,proposed,0.000000,-49.641244,0.000000,2.375137,1.570798,0.000000,-48.041244,0.000000,45.000000,0.000000,4.291929,-0.221383,1,23.335515,inf,inf,inf,inf,inf,0.023410,inf,inf,0.109233,inf,inf,inf,inf,0.023410,0.129812,inf,inf,inf,inf,inf,753.425827,339.030293,237.335646,-0.000000,0.000000,2.375137,0,2
1780631055.000074,proposed,0.000000,-49.382270,0.000000,2.804329,1.570797,0.000000,-47.782270,0.000000,45.000000,0.000000,2.126237,-0.219659,1,11.735493,inf,inf,inf,inf,inf,0.026077,inf,inf,0.129812,inf,inf,inf,inf,0.026077,0.140348,inf,inf,inf,inf,inf,753.316804,338.987639,237.307338,-0.000000,0.000000,2.804329,0,0
1780631055.264379,proposed,0.000000,-49.091206,0.000000,3.016953,1.570797,0.000000,-47.491206,0.000000,45.000000,0.000000,1.019303,-0.217839,1,11.173895,inf,inf,inf,inf,inf,0.027562,inf,inf,0.140348,inf,inf,inf,inf,0.027562,0.145480,inf,inf,inf,inf,inf,753.201577,338.939239,237.273901,-0.000000,0.000000,3.016953,0,2
1780631055.277513,proposed,0.000000,-49.091206,0.000000,3.016953,1.570797,0.000000,-47.491206,0.000000,45.000000,0.000000,0.935943,-0.215987,1,10.691147,inf,inf,inf,inf,inf,0.027562,inf,inf,0.140348,inf,inf,inf,inf,0.027562,0.145058,inf,inf,inf,inf,inf,753.201926,338.939588,237.273614,-0.000000,0.000000,3.016953,0,2
1780631055.290533,proposed,0.000000,-48.784414,0.000000,3.118883,1.570797,0.000000,-47.184414,0.000000,45.000000,0.000000,0.477201,-0.214140,1,10.651616,inf,inf,inf,inf,inf,0.028313,inf,inf,0.145480,inf,inf,inf,inf,0.028313,0.147900,inf,inf,inf,inf,inf,753.083286,338.887643,237.237827,-0.000000,0.000000,3.118883,0,2
1780631055.402602,proposed,0.000000,-48.470140,0.000000,3.166604,1.570796,0.000000,-46.870140,0.000000,45.000000,0.000000,0.230826,-0.212306,1,18.582378,0.689349,inf,inf,inf,inf,0.028673,inf,inf,0.147900,inf,inf,inf,inf,0.028673,0.149074,inf,inf,inf,inf,inf,752.963690,338.834574,237.200734,-0.000000,0.000000,3.166604,0,2
1780631055.533349,proposed,0.000000,-48.152325,0.000000,3.189686,1.570796,0.159331,-46.862255,0.000000,45.000000,3.601385,-4.778716,-4.584416,1,34.044029,0.372160,0.343102,0.229093,0.229093,0.620000,0.023192,0.229080,0.229080,0.149074,0.447734,0.114619,0.013566,0.620000,0.023192,0.149074,0.447734,0.013566,0.013566,-0.102708,-0.002305,0.008399,-0.000000,0.000003,-0.000000,0.103107,3.189686,10,2
1780631055.633528,proposed,0.018007,-47.857250,0.360139,2.711815,1.345449,0.261241,-46.560158,0.000000,45.000000,2.375298,-1.095521,-0.448306,1,22.989844,0.408072,0.368489,0.262763,0.262763,0.622088,0.020301,0.262746,0.262746,0.126456,0.475331,0.168489,0.057571,0.620000,0.020301,0.126456,0.475331,0.057571,0.057571,0.001074,-0.010087,0.048319,0.004930,0.000000,-0.000000,0.000001,2.735624,10,2
1780631055.702863,proposed,0.065897,-47.591547,0.597668,2.602263,1.352698,0.300110,-46.255997,0.000000,45.000000,2.550387,-0.818358,-0.593077,1,14.748666,0.368284,0.329699,0.224344,0.224344,0.648298,0.020505,0.224343,0.224343,0.123273,0.504520,0.190000,0.079908,0.620000,0.020505,0.123273,0.501629,0.079908,0.079908,-0.006893,-0.000500,0.072928,0.000000,0.000001,-0.000000,0.001833,2.670015,10,2
1780631055.907700,proposed,0.138416,-47.335412,0.852707,2.520427,1.369113,0.386416,-45.838769,0.000000,45.000000,-1.893661,-0.353745,-2.863361,1,97.136320,0.406965,0.371042,0.251601,0.251601,0.620000,0.023455,0.251589,0.251589,0.122826,0.473719,0.164883,0.043970,0.620000,0.023455,0.122826,0.473719,0.043970,0.043970,0.008510,-0.000142,0.026971,0.000228,0.000588,-0.000000,0.001636,2.660763,10,2
1780631055.949787,proposed,0.138416,-47.335412,0.852707,2.520427,1.369113,0.386416,-45.838769,0.000000,45.000000,1.060911,-0.969358,-0.455293,1,31.258057,0.406965,0.371042,0.251601,0.251601,0.620000,0.023455,0.251589,0.251589,0.122826,0.473719,0.127896,0.027431,0.620000,0.023455,0.124199,0.473719,0.027431,0.027431,0.006998,-0.009334,0.011432,0.000000,0.000000,-0.000000,0.003299,2.660763,10,2
1780631056.024786,proposed,0.228991,-47.088216,0.958798,2.423491,1.380199,0.386484,-45.591317,0.000000,45.000000,2.233427,-2.875325,1.285392,1,39.752395,0.430716,0.397661,0.275407,0.275407,0.620000,0.022877,0.275382,0.275382,0.120201,0.476922,0.134329,0.029147,0.620000,0.022877,0.120201,0.476922,0.029147,0.029147,0.006038,-0.008497,0.014948,0.000000,0.000000,-0.000000,0.005822,2.606262,10,2
1780631056.193233,proposed,0.336038,-46.860244,1.182141,2.135958,1.363102,0.383219,-45.374888,0.000000,45.000000,-1.451727,-1.853002,-1.163684,0,96.688282,0.431920,0.394161,0.277203,0.277203,0.620000,0.021507,0.277184,0.277184,0.112344,0.486149,-0.095927,-0.210895,0.620000,0.021507,0.190412,0.409923,-0.210895,-0.210895,-0.156645,-0.130600,-0.000129,-0.000203,0.000109,-0.000203,0.231733,2.441265,10,2
1780631056.259315,proposed,0.336038,-46.860244,1.182141,2.135958,1.363102,0.383219,-45.374888,0.000000,45.000000,-1.451727,-1.853002,-1.058953,1,52.303511,0.431920,0.394161,0.277203,0.277203,0.620000,0.021507,0.277184,0.277184,0.112344,0.486149,-0.026590,-0.140106,0.620000,0.025131,0.222654,0.372215,-0.140106,-0.140106,-0.113184,-0.090421,-0.000000,-0.000000,0.000000,-0.000000,0.153147,2.441265,10,2
1780631056.312336,proposed,0.446994,-46.655913,1.036968,1.950658,1.485263,0.353306,-45.243462,0.000000,45.000000,-1.347738,-1.661475,-1.146888,1,30.129594,0.339191,0.311224,0.195366,0.195366,0.620000,0.018881,0.195365,0.195365,0.101521,0.499598,-0.018648,-0.140749,0.620000,0.023647,0.212198,0.384155,-0.140749,-0.140749,-0.111138,-0.089377,-0.000000,-0.000000,0.012862,-0.000000,0.152436,2.209156,10,2
1780631056.464815,proposed,0.543952,-46.469154,0.902194,1.784511,1.617049,0.282576,-45.152264,0.000000,45.000000,-1.271500,-1.506349,-1.241347,1,58.850776,0.304112,0.272479,0.162752,0.162752,0.620000,0.016514,0.162752,0.162752,0.091982,0.511503,-0.080359,-0.203222,0.620000,0.019987,0.183167,0.416846,-0.203222,-0.203222,-0.167480,-0.137103,-0.000000,-0.000000,0.009606,-0.000000,0.218629,1.999608,10,2
1780631056.530161,proposed,0.627814,-46.298235,0.775044,1.633876,1.719087,0.278346,-44.985504,0.000000,45.000000,-1.161013,-1.320343,-1.282684,1,47.945765,0.365947,0.334080,0.214291,0.214291,0.620000,0.015919,0.214290,0.214290,0.083469,0.520612,-0.050021,-0.166691,0.620000,0.018359,0.171240,0.430849,-0.166691,-0.166691,-0.183598,-0.157463,-0.000000,-0.000000,0.027804,-0.000000,0.184704,1.808382,10,2
1780631056.664848,proposed,0.699513,-46.141449,0.658943,1.501842,1.795727,0.286604,-44.820480,0.000000,45.000000,-1.368844,-1.437630,-0.798440,1,61.558850,0.347865,0.315604,0.204000,0.204000,0.620000,0.015678,0.203999,0.203999,0.076126,0.528196,0.026880,-0.088042,0.620000,0.015941,0.167161,0.436898,-0.088042,-0.088042,-0.080369,-0.062994,-0.000000,-0.000000,0.010703,-0.000000,0.096218,1.640041,10,2
1780631056.734039,proposed,0.699513,-46.141449,0.658943,1.501842,1.795727,0.286604,-44.820480,0.000000,45.000000,-1.323337,-1.399580,-0.797591,1,52.451277,0.347865,0.315604,0.204000,0.204000,0.620000,0.015678,0.203999,0.203999,0.076126,0.528196,0.022418,-0.089696,0.620000,0.016035,0.167666,0.436300,-0.089696,-0.089696,-0.081876,-0.064438,-0.000000,-0.000000,0.010725,-0.000000,0.097689,1.640041,10,2
1780631056.819755,proposed,0.758791,-45.998263,0.526609,1.361884,1.855305,0.370105,-44.549994,0.000000,45.000000,-3.923920,5.776620,2.275179,1,19.335093,0.369578,0.336407,0.228187,0.228187,0.750994,0.017174,0.228187,0.228187,0.068435,0.665384,0.160479,0.057878,0.743071,0.017174,0.112706,0.615712,0.057878,0.057878,0.004651,0.000059,0.049649,0.000572,0.000000,-0.000000,0.000001,1.460152,10,2
1780631056.910271,proposed,0.791832,-45.833191,0.134217,1.939546,1.698163,0.384736,-44.342636,0.000000,45.000000,-3.652064,4.757474,1.215747,1,14.567723,0.349686,0.309596,0.205049,0.205049,0.854916,0.020054,0.205049,0.205049,0.089496,0.745366,0.173898,0.071220,0.851219,0.020054,0.119528,0.715980,0.071220,0.071220,0.006076,-0.000007,0.064865,0.002974,0.000001,-0.000000,0.000001,1.944184,10,2
1780631057.029026,proposed,0.786993,-45.615450,-0.230989,2.415293,1.638477,0.359860,-43.840806,0.000000,45.000000,-2.883270,5.584088,2.640759,1,21.952943,0.352100,0.312199,0.207391,0.207391,0.620000,0.028721,0.207389,0.207389,0.111638,0.479640,0.192399,0.084402,0.620000,0.028721,0.145787,0.452363,0.084402,0.084402,0.007973,-0.001546,0.066653,0.000000,0.000002,-0.000000,0.000001,2.426313,10,2
1780631057.113670,proposed,0.749478,-45.346000,-0.519316,2.973702,1.614778,0.251597,-43.557584,0.000000,45.000000,-1.075873,3.087780,3.039450,1,21.234527,0.460080,0.424962,0.317846,0.317846,0.620000,0.033336,0.317528,0.317528,0.140436,0.446228,0.168180,0.064523,0.620000,0.033336,0.159804,0.430980,0.064523,0.064523,0.010533,-0.001877,0.047838,0.003463,0.000000,-0.000000,0.000001,3.018707,10,2
1780631057.236629,proposed,0.692167,-45.033191,-0.626903,3.282480,1.721822,0.073481,-43.088806,0.000000,45.000000,1.982552,0.996639,0.523907,1,26.541004,0.275975,0.241276,0.130636,0.130636,0.681264,0.040463,0.130636,0.130636,0.156882,0.483918,0.183435,0.080075,0.670259,0.040463,0.160379,0.483918,0.080075,0.080075,0.004893,-0.002559,0.069370,0.000000,0.000000,-0.000000,0.000784,3.341808,10,2
1780631057.313482,proposed,0.692167,-45.033191,-0.626903,3.282480,1.721822,0.073481,-43.088806,0.000000,45.000000,2.037002,0.973194,0.005994,1,22.473997,0.275975,0.241276,0.130636,0.130636,0.681264,0.040463,0.130636,0.130636,0.156882,0.483918,0.183457,0.080133,0.670428,0.040463,0.160222,0.483918,0.080133,0.080133,0.004894,-0.002441,0.069429,0.000000,0.000000,-0.000000,0.000669,3.341808,10,2
1780631057.409603,proposed,0.639662,-44.700077,-0.423203,3.379799,1.860065,0.020892,-42.998152,0.000000,45.000000,-3.479444,0.229668,-0.152502,1,12.390484,0.640198,0.601145,0.490557,0.490557,1.597750,0.035239,0.490557,0.490557,0.160222,1.402289,0.601145,0.490557,1.589071,0.035239,0.164551,1.401687,0.490557,0.490557,0.520007,0.460048,0.483677,0.510953,0.463719,-0.000000,0.000000,3.406192,10,2
1780631057.510347,proposed,0.579944,-44.360948,-0.771148,3.402766,1.852791,0.003663,-42.737760,0.000000,45.000000,-1.971917,-0.629589,-0.190358,1,11.418457,0.944364,0.906312,0.800142,0.800142,1.733259,0.033893,0.800142,0.800142,0.164551,1.534815,0.906312,0.800142,1.725011,0.033893,0.164551,1.534815,0.800142,0.800142,0.628991,0.501999,0.786567,0.632682,0.501947,-0.000000,0.000000,3.489052,10,2
1780631057.615555,proposed,0.492970,-44.023820,-0.968339,3.339807,1.885092,0.000000,-42.423820,0.000000,45.000000,-0.241001,-0.621366,-0.202120,1,11.518127,1.224481,1.188996,1.081877,1.081877,1.897021,0.032730,1.081877,1.081877,0.163937,1.700354,1.188996,1.081877,1.887540,0.032730,0.163937,1.700354,1.081877,1.081877,0.772306,0.563491,1.078457,0.772229,0.563358,-0.000000,0.000000,3.477354,10,2
1780631057.706485,proposed,0.394931,-43.692946,-0.992439,3.277671,1.878865,0.000000,-42.092946,0.000000,45.000000,0.869568,-0.344926,-0.203086,1,11.737552,1.518724,1.486185,1.375791,1.375791,2.068738,0.031727,1.375791,1.375791,0.161182,1.875829,1.486185,1.375791,2.059450,0.031727,0.161182,1.875829,1.375791,1.375791,0.886085,0.591911,1.374714,0.882715,0.591627,-0.000000,0.000000,3.424626,10,2
1780631057.817761,proposed,0.300035,-43.366904,-0.905483,3.243178,1.838161,0.000000,-41.766904,0.000000,45.000000,1.412451,-0.170997,-0.197593,1,12.517995,1.823898,1.794162,1.679296,1.679296,2.237286,0.030831,1.679296,1.679296,0.158198,2.048258,1.794162,1.679296,2.229489,0.030831,0.158198,2.048258,1.679296,1.679296,0.961190,0.665825,1.678822,0.957199,0.665127,-0.000000,0.000000,3.367210,10,2
1780631057.909250,proposed,0.216549,-43.043441,-0.764237,3.226078,1.786515,0.000000,-41.443441,0.000000,45.000000,1.569968,-0.081994,-0.189328,1,11.367750,2.136465,2.105206,1.990701,1.990701,2.404476,0.030135,1.990691,1.990691,0.155517,2.218824,2.105206,1.990701,2.398441,0.030135,0.155517,2.218824,1.990691,1.990691,1.022588,0.684109,1.990411,1.018494,0.682902,-0.000000,0.000000,3.315364,10,2
1780631058.017934,proposed,0.147975,-42.721243,-0.607241,3.217879,1.736435,0.000000,-41.121243,0.000000,45.000000,1.495721,-0.038894,-0.180595,1,12.392050,2.454503,2.419915,2.307284,2.307284,2.571248,0.029651,2.305648,2.305648,0.153422,2.388176,2.419915,2.307284,2.565974,0.029651,0.153422,2.388176,2.305648,2.305648,1.097273,0.759571,2.305088,1.091337,0.757565,-0.000000,0.000000,3.274674,10,2
1780631058.108468,proposed,0.094730,-42.399649,-0.457669,3.213990,1.692661,0.000000,-40.799649,0.000000,45.000000,1.300446,-0.018384,-0.172486,1,11.458445,2.775520,2.738347,2.626686,2.626686,2.737703,0.029345,2.554044,2.554044,0.151972,2.556386,2.738347,2.626686,2.728328,0.029345,0.151972,2.556386,2.554044,2.554044,1.155738,0.824486,2.544431,1.149656,0.820926,-0.000000,0.000000,3.246412,10,2
1780631058.215184,proposed,0.055465,-42.078342,-0.327624,3.212151,1.656416,0.000000,-40.478342,0.000000,45.000000,1.058211,-0.008679,-0.165406,1,11.650640,3.097708,3.058595,2.947382,2.947382,2.899964,0.029170,2.719712,2.719712,0.151072,2.719722,3.058595,2.947382,2.886286,0.029170,0.151072,2.719722,2.719712,2.719712,1.227153,0.874603,2.708082,1.221042,0.871762,-0.000000,0.000000,3.228816,10,2
1780631058.310033,proposed,0.027994,-41.757171,-0.221803,3.211283,1.627627,0.000000,-40.157171,0.000000,45.000000,0.814923,-0.004095,-0.159441,1,11.510847,3.419590,3.379590,3.268549,3.268549,3.058516,0.029079,2.878871,2.878871,0.150567,2.878871,3.379590,3.268549,3.044863,0.029079,0.150567,2.878871,2.878871,2.878871,1.297897,0.924380,2.868998,1.293092,0.922224,-0.000000,0.000000,3.218934,10,2
1780631058.412654,proposed,0.009888,-41.436063,-0.140311,3.210874,1.605716,-0.109329,-39.507552,0.000000,45.000000,-0.377675,2.924141,-0.154556,1,12.553942,0.349619,0.313565,0.208058,0.208058,1.618012,0.036662,0.208058,0.208058,0.150311,1.431038,0.313565,0.208058,1.618012,0.036662,0.165535,1.421616,0.208058,0.208058,0.389261,0.438001,0.208035,0.388260,0.437998,-0.000000,0.000001,3.213938,10,2
1780631058.509832,proposed,-0.006031,-41.100355,-0.178078,3.503288,1.613370,-0.020217,-39.429155,0.000000,45.000000,0.635690,-0.445236,-0.153161,1,11.703704,0.642743,0.613023,0.499233,0.499233,1.647389,0.032921,0.499233,0.499233,0.165535,1.448932,0.613023,0.499233,1.647389,0.032921,0.165535,1.448932,0.499233,0.499233,0.554196,0.495130,0.499220,0.553191,0.495127,-0.000000,0.000000,3.507811,10,2
1780631058.624099,proposed,-0.020661,-40.752252,-0.114509,3.458764,1.591640,-0.003125,-39.142122,0.000000,45.000000,0.712362,-1.045302,-0.149464,1,17.394100,0.972509,0.942670,0.827599,0.827599,1.743579,0.031225,0.827599,0.827599,0.163063,1.549291,0.942670,0.827599,1.743579,0.031225,0.163063,1.549291,0.827599,0.827599,0.701609,0.521510,0.827588,0.700605,0.521380,-0.000000,0.000000,3.460659,10,2
1780631058.723487,proposed,-0.028550,-40.411602,-0.043273,3.354234,1.566494,0.000000,-38.811602,0.000000,45.000000,0.500028,-0.716714,-0.144845,1,18.802156,1.301807,1.270262,1.156209,1.156209,1.846492,0.030149,1.156209,1.156209,0.157540,1.658803,1.270262,1.156209,1.846492,0.030149,0.157540,1.658803,1.156209,1.156209,0.802895,0.536245,1.156199,0.799839,0.536210,-0.000000,0.000000,3.354513,10,2
1780631058.819875,proposed,-0.030377,-40.079762,0.006730,3.282563,1.555295,0.000000,-38.479762,0.000000,45.000000,0.278352,-0.373822,-0.141546,1,11.740648,1.625138,1.592204,1.478887,1.478887,1.961686,0.029576,1.478886,1.478886,0.153828,1.778282,1.592204,1.478887,1.961686,0.029576,0.153828,1.778282,1.478886,1.478886,0.843101,0.554510,1.478876,0.840266,0.553889,-0.000000,0.000000,3.282570,10,2
1780631058.908130,proposed,-0.028312,-39.753375,0.034565,3.245181,1.552287,0.000000,-38.153375,0.000000,45.000000,0.119708,-0.182062,-0.139488,1,11.474876,1.944917,1.910765,1.798018,1.798018,2.083927,0.029284,1.797295,1.797295,0.151919,1.902724,1.910765,1.798018,2.083927,0.029284,0.151919,1.902724,1.797295,1.797295,0.888417,0.610572,1.797215,0.885814,0.610363,-0.000000,0.000000,3.245365,10,2
1780631059.018465,proposed,-0.024257,-39.429767,0.046536,3.226974,1.552505,0.000000,-37.829767,0.000000,45.000000,0.018504,-0.086804,-0.138104,1,12.879360,2.263398,2.228225,2.115876,2.115876,2.212122,0.029142,2.030508,2.030508,0.150995,2.031985,2.228225,2.115876,2.212122,0.029142,0.150995,2.031985,2.030508,2.030508,0.926276,0.667683,2.028385,0.924485,0.667067,-0.000000,0.000000,3.227310,10,2
1780631059.105289,proposed,-0.019511,-39.107504,0.048386,3.218294,1.554210,0.000000,-37.507504,0.000000,45.000000,-0.039605,-0.041099,-0.137059,1,11.813604,2.498702,2.458352,2.352631,2.352631,2.345242,0.029074,2.165574,2.165574,0.150552,2.165615,2.458352,2.352631,2.345242,0.029074,0.150552,2.165615,2.165574,2.165574,0.985063,0.709530,2.162861,0.982908,0.708737,-0.000000,0.000000,3.218658,10,2
1780631059.210942,proposed,-0.014870,-38.785880,0.044426,3.214184,1.556643,0.000000,-37.185880,0.000000,45.000000,-0.067735,-0.019413,-0.136185,1,12.008059,2.674899,2.635165,2.530251,2.530251,2.482420,0.029041,2.303029,2.303029,0.150340,2.303039,2.635165,2.530251,2.482420,0.029041,0.150340,2.303039,2.303029,2.303029,1.046504,0.752475,2.299183,1.043874,0.751368,-0.000000,0.000000,3.214491,10,2
1780631059.308693,proposed,-0.010767,-38.464559,0.037652,3.212243,1.559330,0.000000,-36.864559,0.000000,45.000000,-0.076340,-0.009163,-0.135386,1,12.117652,2.875344,2.836456,2.731559,2.731559,2.622989,0.029025,2.443727,2.443727,0.150236,2.443728,2.836456,2.731559,2.622989,0.029025,0.150236,2.443728,2.443727,2.443727,1.109518,0.796521,2.438190,1.106185,0.794943,-0.000000,0.000000,3.212463,10,2
1780631059.420590,proposed,-0.007383,-38.143380,0.030018,3.211327,1.561943,0.000000,-36.543380,0.000000,45.000000,-0.073238,-0.004323,-0.134602,1,13.318502,1.488151,1.561374,1.444699,1.444699,2.077887,0.029017,1.444699,1.444699,0.150185,1.898685,1.561374,1.444699,2.072508,0.029017,0.150185,1.898685,1.444699,1.444699,0.890940,0.601819,1.417876,0.885663,0.597649,-0.000000,0.000000,3.211467,10,2
1780631059.508210,proposed,-0.004747,-37.822269,0.022695,3.210894,1.564278,0.000000,-36.222269,0.000000,45.000000,-0.063971,-0.002040,-0.133798,1,11.372593,1.797351,1.863166,1.746682,1.746682,2.241616,0.029013,1.746681,1.746681,0.150160,2.062443,1.863166,1.746682,2.236723,0.029013,0.150160,2.062443,1.746681,1.746681,0.964532,0.645233,1.722279,0.959196,0.649106,-0.000000,0.000000,3.210974,10,2
1780631059.611596,proposed,-0.002798,-37.501190,0.016298,3.210690,1.566233,0.045341,-35.725399,0.000000,45.000000,0.351618,1.564825,-0.132957,1,11.870670,0.465379,0.431247,0.319637,0.319637,1.620947,0.032883,0.319637,0.319637,0.150148,1.437916,0.431247,0.319637,1.619310,0.032883,0.158216,1.434125,0.319637,0.319637,0.463264,0.472801,0.308391,0.452466,0.465537,-0.000000,0.000001,3.210732,10,2
1780631059.710405,proposed,0.000590,-37.172297,0.051459,3.367173,1.559146,0.008985,-35.524633,0.000000,45.000000,-0.127169,-0.153029,-0.131114,1,11.800298,0.791349,0.754152,0.643258,0.643258,1.724583,0.031255,0.643258,0.643258,0.158216,1.535111,0.754152,0.643258,1.723451,0.031255,0.158216,1.535111,0.643258,0.643258,0.619302,0.510829,0.628031,0.608239,0.510489,-0.000000,0.000000,3.367566,10,2
1780631059.818769,proposed,0.005100,-36.836345,0.038742,3.351870,1.562953,0.000620,-35.231965,0.000000,45.000000,-0.221458,-0.600012,-0.130235,1,12.738638,1.125966,1.087684,0.976810,0.976810,1.876602,0.030215,0.976810,0.976810,0.157415,1.688973,1.087684,0.976810,1.875495,0.030215,0.157415,1.688973,0.976810,0.976810,0.766765,0.558676,0.959102,0.755453,0.552919,-0.000000,0.000000,3.352094,10,2
1780631059.908560,proposed,0.007867,-36.504158,0.016597,3.291869,1.570179,0.000000,-34.904158,0.000000,45.000000,-0.160422,-0.406342,-0.129967,1,11.458565,1.457160,1.418430,1.307487,1.307487,2.047004,0.029644,1.307487,1.307487,0.154309,1.863051,1.418430,1.307487,2.045855,0.029644,0.154309,1.863051,1.307487,1.307487,0.883648,0.586410,1.288094,0.875242,0.582102,-0.000000,0.000000,3.291910,10,2
1780631060.009455,proposed,0.008725,-36.177003,0.000554,3.251234,1.573905,0.000000,-34.577003,0.000000,45.000000,-0.092254,-0.211384,-0.129471,1,12.380400,1.783560,1.744453,1.633473,1.633473,2.217081,0.029325,1.633473,1.633473,0.152220,2.035536,1.744453,1.633473,2.215919,0.029325,0.152220,2.035536,1.633473,1.633473,0.957046,0.660254,1.612819,0.947673,0.654404,-0.000000,0.000000,3.251234,10,2
1780631060.097488,proposed,0.008319,-35.852936,-0.008671,3.230096,1.575399,0.000000,-34.252936,0.000000,45.000000,-0.042554,-0.102869,-0.128680,1,12.350190,2.107046,2.067603,1.956602,1.956602,2.385556,0.029161,1.956597,1.956597,0.151138,2.205258,2.067603,1.956602,2.384402,0.029161,0.151138,2.205258,1.956597,1.956597,1.017361,0.677827,1.934962,1.009597,0.672887,-0.000000,0.000000,3.230108,10,2
1780631060.216955,proposed,0.007239,-35.530441,-0.012926,3.219809,1.575773,0.000000,-33.930441,0.000000,45.000000,-0.010304,-0.049034,-0.127698,1,12.727531,2.429094,2.389359,2.278343,2.278343,2.553220,0.029081,2.277340,2.277340,0.150613,2.373526,2.389359,2.278343,2.552082,0.029081,0.150613,2.373526,2.277340,2.277340,1.091232,0.753389,2.255184,1.082886,0.747505,-0.000000,0.000000,3.219835,10,2
1780631060.306223,proposed,0.005895,-35.208705,-0.013957,3.214906,1.575530,0.000000,-33.608705,0.000000,45.000000,0.008671,-0.023214,-0.126607,1,12.869075,2.750487,2.710501,2.599472,2.599472,2.720492,0.029043,2.537605,2.537605,0.150362,2.541087,2.710501,2.599472,2.719377,0.029043,0.150362,2.541087,2.537605,2.537605,1.150438,0.821386,2.522715,1.143828,0.816695,-0.000000,0.000000,3.214936,10,2
1780631060.414917,proposed,0.004543,-34.887331,-0.013090,3.212584,1.574951,0.000000,-33.287331,0.000000,45.000000,0.018296,-0.010965,-0.125460,1,14.584298,2.575128,2.585939,2.474867,2.474867,2.655075,0.029025,2.455529,2.455529,0.150244,2.475807,2.585939,2.474867,2.653911,0.029025,0.150244,2.475807,2.455529,2.455529,1.130176,0.797967,2.445450,1.127253,0.795096,-0.000000,0.000000,3.212611,9,2
1780631060.509269,proposed,0.003325,-34.566127,-0.011260,3.211488,1.574225,0.000000,-32.966127,0.000000,45.000000,0.021744,-0.005175,-0.124290,1,11.282803,2.895907,2.906460,2.795387,2.795387,2.822057,0.029017,2.642716,2.642716,0.150187,2.642853,2.906460,2.795387,2.820923,0.029017,0.150187,2.642853,2.642716,2.642716,1.194266,0.853941,2.635261,1.189857,0.851502,-0.000000,0.000000,3.211508,9,2
1780631060.611689,proposed,0.002308,-34.245004,-0.009086,3.210970,1.573481,0.000000,-32.645004,0.000000,45.000000,0.021412,-0.002442,-0.123119,1,12.171167,3.216614,3.227041,3.115963,3.115963,2.989002,0.029013,2.809828,2.809828,0.150160,2.809829,3.227041,3.115963,2.987898,0.029013,0.150160,2.809829,2.809828,2.809828,1.269343,0.906606,2.802360,1.264905,0.904163,-0.000000,0.000000,3.210983,9,2
1780631060.709978,proposed,0.001506,-33.923919,-0.006944,3.210726,1.572797,0.000000,-32.323919,0.000000,45.000000,0.019021,-0.001152,-0.121963,1,11.724318,3.537369,3.547689,3.436605,3.436605,3.155932,0.029011,2.976774,2.976774,0.150148,2.976774,3.547689,3.436605,3.154856,0.029011,0.150148,2.976774,2.976774,2.976774,1.344487,0.959243,2.969270,1.340037,0.956794,-0.000000,0.000000,3.210734,9,2
1780631060.809025,proposed,0.000907,-33.602852,-0.005042,3.210611,1.572214,0.000000,-32.002852,0.000000,45.000000,0.015736,-0.000544,-0.120828,1,14.365666,3.858169,3.868399,3.757307,3.757307,3.322857,0.029010,3.143706,3.143706,0.150142,3.143706,3.868399,3.757307,3.321807,0.029010,0.150142,3.143706,3.143706,3.143706,1.419629,1.011878,3.136170,1.415167,1.009422,-0.000000,0.000000,3.210615,9,2
1780631060.909182,proposed,0.000481,-33.281794,-0.003469,3.210557,1.571746,0.000000,-31.681794,0.000000,45.000000,0.012294,-0.000256,-0.119719,1,11.990253,4.179009,4.189161,4.078061,4.078061,3.489781,0.029009,3.310633,3.310633,0.150139,3.310633,4.189161,4.078061,3.488755,0.029009,0.150139,3.310633,3.310633,3.310633,1.494769,1.064510,3.303068,1.490297,1.062049,-0.000000,0.000000,3.210558,9,2
1780631061.024930,proposed,0.000196,-32.960740,-0.002239,3.210531,1.571389,0.000000,-31.360740,0.000000,45.000000,0.009119,-0.000121,-0.118635,1,12.032535,4.499881,4.509967,4.398858,4.398858,3.656706,0.029009,3.477559,3.477559,0.150137,3.477559,4.509967,4.398858,3.655702,0.029009,0.150137,3.477559,3.477559,3.477559,1.569907,1.117141,3.469969,1.565427,1.114675,-0.000000,0.000000,3.210532,9,2
1780631061.113829,proposed,0.000018,-32.639687,-0.001327,3.210519,1.571130,0.000000,-31.039687,0.000000,45.000000,0.006421,-0.000057,-0.117575,1,11.731435,4.820780,4.830807,4.719690,4.719690,3.823632,0.029009,3.644486,3.644486,0.150137,3.644486,4.830807,4.719690,3.822649,0.029009,0.150137,3.644486,3.644486,3.644486,1.645044,1.169771,3.636873,1.640556,1.167300,-0.000000,0.000000,3.210519,6,2
1780631061.218519,proposed,-0.000083,-32.318636,-0.000685,3.210513,1.570953,0.000000,-30.718636,0.000000,45.000000,0.004264,-0.000027,-0.116537,1,13.170123,5.141699,5.151675,5.040550,5.040550,3.990559,0.029009,3.811414,3.811414,0.150136,3.811414,5.151675,5.040550,3.989596,0.029009,0.150136,3.811414,3.811414,3.811414,1.720181,1.222399,3.803780,1.715686,1.219925,-0.000000,0.000000,3.210513,6,2
1780631061.309109,proposed,-0.000130,-31.997584,-0.000259,3.210510,1.570838,0.000000,-30.397584,0.000000,45.000000,0.002629,-0.000013,-0.115518,1,11.812410,5.462636,5.472566,5.361434,5.361434,4.157488,0.029009,3.978343,3.978343,0.150136,3.978343,5.472566,5.361434,4.156544,0.029009,0.150136,3.978343,3.978343,3.978343,1.795318,1.275027,3.970690,1.790816,1.272549,-0.000000,0.000000,3.210510,6,2
1780631061.409431,proposed,-0.000143,-31.676533,0.000004,3.210509,1.570770,-0.019831,-30.065375,0.000000,45.000000,-0.175183,0.099386,-0.114521,1,11.780744,0.828721,0.887696,0.779540,0.779540,1.576590,0.029244,0.779540,0.779540,0.150136,1.397210,0.887696,0.779540,1.576590,0.029244,0.150646,1.397210,0.779540,0.779540,0.523359,0.486170,0.779524,0.522347,0.486154,-0.000000,0.000000,3.210509,10,2
1780631061.510022,proposed,-0.001018,-31.354986,-0.017514,3.220448,1.577322,-0.005638,-29.750052,0.000000,45.000000,0.023407,0.007311,-0.114252,1,11.781044,0.970466,1.039259,0.934789,0.934789,1.719101,0.029189,0.934789,0.934789,0.150646,1.539266,1.039259,0.934789,1.719101,0.029189,0.150683,1.539266,0.934789,0.934789,0.646010,0.514329,0.934767,0.644988,0.514309,-0.000000,0.000000,3.220495,10,2
1780631061.623000,proposed,-0.002653,-31.032904,-0.015174,3.221179,1.575318,0.000000,-29.432904,0.000000,45.000000,0.092745,-0.046815,-0.113234,1,11.914941,1.183163,1.251541,1.146478,1.146478,1.868268,0.029092,1.146478,1.146478,0.150683,1.688494,1.251541,1.146478,1.868268,0.029092,0.150683,1.688494,1.146478,1.146478,0.773149,0.572779,1.146442,0.772112,0.572751,-0.000000,0.000000,3.221215,10,2
1780631061.708412,proposed,-0.003706,-30.711020,-0.005899,3.216497,1.571874,0.000000,-29.111020,0.000000,45.000000,0.066183,-0.030111,-0.111878,1,11.326926,1.434941,1.499335,1.392275,1.392275,2.023559,0.029055,1.392275,1.392275,0.150442,1.844061,1.499335,1.392275,2.023559,0.029055,0.150442,1.844061,1.392275,1.392275,0.880408,0.592803,1.392217,0.877350,0.592771,-0.000000,0.000000,3.216503,10,2
1780631061.817432,proposed,-0.003965,-30.389521,0.000719,3.213486,1.569986,0.000000,-28.789521,0.000000,45.000000,0.037111,-0.015487,-0.110616,1,13.067686,1.709223,1.768351,1.658949,1.658949,2.180663,0.029032,1.658949,1.658949,0.150288,2.001342,1.768351,1.658949,2.180663,0.029032,0.150288,2.001342,1.658949,1.658949,0.949267,0.656166,1.658856,0.946196,0.656099,-0.000000,0.000000,3.213486,10,2
1780631061.908565,proposed,-0.003708,-30.068250,0.004430,3.211937,1.569063,0.000000,-28.468250,0.000000,45.000000,0.016155,-0.007511,-0.109490,1,11.492769,1.997136,2.050982,1.939299,1.939299,2.339239,0.029020,1.939286,1.939286,0.150209,2.160010,2.050982,1.939299,2.339239,0.029020,0.150209,2.160010,1.939286,1.939286,1.002350,0.672443,1.939148,1.000262,0.672394,-0.000000,0.000000,3.211940,10,2
1780631062.017472,proposed,-0.003184,-29.747094,0.006046,3.211186,1.568740,0.000000,-28.147094,0.000000,45.000000,0.002740,-0.003576,-0.108472,1,12.820286,2.293686,2.342750,2.228985,2.228985,2.499021,0.029014,2.227821,2.227821,0.150171,2.319836,2.342750,2.228985,2.499021,0.029014,0.150171,2.319836,2.227821,2.227821,1.072570,0.741641,2.227624,1.070468,0.741580,-0.000000,0.000000,3.211192,10,2
1780631062.109191,proposed,-0.002566,-29.425993,0.006320,3.210829,1.568777,0.000000,-27.825993,0.000000,45.000000,-0.004994,-0.001693,-0.107525,1,12.043260,2.595392,2.640885,2.525269,2.525269,2.659790,0.029011,2.475189,2.475189,0.150153,2.480626,2.640885,2.525269,2.659790,0.029011,0.150153,2.480626,2.475189,2.475189,1.127654,0.806351,2.474901,1.126528,0.806270,-0.000000,0.000000,3.210835,10,2
1780631062.219901,proposed,-0.001959,-29.104919,0.005821,3.210659,1.569006,0.000000,-27.504919,0.000000,45.000000,-0.008766,-0.000799,-0.106624,1,13.289338,2.901145,2.942458,2.826354,2.826354,2.821369,0.029010,2.642170,2.642170,0.150144,2.642215,2.942458,2.826354,2.821369,0.029010,0.150144,2.642215,2.642170,2.642170,1.197228,0.857967,2.641833,1.196086,0.857870,-0.000000,0.000000,3.210665,10,2
1780631062.308292,proposed,-0.001421,-28.783857,0.004944,3.210579,1.569317,0.000000,-27.183857,0.000000,45.000000,-0.009953,-0.000377,-0.105749,1,12.694718,3.209896,3.246256,3.131020,3.131020,2.983618,0.029009,2.804468,2.804468,0.150140,2.804468,3.246256,3.131020,2.983618,0.029009,0.150140,2.804468,2.804468,2.804468,1.270064,0.908934,2.804081,1.268894,0.908812,-0.000000,0.000000,3.210583,10,2
1780631062.432608,proposed,-0.000976,-28.462801,0.003949,3.210542,1.569642,-0.368197,-26.991155,0.000000,45.000000,-3.289162,-1.143428,-0.104883,1,20.611150,0.426461,0.391253,0.278594,0.278594,1.113573,0.027323,0.278594,0.278594,0.150138,0.936112,0.389926,0.278594,1.113573,0.027323,0.150138,0.936112,0.278594,0.278594,0.127237,0.190901,0.277214,0.126008,0.190658,-0.000000,0.000000,3.210544,10,2
1780631062.502383,proposed,-0.017027,-28.147464,-0.324968,3.096199,1.726756,-0.396867,-26.500690,0.000000,45.000000,-2.188454,0.837929,-0.121096,1,12.307016,0.445803,0.405545,0.299477,0.299477,1.320074,0.030195,0.299477,0.299477,0.145192,1.144686,0.405545,0.299477,1.311418,0.030195,0.150936,1.144686,0.299477,0.299477,0.222048,0.311254,0.296726,0.220431,0.310208,-0.000000,0.000001,3.113206,10,2
1780631062.619451,proposed,-0.060466,-27.833654,-0.543813,3.179992,1.740932,-0.225062,-26.119121,0.000000,45.000000,0.783064,1.218707,-0.125840,1,12.114197,0.461585,0.421940,0.316216,0.316216,0.800421,0.031773,0.316215,0.316215,0.150936,0.617712,0.421940,0.316216,0.709194,0.031773,0.156506,0.612385,0.316215,0.316215,0.152917,0.093132,0.315536,0.146213,0.093397,-0.000000,0.000000,3.226156,10,2
1780631062.708249,proposed,-0.110932,-27.509562,-0.465507,3.301863,1.710666,-0.082967,-25.839442,0.000000,45.000000,2.374368,0.310820,-0.122839,1,12.012609,0.512908,0.581283,0.476939,0.476939,0.710500,0.031478,0.471662,0.471662,0.156506,0.522517,0.395058,0.290747,0.671782,0.031478,0.156827,0.522517,0.290747,0.290747,0.106796,0.052531,0.276407,0.102808,0.052817,-0.000000,0.000000,3.334515,10,2
1780631062.819402,proposed,-0.145611,-27.177821,-0.228070,3.332944,1.628820,-0.025210,-25.562924,0.000000,45.000000,2.263556,-0.387375,-0.112397,1,11.289706,0.768179,0.846268,0.739521,0.739521,0.726595,0.030438,0.539304,0.539304,0.156827,0.539330,0.426096,0.317848,0.726595,0.030438,0.156827,0.539330,0.317848,0.317848,0.096066,0.044644,0.309504,0.093106,0.044923,-0.000000,0.000000,3.340739,10,2
1780631062.897879,proposed,-0.157100,-26.846464,-0.001714,3.294207,1.548044,-0.031166,-25.273493,0.000000,45.000000,1.299730,-0.641441,-0.100326,1,10.963734,0.833807,0.794952,0.690718,0.690718,0.831163,0.029208,0.641834,0.641834,0.154427,0.647528,0.467802,0.355699,0.831163,0.029208,0.154427,0.647528,0.355699,0.355699,0.102628,0.062675,0.349360,0.100687,0.062889,-0.000000,0.000000,3.294207,10,2
1780631063.025347,proposed,-0.150773,-26.520250,0.128259,3.230063,1.508851,-0.084643,-24.969194,0.000000,45.000000,0.149197,-1.415276,-1.166926,1,22.638948,0.651140,0.611297,0.505559,0.505559,0.620000,0.028206,0.437736,0.437736,0.151266,0.440529,0.161153,0.053129,0.620000,0.028206,0.151266,0.440529,0.053129,0.053129,0.009164,-0.000291,0.034531,0.000000,0.000000,-0.000000,0.000002,3.232608,10,2
1780631063.120026,proposed,-0.137201,-26.204320,0.143178,3.088535,1.516244,-0.161454,-24.639922,0.000000,45.000000,-0.739070,-3.696810,-4.822832,1,29.138343,0.570016,0.530492,0.421371,0.421371,0.620000,0.027383,0.412027,0.412027,0.144114,0.448503,0.152049,0.039599,0.620000,0.027383,0.144114,0.448503,0.039599,0.039599,0.006795,-0.000400,0.016947,0.000000,0.000000,-0.000000,0.000341,3.091852,10,2
1780631063.242667,proposed,-0.126578,-25.913951,0.069271,2.718854,1.580888,-0.181559,-24.314532,0.000000,45.000000,-2.261832,-5.277933,-4.669567,1,35.385347,0.562072,0.524545,0.416028,0.416028,0.620000,0.025524,0.411843,0.411843,0.125683,0.468793,0.138168,0.036683,0.620000,0.025524,0.125683,0.468793,0.036683,0.036683,0.005145,-0.001557,0.010191,0.000000,0.000000,-0.000000,0.002799,2.719737,10,2
1780631063.331731,proposed,-0.126578,-25.913951,0.069271,2.718854,1.580888,-0.181559,-24.314532,0.000000,45.000000,-2.414000,-5.188014,-4.485540,1,46.617883,0.562072,0.524545,0.416028,0.416028,0.620000,0.025524,0.411843,0.411843,0.125683,0.468793,0.138866,0.034174,0.620000,0.025524,0.125683,0.468793,0.034174,0.034174,0.005035,-0.002012,0.008368,0.000000,0.000000,-0.000000,0.002580,2.719737,10,2
1780631063.420187,proposed,-0.131721,-25.668005,-0.172129,2.200053,1.789826,-0.285209,-24.045281,0.000000,45.000000,-4.765128,-4.515766,-4.735056,1,32.491620,0.485365,0.456584,0.347903,0.347903,0.627003,0.023113,0.347776,0.347776,0.101412,0.502478,0.144937,0.042299,0.620000,0.023113,0.101412,0.502478,0.042299,0.042299,0.003780,-0.006719,0.030048,0.000000,0.000000,-0.000000,0.007622,2.206776,10,2
1780631063.527723,proposed,-0.172760,-25.470579,-0.648641,1.748476,1.881421,-0.188270,-23.955105,0.000000,45.000000,-5.903809,-2.111899,4.218908,1,33.099549,0.442239,0.408387,0.299415,0.299415,0.637573,0.019103,0.299407,0.299407,0.085967,0.532503,0.145620,0.042661,0.637573,0.019103,0.104998,0.532503,0.042661,0.042661,-0.007479,-0.002147,0.025342,0.000000,0.004412,-0.000000,0.010488,1.864914,10,2
1780631063.618857,proposed,-0.267143,-25.306291,-1.239022,1.537286,1.772836,-0.177150,-23.931928,0.000000,45.000000,0.624549,3.469316,3.938650,1,17.186428,0.349637,0.312010,0.207630,0.207630,0.647001,0.017008,0.207630,0.207630,0.090852,0.539141,0.170797,0.063291,0.647001,0.017008,0.104192,0.537185,0.063291,0.063291,0.001924,0.004627,0.039183,0.000000,0.002096,-0.000000,0.002640,1.974443,10,2
1780631063.715807,proposed,-0.387922,-25.135215,-1.176567,1.884218,1.654620,-0.254179,-23.797813,0.000000,45.000000,6.524722,3.759378,0.983959,1,15.443342,0.368439,0.328293,0.223961,0.223961,0.727386,0.017664,0.223961,0.223961,0.102085,0.607637,0.215987,0.109645,0.672403,0.017664,0.106662,0.599362,0.109645,0.109645,0.019141,0.001444,0.093400,0.017865,0.000012,-0.000000,0.000001,2.221393,10,2
1780631063.823505,proposed,-0.472956,-24.927997,-0.524095,2.260156,1.733218,-0.335922,-23.545151,0.000000,45.000000,4.506970,3.120339,1.140409,1,16.184762,0.418426,0.378642,0.271625,0.271625,0.726167,0.019011,0.271625,0.271625,0.106662,0.600494,0.237728,0.124560,0.629464,0.019011,0.118617,0.563020,0.124560,0.124560,0.018819,0.003385,0.104042,0.010924,0.000000,-0.000000,0.000001,2.320125,10,2
1780631063.905533,proposed,-0.502830,-24.686379,-0.073398,2.572190,1.707554,-0.164377,-23.216866,0.000000,45.000000,3.679971,1.906210,0.257643,1,11.396760,0.446550,0.414771,0.303334,0.303334,0.842352,0.022727,0.303334,0.303334,0.118617,0.701008,0.254677,0.151490,0.769420,0.022727,0.128546,0.661999,0.151490,0.151490,0.035716,0.017885,0.136001,0.026726,0.013471,-0.000000,0.000000,2.573237,10,2
1780631064.020952,proposed,-0.491770,-24.419629,0.294599,2.762811,1.577493,-0.261929,-22.871217,0.000000,45.000000,1.016839,1.671444,0.049468,1,13.422688,0.392278,0.356839,0.242918,0.242918,0.867279,0.025192,0.242918,0.242918,0.128546,0.713541,0.237314,0.133708,0.829960,0.025192,0.137336,0.691428,0.133708,0.133708,0.028114,0.012122,0.117583,0.017695,0.005049,-0.000000,0.000000,2.778473,10,2
1780631064.113567,proposed,-0.457226,-24.134991,0.396283,2.929955,1.508688,0.141086,-22.541919,0.000000,45.000000,3.663877,1.269421,0.340612,1,17.661067,0.387804,0.348415,0.239610,0.239610,0.741174,0.029313,0.239610,0.239610,0.137336,0.574524,0.281732,0.172500,0.648797,0.029313,0.147087,0.566321,0.172500,0.172500,0.038079,-0.000866,0.156373,0.032434,0.000008,-0.000000,0.000001,2.956633,10,2
1780631064.218330,proposed,-0.399278,-23.835649,0.762670,3.056897,1.408439,0.397917,-22.194876,0.000000,45.000000,3.991220,1.140592,0.086327,1,11.718246,0.487704,0.462065,0.333482,0.333482,0.853596,0.033541,0.333481,0.333481,0.147087,0.672968,0.350178,0.244970,0.774376,0.033541,0.158710,0.640907,0.244970,0.244970,0.064818,0.012579,0.234792,0.060847,0.009289,-0.000000,0.000001,3.150601,10,2
1780631064.309438,proposed,-0.303055,-23.524256,1.161792,3.170956,1.323362,0.383822,-21.811648,0.000000,45.000000,1.373600,1.177627,0.540600,1,13.190493,0.482777,0.455049,0.341134,0.341134,0.851163,0.035817,0.341133,0.341133,0.158710,0.656636,0.304428,0.198746,0.802299,0.035817,0.167020,0.635421,0.198746,0.198746,0.044752,0.001859,0.190625,0.041665,0.000001,-0.000000,0.000000,3.377088,10,2
1780631064.399703,proposed,-0.180008,-23.201272,1.299152,3.288719,1.264575,0.176674,-21.587865,0.000000,45.000000,-1.911238,0.083419,0.389990,1,11.352637,0.637748,0.599529,0.482037,0.482037,0.790183,0.032751,0.481400,0.481400,0.167020,0.590412,0.259023,0.155368,0.771479,0.032751,0.167020,0.589103,0.155368,0.155368,0.015456,-0.000129,0.149256,0.012539,0.000001,-0.000000,0.000001,3.536025,10,2
1780631064.503511,proposed,-0.059649,-22.871983,1.108029,3.297061,1.320956,0.000000,-21.271983,0.000000,45.000000,-4.531123,-0.377924,0.101394,1,12.258042,1.341570,1.311170,1.196294,1.196294,1.992394,0.031181,1.196294,1.196294,0.163985,1.797227,1.311170,1.196294,1.992394,0.031181,0.163985,1.797227,1.196294,1.196294,0.874204,0.578889,1.190237,0.868303,0.575558,-0.000000,0.000000,3.478267,10,2
1780631064.616583,proposed,0.028498,-22.544167,0.654916,3.259269,1.475264,0.000000,-20.944167,0.000000,45.000000,-3.502207,-0.244907,0.011784,1,16.282773,1.667874,1.628712,1.517780,1.517780,2.156542,0.029907,1.517780,1.517780,0.155984,1.970651,1.628712,1.517780,2.153034,0.029907,0.155984,1.970651,1.517780,1.517780,0.929141,0.633923,1.511995,0.924947,0.634322,-0.000000,0.000000,3.324417,10,2
1780631064.705402,proposed,0.076479,-22.219464,0.304696,3.234778,1.549249,0.000000,-20.619464,0.000000,45.000000,-2.297475,-0.126177,-0.018755,1,12.817377,1.994030,1.954030,1.843280,1.843280,2.312827,0.029346,1.843279,1.843279,0.152110,2.131371,1.954030,1.843280,2.301433,0.029346,0.152110,2.131303,1.843279,1.843279,0.980259,0.647155,1.837574,0.977372,0.647244,-0.000000,0.000000,3.249096,10,2
1780631064.823541,proposed,0.095461,-21.896617,0.074948,3.222160,1.589369,0.000000,-20.296617,0.000000,45.000000,-1.355986,-0.061226,-0.030640,1,16.449915,2.317536,2.277839,2.166837,2.166837,2.464017,0.029165,2.166369,2.166369,0.150776,2.284076,2.277839,2.166837,2.451863,0.029165,0.150776,2.282163,2.166369,2.166369,1.043775,0.716584,2.160664,1.041354,0.716217,-0.000000,0.000000,3.223032,10,2
1780631064.901958,proposed,0.096176,-21.574707,-0.060651,3.216038,1.612005,0.000000,-19.974707,0.000000,45.000000,-0.689536,-0.029157,-0.035880,1,12.573431,2.638805,2.599868,2.488677,2.488677,2.616091,0.029116,2.432258,2.432258,0.150448,2.436528,2.599868,2.488677,2.604306,0.029116,0.150448,2.434473,2.432258,2.432258,1.096731,0.783410,2.429228,1.095641,0.783192,-0.000000,0.000000,3.216610,10,2
1780631065.022486,proposed,0.086663,-21.253249,-0.129604,3.213122,1.622315,0.000000,-19.653249,0.000000,45.000000,-0.248535,-0.013799,-0.038083,1,16.542513,2.959671,2.920888,2.809624,2.809624,2.769632,0.029098,2.590118,2.590118,0.150403,2.590131,2.920888,2.809624,2.758540,0.029098,0.150403,2.588381,2.588381,2.588381,1.163816,0.832911,2.585398,1.162602,0.832825,-0.000000,0.000000,3.215735,10,2
1780631065.101404,proposed,0.072460,-20.932006,-0.154458,3.211742,1.623743,0.000000,-19.332006,0.000000,45.000000,0.021507,-0.006517,-0.038545,1,14.099826,3.280492,3.241497,3.130243,3.130243,2.924526,0.029081,2.745056,2.745056,0.150389,2.745056,3.241497,3.130243,2.914343,0.029081,0.150389,2.743777,2.743777,2.743777,1.233996,0.882260,2.741196,1.232860,0.882204,-0.000000,0.000000,3.215454,10,2
1780631065.214492,proposed,0.057122,-20.610865,-0.152307,3.211090,1.619512,0.000000,-19.010865,0.000000,45.000000,0.168915,-0.003076,-0.037951,1,18.976076,3.601437,3.562036,3.450360,3.450360,3.080668,0.029062,2.901255,2.901255,0.150350,2.901255,3.562036,3.450360,3.071506,0.029062,0.150350,2.900492,2.900492,2.900492,1.304801,0.932055,2.898129,1.303712,0.932017,-0.000000,0.000000,3.214700,10,2
1780631065.300804,proposed,0.042736,-20.289771,-0.135415,3.210783,1.612328,0.000000,-18.689771,0.000000,45.000000,0.233173,-0.001451,-0.036777,1,15.925457,3.896497,3.863771,3.751351,3.751351,3.237949,0.029045,3.058608,3.058608,0.150296,3.058608,3.863771,3.751351,3.229832,0.029045,0.150296,3.058354,3.058354,3.058354,1.376119,0.982214,3.056116,1.375058,0.982187,-0.000000,0.000000,3.213637,10,2
1780631065.417285,proposed,0.030360,-19.968700,-0.112098,3.210638,1.604150,0.000000,-18.368700,0.000000,45.000000,0.244739,-0.000685,-0.035356,1,22.500135,0.885623,4.147636,4.035634,4.035634,3.396255,0.029031,3.216981,3.216981,0.150243,3.216981,4.147636,4.035634,3.389144,0.029031,0.150243,3.216981,3.216981,3.216981,1.447868,1.032669,3.215045,1.446824,1.032649,-0.000000,0.000000,3.212594,10,2
1780631065.507192,proposed,0.020374,-19.647640,-0.087624,3.210569,1.596223,0.027203,-18.028097,0.000000,45.000000,0.468186,0.173751,-0.033873,1,11.582107,0.963587,0.943717,0.837162,0.837162,0.913450,0.029428,0.733064,0.733064,0.150200,0.733822,0.683391,0.576298,0.847622,0.029428,0.151040,0.733822,0.576289,0.576289,0.228368,0.132325,0.566126,0.225319,0.132321,-0.000000,0.000000,3.211765,10,2
1780631065.617117,proposed,0.013952,-19.325714,-0.040806,3.227944,1.580746,-0.002798,-17.727610,0.000000,45.000000,0.067170,-0.081198,-0.031589,1,20.780039,1.096061,1.055752,0.945536,0.945536,0.990358,0.029108,0.809960,0.809960,0.151040,0.810210,0.738322,0.633429,0.947760,0.029108,0.151040,0.810210,0.633427,0.633427,0.241041,0.144941,0.627269,0.238998,0.144932,-0.000000,0.000000,3.228202,10,2
1780631065.709887,proposed,0.010208,-19.003326,-0.034089,3.219824,1.580982,-0.021881,-17.414415,0.000000,45.000000,-0.129456,-0.146235,-0.030847,1,11.816178,0.954818,0.916168,0.806806,0.806806,1.095499,0.028859,0.806188,0.806188,0.150621,0.916018,0.796850,0.684091,1.071610,0.028859,0.150621,0.916018,0.684090,0.684090,0.257255,0.221552,0.679924,0.256214,0.221483,-0.000000,0.000000,3.220005,10,2
1780631065.819584,proposed,0.006152,-18.682074,-0.047034,3.205201,1.586683,-0.040500,-17.090909,0.000000,45.000000,-0.216506,-0.066142,-0.031097,1,12.713152,0.890447,0.850552,0.740507,0.740507,1.223644,0.028802,0.740507,0.740507,0.149883,1.044960,0.835998,0.725574,1.212146,0.028802,0.149883,1.044960,0.725574,0.725574,0.318295,0.299241,0.723407,0.317216,0.299122,-0.000000,0.000000,3.205546,10,2
1780631065.908930,proposed,0.000366,-18.361885,-0.068685,3.198587,1.594205,-0.044985,-16.758969,0.000000,45.000000,-0.115364,0.073911,-0.031793,1,11.256072,0.884897,0.847235,0.734204,0.734204,1.362217,0.028997,0.734204,0.734204,0.149566,1.183654,0.847235,0.734204,1.359095,0.028997,0.149956,1.183654,0.734204,0.734204,0.396054,0.381137,0.734046,0.394957,0.380985,-0.000000,0.000000,3.199324,10,2
1780631066.020684,proposed,-0.007080,-18.041657,-0.080221,3.205978,1.596796,-0.030407,-16.431158,0.000000,45.000000,0.139628,0.119193,-0.032050,1,12.811373,0.918418,0.883025,0.769255,0.769255,1.501233,0.029204,0.769255,0.769255,0.149956,1.322072,0.883025,0.769255,1.501233,0.029204,0.150548,1.322072,0.769255,0.769255,0.492557,0.451201,0.769088,0.491405,0.450816,-0.000000,0.000000,3.206981,10,2
1780631066.108858,proposed,-0.014404,-17.720463,-0.066258,3.217897,1.590634,-0.011278,-16.113297,0.000000,45.000000,0.332471,0.040002,-0.031238,1,11.408034,1.028900,0.988980,0.882931,0.882931,1.640477,0.029221,0.882931,0.882931,0.150548,1.460708,0.988980,0.882931,1.640477,0.029221,0.150727,1.460708,0.882931,0.882931,0.604907,0.496192,0.882686,0.603637,0.495698,-0.000000,0.000000,3.218579,10,2
1780631066.216841,proposed,-0.019367,-17.398473,-0.033011,3.221897,1.578783,-0.001121,-15.797422,0.000000,45.000000,0.334090,-0.038180,-0.029545,1,13.029220,1.205312,1.165945,1.061522,1.061522,1.785419,0.029122,1.061522,1.061522,0.150727,1.605570,1.165945,1.061522,1.785419,0.029122,0.150727,1.605570,1.061522,1.061522,0.724623,0.542682,1.061101,0.723167,0.542065,-0.000000,0.000000,3.222066,10,2
1780631066.308959,proposed,-0.020998,-17.076474,0.000398,3.218079,1.567993,0.000000,-15.476474,0.000000,45.000000,0.210423,-0.036484,-0.027758,1,11.578792,1.425907,1.387972,1.282665,1.282665,1.937886,0.029070,1.282665,1.282665,0.150523,1.758293,1.387972,1.282665,1.937886,0.029070,0.150523,1.758293,1.282665,1.282665,0.848537,0.577965,1.281939,0.839433,0.577507,-0.000000,0.000000,3.218079,10,2
1780631066.407608,proposed,-0.019906,-16.754849,0.021440,3.214431,1.562241,0.008207,-15.144955,0.000000,45.000000,0.171077,0.067968,-0.026523,1,11.905802,1.047027,1.007485,0.903139,0.903139,1.687368,0.029251,0.903139,0.903139,0.150340,1.507776,1.007485,0.903139,1.678880,0.029251,0.150696,1.506770,0.903139,0.903139,0.600437,0.498994,0.892384,0.603983,0.498976,-0.000000,0.000000,3.214502,10,2
1780631066.509301,proposed,-0.016907,-16.433066,0.038548,3.221228,1.557468,0.000000,-14.833066,0.000000,45.000000,-0.007640,-0.042465,-0.025522,1,11.703162,1.264876,1.227131,1.121658,1.121658,1.836647,0.029095,1.121658,1.121658,0.150696,1.656856,1.227131,1.121658,1.830140,0.029095,0.150696,1.656856,1.121658,1.121658,0.736782,0.556382,1.119788,0.736384,0.556357,-0.000000,0.000000,3.221458,10,2
1780631066.621272,proposed,-0.013090,-16.111155,0.037784,3.216981,1.558990,0.000000,-14.511155,0.000000,45.000000,-0.051702,-0.031932,-0.025272,1,13.382946,1.517028,1.482180,1.374365,1.374365,1.994960,0.029062,1.374365,1.374365,0.150478,1.815421,1.482180,1.374365,1.989772,0.029062,0.150478,1.815421,1.374365,1.374365,0.860096,0.578743,1.373810,0.857095,0.578717,-0.000000,0.000000,3.217203,10,2
1780631066.705659,proposed,-0.009570,-15.789617,0.032613,3.213788,1.561001,0.000000,-14.189617,0.000000,45.000000,-0.063422,-0.016965,-0.025265,1,11.540401,1.789772,1.757088,1.646782,1.646782,2.154821,0.029036,1.646782,1.646782,0.150312,1.975473,1.757088,1.646782,2.150346,0.029036,0.150312,1.975473,1.646782,1.646782,0.931249,0.643428,1.646543,0.928243,0.643459,-0.000000,0.000000,3.213954,10,2
1780631066.820418,proposed,-0.006626,-15.468323,0.026271,3.212092,1.563110,0.000000,-13.868323,0.000000,45.000000,-0.062376,-0.008307,-0.025331,1,13.243890,2.075332,2.044206,1.931607,1.931607,2.315839,0.029022,1.931585,1.931585,0.150223,2.136594,2.044206,1.931607,2.311793,0.029022,0.150223,2.136594,1.931585,1.931585,0.984871,0.662643,1.931455,0.982868,0.662624,-0.000000,0.000000,3.212199,10,2
1780631066.907426,proposed,-0.004311,-15.147155,0.020034,3.211261,1.565066,0.000000,-13.547155,0.000000,45.000000,-0.055231,-0.003968,-0.025397,1,12.245886,2.369264,2.339300,2.224681,2.224681,2.477763,0.029015,2.222606,2.222606,0.150178,2.298570,2.339300,2.224681,2.474076,0.029015,0.150178,2.298570,2.222606,2.222606,1.057077,0.733537,2.222528,1.055072,0.733523,-0.000000,0.000000,3.211323,10,2
1780631067.044476,proposed,-0.002583,-14.826049,0.014511,3.210864,1.566738,0.000000,-13.226049,0.000000,45.000000,-0.045561,-0.001880,-0.025432,1,26.053643,2.668741,2.639872,2.523496,2.523496,2.640410,0.029012,2.458179,2.458179,0.150156,2.461242,2.639872,2.523496,2.637030,0.029012,0.150156,2.461242,2.458179,2.458179,1.111884,0.797132,2.458162,1.110882,0.797128,-0.000000,0.000000,3.210897,10,2
1780631067.099730,proposed,-0.001360,-14.504972,0.009955,3.210676,1.568083,0.000000,-12.904972,0.000000,45.000000,-0.035504,-0.000888,-0.025424,1,11.851205,2.971969,2.942139,2.826463,2.826463,2.803639,0.029010,2.624459,2.624459,0.150146,2.624483,2.942139,2.826463,2.800527,0.029010,0.150146,2.624483,2.624459,2.624459,1.183932,0.849355,2.624447,1.182927,0.849352,-0.000000,0.000000,3.210692,10,2
1780631067.225112,proposed,-0.000542,-14.183909,0.006404,3.210587,1.569108,0.000000,-12.583909,0.000000,45.000000,-0.026272,-0.000419,-0.025370,1,15.334893,3.278337,3.247450,3.132533,3.132533,2.967342,0.029009,2.788192,2.788192,0.150141,2.788192,3.247450,3.132533,2.964467,0.029009,0.150141,2.788192,2.788192,2.788192,1.257822,0.901197,2.788177,1.256813,0.901188,-0.000000,0.000000,3.210594,10,2
1780631067.302760,proposed,-0.000033,-13.862852,0.003777,3.210545,1.569850,0.000000,-12.262852,0.000000,45.000000,-0.018449,-0.000198,-0.025275,1,12.969989,3.587098,3.555314,3.440984,3.440984,3.131436,0.029009,2.952289,2.952289,0.150138,2.952289,3.555314,3.440984,3.128773,0.029009,0.150138,2.952289,2.952289,2.952289,1.331876,0.953131,2.952249,1.330840,0.953085,-0.000000,0.000000,3.210548,10,2
1780631067.409676,proposed,0.000252,-13.541799,0.001932,3.210526,1.570359,-0.204920,-12.019412,0.000000,45.000000,-1.837453,-0.691385,-0.025169,1,12.377315,0.413340,0.374604,0.265666,0.265666,1.035204,0.027707,0.265666,0.265666,0.150137,0.857359,0.374604,0.265666,0.958124,0.027707,0.150137,0.846008,0.265666,0.265666,0.126746,0.204478,0.265666,0.125746,0.204479,-0.000000,0.000000,3.210526,10,2
1780631067.509060,proposed,-0.008742,-13.224203,-0.181813,3.141387,1.654767,-0.226482,-11.593432,0.000000,45.000000,-1.270734,0.528846,-0.034167,1,11.995895,0.424132,0.384571,0.279094,0.279094,1.097578,0.029476,0.279094,0.279094,0.146886,0.921216,0.384571,0.279094,1.040331,0.029476,0.150068,0.903745,0.279094,0.279094,0.223195,0.242635,0.279095,0.222196,0.244536,-0.000000,0.000001,3.146644,10,2
1780631067.620173,proposed,-0.033277,-12.907420,-0.308887,3.194272,1.673358,-0.142228,-11.191814,0.000000,45.000000,0.305002,1.141612,-0.038210,1,13.896922,0.376646,0.336173,0.232304,0.232304,1.116190,0.031567,0.232304,0.232304,0.150068,0.934555,0.336173,0.232304,1.025751,0.031567,0.155762,0.915124,0.232304,0.232304,0.350535,0.286824,0.232305,0.349535,0.287250,-0.000000,0.000000,3.209172,10,2
1780631067.705686,proposed,-0.062640,-12.582285,-0.278386,3.308433,1.656418,-0.072791,-10.797975,0.000000,45.000000,1.168299,1.292947,-0.037117,1,11.728933,0.413362,0.382517,0.269075,0.269075,1.068964,0.033923,0.269075,0.269075,0.155762,0.879279,0.382517,0.269075,0.985596,0.033923,0.162063,0.879279,0.269075,0.269075,0.392309,0.245428,0.266863,0.386309,0.246312,-0.000000,0.000000,3.320125,10,2
1780631067.812309,proposed,-0.084638,-12.244977,-0.161556,3.437728,1.628018,-0.008589,-10.592314,0.000000,45.000000,1.482490,-0.442166,-0.033538,1,13.506677,0.743326,0.709280,0.597129,0.597129,1.049778,0.032004,0.597125,0.597125,0.162063,0.855711,0.709280,0.597129,0.977572,0.032004,0.162063,0.855711,0.597125,0.597125,0.384081,0.258761,0.592650,0.379081,0.259058,-0.000000,0.000000,3.441522,10,2
1780631067.909034,proposed,-0.093381,-11.903415,-0.013307,3.393511,1.564574,0.002054,-10.295475,0.000000,45.000000,1.020747,-0.774920,-0.025480,1,12.353887,1.078683,1.045578,0.932954,0.932954,1.096473,0.030684,0.896768,0.896768,0.159564,0.906225,1.029870,0.925490,1.038686,0.030684,0.159564,0.906225,0.896768,0.896768,0.404943,0.271741,0.894273,0.401944,0.271742,-0.000000,0.000000,3.393537,10,2
1780631068.033378,proposed,-0.089608,-11.567938,0.088767,3.316019,1.527429,-0.000741,-9.968245,0.000000,45.000000,0.474368,-0.529442,-0.019256,1,20.023562,1.240140,1.239905,1.123961,1.123961,1.186114,0.029890,1.000234,1.000234,0.155612,1.000613,1.084397,0.975745,1.143315,0.029890,0.155612,1.000613,0.974598,0.974598,0.423100,0.287321,0.970598,0.421101,0.287321,-0.000000,0.000000,3.317207,10,2
1780631068.101317,proposed,-0.078359,-11.238984,0.136204,3.263075,1.518135,-0.004974,-9.639897,0.000000,45.000000,0.084757,-0.281342,-0.016567,1,12.266606,1.158769,1.169243,1.057313,1.057313,1.299252,0.029455,1.053959,1.053959,0.152973,1.116824,1.129071,1.017077,1.269345,0.029455,0.152973,1.116824,1.016697,1.016697,0.437020,0.354545,1.014698,0.436024,0.354545,-0.000000,0.000000,3.265916,10,2
1780631068.220807,proposed,-0.064315,-10.914083,0.144680,3.234941,1.521592,-0.006838,-9.313758,0.000000,45.000000,-0.123900,-0.126740,-0.016171,1,15.253068,1.142185,1.165212,1.041719,1.041719,1.425658,0.029251,1.041696,1.041696,0.151551,1.244856,1.165212,1.041719,1.405554,0.029251,0.151551,1.244856,1.041696,1.041696,0.503744,0.422303,1.041696,0.502744,0.422303,-0.000000,0.000000,3.238174,10,2
1780631068.293507,proposed,-0.050467,-10.591223,0.132290,3.222267,1.529072,-0.004759,-8.989881,0.000000,45.000000,-0.189445,-0.049786,-0.016787,1,12.039873,1.155265,1.171768,1.059848,1.059848,1.559419,0.029162,1.059848,1.059848,0.150876,1.379382,1.171768,1.059848,1.546583,0.029162,0.150876,1.379382,1.059848,1.059848,0.585728,0.466068,1.059848,0.584728,0.466068,-0.000000,0.000000,3.224981,10,2
1780631068.408396,proposed,-0.038185,-10.269245,0.113345,3.217288,1.536436,-0.000538,-8.668965,0.000000,45.000000,-0.182082,-0.031352,-0.017637,1,17.798223,1.108385,1.243695,1.134019,1.134019,1.697604,0.029092,1.134019,1.134019,0.150584,1.517928,1.243695,1.134019,1.690514,0.029092,0.150584,1.517928,1.134019,1.134019,0.681256,0.510893,1.134019,0.680256,0.510893,-0.000000,0.000000,3.219284,10,2
1780631068.508923,proposed,-0.027761,-9.947673,0.095137,3.214153,1.542467,-0.006839,-8.342636,0.000000,45.000000,-0.249670,0.026322,-0.018394,1,12.703205,1.126365,1.086408,0.980365,0.980365,1.696416,0.029156,0.980365,0.980365,0.150394,1.516866,1.086408,0.980365,1.696416,0.029156,0.150496,1.516866,0.980365,0.980365,0.650601,0.512068,0.973843,0.648323,0.511570,-0.000000,0.000000,3.215561,10,2
1780631068.622995,proposed,-0.019495,-9.626126,0.070170,3.216785,1.550823,0.000000,-8.026126,0.000000,45.000000,-0.156638,-0.025880,-0.019376,1,14.870159,1.300717,1.261462,1.156991,1.156991,1.841987,0.029066,1.156991,1.156991,0.150496,1.662425,1.261462,1.156991,1.841987,0.029066,0.150496,1.662425,1.156991,1.156991,0.770195,0.559122,1.152242,0.767826,0.558635,-0.000000,0.000000,3.217550,10,2
1780631068.706730,proposed,-0.013262,-9.304577,0.054506,3.214197,1.555153,0.000000,-7.704577,0.000000,45.000000,-0.135626,-0.018324,-0.019969,1,12.087704,1.521513,1.483734,1.378197,1.378197,1.994660,0.029042,1.378197,1.378197,0.150348,1.815270,1.483734,1.378197,1.994660,0.029042,0.150348,1.815270,1.378197,1.378197,0.872268,0.597792,1.374299,0.863583,0.597084,-0.000000,0.000000,3.214659,10,2
1780631068.812470,proposed,-0.008489,-8.983249,0.040944,3.212365,1.559227,0.000000,-7.383249,0.000000,45.000000,-0.116348,-0.009621,-0.020434,1,13.484055,1.770847,1.735657,1.628077,1.628077,2.149639,0.029026,1.628077,1.628077,0.150244,1.970369,1.735657,1.628077,2.149639,0.029026,0.150244,1.970369,1.628077,1.628077,0.943296,0.657682,1.624620,0.934617,0.657207,-0.000000,0.000000,3.212626,10,2
1780631068.901279,proposed,-0.004976,-8.662060,0.029309,3.211402,1.562685,0.000000,-7.062060,0.000000,45.000000,-0.094537,-0.004695,-0.020796,1,11.535852,2.039839,2.006739,1.896886,1.896886,2.306483,0.029017,1.896877,1.896877,0.150189,2.127278,2.006739,1.896886,2.306483,0.029017,0.150189,2.127278,1.896877,1.896877,0.998070,0.669879,1.893663,0.995490,0.669283,-0.000000,0.000000,3.211536,10,2
1780631069.022110,proposed,-0.002518,-8.340944,0.019855,3.210933,1.565441,0.000000,-6.740944,0.000000,45.000000,-0.072825,-0.002240,-0.021054,1,14.691668,2.322033,2.290501,2.178462,2.178462,2.464837,0.029013,2.177799,2.177799,0.150161,2.285663,2.290501,2.178462,2.464837,0.029013,0.150161,2.285663,2.177799,2.177799,1.066630,0.736357,2.174760,1.063950,0.735629,-0.000000,0.000000,3.210994,10,2
1780631069.100182,proposed,-0.000897,-8.019862,0.012573,3.210709,1.567522,0.000000,-6.419862,0.000000,45.000000,-0.053305,-0.001061,-0.021211,1,11.975492,2.613231,2.582900,2.468875,2.468875,2.624413,0.029011,2.434886,2.434886,0.150148,2.445255,2.582900,2.468875,2.624413,0.029011,0.150148,2.445255,2.434886,2.434886,1.118678,0.802192,2.432925,1.117256,0.801642,-0.000000,0.000000,3.210734,10,2
1780631069.220882,proposed,0.000094,-7.698796,0.007242,3.210603,1.569015,0.000000,-6.098796,0.000000,45.000000,-0.036998,-0.000501,-0.021277,1,14.388433,2.910748,2.881354,2.765571,2.765571,2.784984,0.029010,2.605726,2.605726,0.150141,2.605833,2.881354,2.765571,2.784984,0.029010,0.150141,2.605833,2.605726,2.605726,1.184895,0.854044,2.604224,1.183224,0.853570,-0.000000,0.000000,3.210611,10,2
1780631069.305840,proposed,0.000633,-7.377738,0.003542,3.210553,1.570027,0.000000,-5.777738,0.000000,45.000000,-0.024149,-0.000237,-0.021268,1,12.021170,3.212283,3.182919,3.066847,3.066847,2.946369,0.029009,2.767220,2.767220,0.150139,2.767221,3.182919,3.066847,2.946369,0.029009,0.150139,2.767221,2.767220,2.767220,1.257118,0.904531,2.765725,1.255444,0.904059,-0.000000,0.000000,3.210555,10,2
1780631069.430489,proposed,0.000867,-7.056684,0.001127,3.210529,1.570668,0.000000,-5.456684,0.000000,45.000000,-0.014542,-0.000112,-0.021199,1,20.296710,0.439048,3.486796,3.371542,3.371542,3.108427,0.029009,2.929281,2.929281,0.150137,2.929281,3.486796,3.371542,3.108427,0.029009,0.150137,2.929281,2.929281,2.929281,1.329744,0.955258,2.927785,1.328071,0.954787,-0.000000,0.000000,3.210529,10,2
1780631069.501920,proposed,0.000907,-6.735632,-0.000327,3.210518,1.571036,0.216786,-5.136909,0.000000,45.000000,1.923226,-0.011417,-0.021105,1,11.703952,0.448491,0.426729,0.307595,0.307595,1.215230,0.029285,0.307595,0.307595,0.150137,1.035808,0.396411,0.291247,1.201117,0.029285,0.150371,1.031886,0.291247,0.291247,0.122070,0.224150,0.289248,0.121071,0.224150,-0.000000,0.000000,3.210518,10,2
1780631069.622372,proposed,0.010490,-6.414637,0.191996,3.209376,1.499589,0.166290,-4.729119,0.000000,45.000000,0.680298,0.765885,-0.013154,1,14.343516,0.414796,0.377689,0.267812,0.267812,1.376417,0.031028,0.267812,0.267812,0.150371,1.195017,0.377689,0.267812,1.371454,0.031028,0.154531,1.191734,0.267812,0.267812,0.253485,0.343029,0.267813,0.252485,0.343030,-0.000000,0.000001,3.215114,10,2
1780631069.702431,proposed,0.033091,-6.089870,0.260026,3.285965,1.493283,0.204427,-4.146054,0.000000,45.000000,0.423092,2.785130,-0.010390,1,11.970988,0.266588,0.236824,0.124665,0.124665,1.592880,0.037789,0.124665,0.124665,0.154531,1.400560,0.236824,0.124665,1.592618,0.037789,0.169197,1.391264,0.124665,0.124665,0.372720,0.438912,0.118532,0.360875,0.429419,-0.000000,0.000001,3.296237,10,2
1780631069.820507,proposed,0.061209,-5.747348,0.302335,3.564478,1.493121,0.049343,-3.994612,0.000000,45.000000,-1.415884,-0.001070,-0.009640,1,15.215919,0.517743,0.478770,0.368821,0.368821,1.635768,0.035326,0.368821,0.368821,0.169197,1.431245,0.478770,0.368821,1.635768,0.035326,0.169197,1.431245,0.368821,0.368821,0.521251,0.500955,0.366503,0.516589,0.499445,-0.000000,0.000000,3.577277,10,2
1780631069.905580,proposed,0.084363,-5.390905,0.160746,3.564371,1.540220,0.007773,-3.758606,0.000000,45.000000,-1.502372,-1.283169,-0.014493,1,12.261810,0.873398,0.835404,0.724659,0.724659,1.758198,0.032633,0.724659,0.724659,0.168706,1.556859,0.835404,0.724659,1.758198,0.032633,0.168706,1.556859,0.724659,0.724659,0.673026,0.526972,0.720826,0.667680,0.523626,-0.000000,0.000000,3.567994,10,2
1780631070.049897,proposed,0.092926,-5.040884,0.010509,3.436054,1.602345,0.000000,-3.440884,0.000000,45.000000,-0.987488,-1.097821,-0.022379,1,11.822209,1.221640,1.185324,1.073779,1.073779,1.923377,0.030864,1.073779,1.073779,0.161779,1.730734,1.185324,1.073779,1.923377,0.030864,0.161779,1.730734,1.073779,1.073779,0.815964,0.582120,1.068520,0.810017,0.579727,-0.000000,0.000000,3.436070,10,2
1780631070.096793,proposed,0.089039,-4.702768,-0.088240,3.326272,1.628125,0.000000,-3.102768,0.000000,45.000000,-0.475754,-0.596545,-0.027015,1,11.580301,1.557845,1.521663,1.409919,1.409919,2.099258,0.029978,1.409919,1.409919,0.156140,1.913140,1.521663,1.409919,2.099136,0.029978,0.156140,1.913140,1.409919,1.409919,0.916201,0.617461,1.403150,0.908503,0.614010,-0.000000,0.000000,3.327442,10,2
1780631070.220237,proposed,0.077837,-4.373123,-0.135815,3.266617,1.630174,0.000000,-2.773123,0.000000,45.000000,-0.126248,-0.293991,-0.028224,1,11.081810,1.885748,1.848856,1.737264,1.737264,2.270659,0.029506,1.737264,1.737264,0.153153,2.087999,1.848856,1.737264,2.270485,0.029506,0.153153,2.087999,1.737264,1.737264,0.992369,0.665276,1.728979,0.984635,0.663346,-0.000000,0.000000,3.269439,10,2
1780631070.301479,proposed,0.063624,-4.047932,-0.148440,3.237218,1.624675,0.000000,-2.447932,0.000000,45.000000,0.082707,-0.140705,-0.027747,1,11.837568,2.209663,2.171924,2.060518,2.060518,2.439714,0.029268,2.060491,2.060491,0.151676,2.258770,2.171924,2.060518,2.439649,0.029268,0.151676,2.258770,2.060491,2.060491,1.045894,0.706347,2.050797,1.039417,0.702947,-0.000000,0.000000,3.240620,10,2
1780631070.433732,proposed,0.049194,-3.724913,-0.140169,3.223148,1.616786,0.000000,-2.124913,0.000000,45.000000,0.190263,-0.066703,-0.026591,1,22.527246,2.341672,2.493353,2.382091,2.382091,2.607636,0.029146,2.376794,2.376794,0.150938,2.427552,2.493353,2.382091,2.607636,0.029146,0.150938,2.427552,2.376794,2.376794,1.121327,0.783264,2.366249,1.114796,0.779692,-0.000000,0.000000,3.226194,10,2
1780631070.502962,proposed,0.036128,-3.402932,-0.121143,3.216477,1.608253,0.000000,-1.802932,0.000000,45.000000,0.230282,-0.031521,-0.025201,1,11.240667,2.663644,2.709795,2.598795,2.598795,2.724645,0.029081,2.540959,2.540959,0.150558,2.545007,2.709795,2.598795,2.724645,0.029081,0.150558,2.545007,2.540959,2.540959,1.155704,0.829905,2.532207,1.150970,0.826624,-0.000000,0.000000,3.218758,10,2
1780631070.623806,proposed,0.025165,-3.081442,-0.098115,3.213325,1.599977,0.000000,-1.481442,0.000000,45.000000,0.228721,-0.014879,-0.023791,1,12.351472,2.985179,3.031138,2.920079,2.920079,2.891258,0.029046,2.711836,2.711836,0.150357,2.711855,3.031138,2.920079,2.891258,0.029046,0.150357,2.711855,2.711836,2.711836,1.228511,0.883098,2.703971,1.223482,0.880040,-0.000000,0.000000,3.214823,10,2
1780631070.706513,proposed,0.016497,-2.760184,-0.075243,3.211837,1.592530,0.000000,-1.160184,0.000000,45.000000,0.204281,-0.007021,-0.022475,1,11.227114,3.306498,3.352134,3.241026,3.241026,3.057821,0.029028,2.878544,2.878544,0.150249,2.878544,3.352134,3.241026,3.057821,0.029028,0.150249,2.878544,2.878544,2.878544,1.303502,0.935619,2.870812,1.298566,0.932648,-0.000000,0.000000,3.212719,10,2
1780631070.816931,proposed,0.009994,-2.439035,-0.054814,3.211135,1.586226,0.000000,-0.839035,0.000000,45.000000,0.169682,-0.003313,-0.021316,1,12.205336,3.627700,3.672920,3.561773,3.561773,3.224383,0.029018,3.045173,3.045173,0.150192,3.045173,3.672920,3.561773,3.224383,0.029018,0.150192,3.045173,3.045173,3.045173,1.378493,0.988128,3.037554,1.373640,0.985232,-0.000000,0.000000,3.211603,10,2
1780631070.907742,proposed,0.005361,-2.117938,-0.037846,3.210804,1.581166,0.000000,-0.517938,0.000000,45.000000,0.133022,-0.001563,-0.020338,1,11.312154,3.948832,3.993580,3.882405,3.882405,3.390963,0.029013,3.211788,3.211788,0.150163,3.211788,3.993580,3.882405,3.390963,0.029013,0.150163,3.211788,3.211788,3.211788,1.453477,1.040628,3.204270,1.448698,1.037798,-0.000000,0.000000,3.211027,10,2
1780631071.010345,proposed,0.002242,-1.796866,-0.024544,3.210648,1.577302,0.000000,-0.196866,0.000000,45.000000,0.098999,-0.000737,-0.019543,1,12.073048,4.269922,4.314171,4.202977,4.202977,3.557569,0.029011,3.378410,3.378410,0.150148,3.378410,4.314171,4.202977,3.557569,0.029011,0.150148,3.378410,3.378410,3.378410,1.528457,1.093119,3.370983,1.523744,1.090347,-0.000000,0.000000,3.210741,10,2
1780631071.109594,proposed,0.000282,-1.475805,-0.014644,3.210574,1.574494,0.000000,0.124195,0.000000,45.000000,0.069944,-0.000348,-0.018913,1,11.847337,4.590984,4.634733,4.523526,4.523526,3.724200,0.029010,3.545049,3.545049,0.150141,3.545049,4.634733,4.523526,3.724200,0.029010,0.150141,3.545049,3.545049,3.545049,1.603435,1.145603,3.537704,1.598781,1.142884,-0.000000,0.000000,3.210607,10,2
1780631071.230376,proposed,-0.000832,-1.154749,-0.007650,3.210539,1.572557,0.000000,0.445251,0.000000,45.000000,0.046637,-0.000164,-0.018424,1,22.465555,4.912029,4.955293,4.844079,4.844079,3.890855,0.029009,3.711708,3.711708,0.150138,3.711708,4.955293,4.844079,3.890855,0.029009,0.150138,3.711708,3.711708,3.711708,1.678412,1.198082,3.704437,1.673811,1.195410,-0.000000,0.000000,3.210548,7,2
1780631071.307724,proposed,-0.001364,-0.833696,-0.002986,3.210523,1.571302,0.000000,0.766304,0.000000,45.000000,0.028916,-0.000077,-0.018047,1,11.740223,5.233064,5.275869,5.164650,5.164650,4.057534,0.029009,3.878388,3.878388,0.150137,3.878388,5.275869,5.164650,4.057534,0.029009,0.150137,3.878388,3.878388,3.878388,1.753391,1.250559,3.871184,1.748838,1.247929,-0.000000,0.000000,3.210524,7,2
1780631071.414818,proposed,-0.001518,-0.512644,-0.000094,3.210515,1.570555,0.000000,1.087356,0.000000,45.000000,0.016557,0.000283,-0.016269,1,15.223145,1.338570,1.309534,1.183263,1.183263,0.701864,0.029009,0.522719,0.522719,0.150137,0.522719,0.208461,0.099723,0.620000,0.029009,0.150138,0.522719,0.099723,0.099723,0.012871,0.000601,0.083684,0.005862,0.000614,-0.000000,0.000000,3.210515,10,2
1780631071.508239,proposed,-0.001445,-0.191591,0.001561,3.210543,1.570166,-0.001751,1.408328,0.000000,45.000000,0.390593,0.107437,1.262406,1,11.793729,1.311553,1.281656,1.145573,1.145573,0.691704,0.029007,0.512558,0.512558,0.150138,0.512558,0.221232,0.110292,0.620000,0.029007,0.150700,0.504889,0.110292,0.110292,0.019640,-0.000004,0.094213,0.013627,0.000001,-0.000000,0.000002,3.210544,10,2
1780631071.628596,proposed,0.000664,0.130000,0.040621,3.221287,1.571054,0.002512,1.722764,0.000000,45.000000,0.653163,-0.122555,2.352241,1,14.039150,1.021655,0.989393,0.878932,0.878932,0.704847,0.028944,0.525204,0.525204,0.150700,0.525204,0.268888,0.157403,0.628519,0.028944,0.150700,0.511720,0.157403,0.157403,0.031314,0.000003,0.145315,0.027303,0.000000,-0.000000,0.000001,3.221543,10,2
1780631071.709699,proposed,0.007992,0.451516,0.105937,3.209031,1.569447,0.024630,2.016371,0.000000,45.000000,0.122467,-0.414294,1.597104,1,14.737429,0.758077,0.721531,0.615574,0.615574,0.663901,0.028290,0.485162,0.485162,0.150150,0.485461,0.217169,0.108015,0.620000,0.028290,0.150150,0.476978,0.108015,0.108015,0.023987,0.000018,0.090962,0.015642,0.000000,-0.000000,0.000000,3.210779,10,2
1780631071.824762,proposed,0.019198,0.770348,0.118184,3.167602,1.563803,0.085410,2.291445,0.000000,45.000000,-0.603274,-1.373302,-0.376892,1,15.884209,0.531640,0.509472,0.405458,0.405458,0.620000,0.027125,0.399032,0.399032,0.148062,0.444813,0.166736,0.051952,0.620000,0.027125,0.148062,0.444813,0.051952,0.051952,0.011281,0.001205,0.027481,0.000002,0.000001,-0.000000,0.000001,3.169806,10,2
1780631071.917531,proposed,0.028000,1.080242,0.057856,3.030272,1.551881,0.183410,2.587788,0.000000,45.000000,-1.328630,-1.925880,-2.514815,1,22.523316,0.483311,0.447687,0.335216,0.335216,0.620000,0.025953,0.334757,0.334757,0.141044,0.453004,0.145147,0.041298,0.620000,0.025953,0.141044,0.453004,0.041298,0.041298,0.008461,0.002322,0.016283,0.000001,0.000000,-0.000000,0.000003,3.030824,10,2
1780631072.052533,proposed,0.027143,1.373639,-0.075007,2.837684,1.530515,0.239912,2.920910,0.000000,45.000000,-1.086053,-0.578215,-4.333058,1,41.022867,0.473861,0.446258,0.331298,0.331298,0.620000,0.025525,0.331015,0.331015,0.131499,0.462976,0.138885,0.031137,0.620000,0.025525,0.132952,0.462976,0.031137,0.031137,0.001811,-0.003991,0.016885,0.000000,0.000000,-0.000000,0.000479,2.838675,10,2
1780631072.117630,proposed,0.014212,1.654517,-0.183612,2.779862,1.484672,0.150109,3.232922,0.000000,45.000000,-2.954757,1.442524,1.684261,1,30.582063,0.432178,0.396148,0.284529,0.284529,0.634184,0.025628,0.284498,0.284498,0.128911,0.479646,0.192516,0.088965,0.634184,0.025628,0.137658,0.477219,0.088965,0.088965,-0.000123,-0.012460,0.080907,0.005920,0.000000,-0.000000,0.002851,2.785919,10,2
1780631072.216626,proposed,-0.018923,1.939716,-0.479088,2.924115,1.450389,-0.097630,3.456055,0.000000,45.000000,-0.261383,0.820584,1.340773,1,22.889668,0.439967,0.405314,0.293146,0.293146,0.664019,0.025522,0.293126,0.293126,0.137658,0.500839,0.211735,0.108921,0.623949,0.025522,0.141922,0.482393,0.108921,0.108921,0.003136,-0.006198,0.104712,0.005545,0.000000,-0.000000,0.000003,2.963102,10,2
1780631072.308002,proposed,-0.068139,2.236230,-0.505226,3.006173,1.542746,-0.344661,3.724895,0.000000,45.000000,-0.240029,-0.022824,0.318582,1,13.128140,0.380553,0.340196,0.236050,0.236050,0.787136,0.026053,0.236049,0.236049,0.141922,0.619161,0.281749,0.169841,0.693009,0.026053,0.142014,0.604627,0.169841,0.169841,0.040014,0.069842,0.167738,0.040446,0.069972,-0.000000,0.000000,3.048332,10,2
1780631072.439837,proposed,-0.119862,2.536733,-0.529229,3.003891,1.659190,-0.198946,4.197213,0.000000,45.000000,1.626548,1.454180,0.048530,1,31.845450,0.499901,0.460419,0.351604,0.351604,0.736370,0.029127,0.351588,0.351588,0.142014,0.565230,0.343853,0.239644,0.703255,0.029127,0.148101,0.565230,0.239644,0.239644,0.056885,0.006407,0.229898,0.053891,0.006251,-0.000000,0.000001,3.050155,10,2
1780631072.501450,proposed,-0.164652,2.844393,-0.366574,3.149309,1.660077,-0.301406,4.530995,0.000000,45.000000,0.531585,1.152554,-0.019524,1,11.635737,0.445896,0.406269,0.298441,0.298441,0.928777,0.030675,0.298441,0.298441,0.148101,0.750001,0.406269,0.298441,0.913916,0.030675,0.153674,0.750001,0.298441,0.298441,0.182228,0.102412,0.297839,0.179641,0.101925,-0.000000,0.000000,3.170571,10,2
1780631072.620513,proposed,-0.198651,3.165087,-0.313416,3.264564,1.662647,-0.152403,4.795473,0.000000,45.000000,1.843187,0.117517,-0.036703,1,14.981832,0.542984,0.502844,0.397768,0.397768,0.981510,0.030199,0.397768,0.397768,0.153674,0.797637,0.502844,0.397768,0.981510,0.030199,0.153674,0.797637,0.397768,0.397768,0.195028,0.125389,0.397646,0.193109,0.125764,-0.000000,0.000000,3.279574,10,2
1780631072.707644,proposed,-0.220777,3.492131,-0.129097,3.276316,1.597832,-0.131185,5.094473,0.000000,45.000000,1.509847,-0.262392,-0.033738,1,11.871562,0.629306,0.589602,0.480363,0.480363,1.108583,0.029642,0.480363,0.480363,0.153637,0.925304,0.580434,0.470332,1.108583,0.029642,0.153637,0.925304,0.470332,0.470332,0.206133,0.227837,0.467758,0.205483,0.227588,-0.000000,0.000000,3.278858,10,2
1780631072.834335,proposed,-0.226138,3.818450,0.021888,3.250077,1.548633,-0.132831,5.453414,0.000000,45.000000,0.847626,0.116031,-0.027441,1,19.968812,0.622399,0.589164,0.476352,0.476352,1.273478,0.030108,0.476352,0.476352,0.152164,1.091206,0.589164,0.476352,1.273478,0.030108,0.152845,1.091206,0.476352,0.476352,0.280205,0.315412,0.475585,0.279157,0.315263,-0.000000,0.000000,3.250150,10,2
1780631072.901983,proposed,-0.219711,4.144038,0.106650,3.261680,1.530783,-0.085008,5.794811,0.000000,45.000000,0.790221,0.233831,-0.023751,1,11.398200,0.649988,0.625026,0.511989,0.511989,1.424343,0.030611,0.511989,0.511989,0.152845,1.240888,0.625026,0.511989,1.424343,0.030611,0.154226,1.240888,0.511989,0.511989,0.391714,0.408254,0.511520,0.390557,0.408054,-0.000000,0.000000,3.263423,10,2
1780631073.026512,proposed,-0.205095,4.471375,0.185672,3.285063,1.510276,-0.036706,6.104302,0.000000,45.000000,0.735167,-0.020050,-0.020443,1,13.587868,0.771899,0.748316,0.643441,0.643441,1.566469,0.030508,0.643441,0.643441,0.154226,1.381736,0.748316,0.643441,1.566469,0.030508,0.154379,1.381736,0.643441,0.643441,0.520502,0.474607,0.643026,0.519247,0.474343,-0.000000,0.000000,3.290306,10,2
1780631073.101907,proposed,-0.182851,4.799781,0.259189,3.283058,1.487361,-0.008439,6.411070,0.000000,45.000000,0.458335,-0.223011,-0.017023,1,12.050521,0.980402,0.953471,0.848913,0.848913,1.048046,0.030088,0.835511,0.835511,0.154379,0.863579,0.953471,0.848913,0.994820,0.030088,0.154379,0.851635,0.835511,0.835511,0.387126,0.265500,0.835201,0.379127,0.265500,-0.000000,0.000000,3.293273,10,2
1780631073.233790,proposed,-0.154641,5.126972,0.305023,3.260757,1.473065,0.000000,6.726972,0.000000,45.000000,0.057921,-0.239852,-0.014515,1,20.091286,1.235194,1.202845,1.096178,1.096178,0.936370,0.029666,0.753265,0.753265,0.153439,0.753265,0.771281,0.666492,0.875400,0.029666,0.153439,0.740597,0.666448,0.666448,0.286347,0.196458,0.631733,0.268979,0.189980,-0.000000,0.000000,3.274992,10,2
1780631073.308862,proposed,-0.123849,5.451848,0.310815,3.236771,1.473628,0.000000,7.051848,0.000000,45.000000,-0.272217,-0.134651,-0.013844,1,12.987563,1.509341,1.476145,1.366521,1.366521,0.907579,0.029428,0.725910,0.725910,0.152241,0.725910,0.691578,0.583969,0.831064,0.029428,0.152241,0.712139,0.583951,0.583951,0.254213,0.170635,0.545315,0.235092,0.158677,-0.000000,0.000000,3.251660,10,2
1780631073.420099,proposed,-0.094129,5.774852,0.283593,3.223306,1.485008,0.000000,7.374852,0.000000,45.000000,-0.440973,-0.066954,-0.014799,1,15.174164,1.468281,1.430638,1.324933,1.324933,0.918028,0.029262,0.737340,0.737340,0.151427,0.737340,0.675299,0.565077,0.824105,0.029262,0.151427,0.737102,0.565057,0.565057,0.236449,0.157308,0.540431,0.227761,0.145084,-0.000000,0.000000,3.235758,10,2
1780631073.508762,proposed,-0.067974,6.096848,0.239496,3.216611,1.500315,0.000000,7.696848,0.000000,45.000000,-0.490869,-0.032133,-0.016619,1,11.749569,1.882504,1.853101,1.737594,1.737594,2.191645,0.029155,1.737592,1.737592,0.150903,2.011588,1.853101,1.737594,2.165789,0.029155,0.150903,2.004833,1.737592,1.737592,0.916836,0.603490,1.736948,0.914909,0.603590,-0.000000,0.000000,3.225515,10,2
1780631073.621810,proposed,-0.046479,6.418349,0.190409,3.213398,1.516028,0.000000,8.018349,0.000000,45.000000,-0.468191,-0.015247,-0.018679,1,13.269346,2.185364,2.155104,2.039872,2.039872,2.311714,0.029089,2.038759,2.038759,0.150572,2.132054,2.155104,2.039872,2.288518,0.029089,0.150572,2.125979,2.038759,2.038759,0.969575,0.668179,2.038126,0.967581,0.668098,-0.000000,0.000000,3.219034,10,2
1780631073.708353,proposed,-0.029779,6.739612,0.143590,3.211873,1.530344,0.000000,8.339612,0.000000,45.000000,-0.407403,-0.007207,-0.020632,1,11.538529,2.493827,2.461620,2.347676,2.347676,2.438398,0.029050,2.257724,2.257724,0.150370,2.258978,2.461620,2.347676,2.417531,0.029050,0.150370,2.253544,2.253544,2.253544,1.011795,0.724153,2.251533,1.010815,0.724149,-0.000000,0.000000,3.215081,10,2
1780631073.832337,proposed,-0.017457,7.060763,0.102849,3.211152,1.542437,0.000000,8.660763,0.000000,45.000000,-0.331733,-0.003403,-0.022305,1,23.045209,2.806051,2.772325,2.659214,2.659214,2.570508,0.029028,2.391224,2.391224,0.150253,2.391226,2.772325,2.659214,2.551730,0.029028,0.150253,2.386399,2.386399,2.386399,1.071226,0.766774,2.384397,1.070227,0.766774,-0.000000,0.000000,3.212799,10,2
1780631073.902682,proposed,-0.008831,7.381862,0.069676,3.210812,1.552067,0.000000,8.981862,0.000000,45.000000,-0.255615,-0.001606,-0.023629,1,11.213807,3.120765,3.085860,2.961677,2.961677,2.707096,0.029018,2.527888,2.527888,0.150190,2.527888,3.085860,2.961677,2.690234,0.029018,0.150190,2.523642,2.523642,2.523642,1.133303,0.810533,2.521642,1.132304,0.810534,-0.000000,0.000000,3.211568,10,2
1780631074.024328,proposed,-0.003141,7.702935,0.044115,3.210651,1.559345,0.000000,9.302935,0.000000,45.000000,-0.187093,-0.000758,-0.024600,1,13.036347,3.348012,3.309745,3.204429,3.204429,2.847409,0.029012,2.668238,2.668238,0.150159,2.668238,3.309745,3.204429,2.832325,0.029012,0.150159,2.664547,2.664547,2.664547,1.197016,0.855415,2.662547,1.196017,0.855416,-0.000000,0.000000,3.210954,10,2
1780631074.108110,proposed,0.000335,8.023996,0.025405,3.210576,1.564567,0.000000,9.623996,0.000000,45.000000,-0.129844,-0.000357,-0.025253,1,11.605411,3.582576,3.544826,3.438911,3.438911,2.990846,0.029010,2.811691,2.811691,0.150145,2.811691,3.544826,3.438911,2.977167,0.029010,0.150145,2.808530,2.808530,2.808530,1.262100,0.901237,2.806530,1.261100,0.901238,-0.000000,0.000000,3.210676,10,2
1780631074.218788,proposed,0.002226,8.345052,0.012421,3.210540,1.568109,0.000000,9.945052,0.000000,45.000000,-0.084742,-0.000169,-0.025640,1,12.695187,3.827534,3.790861,3.684196,3.684196,3.136923,0.029009,2.957775,2.957775,0.150139,2.957775,3.790861,3.684196,3.124275,0.029009,0.150139,2.955115,2.955115,2.955115,1.328339,0.947852,2.953116,1.327340,0.947852,-0.000000,0.000000,3.210564,10,2
1780631074.306088,proposed,0.003044,8.666105,0.003947,3.210523,1.570352,0.000000,10.266105,0.000000,45.000000,-0.051018,-0.000080,-0.025816,1,12.267188,4.081869,4.046276,3.938762,3.938762,3.285248,0.029009,3.106102,3.106102,0.150137,3.106102,4.046276,3.938762,3.273566,0.029009,0.150137,3.103916,3.103916,3.103916,1.395560,0.995136,3.101917,1.394560,0.995137,-0.000000,0.000000,3.210525,10,2
1780631074.420827,proposed,0.003184,8.987157,-0.001155,3.210515,1.571643,0.000000,10.587157,0.000000,45.000000,-0.027075,-0.000038,-0.025835,1,16.096029,0.776264,4.309720,4.201299,4.201299,3.435500,0.029009,3.256355,3.256355,0.150137,3.256355,4.309720,4.201299,3.424720,0.029009,0.150137,3.254612,3.254612,3.254612,1.463617,1.042991,3.252612,1.462617,1.042991,-0.000000,0.000000,3.210515,10,2
1780631074.515006,proposed,0.002933,9.308208,-0.003863,3.210511,1.572272,-0.003895,11.290952,0.000000,45.000000,2.803145,1.986438,3.348857,1,19.796728,0.283978,0.251034,0.139408,0.139408,0.764524,0.037922,0.139408,0.139408,0.150136,0.576465,0.251034,0.139408,0.741311,0.037922,0.160959,0.559476,0.139408,0.139408,0.019787,0.003905,0.123213,0.014643,0.000000,-0.000000,0.000554,3.210514,10,2
1780631074.716719,proposed,0.016563,9.639192,0.276452,3.409155,1.626786,0.129101,11.251266,0.000000,45.000000,-0.283669,-3.374803,-0.607957,0,97.167320,0.430193,0.475970,0.362694,0.362694,0.620000,0.031013,0.359929,0.359929,0.160959,0.428028,-0.010097,-0.142905,0.620000,0.031013,0.180045,0.422506,-0.142905,-0.142905,-0.116234,-0.097684,-0.000059,-0.003099,-0.000297,-0.003099,0.154848,3.420346,10,2
1780631074.778409,proposed,0.016563,9.639192,0.276452,3.409155,1.626786,0.129101,11.251266,0.000000,45.000000,1.356343,-4.882902,0.850097,1,49.093901,0.430193,0.475970,0.362694,0.362694,0.620000,0.031013,0.359929,0.359929,0.160959,0.428028,0.145751,0.038469,0.620000,0.031013,0.160959,0.428028,0.038469,0.038469,0.006756,-0.012077,0.024691,0.000000,0.000000,-0.000000,0.002472,3.420346,10,2
1780631074.818776,proposed,0.042789,9.963233,0.248085,3.071675,1.566071,0.337053,11.347837,0.000000,45.000000,3.632542,-5.886785,1.304252,1,31.093982,0.451090,0.413590,0.304025,0.304025,0.620000,0.024420,0.303864,0.303864,0.143601,0.451979,0.147184,0.044599,0.620000,0.024420,0.143601,0.451979,0.044599,0.044599,0.005998,-0.017896,0.030599,0.000000,0.000000,-0.000000,0.005238,3.081677,10,2
1780631074.915870,proposed,0.085761,10.240967,0.611339,2.482996,1.252807,0.369052,11.686693,0.000000,45.000000,3.787780,-2.500979,3.694137,1,21.847442,0.469725,0.436922,0.305832,0.305832,0.649251,0.021954,0.305809,0.305809,0.117848,0.509450,0.139900,0.036599,0.639057,0.021954,0.117848,0.509450,0.036599,0.036599,-0.010783,-0.000429,0.028606,0.000000,0.000001,-0.000000,0.004483,2.557148,10,2
1780631075.028605,proposed,0.165833,10.476761,0.990117,2.232898,1.265566,0.378258,11.946680,0.000000,45.000000,4.025886,1.374501,0.163015,1,21.934366,0.314546,0.277007,0.172448,0.172448,0.740281,0.021497,0.172448,0.172448,0.112406,0.606378,0.161114,0.058498,0.738537,0.021497,0.130782,0.588177,0.058498,0.058498,-0.004586,-0.000331,0.052829,0.000000,0.000000,-0.000000,0.005463,2.442574,10,2
1780631075.100093,proposed,0.284975,10.706924,1.392706,2.370349,1.427819,0.234537,12.381163,0.000000,45.000000,-6.328239,4.494212,-0.018899,1,12.479535,0.569441,0.549377,0.436773,0.436773,1.311176,0.027306,0.436773,0.436773,0.127118,1.156751,0.549377,0.436773,1.305994,0.027306,0.135534,1.148636,0.436773,0.436773,0.323475,0.307381,0.429820,0.323359,0.307066,-0.000000,0.000000,2.749215,10,2
1780631075.222213,proposed,0.392604,10.966430,0.759882,2.819770,1.328309,0.093469,12.617197,0.000000,45.000000,-6.514058,2.525123,-0.053424,1,17.038151,0.664314,0.678381,0.573782,0.573782,1.402909,0.028529,0.573782,0.573782,0.135534,1.238847,0.678381,0.573782,1.402099,0.028529,0.143224,1.234817,0.573782,0.573782,0.406790,0.378522,0.570791,0.405780,0.378125,-0.000000,0.000000,2.920363,10,2
1780631075.302456,proposed,0.436022,11.261032,0.108476,3.072282,1.445050,0.220126,12.974323,0.000000,45.000000,-2.895067,1.812840,-0.074431,1,13.099713,0.387496,0.350140,0.240681,0.240681,1.320511,0.030724,0.240681,0.240681,0.143224,1.146563,0.350140,0.240681,1.319570,0.030724,0.152597,1.141253,0.240681,0.240681,0.216423,0.300502,0.240682,0.215424,0.300503,-0.000000,0.000000,3.074196,10,2
1780631075.428250,proposed,0.432394,11.577325,-0.181031,3.253566,1.532286,0.108141,13.300614,0.000000,45.000000,-2.302575,1.043545,-0.088704,1,20.493348,0.394378,0.355343,0.251930,0.251930,1.449580,0.032729,0.251930,0.251930,0.152597,1.264254,0.355343,0.251930,1.449181,0.032729,0.159017,1.263258,0.251930,0.251930,0.330972,0.383356,0.251930,0.329973,0.383356,-0.000000,0.000000,3.258599,10,2
1780631075.511464,proposed,0.402778,11.907899,-0.411288,3.357921,1.628765,0.000000,13.507899,0.000000,45.000000,-1.935289,-0.575760,-0.102202,1,11.447261,1.437192,1.401855,1.294513,1.294513,1.923231,0.031428,1.294513,1.294513,0.159017,1.732785,1.401855,1.294513,1.919235,0.031428,0.159017,1.732785,1.294513,1.294513,0.825248,0.554127,1.289214,0.819366,0.552169,-0.000000,0.000000,3.383015,10,2
1780631075.612527,proposed,0.351973,12.240812,-0.604817,3.300345,1.737656,0.000000,13.840812,0.000000,45.000000,-0.596033,-0.442141,-0.116780,1,13.022112,1.712736,1.677382,1.569963,1.569963,2.096983,0.030955,1.569963,1.569963,0.157581,1.908447,1.677382,1.569963,2.090291,0.030955,0.157581,1.908447,1.569963,1.569963,0.898425,0.620401,1.563761,0.892366,0.618091,-0.000000,0.000000,3.355306,10,2
1780631075.710958,proposed,0.288511,12.568636,-0.664420,3.256131,1.767191,0.000000,14.168636,0.000000,45.000000,0.334658,-0.235813,-0.122891,1,11.634626,1.990039,1.956160,1.847220,1.847220,2.266871,0.030434,1.847212,1.847212,0.155923,2.080514,1.956160,1.847220,2.259471,0.030434,0.155923,2.080514,1.847212,1.847212,0.961582,0.643333,1.839970,0.956731,0.641398,-0.000000,0.000000,3.323227,10,2
1780631075.818615,proposed,0.223742,12.893070,-0.630954,3.232549,1.756424,0.000000,14.493070,0.000000,45.000000,0.833092,-0.115599,-0.122459,1,12.204469,2.275171,2.243247,2.131790,2.131790,2.434213,0.029982,2.131335,2.131335,0.154393,2.249838,2.243247,2.131790,2.427651,0.029982,0.154393,2.249838,2.131335,2.131335,1.033693,0.709405,2.123032,1.028532,0.706915,-0.000000,0.000000,3.293551,10,2
1780631075.909540,proposed,0.164812,13.215747,-0.547645,3.220989,1.728692,0.000000,14.815747,0.000000,45.000000,1.025715,-0.055232,-0.118546,1,11.061329,2.569866,2.539836,2.425292,2.425292,2.600471,0.029626,2.401500,2.401500,0.153039,2.417805,2.539836,2.425292,2.594935,0.029626,0.153039,2.417805,2.401500,2.401500,1.100509,0.779195,2.393514,1.096930,0.776727,-0.000000,0.000000,3.267214,10,2
1780631076.027873,proposed,0.115177,13.537570,-0.445074,3.215466,1.696377,0.000000,15.137570,0.000000,45.000000,1.027021,-0.026169,-0.113288,1,11.669724,2.872155,2.842437,2.726684,2.726684,2.766432,0.029371,2.584902,2.584902,0.151958,2.585103,2.842437,2.726684,2.761959,0.029371,0.151958,2.585103,2.584902,2.584902,1.167047,0.834774,2.577845,1.162797,0.832439,-0.000000,0.000000,3.246123,10,2
1780631076.107426,proposed,0.075804,13.858985,-0.342372,3.212849,1.665523,0.000000,15.458985,0.000000,45.000000,0.921921,-0.012364,-0.107888,1,11.344232,3.180297,3.148231,3.034117,3.034117,2.932426,0.029205,2.752034,2.752034,0.151185,2.752035,3.148231,3.034117,2.928963,0.029205,0.151185,2.752035,2.752034,2.752034,1.242200,0.887684,2.744856,1.237875,0.885311,-0.000000,0.000000,3.231040,10,2
1780631076.223507,proposed,0.046177,14.180209,-0.250179,3.211613,1.638745,0.000000,15.780209,0.000000,45.000000,0.768664,-0.005836,-0.102930,1,12.926276,3.492869,3.458896,3.345849,3.345849,3.098556,0.029106,2.918760,2.918760,0.150690,2.918760,3.458896,3.345849,3.095983,0.029106,0.150690,2.918760,2.918760,2.918760,1.317403,0.940526,2.911454,1.313023,0.938117,-0.000000,0.000000,3.221342,10,2
1780631076.308412,proposed,0.025002,14.501341,-0.173313,3.211029,1.616912,0.000000,16.101341,0.000000,45.000000,0.604520,-0.002754,-0.098653,1,11.162599,3.808367,3.772896,3.660522,3.660522,3.264833,0.029053,3.085378,3.085378,0.150401,3.085378,3.772896,3.660522,3.262803,0.029053,0.150401,3.085378,3.085378,3.085378,1.392576,0.993331,3.077960,1.388149,0.990891,-0.000000,0.000000,3.215703,10,2
1780631076.408092,proposed,0.010693,14.822430,-0.112861,3.210754,1.600014,0.000000,16.422430,0.000000,45.000000,0.451263,-0.001299,-0.095111,1,12.050932,2.823085,4.089123,3.977165,3.977165,3.431233,0.029027,3.251957,3.251957,0.150250,3.251957,4.089123,3.977165,3.429493,0.029027,0.150250,3.251957,3.251957,3.251957,1.467731,1.046096,3.244438,1.463261,1.043627,-0.000000,0.000000,3.212737,10,2
1780631076.511659,proposed,0.001664,15.143499,-0.067735,3.210624,1.587578,0.000000,16.743499,0.000000,45.000000,0.319837,-0.000613,-0.092263,1,11.459952,3.036246,2.998017,2.886619,2.886619,2.872165,0.029015,2.692939,2.692939,0.150179,2.692972,2.998017,2.886619,2.872165,0.029015,0.150179,2.692972,2.692939,2.692939,1.218593,0.872803,2.692363,1.217333,0.872621,-0.000000,0.000000,3.211338,4,2
1780631076.624406,proposed,-0.003511,15.464558,-0.035751,3.210563,1.578909,0.000000,17.064558,0.000000,45.000000,0.214053,-0.000289,-0.090015,1,11.966571,3.355961,3.317739,3.206308,3.206308,3.038383,0.029011,2.859223,2.859223,0.150149,2.859223,3.317739,3.206308,3.038383,0.029011,0.150149,2.859223,2.859223,2.859223,1.293418,0.925245,2.858648,1.292158,0.925063,-0.000000,0.000000,3.210762,4,2
1780631076.698769,proposed,-0.006016,15.785613,-0.014346,3.210534,1.573239,0.000000,17.385613,0.000000,45.000000,0.133380,-0.000136,-0.088258,1,11.989822,3.675666,3.637358,3.525922,3.525922,3.204670,0.029010,3.025521,3.025521,0.150139,3.025521,3.637358,3.525922,3.204670,0.029010,0.150139,3.025521,3.025521,3.025521,1.368263,0.977668,3.024948,1.367004,0.977486,-0.000000,0.000000,3.210566,4,2
1780631076.819293,proposed,-0.006783,16.106666,-0.001008,3.210520,1.569828,0.000000,17.706666,0.000000,45.000000,0.074936,-0.000064,-0.086881,1,11.535907,3.995441,3.956988,3.845563,3.845563,3.371017,0.029009,3.191871,3.191871,0.150137,3.191871,3.956988,3.845563,3.371017,0.029009,0.150137,3.191871,3.191871,3.191871,1.443114,1.030084,3.191298,1.441856,1.029903,-0.000000,0.000000,3.210520,4,2
1780631076.910188,proposed,-0.006509,16.427717,0.006486,3.210514,1.568029,0.000000,18.027717,0.000000,45.000000,0.034831,-0.000030,-0.085784,1,11.155399,4.315328,4.276697,4.165292,4.165292,3.537418,0.029009,3.358272,3.358272,0.150137,3.358272,4.276697,4.165292,3.537418,0.029009,0.150137,3.358272,3.358272,3.358272,1.517975,1.082499,3.357700,1.516717,1.082318,-0.000000,0.000000,3.210520,4,2
1780631077.051315,proposed,-0.005687,16.748769,0.009969,3.210511,1.567313,0.000000,18.348769,0.000000,45.000000,0.009021,-0.000014,-0.084881,1,20.713678,4.635342,4.596518,4.485137,4.485137,3.703868,0.029009,3.524721,3.524721,0.150137,3.524721,4.596518,4.485137,3.703868,0.029009,0.150137,3.524721,3.524721,3.524721,1.592849,1.134919,3.524150,1.591591,1.134739,-0.000000,0.000000,3.210526,4,2
1780631077.101850,proposed,-0.004645,17.069820,0.010871,3.210509,1.567274,0.000000,18.669820,0.000000,45.000000,-0.006208,-0.000007,-0.084107,1,11.307736,4.955482,4.916465,4.805107,4.805107,3.870361,0.029009,3.691214,3.691214,0.150137,3.691214,4.916465,4.805107,3.870361,0.029009,0.150137,3.691214,3.691214,3.691214,1.667738,1.187347,3.690644,1.666480,1.187167,-0.000000,0.000000,3.210528,4,2
1780631077.222135,proposed,-0.003588,17.390870,0.010250,3.210509,1.567615,0.000000,18.990870,0.000000,45.000000,-0.014006,-0.000003,-0.083412,1,11.658203,5.275736,5.236535,5.125198,5.125198,4.036894,0.029009,3.857748,3.857748,0.150137,3.857748,5.236535,5.125198,4.036894,0.029009,0.150137,3.857748,3.857748,3.857748,1.742643,1.239787,3.857177,1.741386,1.239607,-0.000000,0.000000,3.210525,4,2
1780631077.309095,proposed,-0.002633,17.711921,0.008850,3.210508,1.568131,0.000000,19.311921,0.000000,45.000000,-0.016882,-0.000002,-0.082759,1,11.371978,5.596092,5.556719,5.445400,5.445400,4.203462,0.029009,4.024316,4.024316,0.150137,4.024316,5.556719,5.445400,4.203462,0.029009,0.150137,4.024316,4.024316,4.024316,1.817565,1.292239,4.023746,1.816308,1.292059,-0.000000,0.000000,3.210520,4,2
1780631077.405934,proposed,-0.001833,18.032972,0.007162,3.210508,1.568692,0.000000,19.632972,0.000000,45.000000,-0.016736,-0.000001,-0.082126,1,12.006507,0.600164,5.877004,5.765701,5.765701,4.370062,0.029009,4.190917,4.190917,0.150137,4.190917,5.877004,5.765701,4.370062,0.029009,0.150137,4.190917,4.190917,4.190917,1.892504,1.344704,4.190347,1.891247,1.344524,-0.000000,0.000000,3.210516,4,2
1780631077.506065,proposed,-0.001200,18.354023,0.005488,3.210508,1.569219,-0.030357,19.995604,0.000000,45.000000,-0.285323,0.370371,-0.081501,1,11.900316,0.739218,0.701086,0.596467,0.596467,1.609116,0.029891,0.596467,0.596467,0.150136,1.429089,0.701086,0.596467,1.566958,0.029891,0.152035,1.421478,0.596467,0.596467,0.536400,0.459103,0.596279,0.535222,0.459292,-0.000000,0.000000,3.210513,10,2
1780631077.622879,proposed,-0.002078,18.676926,-0.023044,3.247545,1.578760,-0.005543,20.286575,0.000000,45.000000,0.049941,-0.050568,-0.081861,1,13.934034,0.991147,0.957252,0.848766,0.848766,1.712555,0.029498,0.848766,0.848766,0.152035,1.531022,0.957252,0.848766,1.674642,0.029498,0.152035,1.525070,0.848766,0.848766,0.676495,0.492201,0.848472,0.675241,0.492162,-0.000000,0.000000,3.247627,10,2
1780631077.706093,proposed,-0.004133,19.001427,-0.018050,3.242488,1.575538,0.000000,20.601427,0.000000,45.000000,0.120697,-0.145767,-0.081075,1,11.684647,1.275273,1.244128,1.131891,1.131891,1.823810,0.029257,1.131891,1.131891,0.151774,1.642779,1.244128,1.131891,1.792173,0.029257,0.151774,1.638382,1.131891,1.131891,0.764419,0.506809,1.131457,0.761492,0.506835,-0.000000,0.000000,3.242539,10,2
1780631077.824134,proposed,-0.005334,19.324947,-0.005980,3.227912,1.571326,0.000000,20.924947,0.000000,45.000000,0.083151,-0.088231,-0.079901,1,13.762060,1.572808,1.543350,1.428083,1.428083,1.946140,0.029144,1.428083,1.428083,0.151026,1.765971,1.543350,1.428083,1.920197,0.029144,0.151026,1.762241,1.428083,1.428083,0.820803,0.541576,1.427484,0.817805,0.542536,-0.000000,0.000000,3.227917,10,2
1780631077.906325,proposed,-0.005517,19.647297,0.002335,3.219088,1.569125,0.000000,21.247297,0.000000,45.000000,0.045037,-0.044733,-0.078856,1,11.991142,1.876186,1.846537,1.730902,1.730902,2.076284,0.029075,1.730815,1.730815,0.150574,1.896634,1.846537,1.730902,2.054195,0.029075,0.150574,1.893521,1.730815,1.730815,0.866026,0.583625,1.729607,0.864082,0.583513,-0.000000,0.000000,3.219089,10,2
1780631078.019425,proposed,-0.005058,19.968982,0.006838,3.214615,1.568127,0.000000,21.568982,0.000000,45.000000,0.018090,-0.021600,-0.077981,1,15.304058,2.183743,2.152488,2.033514,2.033514,2.212520,0.029041,2.013519,2.013519,0.150346,2.033133,2.152488,2.033514,2.193700,0.029041,0.150346,2.030635,2.013519,2.013519,0.923186,0.651370,2.008759,0.924802,0.650586,-0.000000,0.000000,3.214622,10,2
1780631078.106031,proposed,-0.004284,20.290336,0.008647,3.212455,1.567852,0.000000,21.890336,0.000000,45.000000,0.001134,-0.010270,-0.077233,1,12.230542,2.416237,2.377268,2.272021,2.272021,2.353577,0.029024,2.173397,2.173397,0.150236,2.174317,2.377268,2.272021,2.337515,0.029024,0.150236,2.172400,2.172399,2.172399,0.977030,0.699654,2.170399,0.976128,0.699625,-0.000000,0.000000,3.212467,10,2
1780631078.227287,proposed,-0.003413,20.611530,0.008761,3.211428,1.567999,0.000000,22.211530,0.000000,45.000000,-0.008399,-0.004858,-0.076567,1,16.436616,2.636453,2.598311,2.492951,2.492951,2.498486,0.029016,2.319221,2.319221,0.150184,2.319287,2.598311,2.492951,2.484203,0.029016,0.150184,2.317897,2.317897,2.317897,1.042326,0.746116,2.315898,1.041327,0.746116,-0.000000,0.000000,3.211440,10,2
1780631078.301940,proposed,-0.002579,20.932649,0.007921,3.210942,1.568364,0.000000,22.532649,0.000000,45.000000,-0.012818,-0.002294,-0.075949,1,12.832660,2.874650,2.837523,2.731234,2.731234,2.646499,0.029012,2.467325,2.467325,0.150159,2.467327,2.837523,2.731234,2.633767,0.029012,0.150159,2.466411,2.466411,2.466411,1.109383,0.793340,2.464412,1.108383,0.793341,-0.000000,0.000000,3.210952,10,2
1780631078.420591,proposed,-0.001851,21.253731,0.006639,3.210713,1.568816,0.000000,22.853731,0.000000,45.000000,-0.013945,-0.001083,-0.075357,1,14.598539,0.408451,3.090837,2.983423,2.983423,2.797034,0.029010,2.617876,2.617876,0.150147,2.617876,3.090837,2.983423,2.785667,0.029010,0.150147,2.617382,2.617382,2.617382,1.177550,0.841280,2.615382,1.176550,0.841281,-0.000000,0.000000,3.210720,10,2
1780631078.506588,proposed,-0.001257,21.574797,0.005244,3.210605,1.569269,0.283275,23.098470,0.000000,45.000000,2.510041,-0.680371,-0.074750,1,11.651558,0.445387,0.405398,0.298755,0.298755,0.726016,0.027986,0.298750,0.298750,0.150141,0.547889,0.389910,0.279812,0.726016,0.027986,0.150141,0.547889,0.279811,0.279811,0.115498,0.093445,0.277140,0.114202,0.094387,-0.000000,0.000000,3.210609,10,2
1780631078.626989,proposed,0.011817,21.892456,0.256249,3.142568,1.458051,0.287323,23.546526,0.000000,45.000000,1.451779,0.744191,1.399723,1,18.215042,0.441027,0.401334,0.293793,0.293793,0.620000,0.030207,0.293637,0.293637,0.147208,0.442585,0.213328,0.098248,0.620000,0.030207,0.151743,0.442585,0.098248,0.098248,0.009703,-0.001502,0.071674,0.000319,0.000001,-0.000000,0.000001,3.152998,10,2
1780631078.718476,proposed,0.044701,22.210434,0.401426,3.216987,1.442109,0.160593,23.919989,0.000000,45.000000,0.092175,-0.765514,-0.016545,1,24.803774,0.425550,0.399568,0.295687,0.295687,0.620000,0.031696,0.295482,0.295482,0.151743,0.436561,0.165678,0.055309,0.620000,0.031696,0.151743,0.436561,0.055309,0.055309,0.010031,0.002332,0.029524,0.000000,0.000000,-0.000000,0.001039,3.241936,10,2
1780631078.860479,proposed,0.085305,22.528305,0.410644,3.140435,1.474369,0.089068,24.280376,0.000000,45.000000,1.224753,-3.274364,-0.839266,1,50.531558,0.452401,0.423573,0.308487,0.308487,0.620000,0.031991,0.308203,0.308203,0.147928,0.440081,0.165195,0.046786,0.620000,0.031991,0.147928,0.440081,0.046786,0.046786,0.006073,-0.000330,0.013639,0.000000,0.000000,-0.000000,0.003174,3.167169,10,2
1780631078.917236,proposed,0.132493,22.825976,0.533119,2.812999,1.481267,0.020039,24.425239,0.000000,45.000000,1.368914,-6.336084,-1.139555,1,35.459955,0.747297,0.715126,0.587800,0.587800,0.620000,0.026543,0.460423,0.460423,0.132700,0.460756,0.153728,0.038839,0.620000,0.026543,0.132700,0.460756,0.038839,0.038839,0.005023,-0.003747,0.005055,0.000000,0.000000,-0.000000,0.004673,2.863071,10,2
1780631079.072792,proposed,0.192649,23.075596,0.670011,2.179390,1.480142,0.001813,24.537450,0.000000,45.000000,2.882470,-2.070612,3.318710,1,59.462544,0.527355,0.495352,0.382386,0.382386,0.620000,0.020366,0.381834,0.381834,0.104799,0.494836,0.119707,0.019080,0.620000,0.020366,0.104799,0.494836,0.019080,0.019080,-0.000709,-0.006830,0.000833,0.000000,0.001148,-0.000000,0.004181,2.280056,10,2
1780631079.180134,proposed,0.192649,23.075596,0.670011,2.179390,1.480142,0.001813,24.537450,0.000000,45.000000,-0.942473,-1.920218,-0.844191,0,90.220192,0.527355,0.495352,0.382386,0.382386,0.620000,0.020366,0.381834,0.381834,0.104799,0.494836,-0.081846,-0.211197,0.620000,0.022030,0.205305,0.398154,-0.211197,-0.211197,-0.169797,-0.146999,-0.000861,-0.000976,0.005601,-0.000976,0.231403,2.280056,10,2
1780631079.310637,proposed,0.274063,23.283182,0.958258,1.972329,1.542988,0.026241,24.549811,0.000000,45.000000,-1.334124,-1.768765,-0.862483,1,113.962181,0.352116,0.323360,0.208923,0.208923,0.620000,0.016597,0.208922,0.208922,0.100769,0.502634,-0.095527,-0.217793,0.620000,0.017708,0.170453,0.431839,-0.217793,-0.217793,-0.158736,-0.126679,-0.000000,-0.000000,0.006064,-0.000000,0.240000,2.192793,10,2
1780631079.351999,proposed,0.254938,23.283934,0.575763,1.987369,1.649867,0.017400,24.552243,0.000000,45.000000,-0.850350,-1.786641,-0.945178,1,31.669604,0.350699,0.316692,0.205377,0.205377,0.620000,0.015960,0.205376,0.205376,0.095121,0.508919,-0.097181,-0.204494,0.620000,0.020891,0.192876,0.422014,-0.204494,-0.204494,-0.141093,-0.109566,-0.000000,-0.000000,0.013812,-0.000000,0.227585,2.069091,10,2
1780631079.456720,proposed,0.308263,23.473738,0.490728,1.808705,1.726691,0.027814,24.674706,0.000000,45.000000,-0.767657,-1.600348,-0.975348,1,69.594363,0.270988,0.236274,0.123842,0.123842,0.620000,0.014101,0.123842,0.123842,0.086374,0.519525,-0.077647,-0.190692,0.620000,0.015741,0.162729,0.454025,-0.190692,-0.190692,-0.134616,-0.112636,-0.000000,-0.000000,0.025983,-0.000000,0.206927,1.874094,10,2
1780631079.529848,proposed,0.353497,23.646606,0.413963,1.648670,1.782684,-0.018520,25.031487,0.000000,45.000000,-2.987488,-3.299653,2.228888,1,39.519000,0.292657,0.264077,0.149714,0.149714,0.752725,0.016833,0.149714,0.149714,0.078718,0.657173,0.096583,-0.017367,0.752725,0.016833,0.104069,0.647439,-0.017367,-0.017367,-0.065379,-0.007083,0.000000,-0.000000,0.013415,-0.000000,0.066379,1.699846,10,2
1780631079.623592,proposed,0.379956,23.794975,0.115214,1.318704,1.894204,0.000000,25.394975,0.000000,45.000000,-3.663371,7.111942,0.457924,1,18.766816,1.212908,1.231986,1.126860,1.126860,1.473224,0.019681,1.126857,1.126857,0.062711,1.390831,1.231986,1.126860,1.388680,0.019681,0.120596,1.295497,1.126857,1.126857,0.579353,0.387455,1.123532,0.576549,0.387331,-0.000000,0.000000,1.323728,10,2
1780631079.706618,proposed,0.373160,23.962405,-0.251123,2.029899,1.717755,0.000000,25.562405,0.000000,45.000000,-2.484923,5.776269,0.031438,1,11.583364,1.289163,1.312150,1.205808,1.205808,1.427139,0.022565,1.205086,1.205086,0.094047,1.310527,1.312150,1.205808,1.349271,0.022565,0.129122,1.251179,1.205086,1.205086,0.554371,0.373134,1.202511,0.552143,0.372684,-0.000000,0.000000,2.045373,10,2
1780631079.822845,proposed,0.335624,24.194276,-0.499616,2.607526,1.679224,0.000000,25.794276,0.000000,45.000000,-0.958785,3.111623,-0.071195,1,12.837572,1.415323,1.439581,1.334392,1.334392,1.388800,0.025831,1.239377,1.239377,0.122546,1.240423,1.439581,1.334392,1.305208,0.025831,0.138442,1.208044,1.208044,1.208044,0.531923,0.380998,1.203554,0.530740,0.380832,-0.000000,0.000000,2.654959,10,2
1780631079.907754,proposed,0.280868,24.470587,-0.595494,2.918688,1.718473,0.000000,26.070587,0.000000,45.000000,0.069459,1.529706,-0.100655,1,11.521268,1.592527,1.617205,1.512528,1.512528,1.362674,0.027801,1.196430,1.196430,0.138442,1.196431,1.553547,1.438778,1.272640,0.027801,0.145917,1.185240,1.185240,1.185240,0.527204,0.376796,1.182430,0.526034,0.376669,-0.000000,0.000000,2.978817,10,2
1780631080.024615,proposed,0.221666,24.770104,-0.588548,3.071659,1.737740,-0.005659,26.669214,0.000000,45.000000,0.592970,3.395745,-0.109470,1,13.486040,0.356144,0.316573,0.207256,0.207256,1.346928,0.035517,0.207256,0.207256,0.145917,1.165493,0.316573,0.207256,1.287261,0.035517,0.162613,1.164377,0.207256,0.207256,0.418589,0.355091,0.191095,0.405757,0.362684,-0.000000,0.000001,3.127535,10,2
1780631080.106183,proposed,0.165776,25.094249,-0.529251,3.411233,1.747306,-0.025520,26.846674,0.000000,45.000000,0.690096,0.722394,-0.112031,1,11.427197,0.526031,0.487831,0.377667,0.377667,1.367994,0.034499,0.377667,0.377667,0.162613,1.170881,0.487831,0.377667,1.321833,0.034499,0.165847,1.170881,0.377667,0.377667,0.516269,0.381954,0.376176,0.514481,0.381636,-0.000000,0.000000,3.452045,10,2
1780631080.223442,proposed,0.116301,25.438984,-0.460242,3.483472,1.715051,-0.005258,27.069539,0.000000,45.000000,1.012227,-0.885107,-0.108442,1,13.252264,0.872316,0.833874,0.723248,0.723248,1.387268,0.032193,0.723248,0.723248,0.165847,1.189228,0.833874,0.723248,1.352534,0.032193,0.165847,1.189228,0.723248,0.723248,0.583143,0.400369,0.721764,0.574957,0.400045,-0.000000,0.000000,3.513745,10,2
1780631080.296086,proposed,0.075338,25.782906,-0.359019,3.394962,1.667335,0.000000,27.382906,0.000000,45.000000,0.998856,-0.885438,-0.101636,1,11.359410,1.216529,1.179060,1.067905,1.067905,1.447758,0.030662,1.067866,1.067866,0.160623,1.256473,1.179060,1.067905,1.426516,0.030662,0.160623,1.256473,1.067866,1.067866,0.612990,0.405242,1.066407,0.607787,0.404946,-0.000000,0.000000,3.413892,10,2
1780631080.426354,proposed,0.044431,26.117975,-0.259134,3.306418,1.630927,0.000000,27.717975,0.000000,45.000000,0.829757,-0.492420,-0.095321,1,15.008732,1.538834,1.514178,1.402414,1.402414,1.537102,0.029852,1.347203,1.347203,0.155578,1.351672,1.514178,1.402414,1.528863,0.029852,0.155578,1.351672,1.347203,1.347203,0.631028,0.460852,1.346454,0.629867,0.460515,-0.000000,0.000000,3.316557,10,2
1780631080.507335,proposed,0.022666,26.446155,-0.176158,3.257176,1.608719,0.000000,28.046155,0.000000,45.000000,0.642556,-0.244240,-0.090734,1,11.098359,1.865144,1.839721,1.728474,1.728474,2.270374,0.029412,1.728474,1.728474,0.152768,2.088194,1.839721,1.728474,2.270374,0.029412,0.152768,2.088194,1.728474,1.728474,0.987774,0.665786,1.727462,0.984534,0.665883,-0.000000,0.000000,3.261936,10,2
1780631080.622357,proposed,0.008263,26.770651,-0.111902,3.232752,1.593936,0.000000,28.370651,0.000000,45.000000,0.471519,-0.117133,-0.087395,1,13.107232,2.187317,2.163368,2.052020,2.052020,2.438144,0.029196,2.051998,2.051998,0.151372,2.257576,2.163368,2.052020,2.438144,0.029196,0.151372,2.257576,2.051998,2.051998,1.044011,0.703201,2.051004,1.041784,0.702964,-0.000000,0.000000,3.234688,10,2
1780631080.707536,proposed,-0.000570,27.093340,-0.064750,3.221039,1.583447,0.000000,28.693340,0.000000,45.000000,0.328006,-0.055566,-0.084857,1,11.158070,2.507512,2.484762,2.373367,2.373367,2.605111,0.029095,2.369068,2.369068,0.150707,2.425309,2.484762,2.373367,2.605111,0.029095,0.150707,2.425309,2.369068,2.369068,1.118819,0.779937,2.368158,1.116589,0.779707,-0.000000,0.000000,3.221689,10,2
1780631080.820739,proposed,-0.005405,27.415166,-0.031950,3.215482,1.576098,0.000000,29.015166,0.000000,45.000000,0.214664,-0.026264,-0.082878,1,13.548288,2.826879,2.805100,2.693692,2.693692,2.771734,0.029049,2.591477,2.591477,0.150398,2.592287,2.805100,2.693692,2.771734,0.029049,0.150398,2.592287,2.591477,2.591477,1.174086,0.841580,2.590975,1.172868,0.841418,-0.000000,0.000000,3.215641,10,2
1780631080.902216,proposed,-0.007526,27.736583,-0.010483,3.212856,1.571265,0.000000,29.336583,0.000000,45.000000,0.129738,-0.012399,-0.081325,1,11.659911,3.146002,3.125001,3.013600,3.013600,2.938227,0.029027,2.758939,2.758939,0.150257,2.758943,3.125001,3.013600,2.938227,0.029027,0.150257,2.758943,2.758939,2.758939,1.248545,0.894161,2.758454,1.247323,0.894004,-0.000000,0.000000,3.212873,10,2
1780631081.022361,proposed,-0.007926,28.057807,0.002490,3.211616,1.568404,0.000000,29.657807,0.000000,45.000000,0.069312,-0.005851,-0.080104,1,12.770008,3.465164,3.444778,3.333396,3.333396,3.104688,0.029018,2.925478,2.925478,0.150193,2.925478,3.444778,3.333396,3.104688,0.029018,0.150193,2.925478,2.925478,2.925478,1.323423,0.946588,2.924997,1.322203,0.946432,-0.000000,0.000000,3.211617,10,2
1780631081.111148,proposed,-0.007330,28.378939,0.009422,3.211031,1.566991,0.000000,29.978939,0.000000,45.000000,0.028689,-0.002761,-0.079131,1,11.322819,3.784486,3.764584,3.653227,3.653227,3.271161,0.029013,3.091984,3.091984,0.150164,3.091984,3.764584,3.653227,3.271161,0.029013,0.150164,3.091984,3.091984,3.091984,1.398300,0.999006,3.091506,1.397082,0.998852,-0.000000,0.000000,3.211044,10,2
1780631081.235910,proposed,-0.006245,28.700028,0.012290,3.210755,1.566563,0.000000,30.300028,0.000000,45.000000,0.003225,-0.001302,-0.078333,1,22.390638,4.104008,4.084489,3.973157,3.973157,3.437662,0.029011,3.258501,3.258501,0.150150,3.258501,4.084489,3.973157,3.437662,0.029011,0.150150,3.258501,3.258501,3.258501,1.473185,1.051428,3.258026,1.471968,1.051274,-0.000000,0.000000,3.210778,10,2
1780631081.302265,proposed,-0.005000,29.021097,0.012613,3.210624,1.566745,0.000000,30.621097,0.000000,45.000000,-0.011215,-0.000615,-0.077651,1,12.433041,4.423731,4.404517,4.293208,4.293208,3.604198,0.029010,3.425044,3.425044,0.150143,3.425044,4.404517,4.293208,3.604198,0.029010,0.150143,3.425044,3.425044,3.425044,1.548083,1.103857,3.424572,1.546868,1.103705,-0.000000,0.000000,3.210649,7,2
1780631081.410549,proposed,-0.003794,29.342157,0.011492,3.210563,1.567255,0.000000,30.942157,0.000000,45.000000,-0.018059,-0.000290,-0.077039,1,12.028649,2.333454,4.724669,4.613380,4.613380,3.770769,0.029010,3.591619,3.591619,0.150140,3.591619,4.724669,4.613380,3.770769,0.029010,0.150140,3.591619,3.591619,3.591619,1.622998,1.156299,3.591150,1.621783,1.156147,-0.000000,0.000000,3.210583,7,2
1780631081.511656,proposed,-0.002735,29.663212,0.009686,3.210534,1.567898,0.000000,31.263212,0.000000,45.000000,-0.019990,-0.000137,-0.076463,1,11.451121,2.563143,2.524607,2.413342,2.413342,2.626507,0.029009,2.405757,2.405757,0.150138,2.447359,2.524607,2.413342,2.626507,0.029009,0.150138,2.447359,2.405757,2.405757,1.128663,0.789306,2.405456,1.126582,0.789229,-0.000000,0.000000,3.210548,3,2
1780631081.616411,proposed,-0.001867,29.984264,0.007687,3.210520,1.568552,0.000000,31.584264,0.000000,45.000000,-0.018998,-0.000064,-0.075900,1,12.392713,2.883234,2.844310,2.733085,2.733085,2.792948,0.029009,2.613366,2.613366,0.150137,2.613802,2.844310,2.733085,2.792948,0.029009,0.150137,2.613802,2.613366,2.613366,1.183370,0.848455,2.613191,1.182293,0.848398,-0.000000,0.000000,3.210529,3,2
1780631081.710177,proposed,-0.001193,30.305316,0.005787,3.210514,1.569145,0.000000,31.905316,0.000000,45.000000,-0.016491,-0.000030,-0.075337,1,11.252164,3.203525,3.164290,3.053089,3.053089,2.959456,0.029009,2.780309,2.780309,0.150137,2.780311,3.164290,3.053089,2.959456,0.029009,0.150137,2.780311,2.780309,2.780309,1.257994,0.900918,2.780137,1.256915,0.900863,-0.000000,0.000000,3.210519,3,2
1780631081.822738,proposed,-0.000697,30.626367,0.004138,3.210511,1.569643,0.000000,32.226367,0.000000,45.000000,-0.013402,-0.000014,-0.074768,1,13.801360,3.523963,3.484472,3.373285,3.373285,3.126019,0.029009,2.946874,2.946874,0.150136,2.946874,3.484472,3.373285,3.126019,0.029009,0.150136,2.946874,2.946874,2.946874,1.332889,0.953339,2.946703,1.331811,0.953284,-0.000000,0.000000,3.210513,3,2
1780631081.908747,proposed,-0.000350,30.947418,0.002798,3.210509,1.570038,0.000000,32.547418,0.000000,45.000000,-0.010309,-0.000007,-0.074189,1,11.205944,3.844508,3.804806,3.693628,3.693628,3.292627,0.029009,3.113482,3.113482,0.150136,3.113482,3.804806,3.693628,3.292627,0.029009,0.150136,3.113482,3.113482,3.113482,1.407814,1.005784,3.113312,1.406737,1.005729,-0.000000,0.000000,3.210510,3,2
1780631082.031493,proposed,-0.000122,31.268469,0.001767,3.210509,1.570335,0.000000,32.868469,0.000000,45.000000,-0.007533,-0.000003,-0.073600,1,13.786375,4.165135,4.125256,4.014082,4.014082,3.459273,0.029009,3.280128,3.280128,0.150136,3.280128,4.125256,4.014082,3.459273,0.029009,0.150136,3.280128,3.280128,3.280128,1.482763,1.058249,3.279958,1.481686,1.058194,-0.000000,0.000000,3.210509,3,2
1780631082.118800,proposed,0.000017,31.589520,0.001013,3.210508,1.570547,0.000000,33.189520,0.000000,45.000000,-0.005218,-0.000002,-0.073004,1,13.397034,4.485795,4.445795,4.334623,4.334623,3.625950,0.029009,3.446805,3.446805,0.150136,3.446805,4.445795,4.334623,3.625950,0.029009,0.150136,3.446805,3.446805,3.446805,1.557733,1.110731,3.446637,1.556656,1.110677,-0.000000,0.000000,3.210508,3,2
1780631082.223923,proposed,0.000092,31.910571,0.000492,3.210508,1.570690,0.000000,33.510571,0.000000,45.000000,-0.003398,-0.000001,-0.072403,1,12.018134,4.806406,4.766406,4.655233,4.655233,3.792654,0.029009,3.613509,3.613509,0.150136,3.613509,4.766406,4.655233,3.792654,0.029009,0.150136,3.613509,3.613509,3.613509,1.632720,1.163228,3.613341,1.631644,1.163174,-0.000000,0.000000,3.210508,3,2
1780631082.308609,proposed,0.000125,32.231622,0.000152,3.210508,1.570780,0.000000,33.831622,0.000000,45.000000,-0.002039,-0.000000,-0.071798,1,11.532926,5.127073,5.087073,4.975898,4.975898,3.959382,0.029009,3.780237,3.780237,0.150136,3.780237,5.087073,4.975898,3.959382,0.029009,0.150136,3.780237,3.780237,3.780237,1.707722,1.215737,3.780069,1.706646,1.215684,-0.000000,0.000000,3.210508,3,2
1780631082.435550,proposed,0.000129,32.552672,-0.000052,3.210508,1.570832,0.000000,34.152672,0.000000,45.000000,-0.001076,-0.000000,-0.071192,1,18.570034,2.085953,5.407786,5.296609,5.296609,4.126129,0.029009,3.946984,3.946984,0.150136,3.946984,5.407786,5.296609,4.126129,0.029009,0.150136,3.946984,3.946984,3.946984,1.782737,1.268257,3.946817,1.781661,1.268204,-0.000000,0.000000,3.210508,3,2
1780631082.502823,proposed,0.000119,32.873723,-0.000160,3.210508,1.570857,0.000000,34.473723,0.000000,45.000000,-0.000432,0.000000,-0.070591,1,11.049122,2.333508,2.296351,2.184750,2.184750,2.499370,0.029009,2.184502,2.184502,0.150136,2.320225,2.296351,2.184750,2.498358,0.029009,0.150136,2.320225,2.184502,2.184502,1.068841,0.731737,2.159190,1.061904,0.726059,-0.000000,0.000000,3.210508,9,2
1780631082.621980,proposed,0.000101,33.194774,-0.000203,3.210508,1.570864,0.000000,34.794774,0.000000,45.000000,-0.000030,0.000000,-0.069989,1,12.386101,2.652555,2.614849,2.503361,2.503361,2.666023,0.029009,2.474143,2.474143,0.150136,2.486878,2.614849,2.503361,2.665082,0.029009,0.150136,2.486878,2.474143,2.474143,1.131167,0.804568,2.457125,1.128181,0.800226,-0.000000,0.000000,3.210508,9,2
1780631082.723306,proposed,0.000080,33.515825,-0.000206,3.210508,1.570862,0.000000,35.115825,0.000000,45.000000,0.000195,-0.000000,-0.069389,1,16.782293,2.972018,2.933876,2.822464,2.822464,2.832715,0.029009,2.653493,2.653493,0.150136,2.653570,2.933876,2.822464,2.831839,0.029009,0.150136,2.653570,2.653493,2.653493,1.199281,0.859253,2.642006,1.193314,0.855820,-0.000000,0.000000,3.210508,9,2
1780631082.796219,proposed,0.000061,33.836876,-0.000186,3.210508,1.570853,0.000000,35.436876,0.000000,45.000000,0.000300,-0.000000,-0.068793,1,11.454390,3.291781,3.253283,3.141923,3.141923,2.999441,0.029009,2.820296,2.820296,0.150136,2.820296,3.253283,3.141923,2.998622,0.029009,0.150136,2.820296,2.820296,2.820296,1.274322,0.911865,2.808916,1.268350,0.908448,-0.000000,0.000000,3.210508,9,2
1780631082.893646,proposed,0.000044,34.157926,-0.000156,3.210508,1.570843,0.000000,35.757926,0.000000,45.000000,0.000327,-0.000000,-0.068201,1,12.217129,3.611765,3.572974,3.461650,3.461650,3.166194,0.029009,2.987049,2.987049,0.150136,2.987049,3.572974,3.461650,3.165426,0.029009,0.150136,2.987049,2.987049,2.987049,1.349412,0.964467,2.975724,1.343455,0.961057,-0.000000,0.000000,3.210508,9,2
1780631082.996667,proposed,0.000030,34.478977,-0.000123,3.210508,1.570832,0.000000,36.078977,0.000000,45.000000,0.000309,-0.000000,-0.067615,1,11.550224,3.931919,3.892880,3.781582,3.781582,3.332968,0.029009,3.153823,3.153823,0.150136,3.153823,3.892880,3.781582,3.332247,0.029009,0.150136,3.153823,3.153823,3.153823,1.424507,1.017071,3.142548,1.418565,1.013667,-0.000000,0.000000,3.210508,9,2
1780631083.095013,proposed,0.000019,34.800028,-0.000093,3.210508,1.570823,0.000000,36.400028,0.000000,45.000000,0.000266,-0.000000,-0.067033,1,13.463834,4.252205,4.212955,4.101676,4.101676,3.499762,0.029009,3.320617,3.320617,0.150136,3.320617,4.212955,4.101676,3.499083,0.029009,0.150136,3.320617,3.320617,3.320617,1.499607,1.069677,3.309384,1.493677,1.066279,-0.000000,0.000000,3.210508,9,2
1780631083.196637,proposed,0.000011,35.121079,-0.000066,3.210508,1.570815,0.000000,36.721079,0.000000,45.000000,0.000216,-0.000000,-0.066457,1,11.795375,4.572596,4.533163,4.421898,4.421898,3.666571,0.029009,3.487426,3.487426,0.150136,3.487426,4.533163,4.421898,3.665932,0.029009,0.150136,3.487426,3.487426,3.487426,1.574710,1.122284,3.476232,1.568791,1.118891,-0.000000,0.000000,3.210508,9,2
1780631083.293201,proposed,0.000005,35.442130,-0.000044,3.210508,1.570808,0.000000,37.042130,0.000000,45.000000,0.000165,-0.000000,-0.065886,1,11.771284,4.893071,4.853480,4.742225,4.742225,3.833393,0.029009,3.654248,3.654248,0.150136,3.654248,4.853480,4.742225,3.832791,0.029009,0.150136,3.654248,3.654248,3.654248,1.649817,1.174892,3.643089,1.643908,1.171504,-0.000000,0.000000,3.210508,9,2
1780631083.411549,proposed,0.000002,35.763180,-0.000028,3.210508,1.570804,0.000000,37.363180,0.000000,45.000000,0.000120,-0.000000,-0.065320,1,12.117897,5.213616,5.173885,5.062638,5.062638,4.000228,0.029009,3.821083,3.821083,0.150136,3.821083,5.173885,5.062638,3.999659,0.029009,0.150136,3.821083,3.821083,3.821083,1.724926,1.227501,3.809955,1.719026,1.224117,-0.000000,0.000000,3.210508,9,2
1780631083.483223,proposed,-0.000000,36.084231,-0.000016,3.210508,1.570800,0.000000,37.684231,0.000000,45.000000,0.000083,-0.000000,-0.064756,1,11.515028,inf,inf,inf,inf,inf,0.029009,inf,inf,0.150136,inf,inf,inf,inf,0.029009,0.150136,inf,inf,inf,inf,inf,721.798821,324.805892,227.379212,-0.000000,0.000000,3.210508,0,2
1780631083.585661,proposed,-0.000002,36.405282,-0.000008,3.210508,1.570798,0.000000,38.005282,0.000000,45.000000,0.000054,-0.000000,-0.064199,1,11.604920,inf,inf,inf,inf,inf,0.029009,inf,inf,0.150136,inf,inf,inf,inf,0.029009,0.150136,inf,inf,inf,inf,inf,721.683038,324.753771,227.342731,-0.000000,0.000000,3.210508,0,2
1780631083.682972,proposed,-0.000002,36.726333,-0.000002,3.210508,1.570797,0.000000,38.326333,0.000000,45.000000,0.000032,-0.000000,-0.063648,1,11.377211,inf,inf,inf,inf,inf,0.029009,inf,inf,0.150136,inf,inf,inf,inf,0.029009,0.150136,inf,inf,inf,inf,inf,721.567275,324.701660,227.306257,-0.000000,0.000000,3.210508,0,2
1780631083.785199,proposed,-0.000002,37.047384,0.000001,3.210508,1.570796,0.000000,38.647384,0.000000,45.000000,0.000017,-0.000000,-0.063103,1,11.177309,inf,inf,inf,inf,inf,0.029009,inf,inf,0.150136,inf,inf,inf,inf,0.029009,0.150136,inf,inf,inf,inf,inf,721.451533,324.649557,227.269789,-0.000000,0.000000,3.210508,0,2
1780631083.882463,proposed,-0.000002,37.368434,0.000003,3.210508,1.570795,0.000000,38.968434,0.000000,45.000000,0.000006,-0.000000,-0.062562,1,10.908303,inf,inf,inf,inf,inf,0.029009,inf,inf,0.150136,inf,inf,inf,inf,0.029009,0.150136,inf,inf,inf,inf,inf,721.335811,324.597464,227.233328,-0.000000,0.000000,3.210508,0,2
1780631083.985013,proposed,-0.000002,37.689485,0.000003,3.210508,1.570795,0.000000,39.289485,0.000000,45.000000,0.000000,-0.000000,-0.062026,1,10.999142,inf,inf,inf,inf,inf,0.029009,inf,inf,0.150136,inf,inf,inf,inf,0.029009,0.150136,inf,inf,inf,inf,inf,721.220110,324.545380,227.196873,-0.000000,0.000000,3.210508,0,2
1780631084.083172,proposed,-0.000001,38.010536,0.000003,3.210508,1.570795,0.000000,39.610536,0.000000,45.000000,-0.000003,-0.000000,-0.061494,1,11.574419,inf,inf,inf,inf,inf,0.029009,inf,inf,0.150136,inf,inf,inf,inf,0.029009,0.150136,inf,inf,inf,inf,inf,721.104428,324.493306,227.160425,-0.000000,0.000000,3.210508,0,2
1780631084.191111,proposed,-0.000001,38.331587,0.000003,3.210508,1.570795,0.000000,39.931587,0.000000,45.000000,-0.000005,-0.000000,-0.060967,1,11.050475,inf,inf,inf,inf,inf,0.029009,inf,inf,0.150136,inf,inf,inf,inf,0.029009,0.150136,inf,inf,inf,inf,inf,720.988768,324.441241,227.123984,-0.000000,0.000000,3.210508,0,2
1780631084.282961,proposed,-0.000001,38.652638,0.000003,3.210508,1.570796,0.000000,40.252638,0.000000,45.000000,-0.000005,-0.000000,-0.060445,1,11.367052,inf,inf,inf,inf,inf,0.029009,inf,inf,0.150136,inf,inf,inf,inf,0.029009,0.150136,inf,inf,inf,inf,inf,720.873127,324.389185,227.087549,-0.000000,0.000000,3.210508,0,2
1780631084.384880,proposed,-0.000000,38.973688,0.000002,3.210508,1.570796,0.000000,40.573688,0.000000,45.000000,-0.000005,-0.000000,-0.059927,1,10.931667,inf,inf,inf,inf,inf,0.029009,inf,inf,0.150136,inf,inf,inf,inf,0.029009,0.150136,inf,inf,inf,inf,inf,720.757507,324.337138,227.051120,-0.000000,0.000000,3.210508,0,2
1780631084.483071,proposed,-0.000000,39.294739,0.000001,3.210508,1.570796,0.000000,40.894739,0.000000,45.000000,-0.000004,-0.000000,-0.059413,1,11.515376,inf,inf,inf,inf,inf,0.029009,inf,inf,0.150136,inf,inf,inf,inf,0.029009,0.150136,inf,inf,inf,inf,inf,720.641908,324.285101,227.014698,-0.000000,0.000000,3.210508,0,2
1780631084.585239,proposed,-0.000000,39.615790,0.000001,3.210508,1.570796,0.000000,41.215790,0.000000,45.000000,-0.000003,-0.000000,-0.058904,1,10.981371,inf,inf,inf,inf,inf,0.029009,inf,inf,0.150136,inf,inf,inf,inf,0.029009,0.150136,inf,inf,inf,inf,inf,720.526329,324.233073,226.978283,-0.000000,0.000000,3.210508,0,2
1780631084.682680,proposed,-0.000000,39.936841,0.000001,3.210508,1.570796,0.000000,41.536841,0.000000,45.000000,-0.000003,-0.000000,-0.058399,1,11.157430,inf,inf,inf,inf,inf,0.029009,inf,inf,0.150136,inf,inf,inf,inf,0.029009,0.150136,inf,inf,inf,inf,inf,720.410770,324.181055,226.941874,-0.000000,0.000000,3.210508,0,2
1780631084.784784,proposed,-0.000000,40.257891,0.000000,3.210508,1.570796,0.000000,41.857891,0.000000,45.000000,-0.000002,-0.000000,-0.057899,1,10.760221,inf,inf,inf,inf,inf,0.029009,inf,inf,0.150136,inf,inf,inf,inf,0.029009,0.150136,inf,inf,inf,inf,inf,720.295232,324.129046,226.905472,-0.000000,0.000000,3.210508,0,2
1780631084.882832,proposed,0.000000,40.578942,0.000000,3.210508,1.570796,0.000000,42.178942,0.000000,45.000000,-0.000001,-0.000000,-0.057402,1,11.239865,inf,inf,inf,inf,inf,0.029009,inf,inf,0.150136,inf,inf,inf,inf,0.029009,0.150136,inf,inf,inf,inf,inf,720.179714,324.077046,226.869076,-0.000000,0.000000,3.210508,0,2
1780631084.985529,proposed,0.000000,40.899993,0.000000,3.210508,1.570796,0.000000,42.499993,0.000000,45.000000,-0.000001,-0.000000,-0.056910,1,10.980872,inf,inf,inf,inf,inf,0.029009,inf,inf,0.150136,inf,inf,inf,inf,0.029009,0.150136,inf,inf,inf,inf,inf,720.064216,324.025055,226.832687,-0.000000,0.000000,3.210508,0,2
1780631085.083002,proposed,0.000000,41.221044,0.000000,3.210508,1.570796,0.000000,42.821044,0.000000,45.000000,-0.000001,-0.000000,-0.056423,1,11.239346,inf,inf,inf,inf,inf,0.029009,inf,inf,0.150136,inf,inf,inf,inf,0.029009,0.150136,inf,inf,inf,inf,inf,719.948739,323.973074,226.796304,-0.000000,0.000000,3.210508,0,2
1780631085.184769,proposed,0.000000,41.542095,-0.000000,3.210508,1.570796,0.000000,43.142095,0.000000,45.000000,-0.000000,-0.000000,-0.055939,1,10.736924,inf,inf,inf,inf,inf,0.029009,inf,inf,0.150136,inf,inf,inf,inf,0.029009,0.150136,inf,inf,inf,inf,inf,719.833283,323.921102,226.759928,-0.000000,0.000000,3.210508,0,2
1780631085.282948,proposed,0.000000,41.863145,-0.000000,3.210508,1.570796,0.000000,43.463145,0.000000,45.000000,-0.000000,0.000000,-0.055460,1,11.441321,inf,inf,inf,inf,inf,0.029009,inf,inf,0.150136,inf,inf,inf,inf,0.029009,0.150136,inf,inf,inf,inf,inf,719.717847,323.869140,226.723558,-0.000000,0.000000,3.210508,0,2
1780631085.384897,proposed,0.000000,42.184196,-0.000000,3.210508,1.570796,0.000000,43.784196,0.000000,45.000000,0.000000,-0.000000,-0.054984,1,10.927500,inf,inf,inf,inf,inf,0.029009,inf,inf,0.150136,inf,inf,inf,inf,0.029009,0.150136,inf,inf,inf,inf,inf,719.602431,323.817187,226.687195,-0.000000,0.000000,3.210508,0,2
1780631085.482566,proposed,0.000000,42.505247,-0.000000,3.210508,1.570796,0.000000,44.105247,0.000000,45.000000,0.000000,0.000000,-0.054513,1,10.946103,inf,inf,inf,inf,inf,0.029009,inf,inf,0.150136,inf,inf,inf,inf,0.029009,0.150136,inf,inf,inf,inf,inf,719.487036,323.765243,226.650839,-0.000000,0.000000,3.210508,0,2
1780631085.585485,proposed,0.000000,42.826298,-0.000000,3.210508,1.570796,0.000000,44.426298,0.000000,45.000000,0.000000,0.000000,-0.054046,1,11.453236,inf,inf,inf,inf,inf,0.029009,inf,inf,0.150136,inf,inf,inf,inf,0.029009,0.150136,inf,inf,inf,inf,inf,719.371661,323.713309,226.614489,-0.000000,0.000000,3.210508,0,2
1780631085.682866,proposed,0.000000,43.147349,-0.000000,3.210508,1.570796,0.000000,44.747349,0.000000,45.000000,0.000000,0.000000,-0.053583,1,11.254460,inf,inf,inf,inf,inf,0.029009,inf,inf,0.150136,inf,inf,inf,inf,0.029009,0.150136,inf,inf,inf,inf,inf,719.256307,323.661383,226.578145,-0.000000,0.000000,3.210508,0,2
1780631085.784813,proposed,0.000000,43.468399,-0.000000,3.210508,1.570796,0.000000,45.000000,0.000000,45.000000,0.000000,-0.609239,-0.053124,1,10.889990,inf,inf,inf,inf,inf,0.027617,inf,inf,0.150136,inf,inf,inf,inf,0.027617,0.150136,inf,inf,inf,inf,inf,719.170163,323.624381,226.552050,-0.000000,0.000000,3.210508,0,2
1780631085.882672,proposed,0.000000,43.786404,-0.000000,3.149584,1.570796,0.000000,45.000000,0.000000,45.000000,0.000000,-3.217161,-0.052685,1,11.104017,inf,inf,inf,inf,inf,0.021477,inf,inf,0.147035,inf,inf,inf,inf,0.021477,0.147035,inf,inf,inf,inf,inf,719.185207,323.641783,226.562507,-0.000000,0.000000,3.149584,0,2
1780631085.985510,proposed,0.000000,44.085277,-0.000000,2.827868,1.570796,0.000000,45.000000,0.000000,45.000000,0.000000,-4.647553,-0.052238,1,10.827094,inf,inf,inf,inf,inf,0.015035,inf,inf,0.130967,inf,inf,inf,inf,0.015035,0.130967,inf,inf,inf,inf,inf,719.207717,323.657218,226.569529,-0.000000,0.000000,2.827868,0,2
1780631086.085740,proposed,0.000000,44.344826,-0.000000,2.363113,1.570796,0.000000,45.000000,0.000000,45.000000,0.000000,-5.004065,-0.051791,1,13.028777,inf,inf,inf,inf,inf,0.009491,inf,inf,0.108670,inf,inf,inf,inf,0.009491,0.108670,inf,inf,inf,inf,inf,719.235558,323.668728,226.574200,-0.000000,0.000000,2.363113,0,2
1780631086.184648,proposed,0.000000,44.556117,-0.000000,1.862706,1.570796,0.000000,45.000000,0.000000,45.000000,0.000000,-4.691614,-0.051348,1,11.100830,inf,inf,inf,inf,inf,0.005444,inf,inf,0.085869,inf,inf,inf,inf,0.005444,0.085869,inf,inf,inf,inf,inf,719.262406,323.676777,226.577259,-0.000000,0.000000,1.862706,0,2
1780631086.282710,proposed,-0.000000,44.718929,-0.000000,1.393545,1.570796,0.000000,45.000000,0.000000,45.000000,0.000000,-4.035680,-0.050908,1,11.084409,inf,inf,inf,inf,inf,0.002844,inf,inf,0.065629,inf,inf,inf,inf,0.002844,0.065629,inf,inf,inf,inf,inf,719.285247,323.682183,226.579218,-0.000000,0.000000,1.393545,0,2
1780631086.384951,proposed,-0.000000,44.838105,-0.000000,0.989977,1.570796,0.000000,45.000000,0.000000,45.000000,0.000000,-3.256372,-0.050472,1,11.194812,inf,inf,inf,inf,inf,0.001346,inf,inf,0.049099,inf,inf,inf,inf,0.001346,0.049099,inf,inf,inf,inf,inf,719.297498,323.683917,226.580425,-0.000000,0.000000,0.989977,0,2
1780631086.482976,proposed,-0.000000,44.920821,-0.000000,0.664339,1.570796,0.000000,45.000000,0.000000,45.000000,0.000000,-2.488951,-0.050039,1,11.245517,inf,inf,inf,inf,inf,0.000570,inf,inf,0.036355,inf,inf,inf,inf,0.000570,0.036355,inf,inf,inf,inf,inf,719.298965,323.684377,226.581116,-0.000000,0.000000,0.664339,0,2
1780631086.585329,proposed,-0.000000,44.974810,0.000000,0.415444,1.570796,0.000000,45.000000,0.000000,45.000000,0.000000,-1.807209,-0.049610,1,11.221458,inf,inf,inf,inf,inf,0.000211,inf,inf,0.026972,inf,inf,inf,inf,0.000211,0.026972,inf,inf,inf,inf,inf,719.298164,323.683242,226.580833,-0.000000,0.000000,0.415444,0,2
1780631086.682287,proposed,-0.000000,45.007319,0.000000,0.234723,1.570796,0.000000,45.000000,0.000000,45.000000,0.000000,-1.243211,-0.049185,1,10.755072,inf,inf,inf,inf,inf,0.000066,inf,inf,0.020353,inf,inf,inf,inf,0.000066,0.020353,inf,inf,inf,inf,inf,719.297928,323.682307,226.580013,-0.000000,0.000000,0.234723,0,2
1780631086.785347,proposed,-0.000000,45.024575,0.000000,0.110402,1.215622,0.000000,45.000000,0.000000,45.000000,-0.000000,-0.802585,-0.010092,1,11.026248,inf,inf,inf,inf,inf,0.000019,inf,inf,0.015895,inf,inf,inf,inf,0.000019,0.015895,inf,inf,inf,inf,inf,719.304430,323.686023,226.581524,-0.000000,0.000000,0.110402,0,2
1780631086.888810,proposed,-0.000000,45.031602,0.000000,0.030144,0.862321,0.000000,45.000000,0.000000,45.000000,-0.000000,-0.475731,0.038216,1,14.659827,inf,inf,inf,inf,inf,0.000008,inf,inf,0.013057,inf,inf,inf,inf,0.000008,0.013898,inf,inf,inf,inf,inf,719.310963,323.689598,226.585253,-0.000000,0.000000,0.030144,0,2
1780631086.985757,proposed,-0.000000,45.032238,0.000000,-0.017429,0.511316,0.000000,45.000000,0.000000,45.000000,-0.000000,-0.245604,0.088267,1,11.447750,inf,inf,inf,inf,inf,0.000007,inf,inf,0.012611,inf,inf,inf,inf,0.000008,0.013831,inf,inf,inf,inf,inf,719.317357,323.695043,226.587998,-0.000000,0.000000,0.017429,0,2
1780631087.083186,proposed,-0.000000,45.029267,0.000000,-0.041990,0.161217,0.000000,45.000000,0.000000,45.000000,-0.000000,-0.092789,0.138335,1,11.549688,inf,inf,inf,inf,inf,0.000008,inf,inf,0.013474,inf,inf,inf,inf,0.000008,0.013803,inf,inf,inf,inf,inf,719.318591,323.683507,226.581973,-0.000000,0.000000,0.041990,0,2
1780631087.184935,proposed,-0.000000,45.024604,0.000000,-0.051268,-0.188767,0.000000,45.000000,0.000000,45.000000,-0.000000,0.001441,0.188075,1,10.791027,inf,inf,inf,inf,inf,0.000007,inf,inf,0.013801,inf,inf,inf,inf,0.000007,0.013801,inf,inf,inf,inf,inf,719.299768,323.677376,226.578546,-0.000000,0.000000,0.051268,0,2
1780631087.282696,proposed,-0.000000,45.019484,0.000000,-0.051124,-0.538767,0.000000,45.000000,0.000000,45.000000,-0.000000,0.053498,0.237417,1,11.071484,inf,inf,inf,inf,inf,0.000006,inf,inf,0.013796,inf,inf,inf,inf,0.000006,0.013796,inf,inf,inf,inf,inf,719.289095,323.675403,226.577924,-0.000000,0.000000,0.051124,0,2
1780631087.385966,proposed,-0.000000,45.014639,0.000000,-0.045775,-0.888752,0.000000,45.000000,0.000000,45.000000,-0.000000,0.076825,0.286344,1,11.746522,inf,inf,inf,inf,inf,0.000004,inf,inf,0.013607,inf,inf,inf,inf,0.000004,0.013607,inf,inf,inf,inf,inf,719.286959,323.677308,226.578943,-0.000000,0.000000,0.045775,0,2
1780631087.482524,proposed,-0.000000,45.010446,0.000000,-0.038092,-1.238733,0.000000,45.000000,0.000000,45.000000,-0.000000,0.081830,0.334859,1,10.907324,inf,inf,inf,inf,inf,0.000002,inf,inf,0.013337,inf,inf,inf,inf,0.000002,0.013337,inf,inf,inf,inf,inf,719.292086,323.680163,226.579763,-0.000000,0.000000,0.038092,0,2
1780631087.584525,proposed,-0.000000,45.007046,0.000000,-0.029909,-1.421358,0.000000,45.000000,0.000000,45.000000,-0.000000,0.076167,0.364740,1,11.029875,inf,inf,inf,inf,inf,0.000001,inf,inf,0.013049,inf,inf,inf,inf,0.000001,0.013049,inf,inf,inf,inf,inf,719.295216,323.681685,226.580222,-0.000000,0.000000,0.029909,0,2
1780631087.683213,proposed,0.000000,45.004436,0.000000,-0.022292,-1.503545,0.000000,45.000000,0.000000,45.000000,-0.000000,0.065179,0.378830,1,11.639943,inf,inf,inf,inf,inf,0.000001,inf,inf,0.012781,inf,inf,inf,inf,0.000001,0.012781,inf,inf,inf,inf,inf,719.296261,323.682307,226.580523,-0.000000,0.000000,0.022292,0,2
1780631087.785166,proposed,0.000000,45.002533,0.000000,-0.015774,-1.540532,0.000000,45.000000,0.000000,45.000000,-0.000000,0.052372,0.383954,1,11.391104,inf,inf,inf,inf,inf,0.000000,inf,inf,0.012553,inf,inf,inf,inf,0.000000,0.012553,inf,inf,inf,inf,inf,719.296533,323.682517,226.580662,-0.000000,0.000000,0.015774,0,2
1780631087.882658,proposed,0.000000,45.001217,0.000000,-0.010537,-1.557177,0.000000,45.000000,0.000000,45.000000,-0.000000,0.039878,0.384586,1,11.050645,inf,inf,inf,inf,inf,0.000000,inf,inf,0.012369,inf,inf,inf,inf,0.000000,0.012369,inf,inf,inf,inf,inf,719.296391,323.682481,226.580695,-0.000000,0.000000,0.010537,0,2
1780631087.985213,proposed,0.000000,45.000363,-0.000000,-0.006549,-1.564667,0.000000,45.000000,0.000000,45.000000,-0.000000,0.028845,0.383092,1,13.542832,inf,inf,inf,inf,inf,0.000000,inf,inf,0.012229,inf,inf,inf,inf,0.000000,0.012229,inf,inf,inf,inf,inf,719.296090,323.682372,226.580661,-0.000000,0.000000,0.006549,0,2
1780631088.082396,proposed,0.000000,44.999852,-0.000000,-0.003665,-1.568038,0.000000,45.000000,0.000000,45.000000,-0.000000,0.019759,0.380628,1,10.851889,inf,inf,inf,inf,inf,0.000000,inf,inf,0.012128,inf,inf,inf,inf,0.000000,0.012128,inf,inf,inf,inf,inf,719.295746,323.682247,226.580637,-0.000000,0.000000,0.003665,0,2
1780631088.184892,proposed,0.000000,44.999584,-0.000000,-0.001689,-1.218037,0.000000,45.000000,0.000000,45.000000,0.000000,0.012688,0.339443,1,10.926916,inf,inf,inf,inf,inf,0.000000,inf,inf,0.012059,inf,inf,inf,inf,0.000000,0.012059,inf,inf,inf,inf,inf,719.287995,323.678552,226.579577,-0.000000,0.000000,0.001689,0,2
1780631088.282415,proposed,0.000000,44.999479,-0.000000,-0.000420,-0.868036,0.000000,45.000000,0.000000,45.000000,0.000000,0.007463,0.288855,1,10.868833,inf,inf,inf,inf,inf,0.000000,inf,inf,0.012015,inf,inf,inf,inf,0.000000,0.012031,inf,inf,inf,inf,inf,719.288535,323.676132,226.578523,-0.000000,0.000000,0.000420,0,2
1780631088.383101,proposed,0.000000,44.999474,-0.000000,0.000326,-0.518036,0.000000,45.000000,0.000000,45.000000,0.000000,0.003799,0.236245,1,11.105796,inf,inf,inf,inf,inf,0.000000,inf,inf,0.012011,inf,inf,inf,inf,0.000000,0.012030,inf,inf,inf,inf,inf,719.299878,323.678756,226.579702,-0.000000,0.000000,0.000326,0,2
1780631088.482510,proposed,0.000000,44.999526,-0.000000,0.000706,-0.168036,0.000000,45.000000,0.000000,45.000000,0.000000,0.001377,0.183468,1,10.941062,inf,inf,inf,inf,inf,0.000000,inf,inf,0.012025,inf,inf,inf,inf,0.000000,0.012030,inf,inf,inf,inf,inf,719.320800,323.686236,226.584294,-0.000000,0.000000,0.000706,0,2
1780631088.584460,proposed,0.000000,44.999603,-0.000000,0.000844,0.181964,0.000000,45.000000,0.000000,45.000000,0.000000,-0.000107,0.130988,1,10.957000,inf,inf,inf,inf,inf,0.000000,inf,inf,0.012030,inf,inf,inf,inf,0.000000,0.012030,inf,inf,inf,inf,inf,719.329122,323.698902,226.591978,-0.000000,0.000000,0.000844,0,2
1780631088.682226,proposed,0.000000,44.999687,-0.000000,0.000833,0.531964,0.000000,45.000000,0.000000,45.000000,0.000000,-0.000918,0.078919,1,10.756323,inf,inf,inf,inf,inf,0.000000,inf,inf,0.012029,inf,inf,inf,inf,0.000000,0.012029,inf,inf,inf,inf,inf,719.317533,323.694485,226.590076,-0.000000,0.000000,0.000833,0,2
1780631088.784117,proposed,0.000000,44.999766,-0.000000,0.000741,0.881964,0.000000,45.000000,0.000000,45.000000,0.000000,-0.001272,0.027286,1,10.918387,inf,inf,inf,inf,inf,0.000000,inf,inf,0.012026,inf,inf,inf,inf,0.000000,0.012026,inf,inf,inf,inf,inf,719.309938,323.689095,226.584288,-0.000000,0.000000,0.000741,0,2
1780631088.882830,proposed,0.000000,44.999833,-0.000000,0.000614,1.231964,0.000000,45.000000,0.000000,45.000000,0.000000,-0.001338,-0.023907,1,11.288812,inf,inf,inf,inf,inf,0.000000,inf,inf,0.012021,inf,inf,inf,inf,0.000000,0.012021,inf,inf,inf,inf,inf,719.302326,323.685470,226.581595,-0.000000,0.000000,0.000614,0,2
1780631088.985736,proposed,0.000000,44.999888,-0.000000,0.000480,1.418322,0.000000,45.000000,0.000000,45.000000,0.000000,-0.001236,-0.056844,1,11.180009,inf,inf,inf,inf,inf,0.000000,inf,inf,0.012017,inf,inf,inf,inf,0.000000,0.012017,inf,inf,inf,inf,inf,719.298254,323.683573,226.581028,-0.000000,0.000000,0.000480,0,2
1780631089.083371,proposed,-0.000000,44.999930,-0.000000,0.000357,1.502183,0.000000,45.000000,0.000000,45.000000,0.000000,-0.001052,-0.073845,1,11.681920,inf,inf,inf,inf,inf,0.000000,inf,inf,0.012012,inf,inf,inf,inf,0.000000,0.012012,inf,inf,inf,inf,inf,719.296430,323.682627,226.580833,-0.000000,0.000000,0.000357,0,2
1780631089.186004,proposed,-0.000000,44.999960,-0.000000,0.000251,1.539920,0.000000,45.000000,0.000000,45.000000,0.000000,-0.000842,-0.081732,1,11.693119,inf,inf,inf,inf,inf,0.000000,inf,inf,0.012009,inf,inf,inf,inf,0.000000,0.012009,inf,inf,inf,inf,inf,719.295823,323.682296,226.580676,-0.000000,0.000000,0.000251,0,2
1780631089.283003,proposed,-0.000000,44.999981,-0.000000,0.000167,1.556902,0.000000,45.000000,0.000000,45.000000,0.000000,-0.000639,-0.085029,1,11.527117,inf,inf,inf,inf,inf,0.000000,inf,inf,0.012006,inf,inf,inf,inf,0.000000,0.012006,inf,inf,inf,inf,inf,719.295625,323.682177,226.580617,-0.000000,0.000000,0.000167,0,2
1780631089.385767,proposed,-0.000000,44.999995,0.000000,0.000103,1.564544,0.000000,45.000000,0.000000,45.000000,0.000000,-0.000460,-0.086140,1,11.223211,inf,inf,inf,inf,inf,0.000000,inf,inf,0.012004,inf,inf,inf,inf,0.000000,0.012004,inf,inf,inf,inf,inf,719.295585,323.682143,226.580594,-0.000000,0.000000,0.000103,0,2
1780631089.483326,proposed,-0.000000,45.000003,0.000000,0.000057,1.567983,0.000000,45.000000,0.000000,45.000000,0.000000,-0.000314,-0.086241,1,11.808288,inf,inf,inf,inf,inf,0.000000,inf,inf,0.012002,inf,inf,inf,inf,0.000000,0.012002,inf,inf,inf,inf,inf,719.295613,323.682145,226.580587,-0.000000,0.000000,0.000057,0,2
1780631089.586075,proposed,-0.000000,45.000007,0.000000,0.000026,1.217983,0.000000,45.000000,0.000000,45.000000,-0.000000,-0.000200,-0.047604,1,11.584746,inf,inf,inf,inf,inf,0.000000,inf,inf,0.012001,inf,inf,inf,inf,0.000000,0.012001,inf,inf,inf,inf,inf,719.302983,323.685692,226.581636,-0.000000,0.000000,0.000026,0,2
1780631089.682543,proposed,-0.000000,45.000009,0.000000,0.000006,0.867983,0.000000,45.000000,0.000000,45.000000,-0.000000,-0.000117,0.000470,1,10.969478,inf,inf,inf,inf,inf,0.000000,inf,inf,0.012000,inf,inf,inf,inf,0.000000,0.012001,inf,inf,inf,inf,inf,719.310387,323.689253,226.584637,-0.000000,0.000000,0.000006,0,2
1780631089.785739,proposed,-0.000000,45.000009,0.000000,-0.000006,0.517983,0.000000,45.000000,0.000000,45.000000,-0.000000,-0.000059,0.050595,1,14.042114,inf,inf,inf,inf,inf,0.000000,inf,inf,0.012000,inf,inf,inf,inf,0.000000,0.012000,inf,inf,inf,inf,inf,719.317827,323.694948,226.590664,-0.000000,0.000000,0.000006,0,2
1780631089.883686,proposed,-0.000000,45.000008,0.000000,-0.000012,0.167983,0.000000,45.000000,0.000000,45.000000,-0.000000,-0.000020,0.100912,1,11.999171,inf,inf,inf,inf,inf,0.000000,inf,inf,0.012000,inf,inf,inf,inf,0.000000,0.012000,inf,inf,inf,inf,inf,719.329805,323.697119,226.590799,-0.000000,0.000000,0.000012,0,2
1780631089.986207,proposed,-0.000000,45.000006,0.000000,-0.000014,-0.182017,0.000000,45.000000,0.000000,45.000000,-0.000000,0.000003,0.150955,1,11.626036,inf,inf,inf,inf,inf,0.000000,inf,inf,0.012000,inf,inf,inf,inf,0.000000,0.012000,inf,inf,inf,inf,inf,719.319805,323.685843,226.584046,-0.000000,0.000000,0.000014,0,2
1780631090.083483,proposed,-0.000000,45.000005,0.000000,-0.000014,-0.532017,0.000000,45.000000,0.000000,45.000000,-0.000000,0.000016,0.200609,1,11.903088,inf,inf,inf,inf,inf,0.000000,inf,inf,0.012000,inf,inf,inf,inf,0.000000,0.012000,inf,inf,inf,inf,inf,719.300622,323.679106,226.579934,-0.000000,0.000000,0.000014,0,2
1780631090.186145,proposed,-0.000000,45.000004,0.000000,-0.000012,-0.882017,0.000000,45.000000,0.000000,45.000000,-0.000000,0.000021,0.249850,1,11.571699,inf,inf,inf,inf,inf,0.000000,inf,inf,0.012000,inf,inf,inf,inf,0.000000,0.012000,inf,inf,inf,inf,inf,719.289571,323.676364,226.578590,-0.000000,0.000000,0.000012,0,2
1780631090.283013,proposed,-0.000000,45.000003,0.000000,-0.000010,-1.232017,0.000000,45.000000,0.000000,45.000000,-0.000000,0.000022,0.298674,1,11.517989,inf,inf,inf,inf,inf,0.000000,inf,inf,0.012000,inf,inf,inf,inf,0.000000,0.012000,inf,inf,inf,inf,inf,719.287052,323.677454,226.579471,-0.000000,0.000000,0.000010,0,2
1780631090.386360,proposed,-0.000000,45.000002,0.000000,-0.000008,-1.418346,0.000000,45.000000,0.000000,45.000000,-0.000000,0.000020,0.329259,1,12.082588,inf,inf,inf,inf,inf,0.000000,inf,inf,0.012000,inf,inf,inf,inf,0.000000,0.012000,inf,inf,inf,inf,inf,719.288917,323.679286,226.580054,-0.000000,0.000000,0.000008,0,2
1780631090.483470,proposed,0.000000,45.000001,0.000000,-0.000006,-1.502194,0.000000,45.000000,0.000000,45.000000,-0.000000,0.000017,0.343928,1,11.845257,inf,inf,inf,inf,inf,0.000000,inf,inf,0.012000,inf,inf,inf,inf,0.000000,0.012000,inf,inf,inf,inf,inf,719.290054,323.679910,226.580300,-0.000000,0.000000,0.000006,0,2
1780631090.584921,proposed,0.000000,45.000001,0.000000,-0.000004,-1.539925,0.000000,45.000000,0.000000,45.000000,-0.000000,0.000014,0.349501,1,10.840836,inf,inf,inf,inf,inf,0.000000,inf,inf,0.012000,inf,inf,inf,inf,0.000000,0.012000,inf,inf,inf,inf,inf,719.290273,323.680061,226.580379,-0.000000,0.000000,0.000004,0,2
1780631090.682888,proposed,0.000000,45.000000,0.000000,-0.000003,-1.556904,0.000000,45.000000,0.000000,45.000000,-0.000000,0.000010,0.350503,1,11.294105,inf,inf,inf,inf,inf,0.000000,inf,inf,0.012000,inf,inf,inf,inf,0.000000,0.012000,inf,inf,inf,inf,inf,719.290019,323.679972,226.580404,-0.000000,0.000000,0.000003,0,2
1780631090.785637,proposed,0.000000,45.000000,-0.000000,-0.000002,-1.564545,0.000000,45.000000,0.000000,45.000000,-0.000000,0.000007,0.349339,1,11.456542,inf,inf,inf,inf,inf,0.000000,inf,inf,0.012000,inf,inf,inf,inf,0.000000,0.012000,inf,inf,inf,inf,inf,719.289579,323.679781,226.580408,-0.000000,0.000000,0.000002,0,2
1780631090.882998,proposed,0.000000,45.000000,-0.000000,-0.000001,-1.567983,0.000000,45.000000,0.000000,45.000000,-0.000000,0.000005,0.347184,1,11.414005,inf,inf,inf,inf,inf,0.000000,inf,inf,0.012000,inf,inf,inf,inf,0.000000,0.012000,inf,inf,inf,inf,inf,719.289096,323.679406,226.580336,-0.000000,0.000000,0.000001,0,2
1780631090.986011,proposed,0.000000,45.000000,-0.000000,-0.000000,-1.217983,0.000000,45.000000,0.000000,45.000000,0.000000,0.000003,0.306303,1,11.742512,inf,inf,inf,inf,inf,0.000000,inf,inf,0.012000,inf,inf,inf,inf,0.000000,0.012000,inf,inf,inf,inf,inf,719.287650,323.676653,226.578980,-0.000000,0.000000,0.000000,0,2
1780631091.083321,proposed,0.000000,45.000000,-0.000000,-0.000000,-0.867983,0.000000,45.000000,0.000000,45.000000,0.000000,0.000002,0.256007,1,11.669728,inf,inf,inf,inf,inf,0.000000,inf,inf,0.012000,inf,inf,inf,inf,0.000000,0.012000,inf,inf,inf,inf,inf,719.297175,323.678973,226.580099,-0.000000,0.000000,0.000000,0,2
1780631091.185242,proposed,0.000000,45.000000,-0.000000,0.000000,-0.517983,0.000000,45.000000,0.000000,45.000000,0.000000,0.000001,0.203681,1,11.032876,inf,inf,inf,inf,inf,0.000000,inf,inf,0.012000,inf,inf,inf,inf,0.000000,0.012000,inf,inf,inf,inf,inf,719.316633,323.686099,226.584619,-0.000000,0.000000,0.000000,0,2
1780631091.282385,proposed,0.000000,45.000000,-0.000000,0.000000,-0.167983,0.000000,45.000000,0.000000,45.000000,0.000000,0.000000,0.151184,1,10.811045,inf,inf,inf,inf,inf,0.000000,inf,inf,0.012000,inf,inf,inf,inf,0.000000,0.012000,inf,inf,inf,inf,inf,719.343197,323.697610,226.592127,-0.000000,0.000000,0.000000,0,2
1780631091.384547,proposed,0.000000,45.000000,-0.000000,0.000000,0.182017,0.000000,45.000000,0.000000,45.000000,0.000000,-0.000000,0.098981,1,11.170066,inf,inf,inf,inf,inf,0.000000,inf,inf,0.012000,inf,inf,inf,inf,0.000000,0.012000,inf,inf,inf,inf,inf,719.329140,323.702042,226.595411,-0.000000,0.000000,0.000000,0,2
1780631091.482448,proposed,0.000000,45.000000,-0.000000,0.000000,0.532017,0.000000,45.000000,0.000000,45.000000,0.000000,-0.000000,0.047187,1,10.932419,inf,inf,inf,inf,inf,0.000000,inf,inf,0.012000,inf,inf,inf,inf,0.000000,0.012000,inf,inf,inf,inf,inf,719.317012,323.693359,226.587954,-0.000000,0.000000,0.000000,0,2
1780631091.583000,proposed,0.000000,45.000000,-0.000000,0.000000,0.882017,0.000000,45.000000,0.000000,45.000000,0.000000,-0.000000,-0.004174,1,10.928104,inf,inf,inf,inf,inf,0.000000,inf,inf,0.012000,inf,inf,inf,inf,0.000000,0.012000,inf,inf,inf,inf,inf,719.307092,323.688259,226.583345,-0.000000,0.000000,0.000000,0,2
1780631091.682033,proposed,0.000000,45.000000,-0.000000,0.000000,1.232017,0.000000,45.000000,0.000000,45.000000,0.000000,-0.000000,-0.055097,1,10.600131,inf,inf,inf,inf,inf,0.000000,inf,inf,0.012000,inf,inf,inf,inf,0.000000,0.012000,inf,inf,inf,inf,inf,719.297423,323.683590,226.581533,-0.000000,0.000000,0.000000,0,2
1780631091.782953,proposed,0.000000,45.000000,-0.000000,0.000000,1.418346,0.000000,45.000000,0.000000,45.000000,0.000000,-0.000000,-0.087764,1,10.773628,inf,inf,inf,inf,inf,0.000000,inf,inf,0.012000,inf,inf,inf,inf,0.000000,0.012000,inf,inf,inf,inf,inf,719.292393,323.681197,226.580835,-0.000000,0.000000,0.000000,0,2
1780631091.883576,proposed,-0.000000,45.000000,-0.000000,0.000000,1.502193,0.000000,45.000000,0.000000,45.000000,0.000000,-0.000000,-0.104498,1,11.920680,inf,inf,inf,inf,inf,0.000000,inf,inf,0.012000,inf,inf,inf,inf,0.000000,0.012000,inf,inf,inf,inf,inf,719.290391,323.680200,226.580515,-0.000000,0.000000,0.000000,0,2
1780631091.985693,proposed,-0.000000,45.000000,-0.000000,0.000000,1.539925,0.000000,45.000000,0.000000,45.000000,0.000000,-0.000000,-0.112121,1,11.456752,inf,inf,inf,inf,inf,0.000000,inf,inf,0.012000,inf,inf,inf,inf,0.000000,0.012000,inf,inf,inf,inf,inf,719.289746,323.679865,226.580422,-0.000000,0.000000,0.000000,0,2
1780631092.083471,proposed,-0.000000,45.000000,-0.000000,0.000000,1.556904,0.000000,45.000000,0.000000,45.000000,0.000000,-0.000000,-0.115157,1,11.851294,inf,inf,inf,inf,inf,0.000000,inf,inf,0.012000,inf,inf,inf,inf,0.000000,0.012000,inf,inf,inf,inf,inf,719.289584,323.679770,226.580389,-0.000000,0.000000,0.000000,0,2
1780631092.186028,proposed,-0.000000,45.000000,0.000000,0.000000,1.564545,0.000000,45.000000,0.000000,45.000000,0.000000,-0.000000,-0.116010,1,11.777608,inf,inf,inf,inf,inf,0.000000,inf,inf,0.012000,inf,inf,inf,inf,0.000000,0.012000,inf,inf,inf,inf,inf,719.289619,323.679775,226.580376,-0.000000,0.000000,0.000000,0,2
1780631092.283003,proposed,-0.000000,45.000000,0.000000,0.000000,1.567983,0.000000,45.000000,0.000000,45.000000,0.000000,-0.000000,-0.115855,1,11.473160,inf,inf,inf,inf,inf,0.000000,inf,inf,0.012000,inf,inf,inf,inf,0.000000,0.012000,inf,inf,inf,inf,inf,719.289743,323.679825,226.580371,-0.000000,0.000000,0.000000,0,2
1780631092.386628,proposed,-0.000000,45.000000,0.000000,0.000000,1.217983,0.000000,45.000000,0.000000,45.000000,-0.000000,-0.000000,-0.076964,1,12.177493,inf,inf,inf,inf,inf,0.000000,inf,inf,0.012000,inf,inf,inf,inf,0.000000,0.012000,inf,inf,inf,inf,inf,719.298917,323.684253,226.581626,-0.000000,0.000000,0.000000,0,2
1780631092.483393,proposed,-0.000000,45.000000,0.000000,0.000000,0.867983,0.000000,45.000000,0.000000,45.000000,-0.000000,-0.000000,-0.028639,1,11.815193,inf,inf,inf,inf,inf,0.000000,inf,inf,0.012000,inf,inf,inf,inf,0.000000,0.012000,inf,inf,inf,inf,inf,719.308243,323.688699,226.583661,-0.000000,0.000000,0.000000,0,2
1780631092.585750,proposed,-0.000000,45.000000,0.000000,-0.000000,0.517983,0.000000,45.000000,0.000000,45.000000,-0.000000,-0.000000,0.021736,1,11.447536,inf,inf,inf,inf,inf,0.000000,inf,inf,0.012000,inf,inf,inf,inf,0.000000,0.012000,inf,inf,inf,inf,inf,719.317669,323.693864,226.588642,-0.000000,0.000000,0.000000,0,2
1780631092.682366,proposed,-0.000000,45.000000,0.000000,-0.000000,0.167983,0.000000,45.000000,0.000000,45.000000,-0.000000,-0.000000,0.072300,1,10.856198,inf,inf,inf,inf,inf,0.000000,inf,inf,0.012000,inf,inf,inf,inf,0.000000,0.012000,inf,inf,inf,inf,inf,719.329805,323.702850,226.596315,-0.000000,0.000000,0.000000,0,2
1780631092.784447,proposed,-0.000000,45.000000,0.000000,-0.000000,-0.182017,0.000000,45.000000,0.000000,45.000000,-0.000000,0.000000,0.122588,1,10.890266,inf,inf,inf,inf,inf,0.000000,inf,inf,0.012000,inf,inf,inf,inf,0.000000,0.012000,inf,inf,inf,inf,inf,719.339234,323.695509,226.590693,-0.000000,0.000000,0.000000,0,2
1780631092.882511,proposed,-0.000000,45.000000,0.000000,-0.000000,-0.532017,0.000000,45.000000,0.000000,45.000000,-0.000000,0.000000,0.172485,1,11.022644,inf,inf,inf,inf,inf,0.000000,inf,inf,0.012000,inf,inf,inf,inf,0.000000,0.012000,inf,inf,inf,inf,inf,719.315022,323.685414,226.584160,-0.000000,0.000000,0.000000,0,2
1780631092.983433,proposed,-0.000000,45.000000,0.000000,-0.000000,-0.882017,0.000000,45.000000,0.000000,45.000000,-0.000000,0.000000,0.221965,1,11.091867,inf,inf,inf,inf,inf,0.000000,inf,inf,0.012000,inf,inf,inf,inf,0.000000,0.012000,inf,inf,inf,inf,inf,719.297546,323.679172,226.580237,-0.000000,0.000000,0.000000,0,2
1780631093.082875,proposed,-0.000000,45.000000,0.000000,-0.000000,-1.232017,0.000000,45.000000,0.000000,45.000000,-0.000000,0.000000,0.271026,1,11.259562,inf,inf,inf,inf,inf,0.000000,inf,inf,0.012000,inf,inf,inf,inf,0.000000,0.012000,inf,inf,inf,inf,inf,719.288328,323.676784,226.579002,-0.000000,0.000000,0.000000,0,2
1780631093.186769,proposed,-0.000000,45.000000,0.000000,-0.000000,-1.418346,0.000000,45.000000,0.000000,45.000000,-0.000000,0.000000,0.301846,1,11.096322,inf,inf,inf,inf,inf,0.000000,inf,inf,0.012000,inf,inf,inf,inf,0.000000,0.012000,inf,inf,inf,inf,inf,719.286909,323.677013,226.579367,-0.000000,0.000000,0.000000,0,2
1780631093.282253,proposed,0.000000,45.000000,0.000000,-0.000000,-1.502193,0.000000,45.000000,0.000000,45.000000,-0.000000,0.000000,0.316748,1,10.789358,inf,inf,inf,inf,inf,0.000000,inf,inf,0.012000,inf,inf,inf,inf,0.000000,0.012000,inf,inf,inf,inf,inf,719.286912,323.677323,226.579650,-0.000000,0.000000,0.000000,0,2
1780631093.385268,proposed,0.000000,45.000000,0.000000,-0.000000,-1.539925,0.000000,45.000000,0.000000,45.000000,-0.000000,0.000000,0.322553,1,11.033764,inf,inf,inf,inf,inf,0.000000,inf,inf,0.012000,inf,inf,inf,inf,0.000000,0.012000,inf,inf,inf,inf,inf,719.286946,323.677407,226.579715,-0.000000,0.000000,0.000000,0,2
1780631093.482818,proposed,0.000000,45.000000,0.000000,-0.000000,-1.556904,0.000000,45.000000,0.000000,45.000000,-0.000000,0.000000,0.323786,1,11.168738,inf,inf,inf,inf,inf,0.000000,inf,inf,0.012000,inf,inf,inf,inf,0.000000,0.012000,inf,inf,inf,inf,inf,719.286919,323.677362,226.579667,-0.000000,0.000000,0.000000,0,2
1780631093.586654,proposed,0.000000,45.000000,-0.000000,-0.000000,-1.564545,0.000000,45.000000,0.000000,45.000000,-0.000000,0.000000,0.322852,1,14.730961,inf,inf,inf,inf,inf,0.000000,inf,inf,0.012000,inf,inf,inf,inf,0.000000,0.012000,inf,inf,inf,inf,inf,719.286885,323.677275,226.579579,-0.000000,0.000000,0.000000,0,2
1780631093.684969,proposed,0.000000,45.000000,-0.000000,-0.000000,-1.567983,0.000000,45.000000,0.000000,45.000000,-0.000000,0.000000,0.320924,1,12.938168,inf,inf,inf,inf,inf,0.000000,inf,inf,0.012000,inf,inf,inf,inf,0.000000,0.012000,inf,inf,inf,inf,inf,719.286879,323.677187,226.579488,-0.000000,0.000000,0.000000,0,2
1780631093.784624,proposed,0.000000,45.000000,-0.000000,-0.000000,-1.217983,0.000000,45.000000,0.000000,45.000000,0.000000,0.000000,0.280271,1,12.237609,inf,inf,inf,inf,inf,0.000000,inf,inf,0.012000,inf,inf,inf,inf,0.000000,0.012000,inf,inf,inf,inf,inf,719.292650,323.678219,226.579817,-0.000000,0.000000,0.000000,0,2
1780631093.883837,proposed,0.000000,45.000000,-0.000000,-0.000000,-0.867983,0.000000,45.000000,0.000000,45.000000,0.000000,0.000000,0.230200,1,12.102895,inf,inf,inf,inf,inf,0.000000,inf,inf,0.012000,inf,inf,inf,inf,0.000000,0.012000,inf,inf,inf,inf,inf,719.308870,323.684137,226.583595,-0.000000,0.000000,0.000000,0,2
1780631093.986349,proposed,0.000000,45.000000,-0.000000,0.000000,-0.517983,0.000000,45.000000,0.000000,45.000000,0.000000,0.000000,0.178097,1,11.752905,inf,inf,inf,inf,inf,0.000000,inf,inf,0.012000,inf,inf,inf,inf,0.000000,0.012000,inf,inf,inf,inf,inf,719.333570,323.694381,226.590457,-0.000000,0.000000,0.000000,0,2
1780631094.083665,proposed,0.000000,45.000000,-0.000000,0.000000,-0.167983,0.000000,45.000000,0.000000,45.000000,0.000000,0.000000,0.125820,1,11.940525,inf,inf,inf,inf,inf,0.000000,inf,inf,0.012000,inf,inf,inf,inf,0.000000,0.012000,inf,inf,inf,inf,inf,719.349864,323.708388,226.600215,-0.000000,0.000000,0.000000,0,2
1780631094.185567,proposed,0.000000,45.000000,-0.000000,0.000000,0.182017,0.000000,45.000000,0.000000,45.000000,0.000000,-0.000000,0.073834,1,11.169764,inf,inf,inf,inf,inf,0.000000,inf,inf,0.012000,inf,inf,inf,inf,0.000000,0.012000,inf,inf,inf,inf,inf,719.329140,323.700433,226.593132,-0.000000,0.000000,0.000000,0,2
1780631094.283107,proposed,0.000000,45.000000,-0.000000,0.000000,0.532017,0.000000,45.000000,0.000000,45.000000,0.000000,-0.000000,0.022255,1,11.451596,inf,inf,inf,inf,inf,0.000000,inf,inf,0.012000,inf,inf,inf,inf,0.000000,0.012000,inf,inf,inf,inf,inf,719.315591,323.692546,226.586517,-0.000000,0.000000,0.000000,0,2
1780631094.385016,proposed,0.000000,45.000000,-0.000000,0.000000,0.882017,0.000000,45.000000,0.000000,45.000000,0.000000,-0.000000,-0.028892,1,11.232738,inf,inf,inf,inf,inf,0.000000,inf,inf,0.012000,inf,inf,inf,inf,0.000000,0.012000,inf,inf,inf,inf,inf,719.302748,323.686390,226.582844,-0.000000,0.000000,0.000000,0,2
1780631094.482564,proposed,0.000000,45.000000,-0.000000,0.000000,1.232017,0.000000,45.000000,0.000000,45.000000,0.000000,-0.000000,-0.079603,1,10.995944,inf,inf,inf,inf,inf,0.000000,inf,inf,0.012000,inf,inf,inf,inf,0.000000,0.012000,inf,inf,inf,inf,inf,719.291055,323.680525,226.581085,-0.000000,0.000000,0.000000,0,2
1780631094.586047,proposed,0.000000,45.000000,-0.000000,0.000000,1.418346,0.000000,45.000000,0.000000,45.000000,0.000000,-0.000000,-0.112060,1,11.638476,inf,inf,inf,inf,inf,0.000000,inf,inf,0.012000,inf,inf,inf,inf,0.000000,0.012000,inf,inf,inf,inf,inf,719.287735,323.678253,226.580217,-0.000000,0.000000,0.000000,0,2
1780631094.682310,proposed,-0.000000,45.000000,-0.000000,0.000000,1.502193,0.000000,45.000000,0.000000,45.000000,0.000000,-0.000000,-0.128586,1,10.800743,inf,inf,inf,inf,inf,0.000000,inf,inf,0.012000,inf,inf,inf,inf,0.000000,0.012000,inf,inf,inf,inf,inf,719.287090,323.677629,226.579879,-0.000000,0.000000,0.000000,0,2
1780631094.784771,proposed,-0.000000,45.000000,-0.000000,0.000000,1.539925,0.000000,45.000000,0.000000,45.000000,0.000000,-0.000000,-0.136003,1,11.022729,inf,inf,inf,inf,inf,0.000000,inf,inf,0.012000,inf,inf,inf,inf,0.000000,0.012000,inf,inf,inf,inf,inf,719.286962,323.677444,226.579740,-0.000000,0.000000,0.000000,0,2
1780631094.885837,proposed,-0.000000,45.000000,-0.000000,0.000000,1.556904,0.000000,45.000000,0.000000,45.000000,0.000000,-0.000000,-0.138834,1,13.232775,inf,inf,inf,inf,inf,0.000000,inf,inf,0.012000,inf,inf,inf,inf,0.000000,0.012000,inf,inf,inf,inf,inf,719.286942,323.677404,226.579709,-0.000000,0.000000,0.000000,0,2
1780631095.010667,proposed,-0.000000,45.000000,0.000000,0.000000,1.564545,0.000000,45.000000,0.000000,45.000000,0.000000,-0.000000,-0.139484,1,25.429201,inf,inf,inf,inf,inf,0.000000,inf,inf,0.012000,inf,inf,inf,inf,0.000000,0.012000,inf,inf,inf,inf,inf,719.286954,323.677422,226.579729,-0.000000,0.000000,0.000000,0,2
1780631095.100855,proposed,-0.000000,45.000000,0.000000,0.000000,1.567983,0.000000,45.000000,0.000000,45.000000,0.000000,-0.000000,-0.139128,1,24.962189,inf,inf,inf,inf,inf,0.000000,inf,inf,0.012000,inf,inf,inf,inf,0.000000,0.012000,inf,inf,inf,inf,inf,719.286984,323.677469,226.579769,-0.000000,0.000000,0.000000,0,2
1780631095.208456,proposed,-0.000000,45.000000,0.000000,0.000000,1.217983,-0.220395,45.112109,0.000000,45.000000,-1.963089,0.998570,-0.100000,1,20.549928,0.418895,0.383612,0.275900,0.275900,0.801862,0.000397,0.275900,0.275900,0.012000,0.789464,0.383612,0.275900,0.756378,0.000430,0.026360,0.734832,0.275900,0.275900,0.137538,0.109680,0.275900,0.136538,0.109680,-0.000000,0.000000,0.000000,1,2
1780631095.298662,proposed,-0.009815,45.004993,-0.196309,0.099857,1.548445,-0.208628,45.106365,0.000000,45.000000,-1.047276,0.534871,-0.125573,1,22.093955,0.385873,0.350831,0.238212,0.238212,0.767750,0.000382,0.238212,0.238212,0.019830,0.747538,0.350831,0.238212,0.767750,0.000385,0.025390,0.747538,0.238212,0.238212,0.148395,0.129062,0.238212,0.147395,0.129062,-0.000000,0.000000,0.220247,1,2
1780631095.411215,proposed,-0.034683,45.017653,-0.301036,0.153344,1.891298,0.364610,44.835503,0.000000,45.000000,4.813968,-2.262839,-0.168520,1,23.287731,0.377187,0.337436,0.232256,0.232256,0.899977,0.001389,0.232256,0.232256,0.024110,0.874479,0.337436,0.232256,0.899977,0.001453,0.039581,0.874479,0.232256,0.232256,0.111969,0.124887,0.212537,0.101744,0.118745,-0.000000,0.000000,0.337842,3,2
1780631095.495598,proposed,-0.040717,45.021673,0.180360,-0.072940,1.455214,0.000000,45.000000,0.000000,45.000000,-0.075422,-0.039675,-0.130690,1,20.486597,inf,inf,inf,inf,inf,0.000059,inf,inf,0.018904,inf,inf,inf,inf,0.000059,0.018904,inf,inf,inf,inf,inf,719.288120,323.678707,226.580240,-0.000000,0.000001,0.194551,0,2
1780631095.615721,proposed,-0.023058,45.014181,0.172818,-0.076907,1.105249,-0.314527,45.247129,0.000000,45.000000,-3.368969,2.413297,-0.082270,1,15.660917,0.320570,0.280528,0.176429,0.176429,0.840058,0.000948,0.176429,0.176429,0.018710,0.820400,0.280528,0.176429,0.799600,0.001022,0.034614,0.771285,0.176429,0.176429,0.094368,0.102072,0.168874,0.089052,0.097521,-0.000000,0.000000,0.189158,10,2
1780631095.698872,proposed,-0.022621,45.018557,-0.164079,0.164422,1.388656,-0.208994,45.110701,0.000000,45.000000,-1.185419,0.272621,-0.100483,1,22.109003,0.406060,0.366191,0.259572,0.259572,0.771902,0.000346,0.259572,0.259572,0.020265,0.751291,0.366191,0.259572,0.752957,0.000351,0.024906,0.735285,0.259572,0.259572,0.156067,0.120835,0.259572,0.155067,0.120835,-0.000000,0.000000,0.232286,1,2
1780631095.811380,proposed,-0.044956,45.036362,-0.282621,0.191685,1.733267,0.360605,44.826898,0.000000,45.000000,4.777661,-2.696073,-0.141922,1,21.627759,0.377101,0.339985,0.230298,0.230298,0.904314,0.001494,0.230298,0.230298,0.024244,0.878576,0.339985,0.230298,0.896715,0.001567,0.040670,0.863327,0.230298,0.230298,0.113987,0.127049,0.211883,0.104374,0.121596,-0.000000,0.000001,0.341493,3,2
1780631095.887631,proposed,-0.049329,45.042050,0.195145,-0.077923,1.309153,0.000000,45.000000,0.000000,45.000000,-0.067071,-0.231679,-0.105217,1,12.891061,inf,inf,inf,inf,inf,0.000080,inf,inf,0.019465,inf,inf,inf,inf,0.000080,0.019599,inf,inf,inf,inf,inf,719.292152,323.681292,226.581005,-0.000000,0.000001,0.210128,0,2
1780631096.011759,proposed,-0.030150,45.033099,0.188438,-0.101091,0.958968,-0.211998,45.116798,0.000000,45.000000,-2.461305,1.176842,-0.057084,1,23.963076,0.424174,0.389207,0.280894,0.280894,0.791140,0.000315,0.280894,0.280894,0.019599,0.771226,0.357937,0.250111,0.713253,0.000315,0.024563,0.691639,0.250111,0.250111,0.102246,0.078232,0.246112,0.101247,0.078233,-0.000000,0.000001,0.213842,1,2
1780631096.096810,proposed,-0.023613,45.028874,-0.057692,0.016594,1.295988,0.000000,45.000000,0.000000,45.000000,0.281061,-0.242220,-0.081537,1,21.889321,inf,inf,inf,inf,inf,0.000013,inf,inf,0.014110,inf,inf,inf,inf,0.000013,0.014481,inf,inf,inf,inf,inf,719.291508,323.680953,226.580256,-0.000000,0.000000,0.060031,0,2
1780631096.207117,proposed,-0.027977,45.029323,-0.029586,-0.007628,0.945864,0.367677,44.842476,0.000000,45.000000,3.676649,-1.648658,-0.048923,1,23.069953,0.451037,0.410733,0.304795,0.304795,0.922050,0.001246,0.304795,0.304795,0.013072,0.907733,0.410404,0.301612,0.848102,0.001352,0.037992,0.818669,0.301612,0.301612,0.133975,0.122608,0.280985,0.124617,0.116827,-0.000000,0.000000,0.030554,4,2
1780631096.301937,proposed,-0.012552,45.020317,0.338079,-0.172494,0.663112,-0.207658,45.110463,0.000000,45.000000,-2.961738,1.444534,-0.009631,1,25.424275,0.389823,0.353353,0.242318,0.242318,0.783891,0.000473,0.242318,0.242318,0.025644,0.757774,0.292139,0.185373,0.707585,0.000473,0.026512,0.683466,0.185373,0.185373,0.066360,0.055666,0.181374,0.065360,0.055667,-0.000000,0.000001,0.379541,1,2
1780631096.424136,proposed,0.006447,45.010290,0.041905,-0.028041,1.023601,-0.315280,45.246168,0.000000,45.000000,-3.274714,2.334253,-0.039094,1,15.338494,0.329188,0.288952,0.181401,0.181401,0.850966,0.001038,0.181401,0.181401,0.013771,0.836158,0.288952,0.181401,0.793596,0.001135,0.035762,0.765805,0.181401,0.181401,0.104095,0.105995,0.173207,0.098022,0.101063,-0.000000,0.000000,0.050422,10,2
1780631096.496389,proposed,-0.005736,45.019157,-0.285566,0.205384,1.318462,0.364721,44.835747,0.000000,45.000000,4.320731,-2.369576,-0.078224,1,18.756433,0.456309,0.420516,0.312364,0.312364,0.922935,0.001259,0.312364,0.312364,0.024621,0.897055,0.420516,0.305972,0.848607,0.001298,0.038175,0.816646,0.305972,0.305972,0.134172,0.119304,0.283833,0.125887,0.115799,-0.000000,0.000001,0.351754,3,2
1780631096.620960,proposed,-0.012689,45.027848,0.146507,-0.031573,0.988688,0.362407,44.830705,0.000000,45.000000,3.016068,-1.794269,-0.051691,1,24.469381,0.464681,0.425802,0.319650,0.319650,0.923449,0.001194,0.319650,0.319650,0.017302,0.904953,0.425802,0.319650,0.846307,0.001292,0.037178,0.819487,0.319650,0.319650,0.154576,0.136782,0.303129,0.146904,0.131714,-0.000000,0.000000,0.149870,3,2
1780631096.692204,proposed,0.017042,45.015719,0.448114,-0.211000,0.679764,-0.317463,45.243346,0.000000,45.000000,-4.741565,2.829029,-0.011003,1,11.243454,0.352151,0.312243,0.196060,0.196060,0.851186,0.001358,0.196060,0.196060,0.029949,0.819878,0.268483,0.161763,0.788141,0.001358,0.038491,0.755234,0.161763,0.161763,0.053930,0.065390,0.139381,0.042477,0.058177,-0.000000,0.000001,0.495305,10,2
1780631096.814815,proposed,0.038146,45.008764,-0.026043,0.071903,1.030507,0.349732,44.842166,0.000000,45.000000,2.533898,-1.590058,-0.038954,1,21.533244,0.471014,0.433621,0.326704,0.326704,0.891360,0.000818,0.326704,0.326704,0.014691,0.875850,0.423070,0.316138,0.812458,0.000883,0.032850,0.785549,0.316138,0.316138,0.136451,0.114213,0.309854,0.133704,0.112886,-0.000000,0.000001,0.076474,3,2
1780631096.900237,proposed,0.048211,45.008004,0.227347,-0.087103,0.706859,0.343765,44.848801,0.000000,45.000000,1.814178,-1.151135,-0.010542,1,21.270994,0.423641,0.388330,0.276060,0.276060,0.855549,0.000804,0.276060,0.276060,0.020669,0.834076,0.388330,0.276060,0.796965,0.000838,0.031668,0.774390,0.276060,0.276060,0.136282,0.116869,0.272760,0.133764,0.115769,-0.000000,0.000000,0.243462,3,2
1780631097.022433,proposed,0.080016,44.993538,0.408765,-0.202217,0.379308,-0.326940,45.230457,0.000000,45.000000,-5.302725,2.921234,0.032355,1,21.791122,0.324142,0.286878,0.178592,0.178592,0.871185,0.001691,0.178592,0.178592,0.028482,0.841012,0.254556,0.146343,0.822818,0.001708,0.042304,0.787597,0.146343,0.146343,0.048117,0.071507,0.115328,0.034335,0.062877,-0.000000,0.000001,0.456048,8,2
1780631097.115334,proposed,0.094379,44.987922,-0.121508,0.089907,0.818183,-0.331145,45.224373,0.000000,45.000000,-3.650152,1.926989,-0.004970,1,28.501792,0.363048,0.325304,0.198321,0.198321,0.890253,0.001568,0.198321,0.198321,0.017347,0.871338,0.325304,0.198321,0.828863,0.001703,0.041161,0.799629,0.198321,0.198321,0.112663,0.114762,0.184603,0.101859,0.107412,-0.000000,0.000000,0.151154,8,2
1780631097.212603,proposed,0.063978,45.006548,-0.486523,0.282606,1.155705,0.368154,44.843595,0.000000,45.000000,4.594144,-2.560824,-0.050911,1,19.233972,0.485279,0.456204,0.342003,0.342003,0.898110,0.001154,0.342003,0.342003,0.032484,0.864472,0.402471,0.295481,0.816741,0.001154,0.035337,0.785573,0.295481,0.295481,0.111428,0.097311,0.286284,0.108335,0.095764,-0.000000,0.000001,0.562646,4,2
1780631097.300360,proposed,0.038296,45.022005,-0.027109,0.026523,0.861343,0.356183,44.855465,0.000000,45.000000,3.297759,-1.793976,-0.030130,1,22.513624,0.456498,0.418566,0.308630,0.308630,0.885954,0.000839,0.308630,0.308630,0.013331,0.871784,0.413239,0.301099,0.818051,0.000921,0.033379,0.792234,0.301099,0.301099,0.131353,0.116823,0.291279,0.126853,0.114277,-0.000000,0.000000,0.037926,3,2
1780631097.436324,proposed,0.052074,45.015687,0.302667,-0.152874,0.571101,-0.288857,45.276698,0.000000,45.000000,-4.131949,2.868386,0.006934,1,20.156201,0.319875,0.279398,0.170762,0.170762,0.850637,0.001336,0.170762,0.170762,0.024155,0.825145,0.250751,0.146062,0.789253,0.001391,0.039060,0.756780,0.146062,0.146062,0.052143,0.066959,0.129458,0.044004,0.061689,-0.000000,0.000001,0.339084,10,2
1780631097.499807,proposed,0.061681,45.014742,-0.110528,0.133964,0.930033,-0.316193,45.244994,0.000000,45.000000,-3.186303,1.672234,-0.022995,1,16.132993,0.331386,0.291565,0.177525,0.177525,0.862228,0.001309,0.177525,0.177525,0.018154,0.842765,0.291565,0.177525,0.803671,0.001413,0.038327,0.776274,0.177525,0.177525,0.114092,0.111602,0.164814,0.103592,0.103671,-0.000000,0.000000,0.173674,10,2
1780631097.613235,proposed,0.034697,45.036499,-0.429158,0.301188,1.257624,0.370596,44.849473,0.000000,45.000000,4.656987,-2.876911,-0.065902,1,21.075533,0.490225,0.462974,0.347276,0.347276,0.923110,0.001291,0.347276,0.347276,0.031038,0.890782,0.427123,0.317696,0.843690,0.001291,0.037461,0.811317,0.317696,0.317696,0.126695,0.110381,0.303353,0.121238,0.107366,-0.000000,0.000001,0.524300,3,2
1780631097.711939,proposed,0.015066,45.052233,0.036541,0.013497,0.933593,0.374151,44.858541,0.000000,45.000000,3.386916,-2.001807,-0.041026,1,33.901036,0.471228,0.431544,0.323719,0.323719,0.919732,0.001084,0.323719,0.323719,0.013367,0.905281,0.431544,0.323244,0.846946,0.001178,0.036348,0.819725,0.323244,0.323244,0.145199,0.130425,0.305524,0.137178,0.125405,-0.000000,0.000000,0.038954,3,2
1780631097.827953,proposed,0.035655,45.043574,0.375232,-0.186684,0.639683,-0.277091,45.288480,0.000000,45.000000,-4.196291,2.859371,-0.002453,1,17.202609,0.362883,0.323497,0.196848,0.196848,0.852300,0.001236,0.196848,0.196848,0.027108,0.823955,0.283404,0.173069,0.787061,0.001236,0.037578,0.755169,0.173069,0.173069,0.064803,0.069975,0.156455,0.055477,0.064333,-0.000000,0.000001,0.419107,10,2
1780631097.898234,proposed,0.052196,45.039202,-0.044397,0.099253,0.986080,-0.309137,45.253839,0.000000,45.000000,-3.337373,1.686545,-0.030597,1,15.215598,0.327318,0.287016,0.180587,0.180587,0.850986,0.001162,0.180587,0.180587,0.015835,0.833988,0.287016,0.180587,0.807391,0.001260,0.037026,0.780204,0.180587,0.180587,0.116155,0.115878,0.172179,0.108541,0.108755,-0.000000,0.000000,0.108730,10,2
1780631098.013097,proposed,0.031070,45.057560,-0.378134,0.267908,1.307319,0.299700,44.901000,0.000000,45.000000,3.819950,-2.456746,-0.072315,1,22.245378,0.471638,0.444305,0.329205,0.329205,0.877034,0.000886,0.329205,0.329205,0.028757,0.847391,0.406553,0.300656,0.796801,0.000886,0.032669,0.768039,0.300656,0.300656,0.120428,0.098708,0.293660,0.118187,0.097866,-0.000000,0.000001,0.463422,2,2
1780631098.105352,proposed,0.012356,45.072068,0.003861,0.022233,0.964728,0.379293,44.872969,0.000000,45.000000,3.538880,-2.057092,-0.045081,1,25.810898,0.449260,0.409548,0.302004,0.302004,0.914379,0.001133,0.302004,0.302004,0.012791,0.900454,0.409548,0.298890,0.840671,0.001235,0.036924,0.812657,0.298890,0.298890,0.132788,0.122296,0.284340,0.126194,0.118338,-0.000000,0.000000,0.022566,4,2
1780631098.225627,proposed,0.030437,45.064005,0.357749,-0.183476,0.672392,-0.308264,45.254898,0.000000,45.000000,-4.338434,2.359869,-0.006057,1,21.112333,0.364761,0.325716,0.206797,0.206797,0.848803,0.001177,0.206797,0.206797,0.026476,0.821150,0.285492,0.177652,0.784597,0.001177,0.037013,0.753138,0.177652,0.177652,0.063914,0.070015,0.157191,0.053190,0.063267,-0.000000,0.000001,0.402055,10,2
1780631098.298943,proposed,0.044519,45.057457,-0.076094,0.052511,1.032551,-0.308072,45.255131,0.000000,45.000000,-3.129504,1.705328,-0.035571,1,15.503913,0.327717,0.288324,0.182844,0.182844,0.840851,0.001072,0.182844,0.182844,0.015257,0.824522,0.288324,0.182844,0.802187,0.001166,0.036023,0.775682,0.182844,0.182844,0.114464,0.115095,0.176392,0.108893,0.109884,-0.000000,0.000000,0.092454,10,2
1780631098.398242,proposed,0.021262,45.071235,-0.389045,0.223044,1.348189,0.378549,44.870770,0.000000,45.000000,4.673702,-2.647236,-0.076996,1,21.557915,0.480863,0.446393,0.335578,0.335578,0.930516,0.001332,0.335578,0.335578,0.028198,0.900985,0.431419,0.317561,0.854198,0.001332,0.038551,0.821475,0.317561,0.317561,0.132993,0.117083,0.299795,0.125720,0.113079,-0.000000,0.000001,0.448447,3,2
1780631098.497327,proposed,0.005726,45.080303,0.078325,-0.041680,1.011395,0.269336,44.913635,0.000000,45.000000,2.352281,-1.498870,-0.050282,1,20.657112,0.520323,0.480332,0.372925,0.372925,0.896232,0.000642,0.372925,0.372925,0.015125,0.880465,0.480332,0.372925,0.819237,0.000705,0.030399,0.796466,0.372925,0.372925,0.168133,0.136904,0.344790,0.155267,0.128562,-0.000000,0.000000,0.088725,2,2
1780631098.622251,proposed,0.025320,45.068641,0.313553,-0.191567,0.685273,-0.284685,45.280989,0.000000,45.000000,-3.976004,2.628920,-0.007696,1,11.868991,0.365693,0.326565,0.202305,0.202305,0.841978,0.001080,0.202305,0.202305,0.025198,0.815700,0.288818,0.179028,0.776809,0.001088,0.035970,0.746361,0.179028,0.179028,0.067760,0.070985,0.165305,0.060241,0.066339,-0.000000,0.000001,0.367442,10,2
1780631098.698127,proposed,0.036796,45.062629,-0.084047,0.071325,1.025970,-0.308524,45.254583,0.000000,45.000000,-3.002146,1.591134,-0.034171,1,17.793427,0.340075,0.300333,0.194780,0.194780,0.843704,0.001029,0.194780,0.194780,0.015889,0.826786,0.300333,0.194780,0.803338,0.001118,0.035435,0.777333,0.194780,0.194780,0.121803,0.119127,0.184318,0.114570,0.112741,-0.000000,0.000000,0.110232,9,2
1780631098.811509,proposed,0.013380,45.077717,-0.384262,0.230438,1.346082,0.000000,45.000000,0.000000,45.000000,1.360460,-1.595312,-0.075444,1,23.509853,inf,inf,inf,inf,inf,0.000281,inf,inf,0.028184,inf,inf,inf,inf,0.000281,0.028184,inf,inf,inf,inf,inf,719.287872,323.679095,226.578374,-0.000000,0.000000,0.448061,0,2
1780631098.898791,proposed,-0.018244,45.092784,-0.248216,0.070907,0.984048,0.000000,45.000000,0.000000,45.000000,1.366769,-1.261328,-0.045864,1,23.911393,inf,inf,inf,inf,inf,0.000138,inf,inf,0.021202,inf,inf,inf,inf,0.000138,0.021202,inf,inf,inf,inf,inf,719.298306,323.683760,226.580317,-0.000000,0.000000,0.258145,0,2
1780631099.013853,proposed,-0.036231,45.093568,-0.111539,-0.055226,0.640550,-0.302444,45.261778,0.000000,45.000000,-1.773179,1.648447,-0.000692,1,21.122847,0.399366,0.360157,0.245523,0.245523,0.834356,0.000663,0.245523,0.245523,0.016395,0.817298,0.354012,0.245523,0.767892,0.000687,0.030279,0.744008,0.245523,0.245523,0.111895,0.097231,0.228620,0.102429,0.090780,-0.000000,0.000001,0.124462,7,2
1780631099.102015,proposed,-0.056251,45.096288,-0.288857,0.109619,0.981013,-0.367299,45.148862,0.000000,45.000000,-1.621851,0.105830,-0.026528,1,24.658719,0.482908,0.443238,0.334970,0.334970,0.866598,0.000761,0.334970,0.334970,0.023052,0.842784,0.443238,0.334970,0.788065,0.000761,0.030901,0.766734,0.334970,0.334970,0.165459,0.131848,0.323026,0.159276,0.127518,-0.000000,0.000000,0.308957,3,2
1780631099.215069,proposed,-0.093246,45.107779,-0.451042,0.120202,1.335597,0.000000,45.000000,0.000000,45.000000,2.710567,-1.485597,-0.071439,1,24.215259,inf,inf,inf,inf,inf,0.000393,inf,inf,0.028882,inf,inf,inf,inf,0.000393,0.028882,inf,inf,inf,inf,inf,719.284823,323.677526,226.575723,-0.000000,0.000000,0.466784,0,2
1780631099.299339,proposed,-0.124797,45.112371,-0.179985,-0.028358,0.993151,0.000000,45.000000,0.000000,45.000000,2.114651,-0.986897,-0.044928,1,24.302907,inf,inf,inf,inf,inf,0.000223,inf,inf,0.018460,inf,inf,inf,inf,0.000223,0.022064,inf,inf,inf,inf,inf,719.294097,323.681409,226.577120,-0.000000,0.000000,0.182205,0,2
1780631099.420073,proposed,-0.132223,45.104601,0.031480,-0.127047,0.665729,-0.306433,45.257097,0.000000,45.000000,-1.532254,1.847960,-0.002294,1,23.235353,0.423680,0.384663,0.276857,0.276857,0.807519,0.000369,0.276857,0.276857,0.016624,0.790526,0.360728,0.256702,0.735410,0.000392,0.025847,0.713271,0.256702,0.256702,0.104430,0.084792,0.248286,0.101286,0.083100,-0.000000,0.000001,0.130889,6,2
1780631099.500659,proposed,-0.136736,45.101136,-0.121745,0.057749,0.998573,-0.376364,45.135463,0.000000,45.000000,-1.709368,0.188582,-0.027907,1,22.943555,0.474839,0.434866,0.327899,0.327899,0.825774,0.000403,0.327899,0.327899,0.016762,0.808610,0.434866,0.325873,0.744203,0.000426,0.026004,0.724183,0.325873,0.325873,0.145529,0.111614,0.317000,0.141642,0.109265,-0.000000,0.000000,0.134747,4,2
1780631099.614513,proposed,-0.157457,45.107854,-0.292682,0.076607,1.351902,0.124867,44.934098,0.000000,45.000000,3.685168,-1.873516,-0.072602,1,25.857013,0.520529,0.480613,0.373096,0.373096,0.911201,0.000824,0.373096,0.373096,0.022818,0.887559,0.480613,0.373096,0.847640,0.000839,0.032809,0.819852,0.373096,0.373096,0.172351,0.149424,0.373097,0.171351,0.149424,-0.000000,0.000000,0.302542,1,2
1780631099.701955,proposed,-0.168300,45.106147,0.075835,-0.110745,1.016715,0.000000,45.000000,0.000000,45.000000,1.439950,-0.594957,-0.046838,1,26.969113,inf,inf,inf,inf,inf,0.000279,inf,inf,0.016743,inf,inf,inf,inf,0.000301,0.023713,inf,inf,inf,inf,inf,719.293357,323.680931,226.578308,-0.000000,0.000000,0.134221,0,2
1780631099.807426,proposed,-0.153516,45.092098,0.219830,-0.170240,0.677310,-0.306898,45.256542,0.000000,45.000000,-2.233629,2.175638,-0.003060,1,13.290774,0.393490,0.354346,0.244668,0.244668,0.786245,0.000421,0.244668,0.244668,0.021925,0.763898,0.307901,0.204455,0.712535,0.000421,0.026402,0.689235,0.204455,0.204455,0.077031,0.064966,0.197362,0.074699,0.063938,-0.000000,0.000001,0.278041,8,2
1780631099.899874,proposed,-0.142701,45.085952,-0.003533,0.047323,1.006913,-0.367022,45.159044,0.000000,45.000000,-2.150581,0.604822,-0.028033,1,23.279048,0.423593,0.385385,0.279766,0.279766,0.804542,0.000365,0.279766,0.279766,0.013667,0.790511,0.378476,0.271389,0.717976,0.000395,0.025791,0.697307,0.271389,0.271389,0.117518,0.091873,0.253035,0.109611,0.086666,-0.000000,0.000000,0.047455,2,2
1780631100.015306,proposed,-0.153808,45.093708,-0.218591,0.107806,1.353942,0.343444,44.794947,0.000000,45.000000,5.237443,-3.094104,-0.071828,1,22.408356,0.395571,0.355889,0.248713,0.248713,0.971661,0.002259,0.248713,0.248713,0.020679,0.948723,0.355889,0.248713,0.915469,0.002450,0.047794,0.877646,0.248713,0.248713,0.133664,0.146621,0.243578,0.130302,0.144874,-0.000000,0.000001,0.243730,2,2
1780631100.105248,proposed,-0.149480,45.089018,0.305153,-0.201605,1.013186,0.173018,44.919054,0.000000,45.000000,1.912372,-0.851980,-0.045280,1,25.876161,0.471499,0.435468,0.327241,0.327241,0.895577,0.001024,0.327241,0.327241,0.025135,0.869417,0.435468,0.327241,0.812930,0.001051,0.034679,0.790630,0.327241,0.327241,0.174087,0.142546,0.327241,0.173087,0.142547,-0.000000,0.000000,0.365736,1,2
1780631100.225915,proposed,-0.109402,45.064598,0.496390,-0.286803,0.681447,-0.311693,45.250694,0.000000,45.000000,-3.861334,2.866552,-0.002162,1,17.544727,0.398168,0.358628,0.240459,0.240459,0.810408,0.000885,0.240459,0.240459,0.032887,0.776636,0.287463,0.183135,0.740964,0.000885,0.032887,0.712907,0.183135,0.183135,0.061366,0.058234,0.169798,0.055805,0.055071,-0.000000,0.000001,0.573288,10,2
1780631100.299566,proposed,-0.079070,45.050250,0.110257,-0.000148,1.012277,-0.385620,45.106289,0.000000,45.000000,-3.510691,0.715675,-0.027462,1,22.012320,0.416923,0.379778,0.269289,0.269289,0.831489,0.000646,0.269289,0.269289,0.015889,0.814954,0.363476,0.252394,0.755284,0.000708,0.030532,0.730608,0.252394,0.252394,0.104285,0.092458,0.246774,0.101761,0.091116,-0.000000,0.000000,0.110257,4,2
1780631100.404011,proposed,-0.085598,45.053814,-0.240812,0.071420,1.363152,0.359135,44.823869,0.000000,45.000000,4.765881,-2.311295,-0.071723,1,12.713409,0.417160,0.378638,0.273024,0.273024,0.946554,0.001705,0.273024,0.273024,0.020949,0.923900,0.378638,0.273024,0.874374,0.001836,0.042905,0.839759,0.273024,0.273024,0.134058,0.130544,0.247729,0.123734,0.126321,-0.000000,0.000001,0.251180,3,2
1780631100.501454,proposed,-0.085850,45.049399,0.235776,-0.159710,1.037014,0.364887,44.836118,0.000000,45.000000,3.327067,-1.364833,-0.046909,1,24.447850,0.425477,0.392174,0.279066,0.279066,0.940790,0.001714,0.279066,0.279066,0.022170,0.916907,0.392174,0.279066,0.856738,0.001824,0.041735,0.828168,0.279066,0.279066,0.154599,0.140298,0.248254,0.137352,0.128858,-0.000000,0.000000,0.284776,4,2
1780631100.630455,proposed,-0.045637,45.026604,0.568483,-0.296193,0.737906,-0.314610,45.247023,0.000000,45.000000,-4.668769,3.175339,-0.007744,1,21.187679,0.381129,0.342057,0.216844,0.216844,0.837586,0.001279,0.216844,0.216844,0.035463,0.800844,0.269878,0.165378,0.766177,0.001279,0.035882,0.734307,0.165378,0.165378,0.051447,0.056053,0.148003,0.043653,0.051573,-0.000000,0.000001,0.641017,10,2
1780631100.700740,proposed,-0.012132,45.012862,0.101606,0.021341,1.059566,-0.316158,45.245039,0.000000,45.000000,-3.510608,2.212427,-0.033017,1,18.095054,0.336289,0.295888,0.189048,0.189048,0.848386,0.000964,0.189048,0.189048,0.015661,0.831762,0.295888,0.189048,0.784155,0.001053,0.034881,0.757106,0.189048,0.189048,0.109691,0.106742,0.177346,0.103102,0.102548,-0.000000,0.000000,0.103823,10,2
