time_s,controller,x,y,vx,vy,yaw,ref_x,ref_y,goal_x,goal_y,ux,uy,alpha,feasible,solve_ms,clearance_m,d_lower_min,c_body,barrier,gamma_ref,recovery_energy,recoverable_margin,h_R,dynamic_reserve,recoverability_delta,pred_min_d_lower,pred_min_c_body,pred_min_gamma,pred_max_recovery_energy,pred_max_dynamic_reserve,pred_min_delta,pred_min_h_R,pred_min_psi0,pred_min_psi1,pred_min_psi2,pred_min_psi0_constraint,pred_min_psi1_constraint,pred_min_psi2_constraint,solver_constraint_margin,max_safety_slack,speed_mps,obstacle_count,guide_points
1780631003.508680,dhocbf_fixed,0.000000,-50.000000,0.000000,0.000000,1.570800,0.000000,-48.400000,0.000000,45.000000,-0.000000,7.999991,-0.171058,1,15.502180,inf,inf,inf,inf,inf,0.016640,inf,inf,0.012000,inf,inf,inf,inf,nan,0.000000,inf,inf,inf,inf,inf,1448.422933,434.419258,86.852992,-0.000000,0.000001,0.000000,0,2
1780631003.609884,dhocbf_fixed,0.000000,-50.000000,0.000000,0.000000,1.570800,0.000000,-48.400000,0.000000,45.000000,-0.000000,7.999992,-0.212728,1,16.887416,inf,inf,inf,inf,inf,0.016640,inf,inf,0.012000,inf,inf,inf,inf,nan,0.000000,inf,inf,inf,inf,inf,1448.422933,434.419258,86.852992,-0.000000,0.000001,0.000000,0,2
1780631003.709713,dhocbf_fixed,0.000000,-50.000000,0.000000,0.000000,1.570800,0.000000,-48.400000,0.000000,45.000000,-0.000000,7.999992,-0.221782,1,17.122555,inf,inf,inf,inf,inf,0.016640,inf,inf,0.012000,inf,inf,inf,inf,nan,0.000000,inf,inf,inf,inf,inf,1448.422933,434.419258,86.852992,-0.000000,0.000001,0.000000,0,2
1780631003.798136,dhocbf_fixed,-0.000000,-49.960000,-0.000000,0.799999,1.570799,0.000000,-48.360000,0.000000,45.000000,-0.000000,7.999980,-0.222623,1,3.373977,inf,inf,inf,inf,inf,0.017408,inf,inf,0.041600,inf,inf,inf,inf,nan,0.000000,inf,inf,inf,inf,inf,1448.350637,434.419991,86.861491,-0.000000,0.000000,0.799999,0,2
1780631003.909656,dhocbf_fixed,-0.000000,-49.840000,-0.000000,1.599997,1.570798,0.000000,-48.240000,0.000000,45.000000,0.000000,7.751393,-0.221388,1,14.482931,inf,inf,inf,inf,inf,0.019712,inf,inf,0.074400,inf,inf,inf,inf,nan,0.000000,inf,inf,inf,inf,inf,1448.239023,434.402620,86.855430,-0.000000,0.000000,1.599997,0,2
1780631004.013177,dhocbf_fixed,-0.000000,-49.641244,-0.000000,2.375137,1.570798,0.000000,-48.041244,0.000000,45.000000,0.000000,4.291929,-0.219660,1,3.686245,inf,inf,inf,inf,inf,0.023410,inf,inf,0.109233,inf,inf,inf,inf,nan,0.000000,inf,inf,inf,inf,inf,1448.082274,434.365278,86.847441,-0.000000,0.000000,2.375137,0,0
1780631004.391337,dhocbf_fixed,-0.000000,-49.382270,-0.000000,2.804329,1.570797,-0.198191,-47.794593,0.000000,45.000000,3.962063,-1.139843,-0.217821,1,14.514481,1.192620,1.283586,1.158928,1.158928,0.620000,0.026077,0.464111,0.464111,0.129812,0.464111,0.407839,0.310870,inf,nan,0.000000,0.310870,0.310870,0.310870,0.043275,-0.020995,0.319386,0.045617,0.000000,-0.000000,0.009086,2.804329,10,4
1780631004.421010,dhocbf_fixed,-0.000000,-49.382270,-0.000000,2.804329,1.570797,-0.198191,-47.794593,0.000000,45.000000,4.001870,-1.333083,-0.215965,1,14.606894,1.192620,1.283586,1.158928,1.158928,0.620000,0.026077,0.464111,0.464111,0.129812,0.464111,0.408193,0.311266,inf,nan,0.000000,0.311266,0.311266,0.311266,0.043355,-0.020763,0.319851,0.045712,0.000000,-0.000000,0.008960,2.804329,10,4
1780631004.520064,dhocbf_fixed,0.020009,-49.108503,0.400187,2.671021,1.582944,-0.231534,-47.527485,0.000000,45.000000,2.587106,-3.967006,-0.215440,1,7.196426,1.143405,1.260223,1.138208,1.138208,0.620000,0.025412,0.469822,0.469822,0.124765,0.469822,0.300852,0.204612,inf,nan,0.000000,0.204612,0.204612,0.204612,0.019683,-0.023137,0.215034,0.023809,0.000000,-0.000000,0.012801,2.700834,10,4
1780631004.630355,dhocbf_fixed,0.072964,-48.861236,0.658898,2.274321,1.571555,-0.261115,-47.290521,0.000000,45.000000,2.595653,-1.963428,-0.212688,1,12.833554,0.983484,1.086250,0.970744,0.970744,0.620000,0.023490,0.487619,0.487619,0.108891,0.487619,0.201443,0.104344,inf,nan,0.000000,0.104344,0.104344,0.104344,-0.000470,-0.013988,0.116805,0.004801,0.000000,-0.000000,0.015902,2.367843,10,4
1780631004.728051,dhocbf_fixed,0.151832,-48.643621,0.918463,2.077978,1.634356,-0.286653,-47.085939,0.000000,45.000000,2.267922,2.418812,-0.217476,1,9.303781,0.840101,0.896581,0.782927,0.782927,0.620000,0.023215,0.492363,0.492363,0.104421,0.492364,0.169989,0.072489,inf,nan,0.000000,0.072489,0.072489,0.072489,-0.001974,-0.015132,0.082123,0.001243,0.000000,-0.000000,0.015308,2.271908,10,4
1780631004.845785,dhocbf_fixed,0.255018,-48.423729,1.145255,2.319859,1.801276,-0.312098,-46.882104,0.000000,45.000000,-2.064603,1.687386,-0.235455,1,12.217760,0.705747,0.726746,0.613653,0.613653,0.620000,0.025570,0.474923,0.474923,0.119284,0.475146,0.134492,0.037405,inf,nan,0.000000,0.037405,0.037405,0.037405,-0.008728,-0.012152,0.047911,0.000000,0.000000,-0.000000,0.010325,2.587152,10,4
1780631004.914491,dhocbf_fixed,0.359220,-48.183306,0.938795,2.488598,1.834995,-0.340051,-46.658179,0.000000,45.000000,-4.610213,1.522261,-0.242196,1,8.790376,0.607282,0.582656,0.470514,0.470514,0.620000,0.026787,0.450670,0.450670,0.122779,0.470435,0.117961,0.023199,inf,nan,0.000000,0.023199,0.023199,0.023199,-0.013020,-0.013818,0.034569,0.000002,0.000000,-0.000000,0.009524,2.659785,10,4
1780631005.028507,dhocbf_fixed,0.430048,-47.926835,0.477774,2.640824,1.822399,-0.370488,-46.414349,0.000000,45.000000,-4.779124,-1.881279,-0.240875,1,7.485800,0.471686,0.466079,0.361990,0.361990,0.620000,0.027678,0.361308,0.361308,0.123935,0.468387,0.133928,0.039005,inf,nan,0.000000,0.039005,0.039005,0.039005,-0.006356,-0.020394,0.050661,0.000000,0.000000,-0.000000,0.011023,2.683695,10,4
1780631005.119744,dhocbf_fixed,0.453930,-47.672159,-0.000139,2.452696,1.950477,-0.401425,-46.166516,0.000000,45.000000,-5.836280,3.882101,-0.252948,1,13.932365,0.445001,0.499618,0.392952,0.392952,0.620000,0.026710,0.391644,0.391644,0.112884,0.480407,0.144924,0.044345,inf,nan,0.000000,0.044345,0.044345,0.044345,-0.008236,-0.022452,0.054575,0.000022,0.000000,-0.000000,0.015740,2.452696,10,4
1780631005.236630,dhocbf_fixed,0.424735,-47.407479,-0.583767,2.840906,1.831124,-0.434407,-45.902308,0.000000,45.000000,-6.020246,-3.511265,-0.241349,1,11.340841,0.404385,0.505584,0.396899,0.396899,0.650140,0.029618,0.395662,0.395662,0.134538,0.485984,0.049893,-0.071717,inf,nan,0.000000,-0.071717,-0.071717,-0.071717,-0.068552,-0.053205,-0.000000,-0.000000,-0.000000,-0.000000,0.073016,2.900264,10,4
1780631005.333455,dhocbf_fixed,0.336257,-47.140945,-1.185791,2.489779,2.015149,-0.468525,-45.628988,0.000000,45.000000,6.227442,-5.021849,-0.256941,1,14.835248,0.355228,0.378570,0.273625,0.273625,0.636906,0.028195,0.273605,0.273605,0.127533,0.481177,-0.010274,-0.131301,inf,nan,0.000000,-0.131301,-0.131301,-0.131301,-0.077468,-0.038006,-0.000000,-0.000000,0.024187,-0.000000,0.136365,2.757735,10,4
1780631005.427286,dhocbf_fixed,0.248815,-46.917076,-0.563047,1.987595,1.819121,-0.497384,-45.397807,0.000000,45.000000,6.278681,-4.957637,-0.237848,1,8.066276,0.288533,0.279284,0.174763,0.174763,0.719994,0.023744,0.174763,0.174763,0.094972,0.601278,-0.030701,-0.151267,inf,nan,0.000000,-0.151267,-0.151267,-0.151267,-0.090760,-0.040727,-0.000000,-0.000000,0.042696,-0.000000,0.160697,2.065806,10,4
1780631005.527012,dhocbf_fixed,0.223904,-46.743105,0.064821,1.491831,1.688861,-0.519150,-45.223443,0.000000,45.000000,-6.727371,-4.329258,-0.217366,1,7.703157,0.288010,0.307868,0.192723,0.192723,0.796895,0.021275,0.192723,0.192723,0.069838,0.705782,0.097866,0.004572,inf,nan,0.000000,0.004572,0.004572,0.004572,-0.024392,-0.008722,0.017301,-0.000000,0.000000,-0.000000,0.021960,1.493238,10,4
1780631005.621716,dhocbf_fixed,0.196749,-46.615568,-0.607916,1.058905,1.978936,-0.535243,-45.094525,0.000000,45.000000,-7.995343,0.272923,-0.242439,1,7.432396,0.277717,0.289021,0.185324,0.185324,0.626002,0.020310,0.185324,0.185324,0.058462,0.547230,0.109409,0.015269,inf,nan,0.000000,0.015269,0.015269,0.015269,-0.018103,-0.018484,0.026973,0.000000,0.000000,-0.000000,0.011706,1.221000,10,4
1780631005.726483,dhocbf_fixed,0.095981,-46.508313,-1.407450,1.086197,1.828747,-0.549972,-44.976530,0.000000,45.000000,-5.741680,5.570737,-0.230800,1,7.495111,0.236174,0.276708,0.154214,0.154214,0.677770,0.021756,0.154214,0.154214,0.082127,0.573887,0.117540,0.023708,inf,nan,0.000000,0.023708,0.023708,0.023708,-0.015182,-0.010514,0.044228,0.000444,0.000000,-0.000000,0.007489,1.777847,10,4
1780631005.836097,dhocbf_fixed,-0.073473,-46.371839,-1.981618,1.643271,1.675060,-0.569347,-44.821322,0.000000,45.000000,-7.384908,-3.076221,-0.209677,1,12.442920,0.312334,0.348080,0.237888,0.237888,0.620000,0.025178,0.237881,0.237881,0.118669,0.476153,0.133805,0.033587,inf,nan,0.000000,0.033587,0.033587,0.033587,-0.009136,-0.029490,0.044131,0.000000,-0.000000,-0.000000,0.044362,2.574325,10,4
1780631005.927006,dhocbf_fixed,-0.308559,-46.222893,-2.720109,1.335649,1.858233,-0.591262,-44.645765,0.000000,45.000000,0.281535,4.441249,-0.222997,1,8.504439,0.288466,0.381108,0.258782,0.258782,0.620000,0.027707,0.258748,0.258748,0.141019,0.451274,0.168695,0.070673,inf,nan,0.000000,0.070673,0.070673,0.070673,0.006346,-0.025611,0.081038,0.015739,0.000000,-0.000000,0.015468,3.030339,10,4
1780631006.031972,dhocbf_fixed,-0.579162,-46.067122,-2.691956,1.779774,1.853238,-0.614561,-44.459123,0.000000,45.000000,2.339050,2.860186,-0.224355,1,5.718809,0.293155,0.288257,0.160893,0.160893,0.712439,0.029312,0.160893,0.160893,0.150984,0.532142,0.194765,0.099167,inf,nan,0.000000,0.099167,0.099167,0.099167,0.004478,-0.024076,0.124105,0.028454,-0.000000,-0.000000,0.013224,3.227107,10,4
1780631006.147729,dhocbf_fixed,-0.836663,-45.874844,-2.458051,2.065792,1.775715,-0.642146,-44.238144,0.000000,45.000000,5.656854,-5.656854,-0.214816,1,28.130456,0.340848,0.337959,0.219538,0.219538,0.940687,0.030029,0.219538,0.219538,0.150153,0.760504,0.079110,-0.013929,inf,nan,0.000000,-0.013929,-0.013929,-0.013929,-0.075403,-0.137720,0.000000,0.000000,-0.000000,-0.000000,0.138281,3.210843,10,4
1780631006.232162,dhocbf_fixed,-1.054184,-45.696549,-1.892365,1.500107,1.350163,-0.667398,-44.035848,0.000000,45.000000,5.656854,-5.656854,-0.164718,1,9.766608,0.294525,0.253358,0.143463,0.143463,0.986572,0.025897,0.143463,0.143463,0.111097,0.849578,0.061547,-0.034527,inf,nan,0.000000,-0.034527,-0.034527,-0.034527,-0.078479,0.004483,-0.000000,-0.000000,0.021911,-0.000000,0.077679,2.414823,10,4
1780631006.324664,dhocbf_fixed,-1.215136,-45.574822,-1.326680,0.934422,1.145439,-0.684830,-43.896206,0.000000,45.000000,7.565529,-2.600532,-0.128846,1,6.473724,0.315070,0.369971,0.254740,0.254740,1.146842,0.023303,0.254740,0.254740,0.075378,1.048161,0.124325,0.016836,inf,nan,0.000000,0.016836,0.016836,0.016836,-0.056235,0.018357,0.008947,-0.000000,0.046366,-0.000000,0.057876,1.622721,10,4
1780631006.421921,dhocbf_fixed,-1.309976,-45.494383,-0.570127,0.674368,1.222532,-0.696172,-43.805343,0.000000,45.000000,5.656842,5.656867,-0.127446,1,5.617380,0.311708,0.443772,0.315166,0.315166,1.188801,0.021928,0.315166,0.315166,0.044857,1.122016,0.234944,0.136480,inf,nan,0.000000,0.136480,0.136480,0.136480,0.011801,0.078908,0.150050,0.017233,0.079545,-0.000000,0.000000,0.883073,10,4
1780631006.520999,dhocbf_fixed,-1.338705,-45.398662,-0.004443,1.240055,1.446791,-0.708379,-43.707560,0.000000,45.000000,4.830605,6.376932,-0.150705,1,3.665699,0.272729,0.405327,0.291392,0.291392,1.227825,0.023017,0.291392,0.291392,0.059247,1.145562,0.238608,0.139284,inf,nan,0.000000,0.139284,0.139284,0.139284,0.063752,0.086284,0.152659,0.069134,0.092778,-0.000000,0.000001,1.240063,10,4
1780631006.634697,dhocbf_fixed,-1.314996,-45.242772,0.478618,1.877748,1.531352,-0.727176,-43.556976,0.000000,45.000000,1.016393,7.935171,-0.164763,1,10.056585,0.290376,0.410853,0.302665,0.302665,0.620000,0.025224,0.302641,0.302641,0.089210,0.505566,0.250376,0.154431,inf,nan,0.000000,0.154431,0.154431,0.154431,0.087912,-0.016975,0.169208,0.093568,0.000000,-0.000000,0.017381,1.937786,10,4
1780631006.729449,dhocbf_fixed,-1.262052,-45.015321,0.580257,2.671265,1.319026,-0.754321,-43.339523,0.000000,45.000000,-3.749909,7.066695,-0.144095,1,11.135677,0.301620,0.326423,0.221704,0.221704,0.672030,0.028896,0.221703,0.221703,0.126356,0.516778,0.265919,0.167076,inf,nan,0.000000,0.167076,0.167076,0.167076,0.102158,-0.029582,0.160238,0.104885,-0.000000,-0.000000,0.023728,2.733561,10,4
1780631006.829949,dhocbf_fixed,-1.222776,-44.712861,0.205266,3.377935,1.048366,-0.790896,-43.046531,0.000000,45.000000,-5.656854,-5.656854,-0.108534,1,14.737105,0.272533,0.235499,0.125362,0.125362,0.828506,0.033004,0.125362,0.125362,0.159077,0.636425,0.249104,0.139860,inf,nan,0.000000,0.139860,0.139860,0.139860,0.151324,-0.022672,0.149394,0.155927,-0.000000,-0.000000,0.029933,3.384166,10,4
1780631006.938506,dhocbf_fixed,-1.230534,-44.403352,-0.360419,2.812249,1.413295,-0.829058,-42.740817,0.000000,45.000000,-0.339462,-2.360623,-0.138682,1,19.834103,0.371635,0.394947,0.283431,0.283431,0.620000,0.028660,0.283372,0.283372,0.131330,0.460009,0.235189,0.127511,inf,nan,0.000000,0.127511,0.127511,0.127511,0.009746,-0.020752,0.138182,0.013974,-0.000000,-0.000000,0.016511,2.835251,10,4
1780631007.037908,dhocbf_fixed,-1.268273,-44.133930,-0.394366,2.576187,1.366151,-0.862753,-42.470891,0.000000,45.000000,6.465286,-4.711696,-0.140198,1,11.131435,0.512174,0.608339,0.484297,0.484297,0.620000,0.027197,0.458053,0.458053,0.120198,0.472606,0.121825,0.026627,inf,nan,0.000000,0.026627,0.026627,0.026627,-0.012089,-0.026931,0.039043,0.000000,0.000000,-0.000000,0.023319,2.606197,10,4
1780631007.146028,dhocbf_fixed,-1.275383,-43.899870,0.252163,2.105018,1.193583,-0.891632,-42.239548,0.000000,45.000000,-2.661050,0.989774,-1.409290,0,27.995404,0.272235,0.406062,0.290767,0.290767,0.620000,0.024269,0.290747,0.290747,0.097439,0.498292,-0.119680,-0.232028,inf,nan,0.000000,-0.232028,-0.232028,-0.232028,-0.170953,-0.138574,-0.061840,-0.034166,-0.016010,-0.061840,0.240000,2.120067,10,4
1780631007.230446,dhocbf_fixed,-1.263472,-43.684419,-0.013942,2.203995,1.271377,-0.917932,-42.028867,0.000000,45.000000,-6.147072,-5.119912,-0.437619,1,8.179667,0.343274,0.421595,0.305935,0.305935,0.715977,0.024421,0.305934,0.305934,0.101286,0.590270,0.296328,0.194207,inf,nan,0.000000,0.194207,0.194207,0.194207,0.044430,-0.039944,0.207877,0.047406,-0.000000,-0.000000,0.032980,2.204039,10,4
1780631007.323635,dhocbf_fixed,-1.295602,-43.489619,-0.628649,1.692004,1.574994,-0.942368,-41.833107,0.000000,45.000000,-3.684443,2.195840,-0.224944,1,5.921713,0.386571,0.371998,0.266241,0.266241,0.808770,0.022557,0.266241,0.266241,0.083321,0.702892,0.160249,0.066108,inf,nan,0.000000,0.066108,0.066108,0.066108,-0.014740,0.000491,0.080126,0.000000,0.004892,-0.000000,0.010201,1.805014,10,4
1780631007.429500,dhocbf_fixed,-1.376889,-43.309440,-0.997094,1.911588,1.395270,-0.965763,-41.645700,0.000000,45.000000,5.991385,5.301255,-0.150763,1,4.999362,0.320675,0.320674,0.217399,0.217399,0.921340,0.024669,0.217399,0.217399,0.099081,0.797590,0.178993,0.083915,inf,nan,0.000000,0.083915,0.083915,0.083915,-0.005528,-0.003810,0.097522,0.000000,0.000013,-0.000000,0.000000,2.156006,10,4
1780631007.520020,dhocbf_fixed,-1.446641,-43.091775,-0.397955,2.441713,1.610844,-0.993587,-41.422801,0.000000,45.000000,6.253078,4.426241,-0.154723,1,3.790823,0.317308,0.416095,0.309447,0.309447,1.049934,0.026784,0.309447,0.309447,0.113888,0.909261,0.257305,0.160952,inf,nan,0.000000,0.160952,0.160952,0.160952,0.032134,0.070707,0.174127,0.037671,0.070283,-0.000000,0.000000,2.473930,10,4
1780631007.628190,dhocbf_fixed,-1.455171,-42.825472,0.227353,2.884337,1.667939,-1.026451,-41.159536,0.000000,45.000000,3.280327,2.368494,-0.160943,1,3.495601,0.321107,0.427396,0.321290,0.321290,1.198659,0.029280,0.321290,0.321290,0.134193,1.035186,0.283012,0.185674,inf,nan,0.000000,0.185674,0.185674,0.185674,0.115211,0.104416,0.197651,0.118751,0.104017,-0.000000,0.000000,2.893284,10,4
1780631007.720454,dhocbf_fixed,-1.416034,-42.525196,0.555385,3.121187,1.552903,-1.062759,-40.868678,0.000000,45.000000,0.928345,1.078276,-0.148939,1,3.805717,0.345082,0.403338,0.293427,0.293427,1.344817,0.030708,0.293427,0.293427,0.148083,1.166026,0.305890,0.209519,inf,nan,0.000000,0.209519,0.209519,0.209519,0.232911,0.118949,0.223317,0.235530,0.118988,-0.000000,0.000000,3.170214,10,4
1780631007.820489,dhocbf_fixed,-1.355854,-42.207686,0.648220,3.229014,1.456840,-1.100862,-40.563437,0.000000,45.000000,-0.536283,0.393189,-0.134523,1,4.790762,0.391039,0.436416,0.332831,0.332831,1.477593,0.031012,0.332831,0.332831,0.154387,1.292194,0.408006,0.297466,inf,nan,0.000000,0.297466,0.297466,0.297466,0.343517,0.133215,0.311564,0.349998,0.134001,-0.000000,0.000000,3.293436,10,4
1780631007.920931,dhocbf_fixed,-1.293713,-41.882818,0.594592,3.268333,1.432974,-1.139840,-40.251192,0.000000,45.000000,-1.309194,0.054629,-0.127457,1,3.787233,0.649107,0.664500,0.557088,0.557088,1.639044,0.030701,0.557088,0.557088,0.155858,1.452485,0.643189,0.545098,inf,nan,0.000000,0.545098,0.545098,0.545098,0.457865,0.151156,0.561597,0.462865,0.152021,-0.000000,0.000000,3.321978,10,4
1780631008.030167,dhocbf_fixed,-1.240800,-41.555712,0.463672,3.273796,1.458321,-1.179235,-39.935609,0.000000,45.000000,-1.608446,-0.097753,-0.127634,1,3.922579,0.965665,0.953142,0.839296,0.839296,1.803773,0.030205,0.839296,0.839296,0.155058,1.618510,0.938343,0.839433,inf,nan,0.000000,0.839433,0.839433,0.839433,0.562803,0.169902,0.855983,0.567250,0.170793,-0.000000,0.000000,3.306468,10,4
1780631008.120090,dhocbf_fixed,-1.202475,-41.228821,0.302828,3.264021,1.502734,-1.218827,-39.618444,0.000000,45.000000,-1.611011,-0.152471,-0.131697,1,3.956924,1.207860,1.247290,1.133953,1.133953,1.948770,0.029753,1.133953,1.133953,0.153595,1.765421,1.243916,1.141486,inf,nan,0.000000,1.141486,1.141486,1.141486,0.657958,0.184011,1.154473,0.652939,0.184688,-0.000000,0.000000,3.278038,10,4
1780631008.224520,dhocbf_fixed,-1.180248,-40.903181,0.141727,3.248774,1.548893,-1.258512,-39.300533,0.000000,45.000000,-1.447545,-0.157750,-0.136895,1,4.067665,1.532300,1.562598,1.450905,1.450905,2.108341,0.029424,1.450905,1.450905,0.152252,1.926665,1.565411,1.456998,inf,nan,0.000000,1.456998,1.456998,1.456998,0.742228,0.202860,1.461070,0.741139,0.203668,-0.000000,0.000000,3.251864,10,4
1780631008.320545,dhocbf_fixed,-1.173313,-40.579093,-0.003028,3.232999,1.589744,-1.298241,-38.982270,0.000000,45.000000,-1.208315,-0.140008,-0.141766,1,3.980331,1.856122,1.882223,1.764132,1.764132,2.269462,0.029218,1.764131,1.764131,0.151286,2.088958,1.869796,1.762126,inf,nan,0.000000,1.762126,1.762126,1.762126,0.828121,0.221779,1.763887,0.833566,0.222661,-0.000000,0.000000,3.233000,10,4
1780631008.419566,dhocbf_fixed,-1.179657,-40.256493,-0.123859,3.218998,1.623232,-1.337991,-38.663840,0.000000,45.000000,-0.951478,-0.113666,-0.145722,1,3.364936,2.178784,2.177127,2.061808,2.061808,2.431780,0.029103,2.061772,2.061772,0.150692,2.251986,2.163135,2.061610,inf,nan,0.000000,2.061610,2.061610,2.061610,0.922662,0.240752,2.068287,0.928544,0.241680,-0.000000,0.000000,3.221380,10,4
1780631008.519249,dhocbf_fixed,-1.196800,-39.935161,-0.219007,3.207631,1.649278,-1.377750,-38.345332,0.000000,45.000000,-0.711224,-0.086373,-0.148614,1,3.930957,2.500419,2.477249,2.361997,2.361997,2.594999,0.029046,2.357923,2.357923,0.150371,2.415582,2.466152,2.365789,inf,nan,0.000000,2.365789,2.365789,2.365789,1.018803,0.259764,2.376344,1.024277,0.260724,-0.000000,0.000000,3.215099,10,4
1780631008.615909,dhocbf_fixed,-1.222257,-39.614830,-0.290130,3.198994,1.668567,-1.417515,-38.026786,0.000000,45.000000,-0.504859,-0.061885,-0.150485,1,3.363057,2.814939,2.782900,2.668969,2.668969,2.758889,0.029021,2.578422,2.578422,0.150219,2.579649,2.775027,2.674856,inf,nan,0.000000,2.674856,2.674856,2.674856,1.114937,0.278807,2.687718,1.120150,0.279793,-0.000000,0.000000,3.212124,10,4
1780631008.719997,dhocbf_fixed,-1.253794,-39.295240,-0.340616,3.192805,1.682109,-1.457281,-37.708224,0.000000,45.000000,-0.338511,-0.041721,-0.151463,1,4.419426,3.127650,3.093296,2.980172,2.980172,2.923284,0.029012,2.744107,2.744107,0.150157,2.744114,3.087529,2.987336,inf,nan,0.000000,2.987336,2.987336,2.987336,1.210888,0.297879,3.001552,1.216016,0.298885,-0.000000,0.000000,3.210923,10,4
1780631008.822107,dhocbf_fixed,-1.289549,-38.976168,-0.374467,3.188633,1.691028,-1.497049,-37.389653,0.000000,45.000000,-0.211468,-0.026145,-0.151708,1,5.279933,3.442606,3.406679,3.294057,3.294057,3.088062,0.029010,2.908914,2.908914,0.150138,2.908914,3.402324,3.302023,inf,nan,0.000000,3.302023,3.302023,3.302023,1.306736,0.316973,3.317102,1.311855,0.317996,-0.000000,0.000000,3.210546,10,4
1780631008.920081,dhocbf_fixed,-1.328053,-38.657436,-0.395614,3.186019,1.696428,-1.536816,-37.071078,0.000000,45.000000,-0.119289,-0.014772,-0.151385,1,5.188545,3.759010,3.721975,3.609671,3.609671,3.253137,0.029009,3.073993,3.073993,0.150135,3.073993,3.718599,3.618152,inf,nan,0.000000,3.618152,3.618152,3.618152,1.402537,0.336089,3.633826,1.407677,0.337124,-0.000000,0.000000,3.210487,10,4
1780631009.026115,dhocbf_fixed,-1.368210,-38.338908,-0.407542,3.184542,1.699296,-1.576585,-36.752501,0.000000,45.000000,-0.055925,-0.006925,-0.150646,1,3.446170,4.076366,4.038517,3.926422,3.926422,3.418446,0.029010,3.239300,3.239300,0.150136,3.239300,4.035850,3.935243,inf,nan,0.000000,3.935243,3.935243,3.935243,1.498322,0.355221,3.951355,1.503497,0.356268,-0.000000,0.000000,3.210513,10,4
1780631009.113097,dhocbf_fixed,-1.409244,-38.020488,-0.413135,3.183849,1.700452,-1.616353,-36.433924,0.000000,45.000000,1.038410,3.365440,-0.149622,1,4.256097,0.316873,0.410703,0.303367,0.303367,0.852551,0.029010,0.303366,0.303366,0.150138,0.673404,0.283165,0.181815,inf,nan,0.000000,0.181815,0.181815,0.181815,0.135232,-0.004284,0.195023,0.144072,0.000000,-0.000000,0.004102,3.210541,10,4
1780631009.229911,dhocbf_fixed,-1.445366,-37.685276,-0.309294,3.520393,1.748289,-1.658110,-36.099415,0.000000,45.000000,3.540497,1.039245,-0.153615,1,6.847972,0.464456,0.496701,0.391055,0.391055,0.821120,0.031628,0.391046,0.391046,0.166910,0.622581,0.431728,0.328858,inf,nan,0.000000,0.328858,0.328858,0.328858,0.131198,-0.007642,0.343378,0.136386,0.000000,-0.000000,0.007158,3.533954,10,4
1780631009.325794,dhocbf_fixed,-1.458593,-37.328041,0.044756,3.624318,1.740282,-1.702223,-35.746035,0.000000,45.000000,-2.918996,-0.316740,-0.152757,1,8.021720,0.549420,0.637074,0.524502,0.524502,0.807047,0.032419,0.522723,0.522723,0.171705,0.602923,0.514326,0.413192,inf,nan,0.000000,0.413192,0.413192,0.413192,0.125251,-0.006950,0.429029,0.129969,0.000000,-0.000000,0.004069,3.624594,10,4
1780631009.422771,dhocbf_fixed,-1.468712,-36.967192,-0.247144,3.592644,1.726810,-1.746732,-35.389480,0.000000,45.000000,-6.317008,-2.701182,-0.150097,1,5.495978,0.550822,0.673141,0.559876,0.559876,0.827047,0.032244,0.557030,0.557030,0.170460,0.624343,0.519313,0.414486,inf,nan,0.000000,0.414486,0.414486,0.414486,0.127975,-0.005441,0.430289,0.136078,0.000000,-0.000000,0.004183,3.601134,10,4
1780631009.519912,dhocbf_fixed,-1.525011,-36.621434,-0.878845,3.322525,1.813672,-1.790095,-35.042107,0.000000,45.000000,-3.020813,-0.720834,-0.157931,1,4.762314,0.638252,0.723810,0.609671,0.609671,0.911863,0.030843,0.609060,0.609060,0.161817,0.719203,0.584218,0.473664,inf,nan,0.000000,0.473664,0.473664,0.473664,0.120118,-0.003930,0.491937,0.127359,0.000000,-0.000000,0.002562,3.436793,10,4
1780631009.628727,dhocbf_fixed,-1.628000,-36.292786,-1.180926,3.250442,1.774607,-1.832071,-34.705842,0.000000,45.000000,3.196897,-0.347839,-0.154622,1,4.597311,0.643813,0.716129,0.602196,0.602196,1.042838,0.030992,0.602191,0.602191,0.162941,0.848905,0.565511,0.456416,inf,nan,0.000000,0.456416,0.456416,0.456416,0.102870,0.075005,0.472098,0.107519,0.075930,-0.000000,0.000001,3.458317,10,4
1780631009.720446,dhocbf_fixed,-1.730108,-35.969481,-0.861236,3.215658,1.707657,-1.873377,-34.374947,0.000000,45.000000,2.787629,-0.097738,-0.145513,1,5.387455,0.568388,0.704656,0.594936,0.594936,1.189534,0.029959,0.594936,0.594936,0.156220,1.003355,0.565511,0.456416,inf,nan,0.000000,0.456416,0.456416,0.456416,0.172045,0.079580,0.472097,0.178133,0.080198,-0.000000,0.000000,3.328992,10,4
1780631009.830431,dhocbf_fixed,-1.802294,-35.648404,-0.582473,3.205884,1.670871,-1.913950,-34.049924,0.000000,45.000000,1.800977,-0.000372,-0.138297,1,7.336262,0.596406,0.738873,0.629237,0.629237,1.277838,0.029430,0.629237,0.629237,0.152585,1.095823,0.589298,0.491536,inf,nan,0.000000,0.491536,0.491536,0.491536,0.262128,0.054191,0.508601,0.266742,0.060441,-0.000000,0.000000,3.258369,10,4
1780631009.917992,dhocbf_fixed,-1.851536,-35.327817,-0.402376,3.205847,1.651467,-1.954110,-33.728203,0.000000,45.000000,1.008126,0.017224,-0.133494,1,6.326128,0.717644,0.812652,0.701199,0.701199,1.323296,0.029228,0.701199,0.701199,0.151183,1.142885,0.715352,0.606203,inf,nan,0.000000,0.606203,0.606203,0.606203,0.356352,0.049868,0.622762,0.362672,0.056776,-0.000000,0.000000,3.231000,10,4
1780631010.011971,dhocbf_fixed,-1.886733,-35.007146,-0.301563,3.207569,1.641749,-1.994066,-33.408127,0.000000,45.000000,0.458535,0.005613,-0.130379,1,3.366024,0.908249,0.946753,0.841548,0.841548,1.396061,0.029150,0.841548,0.841548,0.150709,1.216203,0.879283,0.780695,inf,nan,0.000000,0.780695,0.780695,0.780695,0.429567,0.064996,0.798605,0.437273,0.069699,-0.000000,0.000000,3.221714,10,4
1780631010.121123,dhocbf_fixed,-1.914597,-34.686361,-0.255710,3.208131,1.639465,-2.033923,-33.088839,0.000000,45.000000,0.106775,-0.011084,-0.128516,1,4.177396,0.685735,0.816012,0.694506,0.694506,1.270408,0.029110,0.694506,0.694506,0.150534,1.090764,0.645735,0.547418,inf,nan,0.000000,0.547418,0.547418,0.547418,0.212591,0.107587,0.562289,0.214718,0.106925,-0.000000,0.000000,3.218306,10,4
1780631010.227614,dhocbf_fixed,-1.939634,-34.365603,-0.245032,3.207022,1.642682,-2.073733,-32.769925,0.000000,45.000000,-0.098700,-0.023849,-0.127577,1,4.095808,0.732635,0.823164,0.711150,0.711150,1.406014,0.029081,0.711150,0.711150,0.150436,1.226498,0.702844,0.595784,inf,nan,0.000000,0.595784,0.595784,0.595784,0.310613,0.122300,0.608320,0.312351,0.122656,-0.000000,0.000000,3.216370,10,4
1780631010.320247,dhocbf_fixed,-1.964630,-34.045020,-0.254902,3.204638,1.649275,-2.113521,-32.451189,0.000000,45.000000,-0.202111,-0.030671,-0.127242,1,4.246964,0.866531,0.910939,0.803764,0.803764,1.546137,0.029058,0.803764,0.803764,0.150353,1.366726,0.825763,0.727661,inf,nan,0.000000,0.727661,0.727661,0.727661,0.412004,0.137470,0.738175,0.410039,0.139290,-0.000000,0.000000,3.214759,10,4
1780631010.427447,dhocbf_fixed,-1.991131,-33.724710,-0.275113,3.201570,1.657370,-2.153299,-32.132536,0.000000,45.000000,-0.238442,-0.032333,-0.127225,1,5.662543,1.059774,1.073181,0.968747,0.968747,1.691565,0.029039,0.968747,0.968747,0.150282,1.512243,1.025115,0.921367,inf,nan,0.000000,0.921367,0.921367,0.921367,0.508559,0.156399,0.926761,0.504461,0.156536,-0.000000,0.000000,3.213369,10,4
1780631010.519845,dhocbf_fixed,-2.019835,-33.404715,-0.298957,3.198337,1.665605,-2.193072,-31.813922,0.000000,45.000000,-0.233930,-0.030414,-0.127302,1,4.339494,1.292743,1.288087,1.182993,1.182993,1.841786,0.029027,1.182993,1.182993,0.150227,1.662533,1.263957,1.153516,inf,nan,0.000000,1.153516,1.153516,1.153516,0.602327,0.174077,1.153193,0.596836,0.174209,-0.000000,0.000000,3.212279,10,4
1780631010.620131,dhocbf_fixed,-2.050900,-33.085033,-0.322350,3.195296,1.673136,-2.232842,-31.495327,0.000000,45.000000,-0.207287,-0.026448,-0.127325,1,5.527388,1.548899,1.535414,1.428464,1.428464,1.995393,0.029018,1.428464,1.428464,0.150188,1.816187,1.513422,1.409788,inf,nan,0.000000,1.409788,1.409788,1.409788,0.692439,0.191957,1.404071,0.688468,0.192187,-0.000000,0.000000,3.211514,10,4
1780631010.717421,dhocbf_fixed,-2.084171,-32.765636,-0.343079,3.192651,1.679532,-2.272612,-31.176741,0.000000,45.000000,-0.171144,-0.021635,-0.127212,1,5.611233,1.819565,1.802932,1.693636,1.693636,2.151463,0.029013,1.693635,1.693635,0.150163,1.972287,1.782736,1.679290,inf,nan,0.000000,1.679290,1.679290,1.679290,0.778571,0.210088,1.671317,0.780053,0.210392,-0.000000,0.000000,3.211031,10,4
1780631010.827838,dhocbf_fixed,-2.119335,-32.446479,-0.360194,3.190487,1.684657,-2.312380,-30.858159,0.000000,45.000000,-0.133472,-0.016790,-0.126926,1,4.848882,2.094087,2.074584,1.965164,1.965164,2.309378,0.029011,1.965076,1.965076,0.150149,2.130219,2.054757,1.954074,inf,nan,0.000000,1.954074,1.954074,1.954074,0.869959,0.228406,1.949974,0.871898,0.228766,-0.000000,0.000000,3.210755,10,4
1780631010.919230,dhocbf_fixed,-2.156022,-32.127514,-0.373541,3.188808,1.688556,-2.352149,-30.539579,0.000000,45.000000,-0.098838,-0.012399,-0.126466,1,4.821126,2.377695,2.355880,2.244590,2.244590,2.468709,0.029010,2.239209,2.239209,0.150142,2.289558,2.337802,2.237811,inf,nan,0.000000,2.237811,2.237811,2.237811,0.962115,0.246867,2.236880,0.964120,0.247271,-0.000000,0.000000,3.210612,10,4
1780631011.018782,dhocbf_fixed,-2.193870,-31.808695,-0.383425,3.187569,1.691377,-2.391918,-30.221000,0.000000,45.000000,-0.069460,-0.008700,-0.125847,1,6.216989,2.668991,2.645178,2.532150,2.532150,2.629149,0.029009,2.448434,2.448434,0.150138,2.450001,2.628649,2.528583,inf,nan,0.000000,2.528583,2.528583,2.528583,1.054641,0.265439,2.529935,1.056739,0.265878,-0.000000,0.000000,3.210546,10,4
1780631011.114541,dhocbf_fixed,-2.232560,-31.489982,-0.390371,3.186699,1.693312,-2.431686,-29.902421,0.000000,45.000000,-0.046021,-0.005755,-0.125097,1,3.487785,0.837597,0.864873,0.758854,0.758854,1.593692,0.029009,0.758854,0.758854,0.150137,1.414546,0.810027,0.706307,inf,nan,0.000000,0.706307,0.706307,0.706307,0.439603,0.145900,0.720507,0.446755,0.147064,-0.000000,0.000000,3.210520,10,4
1780631011.224326,dhocbf_fixed,-2.271827,-31.171341,-0.394973,3.186123,1.694556,-2.471454,-29.583842,0.000000,45.000000,-0.028293,-0.003537,-0.124243,1,4.001411,1.072325,1.069052,0.964217,0.964217,1.750458,0.029009,0.964217,0.964217,0.150136,1.571313,1.042270,0.934018,inf,nan,0.000000,0.934018,0.934018,0.934018,0.537403,0.164070,0.951110,0.543796,0.165248,-0.000000,0.000000,3.210511,10,4
1780631011.320985,dhocbf_fixed,-2.311466,-30.852746,-0.397802,3.185769,1.695289,-2.511223,-29.265264,0.000000,45.000000,-0.015554,-0.001945,-0.123313,1,3.971434,1.330652,1.315434,1.208313,1.208313,1.909450,0.029009,1.208313,1.208313,0.150136,1.730305,1.292831,1.191216,inf,nan,0.000000,1.191216,1.191216,1.191216,0.633401,0.182477,1.209573,0.639579,0.183663,-0.000000,0.000000,3.210510,10,4
1780631011.424879,dhocbf_fixed,-2.351324,-30.534179,-0.399357,3.185575,1.695664,-2.550991,-28.946686,0.000000,45.000000,-0.006893,-0.000863,-0.122331,1,3.958408,1.606583,1.586245,1.476413,1.476413,2.070022,0.029009,1.476413,1.476413,0.150136,1.890877,1.566917,1.467252,inf,nan,0.000000,1.467252,1.467252,1.467252,0.728251,0.201048,1.486279,0.734291,0.202239,-0.000000,0.000000,3.210510,10,4
1780631011.518072,dhocbf_fixed,-2.391294,-30.215626,-0.400047,3.185489,1.695802,-2.590760,-28.628107,0.000000,45.000000,-0.001384,-0.000174,-0.121317,1,4.394849,1.895275,1.871753,1.759354,1.759354,2.231750,0.029009,1.759353,1.759353,0.150136,2.052605,1.854945,1.755328,inf,nan,0.000000,1.755328,1.755328,1.755328,0.822614,0.219738,1.774686,0.828597,0.220933,-0.000000,0.000000,3.210510,10,4
1780631011.624470,dhocbf_fixed,-2.431305,-29.897078,-0.400185,3.185471,1.695794,-2.592000,-28.307133,0.000000,45.000000,0.344983,0.021561,-0.120284,1,3.941716,2.191790,2.166565,2.051897,2.051897,2.397575,0.028968,2.051813,2.051813,0.150136,2.218470,2.151714,2.051344,inf,nan,0.000000,2.051344,2.051344,2.051344,0.917320,0.239031,2.070877,0.923288,0.240230,-0.000000,0.000000,3.210510,10,4
1780631011.718962,dhocbf_fixed,-2.469599,-29.578423,-0.365687,3.187627,1.682384,-2.592000,-27.986189,0.000000,45.000000,0.559014,0.034018,-0.117795,1,4.002836,2.493225,2.466760,2.350696,2.350696,2.563378,0.028930,2.343041,2.343041,0.150035,2.384413,2.454688,2.353260,inf,nan,0.000000,2.353260,2.353260,2.353260,1.012708,0.258294,2.372902,1.018684,0.259496,-0.000000,0.000000,3.208535,10,4
1780631011.828085,dhocbf_fixed,-2.503373,-29.259490,-0.309785,3.191029,1.663106,-2.592000,-27.665529,0.000000,45.000000,0.627812,0.035240,-0.114319,1,4.411259,2.799895,2.769516,2.654961,2.654961,2.729100,0.028900,2.549569,2.549569,0.149908,2.550292,2.762521,2.659990,inf,nan,0.000000,2.659990,2.659990,2.659990,1.108482,0.277504,2.679715,1.114472,0.278709,-0.000000,0.000000,3.206031,10,4
1780631011.919046,dhocbf_fixed,-2.531212,-28.940211,-0.247004,3.194553,1.642819,-2.592000,-27.345260,0.000000,45.000000,0.602278,0.028503,-0.110508,1,4.788443,3.110523,3.077115,2.963653,2.963653,2.894753,0.028879,2.716061,2.716061,0.149809,2.716066,3.074024,2.970475,inf,nan,0.000000,2.970475,2.970475,2.970475,1.204415,0.296665,2.990272,1.210420,0.297864,-0.000000,0.000000,3.204088,10,4
1780631012.024724,dhocbf_fixed,-2.552901,-28.620613,-0.186776,3.197403,1.624136,-2.592000,-27.025437,0.000000,45.000000,0.526192,0.017349,-0.106812,1,5.492519,3.424019,3.388398,3.275687,3.275687,3.060161,0.028860,2.881555,2.881555,0.149746,2.881556,3.388180,3.283748,inf,nan,0.000000,3.283748,3.283748,3.283748,1.300373,0.315671,3.303611,1.306394,0.315841,-0.000000,0.000000,3.202854,10,4
1780631012.146029,dhocbf_fixed,-2.568948,-28.300786,-0.134157,3.199138,1.608264,-2.592000,-26.700786,0.000000,45.000000,0.182799,-1.286222,-1.352741,0,27.632269,0.757716,0.722195,0.608267,0.608267,0.620000,0.028946,0.441271,0.441271,0.149699,0.441354,-0.118649,-0.221036,inf,nan,0.000000,-0.221036,-0.221036,-0.221036,-0.135477,-0.061604,-0.061310,-0.034034,-0.003854,-0.061310,0.240000,3.201950,10,4
1780631012.252512,dhocbf_fixed,-2.581450,-27.987303,-0.115877,3.070516,1.593554,-2.592000,-26.387303,0.000000,45.000000,0.510938,-2.867275,-1.205987,0,30.895126,0.450980,0.421076,0.301580,0.301580,0.620000,0.027971,0.301415,0.301415,0.143148,0.448881,-0.129547,-0.229460,inf,nan,0.000000,-0.229460,-0.229460,-0.229460,-0.169268,-0.078785,-0.075019,-0.044124,-0.040438,-0.075019,0.240000,3.072702,10,4
1780631012.322130,dhocbf_fixed,-2.590483,-27.694588,-0.064783,2.783789,1.570598,-2.592000,-26.094588,0.000000,45.000000,5.656854,-5.656854,-0.357794,1,10.884443,0.311055,0.287047,0.177357,0.177357,0.620000,0.025944,0.177356,0.177356,0.128843,0.465212,0.049813,-0.053764,inf,nan,0.000000,-0.053764,-0.053764,-0.053764,-0.131194,-0.011354,-0.000000,-0.000000,0.000000,-0.000000,0.128603,2.784542,10,4
1780631012.413175,dhocbf_fixed,-2.568677,-27.444493,0.500902,2.218103,1.326273,-2.592000,-25.844493,0.000000,45.000000,0.166701,4.730218,-0.116840,1,6.641368,0.364870,0.501023,0.380511,0.380511,0.620000,0.022849,0.379952,0.379952,0.104516,0.492636,0.335090,0.230009,inf,nan,0.000000,0.230009,0.230009,0.230009,0.050890,-0.017622,0.243966,0.056255,0.000000,-0.000000,0.018906,2.273958,10,4
1780631012.526500,dhocbf_fixed,-2.517753,-27.199032,0.517572,2.691125,1.453261,-2.592000,-25.599032,0.000000,45.000000,4.046785,-1.648769,-0.069677,1,8.547902,0.398098,0.502561,0.395477,0.395477,0.620000,0.025688,0.393277,0.393277,0.126691,0.467621,0.344912,0.246050,inf,nan,0.000000,0.246050,0.246050,0.246050,0.052297,-0.018506,0.261134,0.055300,0.000000,-0.000000,0.020984,2.740444,10,4
1780631012.632102,dhocbf_fixed,-2.445762,-26.938163,0.922251,2.526248,1.487705,-2.592000,-25.338163,0.000000,45.000000,5.656855,-5.656853,-0.061189,1,12.519057,0.377998,0.483051,0.372308,0.372308,0.634772,0.025458,0.371762,0.371762,0.124208,0.485106,0.387894,0.284945,inf,nan,0.000000,0.284945,0.284945,0.284945,0.081265,-0.033752,0.299720,0.086342,-0.000000,-0.000000,0.026033,2.689326,10,4
1780631012.727159,dhocbf_fixed,-2.325252,-26.713823,1.487936,1.960563,1.337200,-2.592000,-25.113823,0.000000,45.000000,3.353861,5.451099,-0.042288,1,7.930572,0.372858,0.361366,0.256941,0.256941,0.739517,0.024372,0.256940,0.256940,0.113288,0.601857,0.335142,0.237047,inf,nan,0.000000,0.237047,0.237047,0.237047,0.143480,-0.017465,0.251794,0.149315,-0.000000,-0.000000,0.016730,2.461252,10,4
1780631012.828951,dhocbf_fixed,-2.159690,-26.490511,1.823322,2.505673,1.723657,-2.592000,-24.890511,0.000000,45.000000,-6.289845,4.943465,-0.079370,1,5.549136,0.401560,0.392605,0.288023,0.288023,0.858311,0.029378,0.288023,0.288023,0.144467,0.684466,0.365055,0.264895,inf,nan,0.000000,0.264895,0.264895,0.264895,0.165472,-0.005794,0.278333,0.175839,0.000000,-0.000000,0.004042,3.098854,10,4
1780631012.910374,dhocbf_fixed,-2.008807,-26.215226,1.194338,3.000019,1.532634,-2.592000,-24.615226,0.000000,45.000000,-7.895380,1.289561,-0.067333,1,4.817164,0.542821,0.643610,0.528619,0.528619,0.993187,0.031363,0.528618,0.528618,0.151082,0.810742,0.513213,0.405781,inf,nan,0.000000,0.405781,0.405781,0.405781,0.171963,0.065576,0.420859,0.178381,0.067241,-0.000000,0.000000,3.229018,10,4
1780631013.001605,dhocbf_fixed,-1.928850,-25.908777,0.404800,3.128975,1.616111,-2.592000,-24.308777,0.000000,45.000000,-7.986860,0.458327,-0.072968,1,3.019379,0.594490,0.722122,0.604265,0.604265,1.151398,0.031444,0.604264,0.604264,0.147313,0.972642,0.554490,0.456522,inf,nan,0.000000,0.456522,0.456522,0.456522,0.211296,0.087452,0.473497,0.215882,0.090036,-0.000000,0.000001,3.155051,10,4
1780631013.114682,dhocbf_fixed,-1.928304,-25.593588,-0.393886,3.174808,1.693093,-2.592000,-23.993588,0.000000,45.000000,-7.888256,-1.332448,-0.082293,1,11.300736,0.330185,0.367260,0.260774,0.260774,0.778077,0.031785,0.260774,0.260774,0.149557,0.596736,0.291443,0.190271,inf,nan,0.000000,0.190271,0.190271,0.190271,0.139342,-0.008384,0.180912,0.144489,0.000000,-0.000000,0.008397,3.199149,10,4
1780631013.220138,dhocbf_fixed,-2.007134,-25.282769,-1.182712,3.041563,1.800664,-2.592000,-23.682769,0.000000,45.000000,-6.698439,-4.373890,-0.095822,1,10.436946,0.473049,0.442696,0.328981,0.328981,0.752625,0.031643,0.328975,0.328975,0.152844,0.568137,0.449840,0.328547,inf,nan,0.000000,0.328547,0.328547,0.328547,0.131258,-0.008666,0.320456,0.122742,0.000000,-0.000000,0.011158,3.263420,10,4
1780631013.336649,dhocbf_fixed,-2.158897,-25.000482,-1.852556,2.604174,1.976945,-2.592000,-23.400482,0.000000,45.000000,5.656855,-5.656854,-0.117784,1,16.827110,0.664274,0.670310,0.566048,0.566048,0.750030,0.030116,0.548395,0.548395,0.149390,0.570524,0.448756,0.342198,inf,nan,0.000000,0.342198,0.342198,0.342198,0.061040,-0.044667,0.348792,0.064422,-0.000000,-0.000000,0.051181,3.195886,10,4
1780631013.418392,dhocbf_fixed,-2.315869,-24.768349,-1.286870,2.038489,1.669447,-2.592000,-23.168349,0.000000,45.000000,3.368906,4.733659,-0.089039,1,4.606419,0.619642,0.677220,0.571767,0.571767,0.814512,0.024109,0.571116,0.571116,0.110903,0.679499,0.407116,0.304796,inf,nan,0.000000,0.304796,0.304796,0.304796,0.037366,-0.000958,0.311631,0.040129,0.000000,-0.000000,0.000000,2.410699,10,4
1780631013.518774,dhocbf_fixed,-2.427711,-24.540832,-0.949980,2.511854,1.858576,-2.592000,-22.940832,0.000000,45.000000,3.007278,3.457790,-0.101875,1,4.145876,0.500816,0.629693,0.517358,0.517358,0.873624,0.025470,0.517337,0.517337,0.124022,0.724132,0.396654,0.296953,inf,nan,0.000000,0.296953,0.296953,0.296953,0.032641,0.037011,0.303115,0.035543,0.033202,-0.000000,0.000000,2.685493,10,4
1780631013.627985,dhocbf_fixed,-2.507673,-24.272358,-0.649252,2.857633,1.850077,-2.592000,-22.672358,0.000000,45.000000,2.357339,1.826804,-0.103495,1,5.268940,0.410079,0.576399,0.466591,0.466591,0.978511,0.026991,0.466591,0.466591,0.136035,0.815485,0.394443,0.295403,inf,nan,0.000000,0.295403,0.295403,0.295403,0.061574,0.066375,0.301253,0.059775,0.065293,-0.000000,0.000000,2.930460,10,4
1780631013.732426,dhocbf_fixed,-2.560811,-23.977460,-0.413518,3.040314,1.762015,-2.592000,-22.377460,0.000000,45.000000,6.844388,-4.141781,-0.093646,1,15.120992,0.404250,0.558113,0.444002,0.444002,0.620000,0.027944,0.426646,0.426646,0.142927,0.449129,0.148862,0.047912,inf,nan,0.000000,0.047912,0.047912,0.047912,-0.003886,-0.020331,0.058399,0.003126,0.000000,-0.000000,0.012010,3.068307,10,4
1780631013.817803,dhocbf_fixed,-2.567941,-23.694138,0.270921,2.626136,1.447542,-2.592000,-22.094138,0.000000,45.000000,5.837476,-5.470272,-0.056356,1,9.044551,0.397145,0.556776,0.439145,0.439145,0.620000,0.025008,0.431561,0.431561,0.121828,0.473165,0.142464,0.046001,inf,nan,0.000000,0.046001,0.046001,0.046001,-0.004912,-0.017659,0.058346,0.000000,-0.000000,-0.000000,0.023056,2.640073,10,4
1780631013.925789,dhocbf_fixed,-2.511662,-23.458875,0.854668,2.079109,1.290567,-2.592000,-21.858875,0.000000,45.000000,7.622536,-2.428362,-0.029580,1,8.942515,0.383460,0.488353,0.374680,0.374680,0.667155,0.022746,0.374595,0.374595,0.103310,0.541099,0.158887,0.064192,inf,nan,0.000000,0.064192,0.064192,0.064192,-0.005121,-0.011141,0.075775,0.000000,0.000000,-0.000000,0.010470,2.247921,10,4
1780631014.032079,dhocbf_fixed,-2.388082,-23.263106,1.616922,1.836272,1.389540,-2.592000,-21.663106,0.000000,45.000000,-2.443417,2.892473,-0.033473,1,4.657063,0.357471,0.346006,0.240703,0.240703,0.765476,0.024094,0.240702,0.240702,0.112600,0.628782,0.156034,0.061935,inf,nan,0.000000,0.061935,0.061935,0.061935,-0.009153,0.000739,0.076014,0.000000,0.002844,-0.000000,0.005362,2.446698,10,4
1780631014.126841,dhocbf_fixed,-2.238607,-23.065017,1.372580,2.125520,1.489636,-2.592000,-21.465017,0.000000,45.000000,-6.770987,4.260720,-0.045092,1,3.887614,1.246249,1.338436,1.221860,1.221860,1.467323,0.025134,1.221113,1.221113,0.116561,1.325628,1.223891,1.118262,inf,nan,0.000000,1.118262,1.118262,1.118262,0.494287,0.111016,1.132289,0.502274,0.111001,-0.000000,0.000001,2.530180,10,4
1780631014.226862,dhocbf_fixed,-2.135204,-22.831161,0.695482,2.551592,1.432986,-2.592000,-21.231161,0.000000,45.000000,-7.366837,3.119248,-0.041562,1,3.692430,1.411856,1.475646,1.367063,1.367063,1.567525,0.026389,1.362776,1.362776,0.122049,1.419086,1.392749,1.281605,inf,nan,0.000000,1.281605,1.281605,1.281605,0.517911,0.126853,1.299357,0.524320,0.127832,-0.000000,0.000000,2.644677,10,4
1780631014.321175,dhocbf_fixed,-2.102490,-22.560406,-0.041202,2.863516,1.481076,-2.592000,-20.960406,0.000000,45.000000,-4.731973,1.775188,-0.045649,1,3.599855,1.547220,1.595630,1.489097,1.489097,1.683594,0.028039,1.481443,1.481443,0.132737,1.522817,1.519091,1.416092,inf,nan,0.000000,1.416092,1.416092,1.416092,0.549541,0.060073,1.434926,0.555659,0.072726,-0.000000,0.000000,2.863813,10,4
1780631014.412731,dhocbf_fixed,-2.130270,-22.265178,-0.514399,3.041035,1.603617,-2.592000,-20.665178,0.000000,45.000000,-2.185610,0.885967,-0.059723,1,3.322302,1.664768,1.718021,1.611792,1.611792,1.718139,0.029441,1.542338,1.542338,0.143729,1.544969,1.640338,1.540806,inf,nan,0.000000,1.540806,1.540806,1.540806,0.603343,0.064874,1.560107,0.609102,0.071916,-0.000000,0.000000,3.084234,10,4
1780631014.521351,dhocbf_fixed,-2.192638,-21.956645,-0.732960,3.129632,1.715213,-2.592000,-20.356645,0.000000,45.000000,-0.468151,0.425725,-0.075011,1,3.560581,1.801078,1.855098,1.749264,1.749264,1.758535,0.030075,1.578058,1.578058,0.150331,1.578130,1.782767,1.681907,inf,nan,0.000000,1.681907,1.681907,1.681907,0.646923,0.024315,1.701177,0.655177,0.040700,-0.000000,0.000000,3.214316,10,4
1780631014.631512,dhocbf_fixed,-2.268275,-21.641553,-0.779776,3.172204,1.768330,-2.592000,-20.041553,0.000000,45.000000,0.542699,0.202089,-0.084136,1,3.667714,1.970292,2.015165,1.910125,1.910125,1.813124,0.030126,1.629986,1.629986,0.153010,1.629988,1.959344,1.853160,inf,nan,0.000000,1.853160,1.853160,1.853160,0.655915,0.028948,1.872189,0.666304,0.039947,-0.000000,0.000000,3.266639,10,4
1780631014.717497,dhocbf_fixed,-2.343539,-21.323322,-0.725506,3.192413,1.770025,-2.592000,-19.723322,0.000000,45.000000,1.048309,0.095543,-0.086063,1,3.612692,2.174972,2.204462,2.099691,2.099691,1.880402,0.029903,1.697121,1.697121,0.153378,1.697121,2.168540,2.056814,inf,nan,0.000000,2.056814,2.056814,2.056814,0.664540,0.035523,2.075564,0.674178,0.044897,-0.000000,0.000000,3.273814,10,4
1780631014.831444,dhocbf_fixed,-2.410848,-21.003603,-0.620675,3.201968,1.744233,-2.592000,-19.403603,0.000000,45.000000,1.220564,0.045108,-0.083185,1,3.635446,2.273250,2.424204,2.313649,2.313649,1.960260,0.029619,1.777892,1.777892,0.152750,1.777892,2.330381,2.225795,inf,nan,0.000000,2.225795,2.225795,2.225795,0.667566,0.175629,2.239497,0.677205,0.173642,-0.000000,0.000000,3.261569,10,4
1780631014.921476,dhocbf_fixed,-2.466813,-20.683181,-0.498618,3.206478,1.709283,-2.592000,-19.083181,0.000000,45.000000,1.190213,0.021287,-0.078126,1,3.560637,2.268044,2.479609,2.362548,2.362548,2.052532,0.029378,1.871253,1.871253,0.151901,1.871253,2.332027,2.225795,inf,nan,0.000000,2.225795,2.225795,2.225795,0.714236,0.189221,2.244852,0.719967,0.190375,-0.000000,0.000000,3.245015,10,4
1780631015.035113,dhocbf_fixed,-2.510723,-20.362427,-0.379597,3.208607,1.674797,-2.592000,-18.762427,0.000000,45.000000,1.050713,0.010044,-0.072605,1,3.668370,2.316258,2.506629,2.391938,2.391938,2.156124,0.029210,1.975732,1.975732,0.151183,1.975732,2.383224,2.272293,inf,nan,0.000000,2.272293,2.272293,2.272293,0.774270,0.203378,2.291363,0.780226,0.204535,-0.000000,0.000000,3.230983,10,4
1780631015.110670,dhocbf_fixed,-2.543429,-20.041516,-0.274526,3.209611,1.644773,-2.592000,-18.441516,0.000000,45.000000,0.865112,0.004739,-0.067490,1,5.239214,2.902194,2.865108,2.752922,2.752922,2.799620,0.029108,2.619554,2.619554,0.150689,2.619823,2.862675,2.761705,inf,nan,0.000000,2.761705,2.761705,2.761705,1.146515,0.284042,2.781592,1.152569,0.285255,-0.000000,0.000000,3.221331,5,4
1780631015.236958,dhocbf_fixed,-2.566556,-19.720531,-0.188014,3.210085,1.620433,-2.592000,-18.120531,0.000000,45.000000,0.673110,0.002235,-0.063128,1,9.363341,3.220088,3.183609,3.071235,3.071235,2.963901,0.029052,2.784452,2.784452,0.150396,2.784454,3.181101,3.079709,inf,nan,0.000000,3.079709,3.079709,3.079709,1.241020,0.303081,3.099683,1.247082,0.304296,-0.000000,0.000000,3.215587,5,4
1780631015.319840,dhocbf_fixed,-2.581992,-19.399511,-0.120704,3.210309,1.601748,-2.592000,-17.799511,0.000000,45.000000,0.497349,0.001054,-0.059598,1,3.394235,3.537127,3.500977,3.388504,3.388504,3.128490,0.029025,2.949222,2.949222,0.150242,2.949222,3.498652,3.396816,inf,nan,0.000000,3.396816,3.396816,3.396816,1.335709,0.322157,3.416859,1.341779,0.323374,-0.000000,0.000000,3.212577,5,4
1780631015.431059,dhocbf_fixed,-2.591576,-19.078475,-0.070969,3.210414,1.588126,-2.592000,-17.478475,0.000000,45.000000,0.348703,0.000497,-0.056851,1,3.518303,3.853767,3.817696,3.705201,3.705201,3.293317,0.029014,3.114131,3.114131,0.150171,3.114131,3.815771,3.713480,inf,nan,0.000000,3.713480,3.713480,3.713480,1.430602,0.341259,3.733580,1.436679,0.342477,-0.000000,0.000000,3.211199,5,4
1780631015.524169,dhocbf_fixed,-2.596929,-18.757431,-0.036098,3.210464,1.578732,-2.592000,-17.157431,0.000000,45.000000,0.230404,0.000234,-0.054776,1,3.502542,4.170339,4.134153,4.021695,4.021695,3.458339,0.029010,3.279185,3.279185,0.150144,3.279185,4.132785,4.030038,inf,nan,0.000000,4.030038,4.030038,4.030038,1.525688,0.360378,4.050185,1.531772,0.361598,-0.000000,0.000000,3.210667,5,4
1780631015.620431,dhocbf_fixed,-2.599387,-18.436383,-0.013058,3.210488,1.572672,-2.592000,-16.836383,0.000000,45.000000,0.141112,0.000110,-0.053247,1,3.436882,4.487060,4.450627,4.338243,4.338243,3.623529,0.029009,3.444383,3.444383,0.150136,3.444383,4.449909,4.346715,inf,nan,0.000000,4.346715,4.346715,4.346715,1.620944,0.379511,4.366901,1.627035,0.380732,-0.000000,0.000000,3.210514,5,4
1780631015.729279,dhocbf_fixed,-2.599987,-18.115334,0.001053,3.210499,1.569102,-2.592000,-16.515334,0.000000,45.000000,0.077095,0.000052,-0.052134,1,3.960892,4.804058,4.767298,4.655009,4.655009,3.788866,0.029009,3.609721,3.609721,0.150136,3.609721,4.767270,4.663645,inf,nan,0.000000,4.663645,4.663645,4.663645,1.716343,0.398655,4.683866,1.722441,0.399877,-0.000000,0.000000,3.210499,5,4
1780631015.831914,dhocbf_fixed,-2.599497,-17.794284,0.008763,3.210504,1.567288,-2.592000,-16.194284,0.000000,45.000000,0.033680,0.000024,-0.051325,1,3.475873,5.121392,5.084269,4.972083,4.972083,3.954336,0.029009,3.775190,3.775190,0.150137,3.775190,5.084930,4.980894,inf,nan,0.000000,4.980894,4.980894,4.980894,1.811860,0.417807,5.001146,1.817963,0.419031,-0.000000,0.000000,3.210516,5,4
1780631015.922268,dhocbf_fixed,-2.598452,-17.473234,0.012131,3.210506,1.566641,-2.592000,-15.873234,0.000000,45.000000,0.006155,0.000011,-0.050723,1,3.443242,5.439078,5.401587,5.289501,5.289501,4.119927,0.029009,3.940780,3.940780,0.150137,3.940780,5.402907,5.298486,inf,nan,0.000000,5.298486,5.298486,5.298486,1.907472,0.436968,5.318765,1.913581,0.438192,-0.000000,0.000000,3.210529,5,4
1780631016.029413,dhocbf_fixed,-2.597208,-17.152183,0.012746,3.210507,1.566709,-2.592000,-15.552183,0.000000,45.000000,-0.009729,0.000005,-0.050254,1,3.466525,5.757105,5.719258,5.607266,5.607266,4.285626,0.029009,4.106480,4.106480,0.150137,4.106480,5.721195,5.616412,inf,nan,0.000000,5.616412,5.616412,5.616412,2.003162,0.456135,5.636717,2.009277,0.457361,-0.000000,0.000000,3.210533,5,4
1780631016.124116,dhocbf_fixed,-2.595982,-16.831132,0.011773,3.210508,1.567167,-2.592000,-15.231132,0.000000,45.000000,-0.017526,0.000004,-0.049865,1,3.559437,3.169434,3.129466,3.018470,3.018470,2.941267,0.029009,2.762117,2.762117,0.150137,2.762121,3.140039,3.029494,inf,nan,0.000000,3.029494,3.029494,3.029494,1.229629,0.301669,3.049309,1.235676,0.302884,-0.000000,0.000000,3.210529,1,4
1780631016.228048,dhocbf_fixed,-2.594892,-16.510081,0.010021,3.210508,1.567794,-2.592000,-14.910081,0.000000,45.000000,-0.020040,0.000002,-0.049517,1,3.582439,3.490294,3.450318,3.339301,3.339301,3.108078,0.029009,2.928932,2.928932,0.150137,2.928932,3.461069,3.350274,inf,nan,0.000000,3.350274,3.350274,3.350274,1.325910,0.320927,3.370192,1.331972,0.322144,-0.000000,0.000000,3.210524,1,4
1780631016.309430,dhocbf_fixed,-2.593990,-16.189030,0.008017,3.210508,1.568451,-2.592000,-14.589030,0.000000,45.000000,-0.019367,0.000001,-0.049184,1,3.328287,3.811191,3.771208,3.660172,3.660172,3.274904,0.029009,3.095758,3.095758,0.150137,3.095758,3.782103,3.671102,inf,nan,0.000000,3.671102,3.671102,3.671102,1.422195,0.340184,3.691106,1.428271,0.341405,-0.000000,0.000000,3.210518,1,4
1780631016.428327,dhocbf_fixed,-2.593286,-15.867980,0.006080,3.210508,1.569057,-2.592000,-14.267980,0.000000,45.000000,-0.016997,0.000000,-0.048851,1,3.582653,4.132117,4.092128,3.981076,3.981076,3.441744,0.029009,3.262598,3.262598,0.150137,3.262598,4.103141,3.991966,inf,nan,0.000000,3.991966,3.991966,3.991966,1.518483,0.359443,4.012045,1.524571,0.360665,-0.000000,0.000000,3.210514,1,4
1780631016.524041,dhocbf_fixed,-2.592763,-15.546929,0.004380,3.210508,1.569572,-2.592000,-13.946929,0.000000,45.000000,-0.013932,-0.000000,-0.048511,1,3.543081,4.453064,4.413071,4.302004,4.302004,3.608595,0.029009,3.429450,3.429450,0.150136,3.429450,4.424183,4.312860,inf,nan,0.000000,4.312860,4.312860,4.312860,1.614775,0.378702,4.333002,1.620873,0.379926,-0.000000,0.000000,3.210511,1,4
1780631016.608335,dhocbf_fixed,-2.592394,-15.225878,0.002987,3.210508,1.569983,-2.592000,-13.625878,0.000000,45.000000,-0.010798,-0.000000,-0.048160,1,3.540786,4.774028,4.734032,4.622952,4.622952,3.775456,0.029009,3.596311,3.596311,0.150136,3.596311,4.745226,4.633776,inf,nan,0.000000,4.633776,4.633776,4.633776,1.711068,0.397961,4.653974,1.717177,0.399187,-0.000000,0.000000,3.210510,1,4
1780631016.719775,dhocbf_fixed,-2.592149,-14.904827,0.001907,3.210508,1.570295,-2.592000,-13.304827,0.000000,45.000000,-0.007949,-0.000000,-0.047797,1,3.574609,5.095005,5.055008,4.943916,4.943916,3.942325,0.029009,3.763180,3.763180,0.150136,3.763180,5.066271,4.954711,inf,nan,0.000000,4.954711,4.954711,4.954711,1.807363,0.417220,4.974958,1.813481,0.418448,-0.000000,0.000000,3.210509,1,4
1780631016.831113,dhocbf_fixed,-2.591998,-14.583776,0.001112,3.210508,1.570519,-2.592000,-12.983776,0.000000,45.000000,-0.005551,-0.000000,-0.047425,1,4.258892,5.415993,5.375994,5.264891,5.264891,4.109202,0.029009,3.930057,3.930057,0.150136,3.930057,5.387317,5.275661,inf,nan,0.000000,5.275661,5.275661,5.275661,1.903660,0.436480,5.295951,1.909786,0.437709,-0.000000,0.000000,3.210509,1,4
1780631016.927789,dhocbf_fixed,-2.591915,-14.262725,0.000557,3.210508,1.570672,-2.592000,-12.662725,0.000000,45.000000,-0.003650,-0.000000,-0.047044,1,3.959477,5.736989,5.696989,5.585876,5.585876,4.276085,0.029009,4.096940,4.096940,0.150136,4.096940,5.708364,5.596622,inf,nan,0.000000,5.596622,5.596622,5.596622,1.999958,0.455740,5.616952,2.006092,0.456970,-0.000000,0.000000,3.210508,1,4
1780631017.030315,dhocbf_fixed,-2.591877,-13.941675,0.000192,3.210508,1.570770,-2.592000,-12.341675,0.000000,45.000000,-0.002220,-0.000000,-0.046658,1,3.905766,6.057991,6.017991,5.906868,5.906868,4.442973,0.029009,4.263828,4.263828,0.150136,4.263828,6.029412,5.917594,inf,nan,0.000000,5.917594,5.917594,5.917594,2.096257,0.475000,5.937958,2.102398,0.476232,-0.000000,0.000000,3.210508,1,4
1780631017.135703,dhocbf_fixed,-2.591869,-13.620624,-0.000030,3.210508,1.570826,-2.592000,-12.020624,0.000000,45.000000,-5.656906,-5.656802,-0.046268,1,20.101731,0.282431,0.283458,0.164685,0.164685,0.956891,0.029009,0.164685,0.164685,0.150136,0.777746,0.152204,0.041702,inf,nan,0.000000,0.041702,0.041702,0.041702,-0.049166,0.074841,0.094828,0.000000,0.076240,-0.000000,0.044231,3.210508,10,4
1780631017.229347,dhocbf_fixed,-2.620157,-13.327857,-0.565720,2.644828,1.815752,-2.592000,-11.727857,0.000000,45.000000,2.335996,2.085051,-0.072561,1,5.993903,0.358543,0.453951,0.337093,0.337093,1.146064,0.025423,0.337093,0.337093,0.124951,0.995690,0.324105,0.222513,inf,nan,0.000000,0.222513,0.222513,0.222513,0.117678,0.093907,0.235208,0.123571,0.095218,-0.000000,0.000000,2.704654,10,4
1780631017.319674,dhocbf_fixed,-2.665049,-13.052949,-0.332121,2.853333,1.716816,-2.592000,-11.452949,0.000000,45.000000,2.300831,1.742516,-0.067881,1,4.261969,0.378295,0.468469,0.358387,0.358387,1.268580,0.026577,0.358387,0.358387,0.133170,1.108833,0.348238,0.245961,inf,nan,0.000000,0.245961,0.245961,0.245961,0.200348,0.107049,0.260416,0.206677,0.108201,-0.000000,0.000000,2.872597,10,4
1780631017.428964,dhocbf_fixed,-2.686757,-12.758903,-0.102037,3.027585,1.649801,-2.592000,-11.158903,0.000000,45.000000,1.470211,0.943223,-0.058978,1,8.083050,0.310784,0.314001,0.205036,0.205036,1.379978,0.027710,0.205036,0.205036,0.140967,1.211301,0.273985,0.173720,inf,nan,0.000000,0.173720,0.173720,0.173720,0.296265,0.121026,0.182004,0.303444,0.121029,-0.000000,0.000000,3.029304,10,4
1780631017.517229,dhocbf_fixed,-2.689609,-12.451428,0.044984,3.121907,1.587894,-2.592000,-10.851428,0.000000,45.000000,0.780449,0.464335,-0.049633,1,4.019906,0.524018,0.501365,0.392212,0.392212,1.534549,0.028400,0.392212,0.392212,0.145649,1.360500,0.486899,0.387097,inf,nan,0.000000,0.387097,0.387097,0.387097,0.401913,0.138916,0.401901,0.407184,0.138745,-0.000000,0.000000,3.122231,10,4
1780631017.636137,dhocbf_fixed,-2.681209,-12.136916,0.123029,3.168341,1.548829,-2.592000,-10.536916,0.000000,45.000000,0.307243,0.222154,-0.042724,1,6.740467,0.810860,0.786087,0.672205,0.672205,1.696283,0.028756,0.672205,0.672205,0.148109,1.519418,0.770874,0.672881,inf,nan,0.000000,0.672881,0.672881,0.672881,0.501844,0.157427,0.688515,0.504921,0.157188,-0.000000,0.000000,3.170728,10,4
1780631017.718155,dhocbf_fixed,-2.667370,-11.818971,0.153753,3.190556,1.531004,-2.592000,-10.218971,0.000000,45.000000,0.011958,0.105301,-0.038782,1,4.759365,1.112379,1.084222,0.968699,0.968699,1.859989,0.028921,0.968699,0.968699,0.149307,1.681761,1.072003,0.972860,inf,nan,0.000000,0.972860,0.972860,0.972860,0.599559,0.176166,0.986881,0.600933,0.175988,-0.000000,0.000000,3.194259,10,4
1780631017.826729,dhocbf_fixed,-2.651935,-11.499389,0.154949,3.201086,1.527009,-2.592000,-9.899389,0.000000,45.000000,-0.153068,0.049758,-0.037113,1,4.802101,1.419595,1.388069,1.274130,1.274130,2.024692,0.028989,1.274130,1.274130,0.149847,1.845857,1.381398,1.280561,inf,nan,0.000000,1.280561,1.280561,1.280561,0.696425,0.195321,1.291749,0.696450,0.194962,-0.000000,0.000000,3.204834,10,4
1780631017.919108,dhocbf_fixed,-2.637205,-11.179032,0.139642,3.206062,1.530429,-2.592000,-9.579032,0.000000,45.000000,-0.228746,0.023487,-0.036830,1,5.250268,1.732034,1.697830,1.584889,1.584889,2.189978,0.029011,1.584889,1.584889,0.150064,2.010902,1.695268,1.592818,inf,nan,0.000000,1.592818,1.592818,1.592818,0.792928,0.214454,1.600675,0.791937,0.214021,-0.000000,0.000000,3.209102,10,4
1780631018.027701,dhocbf_fixed,-2.624385,-10.858308,0.116767,3.208411,1.537058,-2.592000,-9.258308,0.000000,45.000000,-0.247099,0.011083,-0.037246,1,3.471206,2.047510,2.011293,1.898992,1.898992,2.355632,0.029016,1.898990,1.898990,0.150138,2.176479,2.011725,1.907900,inf,nan,0.000000,1.907900,1.907900,1.907900,0.889262,0.233350,1.912408,0.887513,0.233125,-0.000000,0.000000,3.210535,10,4
1780631018.119350,dhocbf_fixed,-2.613943,-10.537412,0.092057,3.209519,1.544472,-2.592000,-8.937412,0.000000,45.000000,-0.231795,0.005229,-0.037918,1,3.753954,2.233639,2.200120,2.086809,2.086809,2.450264,0.029015,2.086764,2.086764,0.150153,2.271097,2.195683,2.093944,inf,nan,0.000000,2.093944,2.093944,2.093944,0.942469,0.244236,2.111960,0.948079,0.245362,-0.000000,0.000000,3.210839,7,4
1780631018.230199,dhocbf_fixed,-2.605897,-10.216434,0.068878,3.210042,1.551406,-2.592000,-8.616434,0.000000,45.000000,-0.199423,0.002466,-0.038598,1,3.962592,2.548013,2.512772,2.400091,2.400091,2.615452,0.029012,2.393000,2.393000,0.150150,2.436290,2.510935,2.408231,inf,nan,0.000000,2.408231,2.408231,2.408231,1.038448,0.263389,2.426450,1.044071,0.264519,-0.000000,0.000000,3.210781,7,4
1780631018.320820,dhocbf_fixed,-2.600006,-9.895417,0.048936,3.210288,1.557294,-2.592000,-8.295417,0.000000,45.000000,-0.160931,0.001163,-0.039162,1,4.012967,2.864173,2.827665,2.715398,2.715398,2.780915,0.029010,2.601231,2.601231,0.150144,2.601761,2.827762,2.724209,inf,nan,0.000000,2.724209,2.724209,2.724209,1.134413,0.282557,2.742586,1.140052,0.283691,-0.000000,0.000000,3.210661,7,4
1780631018.421116,dhocbf_fixed,-2.595917,-9.574382,0.032842,3.210405,1.561969,-2.592000,-7.974382,0.000000,45.000000,-0.123015,0.000549,-0.039561,1,3.461612,3.181538,3.144085,3.032097,3.032097,2.946595,0.029009,2.767444,2.767444,0.150139,2.767446,3.145646,3.041359,inf,nan,0.000000,3.041359,3.041359,3.041359,1.230384,0.301737,3.059862,1.236038,0.302873,-0.000000,0.000000,3.210573,7,4
1780631018.519183,dhocbf_fixed,-2.593248,-9.253339,0.020541,3.210460,1.565478,-2.592000,-7.653339,0.000000,45.000000,-0.089329,0.000259,-0.039789,1,3.774946,3.499734,3.461565,3.349765,3.349765,3.112447,0.029009,2.933301,2.933301,0.150137,2.933301,3.464254,3.359336,inf,nan,0.000000,3.359336,3.359336,3.359336,1.326369,0.320926,3.377941,1.332038,0.322066,-0.000000,0.000000,3.210525,7,4
1780631018.619610,dhocbf_fixed,-2.591641,-8.932292,0.011608,3.210485,1.567974,-2.592000,-7.332292,0.000000,45.000000,-0.061457,0.000122,-0.039863,1,6.638797,3.818515,3.779791,3.668121,3.668121,3.278438,0.029009,3.099293,3.099293,0.150136,3.099293,3.783371,3.677904,inf,nan,0.000000,3.677904,3.677904,3.677904,1.422372,0.340124,3.696597,1.428054,0.341265,-0.000000,0.000000,3.210506,7,4
1780631018.720414,dhocbf_fixed,-2.590787,-8.611243,0.005462,3.210498,1.569650,-2.592000,-7.011243,0.000000,45.000000,-0.039680,0.000057,-0.039809,1,3.838963,4.137715,4.098552,3.986973,3.986973,3.444542,0.029009,3.265397,3.265397,0.150136,3.265397,4.102850,3.996905,inf,nan,0.000000,3.996905,3.996905,3.996905,1.518394,0.359328,4.015672,1.524088,0.360472,-0.000000,0.000000,3.210502,7,4
1780631018.831954,dhocbf_fixed,-2.590439,-8.290193,0.001494,3.210503,1.570697,-2.592000,-6.690193,0.000000,45.000000,-0.023524,0.000027,-0.039654,1,5.222157,4.457222,4.417704,4.306189,4.306189,3.610739,0.029009,3.431594,3.431594,0.150136,3.431594,4.422594,4.316228,inf,nan,0.000000,4.316228,4.316228,4.316228,1.614435,0.378538,4.335058,1.620140,0.379684,-0.000000,0.000000,3.210504,7,4
1780631018.919752,dhocbf_fixed,-2.590407,-7.969142,-0.000858,3.210506,1.571288,-2.592000,-6.369142,0.000000,45.000000,-0.012149,0.000013,-0.039426,1,3.828668,4.776960,4.737146,4.625679,4.625679,3.777014,0.029009,3.597869,3.597869,0.150136,3.597869,4.742535,4.635794,inf,nan,0.000000,4.635794,4.635794,4.635794,1.710494,0.397754,4.654680,1.716209,0.398901,-0.000000,0.000000,3.210506,7,4
1780631019.034206,dhocbf_fixed,-2.590554,-7.648092,-0.002073,3.210507,1.571565,-2.592000,-6.048092,0.000000,45.000000,-0.004594,0.000006,-0.039146,1,5.169745,5.096827,5.056809,4.945378,4.945378,3.943354,0.029009,3.764209,3.764209,0.150136,3.764209,5.062625,4.955550,inf,nan,0.000000,4.955550,4.955550,4.955550,1.806571,0.416973,4.974485,1.812295,0.418122,-0.000000,0.000000,3.210508,7,4
1780631019.123138,dhocbf_fixed,-2.590784,-7.327041,-0.002532,3.210508,1.571639,-2.592000,-5.727041,0.000000,45.000000,0.000065,0.000006,-0.038833,1,3.699923,1.204889,1.211420,1.098527,1.098527,1.937815,0.029009,1.098527,1.098527,0.150136,1.758670,1.207090,1.106618,inf,nan,0.000000,1.106618,1.106618,1.106618,0.647156,0.185218,1.117829,0.649159,0.185532,-0.000000,0.000000,3.210509,10,4
1780631019.231196,dhocbf_fixed,-2.591037,-7.005990,-0.002526,3.210508,1.571594,-2.592000,-5.405990,0.000000,45.000000,0.002640,0.000003,-0.038501,1,3.722194,1.524695,1.524956,1.412728,1.412728,2.103198,0.029009,1.412728,1.412728,0.150136,1.924053,1.523773,1.421788,inf,nan,0.000000,1.421788,1.421788,1.421788,0.743367,0.204391,1.431639,0.745122,0.204669,-0.000000,0.000000,3.210509,10,4
1780631019.319781,dhocbf_fixed,-2.591276,-6.684939,-0.002262,3.210509,1.571486,-2.592000,-5.084939,0.000000,45.000000,0.003794,0.000001,-0.038160,1,3.483883,1.844683,1.840889,1.729021,1.729021,2.268864,0.029009,1.729021,1.729021,0.150136,2.089719,1.841854,1.738619,inf,nan,0.000000,1.738619,1.738619,1.738619,0.839459,0.223580,1.747269,0.841011,0.223825,-0.000000,0.000000,3.210510,10,4
1780631019.429290,dhocbf_fixed,-2.591484,-6.363888,-0.001882,3.210509,1.571355,-2.592000,-4.763888,0.000000,45.000000,0.004043,-0.000000,-0.037815,1,4.110554,2.164984,2.158231,2.046575,2.046575,2.434742,0.029009,2.046556,2.046556,0.150136,2.255597,2.160752,2.056492,inf,nan,0.000000,2.056492,2.056492,2.056492,0.935519,0.242780,2.064099,0.936898,0.242997,-0.000000,0.000000,3.210509,10,4
1780631019.522342,dhocbf_fixed,-2.591652,-6.042837,-0.001478,3.210509,1.571225,-2.592000,-4.442837,0.000000,45.000000,0.003764,-0.000000,-0.037473,1,3.679652,2.485477,2.476470,2.364946,2.364946,2.600783,0.029009,2.361266,2.361266,0.150136,2.421638,2.480171,2.375063,inf,nan,0.000000,2.375063,2.375063,2.375063,1.031580,0.261990,2.381767,1.032807,0.262182,-0.000000,0.000000,3.210509,10,4
1780631019.630277,dhocbf_fixed,-2.591781,-5.721786,-0.001102,3.210509,1.571109,-2.592000,-4.121786,0.000000,45.000000,0.003221,-0.000001,-0.037134,1,4.423663,2.806095,2.795315,2.683878,2.683878,2.766953,0.029009,2.586834,2.586834,0.150136,2.587808,2.799941,2.694125,inf,nan,0.000000,2.694125,2.694125,2.694125,1.127656,0.281207,2.700044,1.128748,0.281376,-0.000000,0.000000,3.210509,10,4
1780631019.719561,dhocbf_fixed,-2.591875,-5.400736,-0.000780,3.210509,1.571012,-2.592000,-3.800736,0.000000,45.000000,0.002588,-0.000001,-0.036801,1,3.684673,3.126800,3.114588,3.003210,3.003210,2.933226,0.029009,2.754076,2.754076,0.150136,2.754081,3.119959,3.013543,inf,nan,0.000000,3.013543,3.013543,3.013543,1.223751,0.300429,3.018779,1.224721,0.300578,-0.000000,0.000000,3.210509,10,4
1780631019.826841,dhocbf_fixed,-2.591940,-5.079685,-0.000521,3.210509,1.570937,-2.592000,-3.479685,0.000000,45.000000,0.001971,-0.000001,-0.036474,1,3.672795,3.447569,3.434175,3.322838,3.322838,3.099582,0.029009,2.920437,2.920437,0.150136,2.920437,3.440159,3.333231,inf,nan,0.000000,3.333231,3.333231,3.333231,1.319865,0.319657,3.337866,1.320725,0.319786,-0.000000,0.000000,3.210509,9,4
1780631019.908624,dhocbf_fixed,-2.591982,-4.758634,-0.000324,3.210509,1.570880,-2.592000,-3.158634,0.000000,45.000000,0.001426,-0.000000,-0.036152,1,3.254521,3.768385,3.754001,3.642693,3.642693,3.266008,0.029009,3.086863,3.086863,0.150136,3.086863,3.760498,3.653127,inf,nan,0.000000,3.653127,3.653127,3.653127,1.415997,0.338888,3.657231,1.416758,0.339001,-0.000000,0.000000,3.210509,9,4
1780631020.032517,dhocbf_fixed,-2.592007,-4.437583,-0.000181,3.210509,1.570840,-2.592000,-2.837583,0.000000,45.000000,0.000977,-0.000000,-0.035836,1,3.569494,4.089237,4.074010,3.962724,3.962724,3.432492,0.029009,3.253347,3.253347,0.150136,3.253347,4.080943,3.973186,inf,nan,0.000000,3.973186,3.973186,3.973186,1.512147,0.358122,3.976820,1.512816,0.358220,-0.000000,0.000000,3.210509,8,4
1780631020.110039,dhocbf_fixed,-2.592021,-4.116532,-0.000084,3.210509,1.570814,-2.592000,-2.516532,0.000000,45.000000,0.000624,0.000007,-0.035524,1,3.303199,0.299619,0.316646,0.212673,0.212673,1.388254,0.029009,0.212673,0.212673,0.150136,1.209109,0.262576,0.164425,inf,nan,0.000000,0.164425,0.164425,0.164425,0.300681,0.120533,0.176133,0.303566,0.120825,-0.000000,0.000000,3.210509,10,4
1780631020.223229,dhocbf_fixed,-2.592026,-3.795481,-0.000021,3.210509,1.570797,-2.592000,-2.195481,0.000000,45.000000,0.000369,0.000003,-0.035216,1,3.243429,0.509995,0.491935,0.385062,0.385062,1.532350,0.029009,0.385062,0.385062,0.150136,1.353205,0.476622,0.374239,inf,nan,0.000000,0.374239,0.374239,0.374239,0.401003,0.137665,0.388159,0.405947,0.138307,-0.000000,0.000000,3.210509,10,4
1780631020.340495,dhocbf_fixed,-2.592026,-3.474430,0.000016,3.210510,1.570788,-2.592000,-1.874430,0.000000,45.000000,0.000189,-0.000000,-0.034913,1,12.315750,0.800905,0.776459,0.663505,0.663505,1.695020,0.029009,0.663505,0.663505,0.150136,1.515875,0.761382,0.662970,inf,nan,0.000000,0.662970,0.662970,0.662970,0.501613,0.156655,0.677658,0.505427,0.157263,-0.000000,0.000000,3.210510,10,4
1780631020.429587,dhocbf_fixed,-2.592024,-3.153379,0.000035,3.210509,1.570784,-2.592000,-1.553379,0.000000,45.000000,0.000069,-0.000001,-0.034613,1,4.170733,1.104776,1.077206,0.961642,0.961642,1.858664,0.029009,0.961642,0.961642,0.150136,1.679519,1.064382,0.965692,inf,nan,0.000000,0.965692,0.965692,0.965692,0.599004,0.175712,0.979787,0.602346,0.176288,-0.000000,0.000000,3.210509,10,4
1780631020.521054,dhocbf_fixed,-2.592020,-2.832328,0.000042,3.210509,1.570782,-2.592000,-1.232328,0.000000,45.000000,-0.000004,-0.000002,-0.034316,1,3.644650,1.414679,1.382459,1.268574,1.268574,2.022987,0.029009,1.268574,1.268574,0.150136,1.843841,1.374787,1.274988,inf,nan,0.000000,1.274988,1.274988,1.274988,0.695366,0.194813,1.288197,0.698446,0.195359,-0.000000,0.000000,3.210509,10,4
1780631020.626252,dhocbf_fixed,-2.592016,-2.511278,0.000041,3.210509,1.570783,-2.592000,-0.911278,0.000000,45.000000,-0.000045,-0.000001,-0.034022,1,4.378562,1.727288,1.693088,1.580104,1.580104,2.187800,0.029009,1.580104,1.580104,0.150136,2.008655,1.688852,1.587858,inf,nan,0.000000,1.587858,1.587858,1.587858,0.791386,0.213943,1.600183,0.794279,0.214463,-0.000000,0.000000,3.210509,10,4
1780631020.722438,dhocbf_fixed,-2.592012,-2.190227,0.000037,3.210509,1.570785,-2.592000,-0.590227,0.000000,45.000000,-0.000062,-0.000001,-0.033730,1,3.712722,2.042384,2.006771,1.894317,1.894317,2.352979,0.029009,1.894316,1.894316,0.150136,2.173834,2.004977,1.902886,inf,nan,0.000000,1.902886,1.902886,1.902886,0.887300,0.233095,1.914407,0.890041,0.233592,-0.000000,0.000000,3.210509,10,4
1780631020.832312,dhocbf_fixed,-2.592008,-1.869176,0.000030,3.210509,1.570787,-2.592000,-0.269176,0.000000,45.000000,-0.000066,-0.000001,-0.033441,1,4.562428,2.359015,2.322347,2.210227,2.210227,2.518438,0.029009,2.209917,2.209917,0.150136,2.339293,2.322371,2.219320,inf,nan,0.000000,2.219320,2.219320,2.219320,0.983196,0.252264,2.230125,0.985807,0.252740,-0.000000,0.000000,3.210509,10,4
1780631020.920949,dhocbf_fixed,-2.592006,-1.548125,0.000024,3.210509,1.570789,-2.592000,0.051875,0.000000,45.000000,-0.000061,-0.000001,-0.033155,1,3.651438,2.676658,2.639173,2.527275,2.527275,2.684115,0.029009,2.494195,2.494195,0.150136,2.504970,2.640603,2.536720,inf,nan,0.000000,2.536720,2.536720,2.536720,1.079108,0.271446,2.546895,1.081605,0.271903,-0.000000,0.000000,3.210509,10,4
1780631021.033953,dhocbf_fixed,-2.592004,-1.227074,0.000018,3.210509,1.570791,-2.592000,0.372926,0.000000,45.000000,-0.000052,-0.000001,-0.032871,1,3.677830,2.995001,2.956866,2.845122,2.845122,2.849967,0.029009,2.670758,2.670758,0.150136,2.670822,2.959414,2.854811,inf,nan,0.000000,2.854811,2.854811,2.854811,1.175048,0.290638,2.864431,1.177443,0.291079,-0.000000,0.000000,3.210509,10,4
1780631021.112460,dhocbf_fixed,-2.592002,-0.906023,0.000013,3.210509,1.570793,-2.592000,0.693977,0.000000,45.000000,-0.000041,-0.000000,-0.032590,1,3.425086,2.918178,2.954287,2.843360,2.843360,2.849026,0.029009,2.669815,2.669815,0.150136,2.669881,2.966268,2.854516,inf,nan,0.000000,2.854516,2.854516,2.854516,1.177259,0.291200,2.851724,1.176311,0.291000,-0.000000,0.000000,3.210509,6,4
1780631021.236697,dhocbf_fixed,-2.592001,-0.584972,0.000008,3.210509,1.570794,-2.592000,1.015028,0.000000,45.000000,-0.000032,-0.000000,-0.032311,1,4.026655,3.239197,3.275301,3.164340,3.164340,3.015955,0.029009,2.836810,2.836810,0.150136,2.836810,3.287307,3.175420,inf,nan,0.000000,3.175420,3.175420,3.175420,1.273555,0.310460,3.172518,1.272582,0.310255,-0.000000,0.000000,3.210509,6,4
1780631021.319854,dhocbf_fixed,-2.592000,-0.263921,0.000005,3.210509,1.570795,-2.592000,1.336079,0.000000,45.000000,-0.000023,-0.000000,-0.032034,1,3.477500,3.560222,3.596323,3.485333,3.485333,3.182887,0.029009,3.003742,3.003742,0.150136,3.003742,3.608347,3.496349,inf,nan,0.000000,3.496349,3.496349,3.496349,1.369852,0.329719,3.493344,1.368857,0.329511,-0.000000,0.000000,3.210509,6,4
1780631021.434403,dhocbf_fixed,-2.592000,0.057130,0.000003,3.210509,1.570796,-2.592000,1.657130,0.000000,45.000000,-0.000016,-0.000000,-0.031759,1,3.948696,3.881251,3.917348,3.806334,3.806334,3.349821,0.029009,3.170676,3.170676,0.150136,3.170676,3.929390,3.817296,inf,nan,0.000000,3.817296,3.817296,3.817296,1.466151,0.348980,3.814197,1.465135,0.348768,-0.000000,0.000000,3.210509,6,4
1780631021.522330,dhocbf_fixed,-2.592000,0.378180,0.000001,3.210509,1.570796,-2.592000,1.978180,0.000000,45.000000,-0.000010,-0.000000,-0.031487,1,3.526001,4.202283,4.238378,4.127342,4.127342,3.516756,0.029009,3.337610,3.337610,0.150136,3.337610,4.250433,4.138258,inf,nan,0.000000,4.138258,4.138258,4.138258,1.562451,0.368240,4.135072,1.561416,0.368025,-0.000000,0.000000,3.210509,6,4
1780631021.639488,dhocbf_fixed,-2.592000,0.699231,0.000000,3.210508,1.570796,-2.592000,2.299231,0.000000,45.000000,-0.000006,-0.000000,-0.031218,1,4.536387,4.523318,4.559410,4.448356,4.448356,3.683692,0.029009,3.504546,3.504546,0.150136,3.504546,4.571478,4.459232,inf,nan,0.000000,4.459232,4.459232,4.459232,1.658753,0.387501,4.455966,1.657699,0.387283,-0.000000,0.000000,3.210508,6,4
1780631021.712950,dhocbf_fixed,-2.592000,1.020282,-0.000000,3.210508,1.570796,-2.592000,2.620282,0.000000,45.000000,-0.000003,-0.000000,-0.030950,1,4.003204,4.844355,4.880445,4.769375,4.769375,3.850629,0.029009,3.671484,3.671484,0.150136,3.671484,4.892523,4.780215,inf,nan,0.000000,4.780215,4.780215,4.780215,1.755056,0.406762,4.776875,1.753986,0.406541,-0.000000,0.000000,3.210508,6,4
1780631021.818273,dhocbf_fixed,-2.592000,1.341333,-0.000001,3.210508,1.570797,-2.592000,2.941333,0.000000,45.000000,-0.000001,-0.000000,-0.030685,1,5.502205,5.165394,5.201481,5.090398,5.090398,4.017566,0.029009,3.838421,3.838421,0.150136,3.838421,5.213570,5.101207,inf,nan,0.000000,5.101207,5.101207,5.101207,1.851360,0.426023,5.097798,1.850274,0.425799,-0.000000,0.000000,3.210508,6,4
1780631021.917186,dhocbf_fixed,-2.592000,1.662384,-0.000001,3.210508,1.570797,-2.592000,3.262384,0.000000,45.000000,0.000000,-0.000000,-0.030422,1,4.345248,5.486434,5.522519,5.411423,5.411423,4.184505,0.029009,4.005360,4.005360,0.150136,4.005360,5.534616,5.422205,inf,nan,0.000000,5.422205,5.422205,5.422205,1.947665,0.445284,5.418733,1.946565,0.445058,-0.000000,0.000000,3.210508,6,4
1780631022.031056,dhocbf_fixed,-2.592000,1.983435,-0.000001,3.210508,1.570797,-2.592000,3.583435,0.000000,45.000000,0.000001,-0.000000,-0.030161,1,3.668161,5.807475,5.843559,5.732452,5.732452,4.351444,0.029009,4.172299,4.172299,0.150136,4.172299,5.855663,5.743208,inf,nan,0.000000,5.743208,5.743208,5.743208,2.043970,0.464546,5.739677,2.042857,0.464317,-0.000000,0.000000,3.210508,6,4
1780631022.131329,dhocbf_fixed,-2.592000,2.304485,-0.000001,3.210508,1.570797,-2.592000,3.904485,0.000000,45.000000,4.371736,-3.882966,-0.029924,1,11.656172,1.336959,1.436623,1.324037,1.324037,0.785240,0.029009,0.606095,0.606095,0.150136,0.606095,0.711277,0.613394,inf,nan,0.000000,0.613394,0.613394,0.613394,0.104375,-0.014723,0.631132,0.109598,0.000000,-0.000000,0.013438,3.210508,10,4
1780631022.232506,dhocbf_fixed,-2.570141,2.606121,0.437173,2.822212,1.424434,-2.592000,4.206121,0.000000,45.000000,5.097380,-6.165770,-0.013737,1,5.877973,1.435738,1.542768,1.428110,1.428110,0.764858,0.026430,0.606082,0.606082,0.132345,0.606082,0.610077,0.503653,inf,nan,0.000000,0.503653,0.503653,0.503653,0.081314,-0.016642,0.519918,0.085457,0.000000,-0.000000,0.012716,2.855871,10,4
1780631022.311224,dhocbf_fixed,-2.500937,2.857514,0.946911,2.205635,1.263840,-2.592000,4.457514,0.000000,45.000000,-2.001282,2.321912,0.007884,1,5.790129,1.436704,1.439856,1.335056,1.335056,0.733938,0.023608,0.599916,0.599916,0.110414,0.599916,0.418504,0.322013,inf,nan,0.000000,0.322013,0.322013,0.322013,0.049426,-0.002916,0.338420,0.054665,0.000000,-0.000000,0.002782,2.400305,10,4
1780631022.434681,dhocbf_fixed,-2.416252,3.089687,0.746783,2.437826,1.417573,-2.592000,4.689687,0.000000,45.000000,-2.036415,2.137233,-0.003464,1,5.128587,1.275752,1.274447,1.169607,1.169607,0.745982,0.024642,0.603851,0.603851,0.117489,0.603851,0.425837,0.314505,inf,nan,0.000000,0.314505,0.314505,0.314505,0.066188,-0.003960,0.329175,0.071600,0.000000,-0.000000,0.002580,2.549643,10,4
1780631022.520139,dhocbf_fixed,-2.351756,3.344156,0.543141,2.651549,1.518606,-2.592000,4.944156,0.000000,45.000000,-2.292097,2.000465,-0.017283,1,3.789527,1.108433,1.111348,1.006844,1.006844,0.750749,0.025806,0.599898,0.599898,0.125045,0.599898,0.499137,0.388516,inf,nan,0.000000,0.388516,0.388516,0.388516,0.084687,-0.001585,0.398270,0.090165,0.000000,-0.000000,0.001143,2.706606,10,4
1780631022.644229,dhocbf_fixed,-2.308902,3.619313,0.313932,2.851596,1.583391,-2.592000,5.219313,0.000000,45.000000,-3.876320,1.453987,-0.027691,1,10.529634,0.930622,0.959246,0.854775,0.854775,0.667936,0.027037,0.507915,0.507915,0.132984,0.507915,0.463375,0.357386,inf,nan,0.000000,0.357386,0.357386,0.357386,0.067099,-0.004997,0.370774,0.071148,0.000000,-0.000000,0.000606,2.868824,10,4
1780631022.720249,dhocbf_fixed,-2.296891,3.911742,-0.073700,2.996994,1.610680,-2.592000,5.511742,0.000000,45.000000,-2.828947,-0.053661,-0.033088,1,5.255547,0.747180,0.831508,0.724089,0.724089,0.645639,0.027991,0.478248,0.478248,0.139395,0.478253,0.400843,0.303878,inf,nan,0.000000,0.303878,0.303878,0.303878,0.060778,-0.009536,0.319413,0.065183,0.000000,-0.000000,0.006679,2.997901,10,4
1780631022.830805,dhocbf_fixed,-2.318406,4.211173,-0.356595,2.991628,1.681464,-2.592000,5.811173,0.000000,45.000000,-1.591964,-3.609347,-0.041954,1,7.477316,0.589137,0.736171,0.622138,0.622138,0.639364,0.028019,0.471059,0.471059,0.140141,0.471204,0.364755,0.265230,inf,nan,0.000000,0.265230,0.265230,0.265230,0.054603,-0.010279,0.279645,0.059248,0.000000,-0.000000,0.010720,3.012806,10,4
1780631022.924186,dhocbf_fixed,-2.362025,4.492290,-0.515791,2.630694,1.783271,-2.592000,6.092290,0.000000,45.000000,-0.091149,-5.875317,-0.054987,1,8.253400,0.499802,0.683089,0.574218,0.574218,0.667369,0.025608,0.514233,0.514233,0.123794,0.517968,0.365859,0.265158,inf,nan,0.000000,0.265158,0.265158,0.265158,0.056561,-0.013800,0.277474,0.060945,0.000000,-0.000000,0.013190,2.680782,10,4
1780631023.035997,dhocbf_fixed,-2.414060,4.725982,-0.524906,2.043162,1.810548,-2.592000,6.325982,0.000000,45.000000,6.408031,-3.885878,-0.060863,1,6.086175,0.488397,0.687975,0.571888,0.571888,0.712295,0.022186,0.560782,0.560782,0.096958,0.593151,0.380573,0.278255,inf,nan,0.000000,0.278255,0.278255,0.278255,0.055534,-0.015512,0.291712,0.060728,0.000000,-0.000000,0.014047,2.109511,10,4
1780631023.128975,dhocbf_fixed,-2.434510,4.910869,0.115897,1.654574,1.525970,-2.592000,6.510869,0.000000,45.000000,3.909831,3.702110,-0.030957,1,11.994043,0.295322,0.319442,0.214860,0.214860,0.620000,0.020102,0.214860,0.214860,0.076930,0.522968,0.256021,0.160329,inf,nan,0.000000,0.160329,0.160329,0.160329,0.036320,-0.011873,0.175141,0.041272,0.000000,-0.000000,0.014967,1.658628,10,4
1780631023.253529,dhocbf_fixed,-2.403372,5.094837,0.506880,2.024785,1.732014,-2.592000,6.694837,0.000000,45.000000,6.744452,1.240994,-0.045716,1,19.587734,0.373513,0.391965,0.287883,0.287883,0.620000,0.022099,0.287867,0.287867,0.095946,0.501955,0.313616,0.214519,inf,nan,0.000000,0.214519,0.214519,0.214519,0.025112,-0.022928,0.223092,0.034642,-0.000000,-0.000000,0.019885,2.087267,10,4
1780631023.324646,dhocbf_fixed,-2.318961,5.303521,1.181325,2.148885,1.722627,-2.592000,6.903521,0.000000,45.000000,-4.071176,-3.265447,-0.048091,1,7.997449,0.284103,0.363851,0.251950,0.251950,0.620000,0.024340,0.251941,0.251941,0.112860,0.482800,0.243932,0.148518,inf,nan,0.000000,0.148518,0.148518,0.148518,0.013684,-0.018460,0.162464,0.019099,0.000000,-0.000000,0.016847,2.452190,10,4
1780631023.424416,dhocbf_fixed,-2.221185,5.502082,0.774207,1.822340,1.831784,-2.592000,7.102082,0.000000,45.000000,-7.895945,-1.286100,-0.060262,1,8.791177,0.283713,0.287804,0.184637,0.184637,0.620000,0.022238,0.184637,0.184637,0.091100,0.506662,0.207786,0.111824,inf,nan,0.000000,0.111824,0.111824,0.111824,0.008021,-0.020848,0.125769,0.015157,-0.000000,-0.000000,0.023115,1.979980,10,4
1780631023.524215,dhocbf_fixed,-2.183244,5.677885,-0.015387,1.693730,1.781079,-2.592000,7.277885,0.000000,45.000000,-7.073646,3.736782,-0.057398,1,8.772088,0.437177,0.449030,0.344317,0.344317,0.620000,0.021169,0.344256,0.344256,0.078455,0.520376,0.171024,0.070484,inf,nan,0.000000,0.070484,0.070484,0.070484,-0.006883,-0.032709,0.081037,0.002110,-0.000000,-0.000000,0.031228,1.693800,10,4
1780631023.634769,dhocbf_fixed,-2.220151,5.865942,-0.722752,2.067408,1.567783,-2.592000,7.465942,0.000000,45.000000,-7.627816,-2.411727,-0.033090,1,6.992196,0.495830,0.596860,0.470539,0.470539,0.620000,0.023295,0.460736,0.460736,0.100645,0.496060,0.143519,0.049595,inf,nan,0.000000,0.049595,0.049595,0.049595,-0.005827,-0.027364,0.063519,0.001118,0.000000,-0.000000,0.016447,2.190102,10,4
1780631023.716828,dhocbf_fixed,-2.330565,6.060624,-1.485533,1.826235,1.767037,-2.592000,7.660624,0.000000,45.000000,-4.835362,0.499730,-0.048496,1,6.273827,0.442288,0.528277,0.402379,0.402379,0.691331,0.023735,0.402261,0.402261,0.108250,0.559347,0.179556,0.080973,inf,nan,0.000000,0.080973,0.080973,0.080973,-0.003244,-0.021025,0.093391,0.008395,0.000000,-0.000000,0.006983,2.354133,10,4
1780631023.835103,dhocbf_fixed,-2.503295,6.245747,-1.969069,1.876208,1.694923,-2.592000,7.845747,0.000000,45.000000,2.453400,4.546237,-0.044185,1,12.564332,0.394908,0.375559,0.260449,0.260449,0.774267,0.025568,0.260449,0.260449,0.125687,0.623012,0.192767,0.097502,inf,nan,0.000000,0.097502,0.097502,0.097502,-0.013550,0.002380,0.111631,0.000000,0.000000,-0.000000,0.002498,2.719815,10,4
1780631023.962426,dhocbf_fixed,-2.687935,6.456099,-1.723729,2.330832,1.774232,-2.592000,8.056099,0.000000,45.000000,7.065935,3.751342,-0.051459,1,16.675703,0.331786,0.360138,0.252190,0.252190,0.872187,0.026785,0.252190,0.252190,0.134474,0.710929,0.218782,0.123907,inf,nan,0.000000,0.123907,0.123907,0.123907,-0.000553,0.028578,0.138697,0.006882,0.027887,-0.000000,0.000000,2.898969,10,4
1780631024.039385,dhocbf_fixed,-2.824978,6.707938,-1.017136,2.705966,1.790659,-2.592000,8.307938,0.000000,45.000000,7.122219,2.522162,-0.054716,1,5.747379,0.333856,0.439549,0.332823,0.332823,1.005673,0.027021,0.332823,0.332823,0.134071,0.844582,0.295576,0.198607,inf,nan,0.000000,0.198607,0.198607,0.198607,0.060994,0.075144,0.212454,0.066846,0.073953,-0.000000,0.000000,2.890816,10,4
1780631024.124260,dhocbf_fixed,-2.891081,6.991146,-0.304914,2.958182,1.705591,-2.592000,8.591146,0.000000,45.000000,4.553782,1.310004,-0.045916,1,3.616386,2.016619,1.977129,1.866154,1.866154,2.320837,0.027834,1.866153,1.866153,0.138194,2.154809,1.978318,1.876991,inf,nan,0.000000,1.876991,1.876991,1.876991,0.861305,0.231149,1.896523,0.867315,0.232350,-0.000000,0.000000,2.973855,1,4
1780631024.236092,dhocbf_fixed,-2.898803,7.293514,0.150464,3.089183,1.587591,-2.592000,8.893514,0.000000,45.000000,2.407744,0.637214,-0.030572,1,3.992113,2.314886,2.278587,2.166347,2.166347,2.477612,0.028731,2.166122,2.166122,0.144164,2.304717,2.277321,2.175199,inf,nan,0.000000,2.175199,2.175199,2.175199,0.955745,0.248629,2.194881,0.961747,0.249835,-0.000000,0.000000,3.092845,1,4
1780631024.324308,dhocbf_fixed,-2.871718,7.605619,0.391239,3.152904,1.494090,-2.592000,9.205619,0.000000,45.000000,0.936096,0.303691,-0.016359,1,3.534732,2.618225,2.585333,2.471725,2.471725,2.640280,0.029261,2.446987,2.446987,0.148433,2.462586,2.581689,2.478384,inf,nan,0.000000,2.478384,2.478384,2.478384,1.051133,0.267024,2.498163,1.057143,0.268234,-0.000000,0.000000,3.177086,1,4
1780631024.435615,dhocbf_fixed,-2.827914,7.922427,0.484848,3.183273,1.444963,-2.592000,9.522427,0.000000,45.000000,0.019573,0.143766,-0.007351,1,3.972564,2.926184,2.894332,2.780201,2.780201,2.805345,0.029444,2.625155,2.625155,0.150620,2.625281,2.890664,2.786002,inf,nan,0.000000,2.786002,2.786002,2.786002,1.147285,0.285867,2.805857,1.153310,0.287080,-0.000000,0.000000,3.219986,1,4
1780631024.524478,dhocbf_fixed,-2.779331,8.241474,0.486805,3.197650,1.433656,-2.592000,9.841474,0.000000,45.000000,-0.490866,0.067905,-0.003820,1,3.554710,3.238138,3.204970,3.091161,3.091161,2.971118,0.029422,2.790333,2.790333,0.151362,2.790334,3.203495,3.097487,inf,nan,0.000000,3.097487,3.097487,3.097487,1.243789,0.304926,3.117409,1.249832,0.306143,-0.000000,0.000000,3.234493,1,4
1780631024.641219,dhocbf_fixed,-2.733105,8.561578,0.437719,3.204441,1.444950,-2.592000,10.161578,0.000000,45.000000,-0.723152,0.032049,-0.004143,1,6.979221,3.552889,3.517696,3.404575,3.404575,3.137126,0.029321,2.956457,2.956457,0.151347,2.956457,3.519248,3.412030,inf,nan,0.000000,3.412030,3.412030,3.412030,1.340376,0.324090,3.432018,1.346436,0.325309,-0.000000,0.000000,3.234198,1,4
1780631024.722560,dhocbf_fixed,-2.692949,8.882182,0.365404,3.207645,1.466115,-2.592000,10.482182,0.000000,45.000000,-0.777314,0.015122,-0.006502,1,3.553324,3.869412,3.832672,3.720228,3.720228,3.303311,0.029213,3.123047,3.123047,0.151050,3.123047,3.837029,3.728797,inf,nan,0.000000,3.728797,3.728797,3.728797,1.436924,0.343304,3.748848,1.442999,0.344525,-0.000000,0.000000,3.228391,1,4
1780631024.831663,dhocbf_fixed,-2.660295,9.203023,0.287672,3.209158,1.489423,-2.592000,10.803023,0.000000,45.000000,-0.727196,0.007135,-0.009588,1,3.899856,4.187569,4.149592,4.037664,4.037664,3.469669,0.029128,3.289816,3.289816,0.150725,3.289816,4.156121,4.047081,inf,nan,0.000000,4.047081,4.047081,4.047081,1.533403,0.362540,4.067192,1.539491,0.363763,-0.000000,0.000000,3.222026,1,4
1780631024.920354,dhocbf_fixed,-2.635164,9.523974,0.214953,3.209871,1.510991,-2.592000,11.123974,0.000000,45.000000,-0.624468,0.003366,-0.012647,1,3.446589,4.506789,4.467965,4.356380,4.356380,3.636177,0.029071,3.456635,3.456635,0.150471,3.456635,4.476019,4.366360,inf,nan,0.000000,4.366360,4.366360,4.366360,1.629821,0.381786,4.386525,1.635921,0.383011,-0.000000,0.000000,3.217060,1,4
1780631025.031544,dhocbf_fixed,-2.616791,9.844978,0.152506,3.210208,1.529197,-2.592000,11.444978,0.000000,45.000000,-0.503182,0.001588,-0.015313,1,3.987410,4.826682,4.787329,4.675953,4.675953,3.802800,0.029038,3.623456,3.623456,0.150306,3.623456,4.796396,4.686273,inf,nan,0.000000,4.686273,4.686273,4.686273,1.726195,0.401037,4.706488,1.732305,0.402264,-0.000000,0.000000,3.213828,1,4
1780631025.110444,dhocbf_fixed,-2.604056,10.166007,0.102188,3.210367,1.543619,-2.592000,11.766007,0.000000,45.000000,-0.384119,0.000751,-0.017452,1,3.508929,1.717919,1.765874,1.661195,1.661195,2.076516,0.029021,1.661188,1.661188,0.150212,1.897283,1.714036,1.612735,inf,nan,0.000000,1.612735,1.612735,1.612735,0.708442,0.196510,1.632036,0.714178,0.197720,-0.000000,0.000000,3.211992,4,4
1780631025.232105,dhocbf_fixed,-2.595758,10.487047,0.063776,3.210442,1.554444,-2.592000,12.087047,0.000000,45.000000,-0.278556,0.000354,-0.019053,1,3.890239,1.935485,1.976026,1.870904,1.870904,2.223955,0.029013,1.870839,1.870839,0.150165,2.044776,1.943478,1.837357,inf,nan,0.000000,1.837357,1.837357,1.837357,0.798151,0.214040,1.856603,0.804017,0.215256,-0.000000,0.000000,3.211075,4,4
1780631025.321218,dhocbf_fixed,-2.590773,10.808093,0.035920,3.210477,1.562152,-2.592000,12.408093,0.000000,45.000000,-0.191356,0.000167,-0.020171,1,3.729603,2.177866,2.213853,2.107433,2.107433,2.374168,0.029010,2.106130,2.106130,0.150145,2.195013,2.196443,2.084301,inf,nan,0.000000,2.084301,2.084301,2.084301,0.888216,0.231833,2.103639,0.894218,0.233054,-0.000000,0.000000,3.210678,4,4
1780631025.436189,dhocbf_fixed,-2.588138,11.129142,0.016785,3.210494,1.567329,-2.592000,12.729142,0.000000,45.000000,-0.123319,0.000078,-0.020885,1,4.187475,2.438353,2.471141,2.363090,2.363090,2.526688,0.029009,2.334466,2.334466,0.150138,2.347541,2.455591,2.347226,inf,nan,0.000000,2.347226,2.347226,2.347226,0.978704,0.249835,2.366765,0.984793,0.251061,-0.000000,0.000000,3.210538,4,4
1780631025.519251,dhocbf_fixed,-2.587076,11.450191,0.004453,3.210502,1.570564,-2.592000,13.050191,0.000000,45.000000,-0.072912,0.000037,-0.021282,1,3.677165,2.710925,2.742201,2.632459,2.632459,2.681123,0.029009,2.501682,2.501682,0.150136,2.501978,2.726885,2.621762,inf,nan,0.000000,2.621762,2.621762,2.621762,1.069639,0.268007,2.641528,1.075775,0.269237,-0.000000,0.000000,3.210505,4,4
1780631025.633876,dhocbf_fixed,-2.586995,11.771242,-0.002839,3.210505,1.572384,-2.592000,13.371242,0.000000,45.000000,-0.037470,0.000017,-0.021443,1,3.876898,2.993570,3.023165,2.911800,2.911800,2.837145,0.029009,2.657996,2.657996,0.150136,2.658000,3.007980,2.904873,inf,nan,0.000000,2.904873,2.904873,2.904873,1.161017,0.286319,2.924844,1.167177,0.287552,-0.000000,0.000000,3.210507,4,4
1780631025.721370,dhocbf_fixed,-2.587466,12.092292,-0.006586,3.210507,1.573231,-2.592000,13.692292,0.000000,45.000000,-0.013971,0.000008,-0.021438,1,3.831363,3.283257,3.311398,3.198528,3.198528,2.994489,0.029009,2.815343,2.815343,0.150136,2.815343,3.296296,3.194428,inf,nan,0.000000,3.194428,3.194428,3.194428,1.252819,0.304747,3.214567,1.258992,0.305981,-0.000000,0.000000,3.210514,4,4
1780631025.832903,dhocbf_fixed,-2.588195,12.413343,-0.007983,3.210508,1.573450,-2.592000,14.013343,0.000000,45.000000,0.000489,0.000003,-0.021323,1,4.665090,3.576987,3.605084,3.490844,3.490844,3.152939,0.029009,2.973793,2.973793,0.150137,2.973793,3.590050,3.488918,inf,nan,0.000000,3.488918,3.488918,3.488918,1.345018,0.323269,3.509189,1.351200,0.324506,-0.000000,0.000000,3.210518,4,4
1780631025.921479,dhocbf_fixed,-2.588991,12.734394,-0.007934,3.210508,1.573299,-2.592000,14.334394,0.000000,45.000000,0.008449,0.000001,-0.021141,1,3.755135,3.875079,3.902957,3.787474,3.787474,3.312320,0.029009,3.133174,3.133174,0.150137,3.133174,3.887987,3.787261,inf,nan,0.000000,3.787261,3.787261,3.787261,1.437583,0.341872,3.807632,1.443771,0.343110,-0.000000,0.000000,3.210518,4,4
1780631026.031363,dhocbf_fixed,-2.589742,13.055445,-0.007089,3.210508,1.572957,-2.592000,14.655445,0.000000,45.000000,0.011989,0.000001,-0.020923,1,3.639120,4.176561,4.204110,4.087503,4.087503,3.472491,0.029009,3.293346,3.293346,0.150137,3.293346,4.189208,4.088666,inf,nan,0.000000,4.088666,4.088666,4.088666,1.530482,0.360543,4.109113,1.536673,0.361782,-0.000000,0.000000,3.210516,4,4
1780631026.120214,dhocbf_fixed,-2.590391,13.376496,-0.005890,3.210508,1.572545,-2.592000,14.976496,0.000000,45.000000,0.012711,0.000005,-0.020689,1,4.386439,0.534938,0.704671,0.598983,0.598983,1.528023,0.029009,0.598983,0.598983,0.150136,1.348878,0.631515,0.534038,inf,nan,0.000000,0.534038,0.534038,0.534038,0.376983,0.134940,0.550583,0.381893,0.135944,-0.000000,0.000000,3.210514,10,4
1780631026.266647,dhocbf_fixed,-2.590916,13.697546,-0.004619,3.210509,1.572136,-2.592000,15.297546,0.000000,45.000000,5.656854,-5.656854,-0.020478,1,28.835759,0.749028,0.889439,0.785051,0.785051,0.620000,0.029009,0.440855,0.440855,0.150136,0.440855,0.396112,0.294548,inf,nan,0.000000,0.294548,0.294548,0.294548,0.041633,-0.151758,0.301484,0.044304,-0.000000,-0.000000,0.156938,3.210512,10,4
1780631026.329875,dhocbf_fixed,-2.563094,13.990313,0.561066,2.644824,1.326752,-2.592000,15.590313,0.000000,45.000000,3.441867,-2.231317,0.006424,1,9.148005,0.971018,1.091452,0.971515,0.971515,0.620000,0.025417,0.469679,0.469679,0.124904,0.469679,0.211420,0.112753,inf,nan,0.000000,0.112753,0.112753,0.112753,0.008054,-0.015736,0.121545,0.012635,0.000000,-0.000000,0.010256,2.703680,10,4
1780631026.437033,dhocbf_fixed,-2.489778,14.243639,0.905253,2.421692,1.408385,-2.592000,15.843639,0.000000,45.000000,1.176048,0.972248,0.004221,1,10.530054,0.894882,0.879044,0.770666,0.770666,0.620000,0.024729,0.476073,0.476073,0.119198,0.476073,0.202192,0.103548,inf,nan,0.000000,0.103548,0.103548,0.103548,0.006056,-0.012574,0.112434,0.008818,0.000000,-0.000000,0.007326,2.585358,10,4
1780631026.519622,dhocbf_fixed,-2.393372,14.490669,1.022858,2.518917,1.544686,-2.592000,16.090669,0.000000,45.000000,-1.628491,2.173168,-0.011198,1,5.262417,0.711849,0.692667,0.584802,0.584802,0.640851,0.025766,0.488456,0.488456,0.125631,0.489454,0.250641,0.146348,inf,nan,0.000000,0.146348,0.146348,0.146348,-0.000787,-0.007035,0.155005,0.010092,0.000000,-0.000000,0.003862,2.718672,10,4
1780631026.640913,dhocbf_fixed,-2.299229,14.753427,0.860009,2.736233,1.592398,-2.592000,16.353427,0.000000,45.000000,-3.859994,0.655090,-0.020131,1,10.406221,0.544915,0.542747,0.438720,0.438720,0.766215,0.027069,0.438638,0.438638,0.132954,0.606192,0.265393,0.164288,inf,nan,0.000000,0.164288,0.164288,0.164288,-0.009775,0.006181,0.173526,0.000000,0.005626,-0.000000,0.002667,2.868203,10,4
1780631026.717134,dhocbf_fixed,-2.232528,15.030325,0.474009,2.801742,1.643445,-2.592000,16.630325,0.000000,45.000000,-5.595705,1.863710,-0.027806,1,4.407775,0.412869,0.450285,0.343988,0.343988,0.905446,0.027169,0.343988,0.343988,0.131641,0.746637,0.281931,0.175994,inf,nan,0.000000,0.175994,0.175994,0.175994,-0.003532,0.045736,0.184921,0.000546,0.045590,-0.000000,0.000001,2.841557,10,4
1780631026.823889,dhocbf_fixed,-2.213106,15.319818,-0.085561,2.988113,1.610887,-2.592000,16.919818,0.000000,45.000000,-3.416418,1.127571,-0.026011,1,7.868676,0.346015,0.450609,0.344119,0.344119,1.049729,0.028297,0.344119,0.344119,0.138967,0.882465,0.303019,0.197117,inf,nan,0.000000,0.197117,0.197117,0.197117,0.048898,0.086596,0.204362,0.052660,0.086710,-0.000000,0.000000,2.989338,10,4
1780631026.918757,dhocbf_fixed,-2.238744,15.624267,-0.427203,3.100870,1.668020,-2.592000,17.224267,0.000000,45.000000,-1.507419,0.571604,-0.031617,1,5.151403,0.313756,0.424728,0.318425,0.318425,1.208987,0.029209,0.318425,0.318425,0.146050,1.033728,0.287263,0.179620,inf,nan,0.000000,0.179620,0.179620,0.179620,0.154070,0.103385,0.188526,0.159501,0.103582,-0.000000,0.000000,3.130160,10,4
1780631027.034751,dhocbf_fixed,-2.289001,15.937213,-0.577945,3.158031,1.722548,-2.592000,17.537213,0.000000,45.000000,-0.246878,0.276000,-0.038754,1,6.008488,0.415796,0.471181,0.362012,0.362012,1.371264,0.029605,0.362012,0.362012,0.150135,1.191524,0.376541,0.279804,inf,nan,0.000000,0.279804,0.279804,0.279804,0.282503,0.121315,0.291468,0.284825,0.121584,-0.000000,0.000000,3.210480,10,4
1780631027.112094,dhocbf_fixed,-2.348030,16.254396,-0.602632,3.185631,1.741380,-2.592000,17.854396,0.000000,45.000000,-2.300288,-0.967853,-0.042363,1,4.396696,0.610451,0.624547,0.520499,0.520499,1.024486,0.029641,0.520498,0.520498,0.151753,0.843092,0.588193,0.476175,inf,nan,0.000000,0.476175,0.476175,0.476175,0.236334,-0.005795,0.486344,0.242971,0.000000,-0.000000,0.001203,3.242130,10,4
1780631027.226149,dhocbf_fixed,-2.419795,16.568119,-0.832661,3.088845,1.744798,-2.592000,18.168119,0.000000,45.000000,1.448292,-0.878179,-0.043343,1,10.050039,0.843509,0.836005,0.730093,0.730093,0.620000,0.029114,0.441330,0.441330,0.149555,0.441332,0.438120,0.341282,inf,nan,0.000000,0.341282,0.341282,0.341282,0.056450,-0.011754,0.357760,0.061192,0.000000,-0.000000,0.011186,3.199108,10,4
1780631027.327768,dhocbf_fixed,-2.495819,16.872613,-0.687832,3.001028,1.693706,-2.592000,18.472613,0.000000,45.000000,0.307873,-5.576746,-0.037770,1,8.769634,0.918964,1.012875,0.897434,0.897434,0.620000,0.028075,0.448467,0.448467,0.143458,0.448467,0.356344,0.257148,inf,nan,0.000000,0.257148,0.257148,0.257148,0.042548,-0.016240,0.271808,0.047365,0.000000,-0.000000,0.016001,3.078844,10,4
1780631027.437737,dhocbf_fixed,-2.563063,17.144832,-0.657045,2.443353,1.669893,-2.592000,18.744832,0.000000,45.000000,-5.717579,-2.920486,-0.033542,1,8.412597,0.894454,0.982765,0.865955,0.865955,0.620000,0.024327,0.479113,0.479113,0.116560,0.479113,0.342771,0.234807,inf,nan,0.000000,0.234807,0.234807,0.234807,0.044167,-0.017713,0.248129,0.048351,-0.000000,-0.000000,0.013549,2.530155,10,4
1780631027.524941,dhocbf_fixed,-2.657355,17.374565,-1.228803,2.151304,1.741942,-2.592000,18.974565,0.000000,45.000000,1.391051,2.977639,-0.040115,1,6.100983,0.827865,0.816186,0.710585,0.710585,0.666532,0.024033,0.528392,0.528392,0.114058,0.528441,0.322255,0.215726,inf,nan,0.000000,0.215726,0.215726,0.215726,0.031459,-0.005341,0.228808,0.035610,0.000000,-0.000000,0.003931,2.477512,10,4
1780631027.631787,dhocbf_fixed,-2.773281,17.604584,-1.089698,2.449068,1.670984,-2.592000,19.204584,0.000000,45.000000,4.120973,3.586814,-0.033775,1,4.997411,0.689426,0.692233,0.588166,0.588166,0.769319,0.025476,0.580072,0.580072,0.123783,0.620060,0.368618,0.264203,inf,nan,0.000000,0.264203,0.264203,0.264203,0.029164,0.000624,0.278063,0.033325,0.000000,-0.000000,0.000821,2.680555,10,4
1780631027.720095,dhocbf_fixed,-2.861645,17.867425,-0.677600,2.807750,1.684983,-2.592000,19.467425,0.000000,45.000000,5.719855,2.057963,-0.033474,1,4.101427,0.559315,0.605836,0.498326,0.498326,0.884857,0.027124,0.498316,0.498316,0.133949,0.723784,0.345233,0.249281,inf,nan,0.000000,0.249281,0.249281,0.249281,0.015915,0.018449,0.264778,0.019078,0.021493,-0.000000,0.000000,2.888356,10,4
1780631027.833081,dhocbf_fixed,-2.900806,18.158489,-0.105615,3.013546,1.630854,-2.592000,19.758489,0.000000,45.000000,3.650099,1.029304,-0.027290,1,4.333410,0.446397,0.539128,0.429764,0.429764,1.019807,0.028171,0.429764,0.429764,0.140270,0.851365,0.345867,0.249833,inf,nan,0.000000,0.249833,0.249833,0.249833,0.031732,0.078604,0.265308,0.037285,0.079201,-0.000000,0.000000,3.015396,10,4
1780631027.920439,dhocbf_fixed,-2.893117,18.464990,0.259395,3.116476,1.535823,-2.592000,20.064990,0.000000,45.000000,1.805497,0.494930,-0.015221,1,4.440485,0.385867,0.520955,0.401603,0.401603,1.168832,0.028965,0.401603,0.401603,0.145903,0.993964,0.345867,0.249833,inf,nan,0.000000,0.249833,0.249833,0.249833,0.114665,0.095340,0.265308,0.118303,0.095662,-0.000000,0.000000,3.127253,10,4
1780631028.027837,dhocbf_fixed,-2.858150,18.779113,0.439945,3.165969,1.465077,-2.592000,20.379113,0.000000,45.000000,0.553684,0.234987,-0.004402,1,3.491473,0.425940,0.514295,0.404272,0.404272,1.324798,0.029361,0.404272,0.404272,0.149416,1.146021,0.391185,0.289548,inf,nan,0.000000,0.289548,0.289548,0.289548,0.230261,0.113092,0.304018,0.235428,0.113477,-0.000000,0.000000,3.196391,10,4
1780631028.107726,dhocbf_fixed,-2.811387,19.096885,0.495313,3.189468,1.434219,-2.592000,20.696885,0.000000,45.000000,-0.202870,0.111087,0.001692,1,3.302312,0.493304,0.572454,0.458527,0.458527,1.273969,0.029455,0.458527,0.458527,0.151015,1.093500,0.454342,0.356787,inf,nan,0.000000,0.356787,0.356787,0.356787,0.276291,0.025078,0.366149,0.281900,0.033795,-0.000000,0.000001,3.227699,10,4
1780631028.244786,dhocbf_fixed,-2.762870,19.416387,0.475026,3.200577,1.434204,-2.592000,21.016387,0.000000,45.000000,-0.419583,-1.263484,0.003179,1,17.393400,0.662736,0.683670,0.579104,0.579104,0.812360,0.029393,0.574874,0.574874,0.151421,0.631547,0.630198,0.526042,inf,nan,0.000000,0.526042,0.526042,0.526042,0.159430,-0.015081,0.538203,0.162672,0.000000,-0.000000,0.007598,3.235636,10,4
1780631028.319863,dhocbf_fixed,-2.717466,19.730127,0.433068,3.074228,1.454417,-2.592000,21.330127,0.000000,45.000000,-0.129704,-2.931446,0.001330,1,6.567566,0.270955,0.261351,0.157773,0.157773,0.675074,0.028308,0.157773,0.157773,0.144756,0.502009,0.236018,0.137039,inf,nan,0.000000,0.137039,0.137039,0.137039,0.136023,-0.010783,0.150522,0.139783,0.000000,-0.000000,0.005742,3.104582,10,4
1780631028.433929,dhocbf_fixed,-2.674807,20.022893,0.420098,2.781084,1.470804,-2.592000,21.622893,0.000000,45.000000,0.339497,-4.325864,-0.000925,1,6.448646,0.459790,0.425540,0.312897,0.312897,0.620000,0.026178,0.312751,0.312751,0.130219,0.463603,0.422658,0.318898,inf,nan,0.000000,0.318898,0.318898,0.318898,0.099936,-0.014939,0.311677,0.105194,0.000000,-0.000000,0.010242,2.812634,10,4
1780631028.524434,dhocbf_fixed,-2.631100,20.279372,0.454047,2.348497,1.468202,-2.592000,21.879372,0.000000,45.000000,1.899786,-7.169630,-0.001200,1,6.981391,0.702378,0.674919,0.558390,0.558390,0.620000,0.023516,0.484244,0.484244,0.110024,0.486461,0.541719,0.443950,inf,nan,0.000000,0.443950,0.443950,0.443950,0.072504,-0.018745,0.459323,0.077409,0.000000,-0.000000,0.014058,2.391986,10,4
1780631028.637253,dhocbf_fixed,-2.576196,20.478373,0.644026,1.631534,1.351229,-2.592000,22.078373,0.000000,45.000000,3.587312,-4.677994,0.011476,1,9.463531,0.891721,0.866565,0.751123,0.751123,0.620000,0.020334,0.518575,0.518575,0.081083,0.518583,0.462324,0.360990,inf,nan,0.000000,0.360990,0.360990,0.360990,0.059389,-0.021594,0.375850,0.064426,0.000000,-0.000000,0.016828,1.754045,10,4
1780631028.724603,dhocbf_fixed,-2.493857,20.618137,1.002757,1.163735,1.324078,-2.592000,22.218137,0.000000,45.000000,2.771919,2.672203,0.017527,1,6.141119,1.014548,0.997347,0.879241,0.879241,0.620000,0.019534,0.528800,0.528800,0.071665,0.528800,0.394152,0.294352,inf,nan,0.000000,0.294352,0.294352,0.294352,0.046604,-0.011111,0.308959,0.050307,-0.000000,-0.000000,0.013742,1.536164,10,4
1780631028.835321,dhocbf_fixed,-2.379722,20.747871,1.279949,1.430955,1.565099,-2.592000,22.347871,0.000000,45.000000,-1.511789,6.115966,-0.007315,1,7.204362,1.007374,0.984508,0.873484,0.873484,0.620000,0.021356,0.510234,0.510234,0.088410,0.510234,0.332600,0.235130,inf,nan,0.000000,0.235130,0.235130,0.235130,0.042755,-0.008969,0.249390,0.046005,0.000000,-0.000000,0.008114,1.919870,10,4
1780631028.921176,dhocbf_fixed,-2.259286,20.921547,1.128770,2.042552,1.571903,-2.572299,22.520423,0.000000,45.000000,-2.899496,4.675575,-0.014220,1,5.852228,0.915376,0.901492,0.795196,0.795196,0.636537,0.023789,0.505452,0.505452,0.107295,0.505454,0.347948,0.251915,inf,nan,0.000000,0.251915,0.251915,0.251915,0.049675,-0.006219,0.266658,0.053892,0.000000,-0.000000,0.005149,2.333697,10,4
1780631029.029594,dhocbf_fixed,-2.160906,21.149180,0.838820,2.510109,1.561926,-2.546420,22.746581,0.000000,45.000000,-4.567200,3.509170,-0.014769,1,4.763278,0.799786,0.806642,0.702485,0.702485,0.728264,0.025957,0.579775,0.579775,0.122140,0.580167,0.428306,0.329673,inf,nan,0.000000,0.329673,0.329673,0.329673,0.058757,-0.000542,0.344589,0.063810,0.000000,-0.000000,0.001404,2.646558,10,4
1780631029.112626,dhocbf_fixed,-2.099860,21.417737,0.382100,2.861026,1.551003,-2.515889,23.013396,0.000000,45.000000,-5.745657,1.776944,-0.013596,1,3.694136,1.704453,1.772671,1.660868,1.660868,2.218045,0.027673,1.660868,1.660868,0.133854,2.056519,1.773058,1.670540,inf,nan,0.000000,1.670540,1.670540,1.670540,0.793906,0.220609,1.675071,0.794818,0.220319,-0.000000,0.000000,2.886429,10,4
1780631029.232247,dhocbf_fixed,-2.090379,21.712724,-0.192465,3.038721,1.593480,-2.482353,23.306471,0.000000,45.000000,-3.069687,0.840682,-0.017842,1,5.794060,1.995223,2.066730,1.954423,1.954423,2.369525,0.028634,1.954417,1.954417,0.141746,2.199145,2.066637,1.963284,inf,nan,0.000000,1.963284,1.963284,1.963284,0.889702,0.236907,1.967368,0.890068,0.236712,-0.000000,0.000000,3.044810,10,4
1780631029.319453,dhocbf_fixed,-2.124974,22.020799,-0.499434,3.122789,1.678229,-2.447329,23.612549,0.000000,45.000000,-0.885446,0.379208,-0.028018,1,4.754525,2.292974,2.370542,2.257043,2.257043,2.528483,0.029146,2.256019,2.256019,0.147690,2.351648,2.368856,2.264001,inf,nan,0.000000,2.264001,2.264001,2.264001,0.986031,0.254559,2.267225,0.986011,0.254435,-0.000000,0.000000,3.162475,10,4
1780631029.426556,dhocbf_fixed,-2.179344,22.334974,-0.587978,3.160710,1.724709,-2.406268,23.971382,0.000000,45.000000,0.522102,0.573897,-0.035444,1,7.213291,2.597371,2.678467,2.564557,2.564557,2.715292,0.030144,2.526153,2.526153,0.150362,2.534786,2.677423,2.570832,inf,nan,0.000000,2.570832,2.570832,2.570832,1.084932,0.277084,2.573068,1.084698,0.277015,-0.000000,0.000000,3.214935,10,4
1780631029.517793,dhocbf_fixed,-2.235532,22.653915,-0.535768,3.218099,1.718906,-2.370970,24.279854,0.000000,45.000000,1.211207,0.240564,-0.036441,1,4.427109,2.909472,2.990324,2.877114,2.877114,2.875606,0.030075,2.692694,2.692694,0.152792,2.692739,2.992726,2.884514,inf,nan,0.000000,2.884514,2.884514,2.884514,1.185226,0.294862,2.885845,1.184919,0.294829,-0.000000,0.000000,3.262394,10,4
1780631029.628626,dhocbf_fixed,-2.283052,22.976928,-0.414648,3.242156,1.684457,-2.335101,24.593324,0.000000,45.000000,1.468218,0.023682,-0.032706,1,5.273346,3.227459,3.307645,3.195410,3.195410,3.038324,0.029821,2.855395,2.855395,0.153108,2.855395,3.313895,3.204386,inf,nan,0.000000,3.204386,3.204386,3.204386,1.283985,0.313293,3.205010,1.283690,0.313283,-0.000000,0.000000,3.268563,10,4
1780631029.719151,dhocbf_fixed,-2.317176,23.301262,-0.267826,3.244524,1.638492,-2.298908,24.909612,0.000000,45.000000,1.462146,-0.074831,-0.026557,1,4.643544,3.548997,3.628379,3.516882,3.516882,3.202604,0.029535,3.020628,3.020628,0.152441,3.020628,3.637470,3.527055,inf,nan,0.000000,3.527055,3.527055,3.527055,1.381401,0.332106,3.527197,1.381165,0.332114,-0.000000,0.000000,3.255559,10,4
1780631029.829779,dhocbf_fixed,-2.336648,23.625340,-0.121611,3.237041,1.593374,-2.262556,25.227303,0.000000,45.000000,1.309882,-0.105930,-0.019936,1,4.975337,3.871687,3.950702,3.839573,3.839573,3.367852,0.029308,3.186934,3.186934,0.151609,3.186934,3.961296,3.850339,inf,nan,0.000000,3.850339,3.850339,3.850339,1.477972,0.351124,3.850202,1.477814,0.351145,-0.000000,0.000000,3.239325,10,4
1780631029.917668,dhocbf_fixed,-2.342260,23.948514,0.009377,3.226448,1.554384,-2.226126,25.545666,0.000000,45.000000,1.091431,-0.104100,-0.013907,1,4.381071,4.194319,4.273331,4.162297,4.162297,3.533671,0.029161,3.353559,3.353559,0.150951,3.353559,4.284416,4.173210,inf,nan,0.000000,4.173210,4.173210,4.173210,1.574089,0.370248,4.172955,1.574012,0.370278,-0.000000,0.000000,3.226462,10,4
1780631030.026587,dhocbf_fixed,-2.335865,24.270639,0.118520,3.216038,1.522899,-2.189659,25.864350,0.000000,45.000000,0.858348,-0.088402,-0.008883,1,5.716528,4.516442,4.595593,4.484512,4.484512,3.699814,0.029077,3.520207,3.520207,0.150530,3.520207,4.606579,4.495336,inf,nan,0.000000,4.495336,4.495336,4.495336,1.670003,0.389426,4.495080,1.670001,0.389464,-0.000000,0.000000,3.218221,10,4
1780631030.127471,dhocbf_fixed,-2.319721,24.591800,0.204355,3.207198,1.498690,-2.153176,26.183184,0.000000,45.000000,-4.082289,-2.305848,-0.004959,1,10.491655,0.287443,0.391792,0.282532,0.282532,0.620000,0.029035,0.282420,0.282420,0.150299,0.440666,0.252869,0.153373,inf,nan,0.000000,0.153373,0.153373,0.153373,0.037863,-0.040689,0.160618,0.042203,-0.000000,-0.000000,0.020232,3.213702,10,4
1780631030.214663,dhocbf_fixed,-2.319697,24.900991,-0.203874,2.976613,1.573361,-2.118253,26.488381,0.000000,45.000000,6.376865,-4.830693,-0.012077,1,5.907075,0.307946,0.279005,0.168812,0.168812,0.833119,0.027325,0.168812,0.168812,0.138680,0.667114,0.280331,0.164326,inf,nan,0.000000,0.164326,0.164326,0.164326,0.157129,-0.028256,0.160127,0.170839,0.000000,-0.000000,0.015411,2.983587,10,4
1780631030.334341,dhocbf_fixed,-2.308200,25.174499,0.433812,2.493544,1.297118,-2.087211,26.759652,0.000000,45.000000,-1.105252,-7.923283,0.016299,1,13.856322,0.526334,0.493495,0.380586,0.380586,0.620000,0.024337,0.379690,0.379690,0.116600,0.479063,0.138854,0.041963,inf,nan,0.000000,0.041963,0.041963,0.041963,-0.006256,-0.055548,0.053992,0.000000,-0.000000,-0.000000,0.065325,2.530999,10,4
1780631030.445601,dhocbf_fixed,-2.270345,25.384237,0.323287,1.701215,1.331199,-2.063032,26.970955,0.000000,45.000000,-2.352797,-3.429104,0.019578,1,14.934675,0.568948,0.621586,0.495441,0.495441,0.620000,0.020243,0.485251,0.485251,0.080105,0.519653,-0.104780,-0.216324,inf,nan,0.000000,-0.216324,-0.216324,-0.216324,-0.162810,-0.077719,-0.000000,-0.000000,0.000000,-0.000000,0.214784,1.731661,10,4
1780631030.533687,dhocbf_fixed,-2.249780,25.537213,0.088008,1.358305,1.456751,-2.045488,27.124277,0.000000,45.000000,-3.631057,-2.393401,0.006602,1,13.386146,0.489313,0.468039,0.357411,0.357411,0.657057,0.018867,0.357397,0.357397,0.064272,0.573919,-0.145186,-0.242205,inf,nan,0.000000,-0.242205,-0.242205,-0.242205,-0.171874,-0.093937,-0.000000,-0.000000,0.000000,-0.000000,0.240000,1.361153,10,4
1780631030.643060,dhocbf_fixed,-2.259135,25.661076,-0.275098,1.118965,1.536053,-2.031619,27.245483,0.000000,45.000000,2.769210,-4.448052,-0.005319,1,16.428373,0.388629,0.355488,0.242897,0.242897,0.620000,0.018247,0.242896,0.242896,0.055649,0.546104,-0.144789,-0.241960,inf,nan,0.000000,-0.241960,-0.241960,-0.241960,-0.172417,-0.094201,-0.000000,-0.000000,0.000025,-0.000000,0.240000,1.152285,10,4
1780631030.731862,dhocbf_fixed,-2.272799,25.750733,0.001823,0.674160,1.352658,-2.021669,27.332437,0.000000,45.000000,7.431214,-2.962611,0.011704,1,13.742389,0.305574,0.265832,0.156690,0.156690,0.620000,0.017217,0.156690,0.156690,0.036732,0.566051,-0.143803,-0.241385,inf,nan,0.000000,-0.241385,-0.241385,-0.241385,-0.173241,-0.094419,-0.000000,-0.000000,0.001555,-0.000000,0.240000,0.674162,10,4
1780631030.870735,dhocbf_fixed,-2.235460,25.803335,0.744944,0.377899,1.309163,-2.015245,27.388578,0.000000,45.000000,-0.725429,-0.519978,0.025278,0,35.266114,0.346972,0.320517,0.205226,0.205226,0.620000,0.017487,0.205225,0.205225,0.042980,0.559533,-0.123460,-0.234604,inf,nan,0.000000,-0.234604,-0.234604,-0.234604,-0.188839,-0.107950,-0.002272,0.014432,0.059507,-0.002272,0.239998,0.835314,10,4
1780631030.940582,dhocbf_fixed,-2.164593,25.838525,0.672401,0.325901,1.381267,-2.010354,27.431317,0.000000,45.000000,-1.823096,-1.017237,-0.099574,0,33.911625,0.315661,0.291043,0.180025,0.180025,0.620000,0.017315,0.180025,0.180025,0.039548,0.563137,-0.141361,-0.241047,inf,nan,0.000000,-0.241047,-0.241047,-0.241047,-0.179492,-0.102859,-0.022975,-0.001730,0.013816,-0.022975,0.239995,0.747218,10,4
1780631031.062293,dhocbf_fixed,-2.106468,25.866029,0.490092,0.224177,1.453629,-2.006496,27.465031,0.000000,45.000000,-2.894802,-1.448903,-0.213628,0,32.276170,0.297657,0.277565,0.171516,0.171516,0.636680,0.017033,0.171516,0.171516,0.031589,0.588058,-0.106624,-0.220370,inf,nan,0.000000,-0.220370,-0.220370,-0.220370,-0.172413,-0.103951,-0.040563,-0.016117,0.014746,-0.040563,0.240000,0.538930,10,4
1780631031.112018,dhocbf_fixed,-2.071933,25.881202,0.200611,0.079287,1.528803,-2.004336,27.483908,0.000000,45.000000,-0.505401,7.984020,-0.057786,1,5.078816,1.274166,1.235851,1.124695,1.124695,1.950800,0.016782,1.124695,1.124695,0.019666,1.914352,1.237983,1.135514,inf,nan,0.000000,1.135514,1.135514,1.135514,0.390608,0.171488,1.154087,0.396281,0.172727,-0.000000,0.000000,0.215711,1,4
1780631031.205046,dhocbf_fixed,-2.054399,25.929051,0.150071,0.877689,1.459683,-1.998705,27.533119,0.000000,45.000000,-0.208079,7.997293,-0.010900,1,3.481891,1.324107,1.284378,1.173780,1.173780,1.976548,0.017696,1.173780,1.173780,0.045147,1.913705,1.287659,1.185390,inf,nan,0.000000,1.185390,1.185390,1.185390,0.483830,0.206636,1.204064,0.489609,0.207884,-0.000000,0.000000,0.890426,1,4
1780631031.320328,dhocbf_fixed,-2.040432,26.056807,0.129263,1.677418,1.439171,-1.984095,27.660801,0.000000,45.000000,-0.087660,7.443145,0.003098,1,3.482843,1.452501,1.412512,1.301945,1.301945,2.043391,0.020140,1.301945,1.301945,0.077960,1.945291,1.416148,1.313590,inf,nan,0.000000,1.313590,1.313590,1.313590,0.598396,0.208883,1.332440,0.604270,0.210082,-0.000000,0.000000,1.682391,1,4
1780631031.430971,dhocbf_fixed,-2.027944,26.261764,0.120497,2.421733,1.440719,-1.960783,27.864520,0.000000,45.000000,0.056723,4.086426,0.006409,1,3.878371,1.657107,1.617008,1.506371,1.506371,2.149910,0.023782,1.506371,1.506371,0.111564,2.014564,1.621070,1.517908,inf,nan,0.000000,1.517908,1.517908,1.517908,0.716940,0.215985,1.536978,0.722882,0.217187,-0.000000,0.000000,2.424729,1,4
1780631031.518508,dhocbf_fixed,-2.015611,26.524370,0.126170,2.830375,1.477502,-1.930963,28.125124,0.000000,45.000000,0.198176,2.001859,0.003218,1,3.438726,1.919006,1.878991,1.768192,1.768192,2.286100,0.026335,1.768191,1.768191,0.131229,2.128536,1.883343,1.779476,inf,nan,0.000000,1.779476,1.779476,1.779476,0.826030,0.229094,1.798767,0.832013,0.230300,-0.000000,0.000000,2.833186,1,4
1780631031.640301,dhocbf_fixed,-2.002003,26.817416,0.145987,3.030561,1.500921,-1.897688,28.415921,0.000000,45.000000,0.296039,0.936213,-0.000151,1,3.741224,2.211511,2.171545,2.060606,2.060606,2.438207,0.027726,2.060587,2.060587,0.141207,2.269274,2.176169,2.071663,inf,nan,0.000000,2.071663,2.071663,2.071663,0.928795,0.245383,2.091149,0.934806,0.246593,-0.000000,0.000000,3.034075,1,4
1780631031.719176,dhocbf_fixed,-1.985924,27.125154,0.175591,3.124183,1.505819,-1.862721,28.721497,0.000000,45.000000,0.340231,0.421130,-0.001525,1,3.513410,2.519082,2.478962,2.367981,2.367981,2.598068,0.028412,2.364176,2.364176,0.145997,2.423658,2.483975,2.378959,inf,nan,0.000000,2.378959,2.378959,2.378959,1.028240,0.263227,2.398610,1.034273,0.264441,-0.000000,0.000000,3.129113,1,4
1780631031.821071,dhocbf_fixed,-1.966664,27.439677,0.209614,3.166295,1.500622,-1.826947,29.034131,0.000000,45.000000,0.339623,0.178571,-0.001293,1,3.487385,2.833857,2.793518,2.682540,2.682540,2.761618,0.028735,2.583733,2.583733,0.148236,2.584647,2.798907,2.693512,inf,nan,0.000000,2.693512,2.693512,2.693512,1.126046,0.281817,2.713300,1.132099,0.283034,-0.000000,0.000000,3.173226,1,4
1780631031.909799,dhocbf_fixed,-1.944004,27.757200,0.243577,3.184153,1.491837,-1.790790,29.350109,0.000000,45.000000,0.309041,0.067281,-0.000270,1,3.334813,3.152024,3.111512,3.000538,3.000538,2.926924,0.028883,2.748771,2.748771,0.149266,2.748775,3.117167,3.011505,inf,nan,0.000000,3.011505,3.011505,3.011505,1.223059,0.300760,3.031408,1.229128,0.301980,-0.000000,0.000000,3.193455,1,4
1780631032.040668,dhocbf_fixed,-1.918101,28.075951,0.274481,3.190881,1.482821,-1.754452,29.667666,0.000000,45.000000,0.262499,0.018399,0.000969,1,6.370722,1.277159,3.431150,3.320169,3.320169,3.093069,0.028951,2.914383,2.914383,0.149736,2.914383,3.436955,3.331112,inf,nan,0.000000,3.331112,3.331112,3.331112,1.319691,0.319870,3.351113,1.325775,0.321093,-0.000000,0.000000,3.202664,1,4
1780631032.118092,dhocbf_fixed,-1.889341,28.395132,0.300730,3.192720,1.474976,-1.718030,29.985970,0.000000,45.000000,0.210725,-0.001257,0.002127,1,3.715120,1.320947,1.370913,1.263084,1.263084,1.740168,0.028981,1.263083,1.263083,0.149950,1.561237,1.287778,1.182022,inf,nan,0.000000,1.182022,1.182022,1.182022,0.529711,0.159659,1.191881,0.528118,0.160220,-0.000000,0.000000,3.206852,10,4
1780631032.218382,dhocbf_fixed,-1.858214,28.714397,0.321803,3.192595,1.468721,-1.681566,30.304625,0.000000,45.000000,0.160817,-0.007619,0.003084,1,6.713445,1.496425,1.519540,1.414546,1.414546,1.876510,0.028996,1.414545,1.414545,0.150048,1.697467,1.457002,1.357126,inf,nan,0.000000,1.357126,1.357126,1.357126,0.619203,0.176694,1.362435,0.614222,0.176970,-0.000000,0.000000,3.208772,10,4
1780631032.317431,dhocbf_fixed,-1.825230,29.033619,0.337885,3.191833,1.464032,-1.645084,30.623446,0.000000,45.000000,0.116827,-0.008281,0.003814,1,3.681468,1.708634,1.713916,1.609201,1.609201,2.018865,0.029002,1.609192,1.609192,0.150093,1.839770,1.668962,1.569192,inf,nan,0.000000,1.569192,1.569192,1.569192,0.708226,0.193734,1.567926,0.701497,0.194148,-0.000000,0.000000,3.209667,10,4
1780631032.427962,dhocbf_fixed,-1.790857,29.352761,0.349567,3.191005,1.460701,-1.608593,30.942345,0.000000,45.000000,0.080525,-0.006815,0.004335,1,4.322717,1.947986,1.940945,1.835229,1.835229,2.165716,0.029006,1.835086,1.835086,0.150115,1.986595,1.909974,1.806661,inf,nan,0.000000,1.806661,1.806661,1.806661,0.788384,0.211144,1.799045,0.789643,0.211659,-0.000000,0.000000,3.210095,10,4
1780631032.519852,dhocbf_fixed,-1.755498,29.671827,0.357620,3.190323,1.458466,-1.572098,31.261282,0.000000,45.000000,0.052164,-0.004837,0.004681,1,3.942427,2.193498,2.184689,2.078571,2.078571,2.315983,0.029007,2.075078,2.075078,0.150126,2.136850,2.156342,2.053047,inf,nan,0.000000,2.053047,2.053047,2.053047,0.875419,0.228840,2.048974,0.878593,0.229432,-0.000000,0.000000,3.210304,10,4
1780631032.623186,dhocbf_fixed,-1.719475,29.990835,0.362836,3.189840,1.457066,-1.535600,31.580236,0.000000,45.000000,0.031099,-0.003025,0.004889,1,4.615733,2.452111,2.438035,2.330498,2.330498,2.468894,0.029008,2.283603,2.283603,0.150131,2.289755,2.419623,2.312552,inf,nan,0.000000,2.312552,2.312552,2.312552,0.965004,0.246763,2.312875,0.968276,0.247415,-0.000000,0.000000,3.210409,10,4
1780631032.719939,dhocbf_fixed,-1.683036,30.309804,0.365946,3.189537,1.456271,-1.499102,31.899198,0.000000,45.000000,0.016235,-0.001606,0.004997,1,4.142584,2.723742,2.705316,2.596202,2.596202,2.623882,0.029009,2.444598,2.444598,0.150134,2.444740,2.695003,2.583790,inf,nan,0.000000,2.583790,2.583790,2.583790,1.055215,0.264868,2.587288,1.058619,0.265567,-0.000000,0.000000,3.210462,10,4
1780631032.834072,dhocbf_fixed,-1.646360,30.628750,0.367570,3.189376,1.455893,-1.462603,32.218164,0.000000,45.000000,0.006331,-0.000606,0.005033,1,5.651648,3.004420,2.982860,2.872186,2.872186,2.780528,0.029009,2.601382,2.601382,0.150135,2.601384,2.974606,2.863868,inf,nan,0.000000,2.863868,2.863868,2.863868,1.146005,0.283120,2.869720,1.149555,0.283857,-0.000000,0.000000,3.210487,10,4
1780631032.916811,dhocbf_fixed,-1.609571,30.947684,0.368203,3.189316,1.455784,-1.426105,32.537131,0.000000,45.000000,0.000195,0.000033,0.005022,1,4.438877,3.290779,3.268097,3.155943,3.155943,2.938515,0.029009,2.759370,2.759370,0.150136,2.759370,3.258636,3.150713,inf,nan,0.000000,3.150713,3.150713,3.150713,1.237332,0.301493,3.158359,1.241021,0.302262,-0.000000,0.000000,3.210500,10,4
1780631033.030349,dhocbf_fixed,-1.572750,31.266616,0.368222,3.189319,1.455835,-1.389605,32.856100,0.000000,45.000000,-0.003224,0.000395,0.004981,1,4.248957,3.582862,3.559212,3.445683,3.445683,3.097601,0.029009,2.918456,2.918456,0.150136,2.918456,3.548741,3.442831,inf,nan,0.000000,3.442831,3.442831,3.442831,1.329141,0.319968,3.451872,1.332959,0.320763,-0.000000,0.000000,3.210505,10,4
1780631033.127990,dhocbf_fixed,-1.535944,31.585550,0.367900,3.189359,1.455969,-1.353106,33.175069,0.000000,45.000000,2.107811,-7.717327,0.004897,1,15.350068,0.374157,0.446128,0.330447,0.330447,0.629499,0.029009,0.330020,0.330020,0.150136,0.450354,-0.060792,-0.173957,inf,nan,0.000000,-0.173957,-0.173957,-0.173957,-0.108414,-0.042811,-0.000000,-0.000000,0.040223,-0.000000,0.172302,3.210508,10,4
1780631033.229298,dhocbf_fixed,-1.488615,31.865899,0.578681,2.417626,1.248454,-1.320829,33.457141,0.000000,45.000000,-5.656854,-5.656854,0.027440,1,10.051885,0.352668,0.346717,0.231776,0.231776,0.760856,0.024057,0.231776,0.231776,0.114457,0.622342,0.075331,-0.019681,inf,nan,0.000000,-0.019681,-0.019681,-0.019681,-0.079718,0.012389,0.000000,-0.000000,0.017992,-0.000000,0.088729,2.485918,10,4
1780631033.320484,dhocbf_fixed,-1.459031,32.079377,0.012996,1.851941,1.617420,-1.296335,33.671201,0.000000,45.000000,-7.996103,0.249685,-0.007274,1,5.702798,0.274611,0.295957,0.185247,0.185247,0.905167,0.020758,0.185247,0.185247,0.085394,0.799015,0.143230,0.047794,inf,nan,0.000000,0.047794,0.047794,0.047794,-0.024049,0.026531,0.060378,-0.000000,0.033141,-0.000000,0.016483,1.851986,10,4
1780631033.425356,dhocbf_fixed,-1.497712,32.265820,-0.786615,1.876909,1.537286,-1.275776,33.850865,0.000000,45.000000,4.866397,5.805408,-0.007182,1,6.537864,0.302450,0.298849,0.195530,0.195530,1.167076,0.021620,0.195530,0.195530,0.093582,1.051874,0.275724,0.168456,inf,nan,0.000000,0.168456,0.168456,0.168456,0.128480,0.018082,0.175907,0.126688,0.039357,-0.000000,0.000000,2.035080,10,4
1780631033.520201,dhocbf_fixed,-1.552042,32.482538,-0.299975,2.457450,1.709363,-1.252000,34.058646,0.000000,45.000000,4.370548,3.567191,-0.025849,1,4.138161,0.396060,0.367145,0.254207,0.254207,1.272521,0.024087,0.254207,0.254207,0.113972,1.134463,0.367380,0.240295,inf,nan,0.000000,0.240295,0.240295,0.240295,0.163323,0.105594,0.231368,0.174350,0.108528,-0.000000,0.000000,2.475691,10,4
1780631033.623165,dhocbf_fixed,-1.560186,32.746119,0.137080,2.814169,1.667582,-1.222334,34.317900,0.000000,45.000000,2.729912,1.776633,-0.025776,1,6.363840,0.301986,0.341777,0.235055,0.235055,1.284040,0.026326,0.235055,0.235055,0.130459,1.127255,0.263237,0.166587,inf,nan,0.000000,0.166587,0.166587,0.166587,0.219187,0.111473,0.180354,0.223294,0.112611,-0.000000,0.000000,2.817506,10,4
1780631033.719379,dhocbf_fixed,-1.532829,33.036419,0.410071,2.991832,1.547591,-1.189191,34.607538,0.000000,45.000000,1.446096,0.847253,-0.012526,1,4.299279,0.365015,0.366238,0.241769,0.241769,1.386977,0.027755,0.241769,0.241769,0.140491,1.218730,0.336878,0.218403,inf,nan,0.000000,0.218403,0.218403,0.218403,0.306469,0.122808,0.224538,0.311578,0.123574,-0.000000,0.000000,3.019804,10,4
1780631033.822391,dhocbf_fixed,-1.484591,33.339838,0.554681,3.076558,1.455825,-1.154297,34.912484,0.000000,45.000000,0.588653,0.414769,0.000860,1,7.651589,0.448249,0.426408,0.317726,0.317726,1.489537,0.028512,0.317726,0.317726,0.145848,1.315177,0.408196,0.311798,inf,nan,0.000000,0.311798,0.311798,0.311798,0.378094,0.134820,0.326295,0.382597,0.135606,-0.000000,0.000000,3.126160,10,4
1780631033.917893,dhocbf_fixed,-1.426180,33.649568,0.613546,3.118034,1.407893,-1.118558,35.224808,0.000000,45.000000,0.060834,0.221193,0.009420,1,6.238742,0.733700,0.708851,0.594867,0.594867,1.652286,0.028862,0.594867,0.594867,0.148470,1.474954,0.696364,0.596353,inf,nan,0.000000,0.596353,0.596353,0.596353,0.479541,0.153336,0.611004,0.483684,0.154128,-0.000000,0.000000,3.177826,10,4
1780631034.015508,dhocbf_fixed,-1.364521,33.962477,0.619629,3.140154,1.391466,-1.082418,35.540638,0.000000,45.000000,-0.233217,0.134437,0.013289,1,7.333068,1.035731,1.006676,0.891582,0.891582,1.816770,0.029000,0.891582,0.891582,0.149636,1.638135,1.001805,0.896988,inf,nan,0.000000,0.896988,0.896988,0.896988,0.578078,0.172230,0.911386,0.582167,0.173026,-0.000000,0.000000,3.200704,10,4
1780631034.118663,dhocbf_fixed,-1.303724,34.277165,0.596308,3.153597,1.392571,-1.046089,35.858125,0.000000,45.000000,-0.369769,0.093164,0.014051,1,3.466842,1.362487,1.330827,1.216692,1.216692,1.989399,0.029039,1.216692,1.216692,0.150084,1.810277,1.330207,1.223228,inf,nan,0.000000,1.223228,1.223228,1.223228,0.679016,0.192039,1.235558,0.681505,0.192426,-0.000000,0.000000,3.209480,10,4
1780631034.213245,dhocbf_fixed,-1.245943,34.592990,0.559331,3.162914,1.401630,-1.009670,36.176395,0.000000,45.000000,-0.406194,0.070474,0.013164,1,3.338426,1.674290,1.639920,1.527007,1.527007,2.154958,0.029040,1.527007,1.527007,0.150212,1.975706,1.645312,1.535275,inf,nan,0.000000,1.535275,1.535275,1.535275,0.775871,0.211189,1.546395,0.778085,0.211549,-0.000000,0.000000,3.211989,10,4
1780631034.324606,dhocbf_fixed,-1.192040,34.909634,0.518711,3.169961,1.413177,-0.973208,36.495035,0.000000,45.000000,-0.383975,0.055257,0.011601,1,3.477575,1.989727,1.953430,1.841252,1.841252,2.320861,0.029030,1.841251,1.841251,0.150218,2.141612,1.962909,1.850564,inf,nan,0.000000,1.850564,1.850564,1.850564,0.872430,0.230381,1.860561,0.874426,0.230715,-0.000000,0.000000,3.212120,10,4
1780631034.433640,dhocbf_fixed,-1.142089,35.226907,0.480314,3.175487,1.424434,-0.936727,36.813848,0.000000,45.000000,-0.331834,0.043311,0.009910,1,5.106795,2.307247,2.269634,2.157894,2.157894,2.487002,0.029021,2.157744,2.157744,0.150192,2.307789,2.279527,2.167825,inf,nan,0.000000,2.167825,2.167825,2.167825,0.968835,0.249595,2.176819,0.970654,0.249903,-0.000000,0.000000,3.211607,10,4
1780631034.518390,dhocbf_fixed,-1.095717,35.544672,0.447130,3.179818,1.434160,-0.900236,37.132744,0.000000,45.000000,-0.268623,0.033257,0.008365,1,3.365184,2.626003,2.587504,2.476022,2.476022,2.653312,0.029015,2.455257,2.455257,0.150166,2.474131,2.596969,2.486313,inf,nan,0.000000,2.486313,2.486313,2.486313,1.065158,0.268820,2.494426,1.066828,0.269104,-0.000000,0.000000,3.211101,10,4
1780631034.622891,dhocbf_fixed,-1.052347,35.862820,0.420268,3.183144,1.441952,-0.863741,37.451679,0.000000,45.000000,-0.205856,0.024744,0.007076,1,5.628825,2.945512,2.906417,2.795086,2.795086,2.819745,0.029011,2.640456,2.640456,0.150149,2.640584,2.915513,2.805577,inf,nan,0.000000,2.805577,2.805577,2.805577,1.161440,0.288053,2.812926,1.162978,0.288313,-0.000000,0.000000,3.210768,10,4
1780631034.721280,dhocbf_fixed,-1.011350,36.181258,0.399682,3.185618,1.447834,-0.827244,37.770632,0.000000,45.000000,-0.149835,0.017706,0.006068,1,3.547905,3.265492,3.225992,3.114745,3.114745,2.986266,0.029010,2.807116,2.807116,0.150141,2.807116,3.234763,3.125344,inf,nan,0.000000,3.125344,3.125344,3.125344,1.257700,0.307289,3.132025,1.259119,0.307528,-0.000000,0.000000,3.210593,10,4
1780631034.820132,dhocbf_fixed,-0.972130,36.499908,0.384699,3.187389,1.452037,-0.790746,38.089594,0.000000,45.000000,-0.103340,0.012089,0.005320,1,4.362960,3.585773,3.545990,3.434790,3.434790,3.152855,0.029009,2.973709,2.973709,0.150137,2.973709,3.554477,3.445441,inf,nan,0.000000,3.445441,3.445441,3.445441,1.353950,0.326530,3.451537,1.355259,0.326748,-0.000000,0.000000,3.210520,10,4
1780631034.921174,dhocbf_fixed,-0.934177,36.818708,0.374365,3.188598,1.454869,-0.754247,38.408560,0.000000,45.000000,-0.066921,0.007782,0.004790,1,3.592270,3.906248,3.866263,3.755087,3.755087,3.319494,0.029009,3.140349,3.140349,0.150136,3.140349,3.874500,3.765758,inf,nan,0.000000,3.765758,3.765758,3.765758,1.450194,0.345773,3.771335,1.451403,0.345972,-0.000000,0.000000,3.210499,10,4
1780631035.036375,dhocbf_fixed,-0.897075,37.137606,0.367673,3.189376,1.456647,-0.717748,38.727527,0.000000,45.000000,-0.039843,0.004618,0.004433,1,5.329286,4.226852,4.186717,4.075552,4.075552,3.486172,0.029009,3.307028,3.307028,0.150136,3.307028,4.194733,4.086225,inf,nan,0.000000,4.086225,4.086225,4.086225,1.546438,0.365018,4.091337,1.547551,0.365200,-0.000000,0.000000,3.210499,10,4
1780631035.131616,dhocbf_fixed,-0.860507,37.456567,0.363688,3.189838,1.457656,-0.681249,39.046496,0.000000,45.000000,4.574311,-6.563206,0.004206,1,11.729525,0.985132,0.946953,0.835971,0.835971,0.620000,0.029009,0.440855,0.440855,0.150136,0.440855,0.156690,0.045030,inf,nan,0.000000,0.045030,0.045030,0.045030,-0.021877,-0.004964,0.045517,0.000000,0.000000,-0.000000,0.020437,3.210504,10,4
1780631035.240507,dhocbf_fixed,-0.801267,37.742735,0.821120,2.533517,1.207470,-0.648161,39.335656,0.000000,45.000000,4.303825,-6.743671,0.031336,1,10.467016,0.700736,0.677143,0.566182,0.566182,0.620000,0.025157,0.470862,0.470862,0.122946,0.471897,0.145011,0.023758,inf,nan,0.000000,0.023758,0.023758,0.023758,-0.029933,-0.005741,0.024865,-0.000000,0.000648,-0.000000,0.025391,2.663258,10,4
1780631035.326966,dhocbf_fixed,-0.697636,37.962368,1.251502,1.859150,1.109556,-0.622014,39.564156,0.000000,45.000000,0.240174,-4.145329,0.048579,1,7.966588,0.493970,0.487996,0.383805,0.383805,0.620000,0.022742,0.383213,0.383213,0.102997,0.494262,0.127863,0.008462,inf,nan,0.000000,0.008462,0.008462,0.008462,-0.014583,-0.010419,0.010924,0.000000,0.000000,-0.000000,0.010462,2.241137,10,4
1780631035.439033,dhocbf_fixed,-0.571285,38.127556,1.275519,1.444617,1.288653,-0.601723,39.741480,0.000000,45.000000,-2.924987,1.352247,0.033078,1,10.634783,0.371876,0.370695,0.267218,0.267218,0.620000,0.021394,0.267212,0.267212,0.088735,0.509872,0.114979,-0.002571,inf,nan,0.000000,-0.002571,-0.002571,-0.002571,-0.008838,-0.014017,0.001388,0.000000,0.000012,-0.000000,0.007513,1.927140,10,4
1780631035.526618,dhocbf_fixed,-0.458358,38.278779,0.983021,1.579842,1.425080,-0.583183,39.903504,0.000000,45.000000,-4.493026,0.209572,0.014136,1,8.394073,0.334756,0.358177,0.253643,0.253643,0.677479,0.021414,0.253642,0.253642,0.085780,0.570285,0.106489,-0.006312,inf,nan,0.000000,-0.006312,-0.006312,-0.006312,-0.009346,-0.010684,0.000000,0.000000,0.000000,-0.000000,0.007432,1.860707,10,4
1780631035.626857,dhocbf_fixed,-0.382521,38.437811,0.533718,1.600799,1.543359,-0.564241,40.069046,0.000000,45.000000,-1.653590,-5.237905,-0.003493,1,11.702670,0.319457,0.361253,0.245452,0.245452,0.761252,0.020928,0.245452,0.245452,0.078178,0.662146,0.102534,-0.009602,inf,nan,0.000000,-0.009602,-0.009602,-0.009602,-0.010067,-0.018424,0.000001,0.000000,0.000190,-0.000000,0.007478,1.687428,10,4
1780631035.726451,dhocbf_fixed,-0.337417,38.571702,0.368359,1.077008,1.717679,-0.548535,40.206301,0.000000,45.000000,-2.641861,-3.615629,-0.026934,1,7.845281,0.307356,0.321334,0.204079,0.204079,0.795342,0.019212,0.204079,0.204079,0.055078,0.721052,0.110456,-0.008758,inf,nan,0.000000,-0.008758,-0.008758,-0.008758,-0.009138,-0.010600,0.000000,0.000000,0.000801,-0.000000,0.007502,1.138260,10,4
1780631035.845719,dhocbf_fixed,-0.313790,38.661324,0.104173,0.715445,1.802040,-0.538107,40.297434,0.000000,45.000000,-1.340175,-1.654714,-0.041739,1,23.688278,0.277664,0.277373,0.162221,0.162221,0.843856,0.018354,0.162221,0.162221,0.038611,0.786891,0.103027,-0.011841,inf,nan,0.000000,-0.011841,-0.011841,-0.011841,-0.007575,-0.003845,0.000000,0.000000,0.002839,-0.000000,0.009046,0.722990,10,4
1780631035.929432,dhocbf_fixed,-0.310074,38.724595,-0.029845,0.549974,1.772521,-0.530912,40.360307,0.000000,45.000000,-1.464284,0.718416,-0.042028,1,13.194088,0.279407,0.271636,0.164271,0.164271,0.904233,0.018072,0.164271,0.164271,0.032036,0.854125,0.104659,-0.012238,inf,nan,0.000000,-0.012238,-0.012238,-0.012238,-0.008109,-0.005613,0.000000,0.000000,0.000000,-0.000000,0.010458,0.550783,10,4
1780631036.027086,dhocbf_fixed,-0.320380,38.783185,-0.176273,0.621816,1.722513,-0.524428,40.416975,0.000000,45.000000,2.217379,7.686562,-0.036385,1,7.275161,0.301754,0.340399,0.234391,0.234391,0.962171,0.018122,0.234391,0.234391,0.035665,0.908384,0.182288,0.083240,inf,nan,0.000000,0.083240,0.083240,0.083240,-0.001270,-0.014862,0.095774,0.011760,0.000000,-0.000000,0.003163,0.646318,10,4
1780631036.138489,dhocbf_fixed,-0.326920,38.883799,0.045465,1.390472,1.926429,-0.513148,40.515550,0.000000,45.000000,-1.067873,-4.013343,-0.056908,1,20.003898,0.268681,0.275327,0.155752,0.155752,0.775950,0.019855,0.155752,0.155752,0.065531,0.690563,-0.087066,-0.204618,inf,nan,0.000000,-0.204618,-0.204618,-0.204618,-0.148949,-0.070365,-0.000000,-0.000000,0.036081,-0.000000,0.240000,1.391215,10,4
1780631036.235294,dhocbf_fixed,-0.327713,39.002780,-0.061322,0.989138,1.864285,-0.499719,40.632903,0.000000,45.000000,7.734590,2.043556,-0.054944,1,8.520927,0.261537,0.259684,0.150352,0.150352,0.802406,0.018643,0.150352,0.150352,0.049142,0.734621,0.089089,-0.004268,inf,nan,0.000000,-0.004268,-0.004268,-0.004268,-0.025468,-0.022319,0.008359,0.000000,0.000000,-0.000000,0.020372,0.991037,10,4
1780631036.321470,dhocbf_fixed,-0.295172,39.111911,0.712137,1.193493,1.788006,-0.486972,40.744300,0.000000,45.000000,2.233120,7.682003,-0.045796,1,7.294301,0.280181,0.255113,0.144482,0.144482,0.852433,0.019877,0.144482,0.144482,0.065472,0.767083,0.155684,0.047361,inf,nan,0.000000,0.047361,0.047361,0.047361,-0.008093,0.000012,0.054757,0.000000,0.000044,-0.000000,0.002878,1.389807,10,4
1780631036.435732,dhocbf_fixed,-0.212793,39.269671,0.935449,1.961694,1.959366,-0.468089,40.909325,0.000000,45.000000,-5.828230,5.480122,-0.061839,1,6.195107,0.268603,0.274397,0.161003,0.161003,0.874321,0.023567,0.161003,0.161003,0.099874,0.750880,0.225703,0.121224,inf,nan,0.000000,0.121224,0.121224,0.121224,0.043909,-0.008837,0.125076,0.053950,0.000002,-0.000000,0.000001,2.173317,10,4
1780631036.519977,dhocbf_fixed,-0.148389,39.493241,0.352626,2.509706,1.583738,-0.442004,41.137279,0.000000,45.000000,-5.518510,4.333754,-0.024561,1,4.842670,0.279684,0.347446,0.225934,0.225934,0.950346,0.025837,0.225934,0.225934,0.116760,0.807750,0.239684,0.136776,inf,nan,0.000000,0.136776,0.136776,0.136776,0.073449,-0.013559,0.140577,0.084012,0.000000,-0.000000,0.000004,2.534357,10,4
1780631036.628937,dhocbf_fixed,-0.140719,39.765880,-0.199225,2.943081,1.473985,-0.411111,41.407261,0.000000,45.000000,-6.483393,2.371182,-0.003133,1,4.743024,0.288867,0.310872,0.196962,0.196962,1.041729,0.028429,0.196962,0.196962,0.136997,0.876303,0.248406,0.148845,inf,nan,0.000000,0.148845,0.148845,0.148845,0.114720,-0.015458,0.148539,0.130802,0.000000,-0.000000,0.001902,2.949816,10,4
1780631036.715708,dhocbf_fixed,-0.193059,40.072044,-0.847565,3.180199,1.493276,-0.377206,41.703557,0.000000,45.000000,1.633831,0.593802,0.000148,1,3.202929,0.329696,0.299615,0.185698,0.185698,1.151027,0.030521,0.185698,0.185698,0.154272,0.966234,0.294794,0.188739,inf,nan,0.000000,0.188739,0.188739,0.188739,0.155262,0.084110,0.189617,0.168849,0.078298,-0.000000,0.000001,3.291205,10,4
1780631036.834696,dhocbf_fixed,-0.269646,40.393033,-0.684182,3.239579,1.606906,-0.341941,42.011746,0.000000,45.000000,2.516153,0.082362,-0.011411,1,4.514671,0.381527,0.505973,0.385021,0.385021,1.271165,0.030221,0.385021,0.385021,0.155294,1.085650,0.383803,0.286292,inf,nan,0.000000,0.286292,0.286292,0.286292,0.212622,0.103415,0.299045,0.218771,0.104529,-0.000000,0.000000,3.311039,10,4
1780631036.919693,dhocbf_fixed,-0.325484,40.717403,-0.432566,3.247816,1.611093,-0.306025,42.325617,0.000000,45.000000,2.282942,-0.086231,-0.014684,1,3.852761,0.447195,0.621622,0.509250,0.509250,1.405726,0.029696,0.509250,0.509250,0.153516,1.222514,0.518134,0.413026,inf,nan,0.000000,0.413026,0.413026,0.413026,0.314107,0.119456,0.428103,0.320687,0.120510,-0.000000,0.000000,3.276495,10,4
1780631037.051303,dhocbf_fixed,-0.357326,41.041753,-0.204272,3.239193,1.579742,-0.269801,42.642179,0.000000,45.000000,-5.656854,-5.656854,-0.012021,1,18.567639,0.618508,0.767414,0.662379,0.662379,0.620000,0.029340,0.438717,0.438717,0.151932,0.438728,0.397603,0.300858,inf,nan,0.000000,0.300858,0.300858,0.300858,0.044905,-0.138900,0.315310,0.050667,-0.000000,-0.000000,0.136963,3.245627,10,4
1780631037.118762,dhocbf_fixed,-0.406037,41.337388,-0.769957,2.673507,1.792452,-0.237039,42.928491,0.000000,45.000000,4.497087,1.878492,-0.034437,1,4.714251,1.406666,1.494720,1.379303,1.379303,2.083934,0.025930,1.379303,1.379303,0.128727,1.929278,1.490876,1.383730,inf,nan,0.000000,1.383730,1.383730,1.383730,0.688262,0.207531,1.388166,0.688514,0.207648,-0.000000,0.000001,2.782171,10,4
1780631037.225015,dhocbf_fixed,-0.460547,41.614131,-0.320249,2.861356,1.678314,-0.206486,43.195500,0.000000,45.000000,4.023176,1.525393,-0.027369,1,4.973530,1.681477,1.758823,1.646988,1.646988,2.221300,0.026622,1.646988,1.646988,0.133498,2.061180,1.766617,1.656873,inf,nan,0.000000,1.656873,1.656873,1.656873,0.790034,0.221452,1.660230,0.790471,0.221527,-0.000000,0.000000,2.879222,10,4
1780631037.322786,dhocbf_fixed,-0.472456,41.907894,0.082069,3.013896,1.591117,-0.173459,43.484121,0.000000,45.000000,2.601860,0.775886,-0.015931,1,3.544985,1.975122,2.049416,1.938533,1.938533,2.371230,0.027639,1.938530,1.938530,0.140251,2.203340,2.060396,1.949845,inf,nan,0.000000,1.949845,1.949845,1.949845,0.890513,0.237615,1.952631,0.891202,0.237669,-0.000000,0.000000,3.015013,10,4
1780631037.432846,dhocbf_fixed,-0.451240,42.213163,0.342255,3.091484,1.501829,-0.138705,43.787841,0.000000,45.000000,1.460454,0.361232,-0.003246,1,4.531266,2.280579,2.355046,2.244153,2.244153,2.529685,0.028362,2.243594,2.243594,0.145049,2.356274,2.365676,2.255405,inf,nan,0.000000,2.255405,2.255405,2.255405,0.988746,0.255322,2.258044,0.989507,0.255365,-0.000000,0.000000,3.110372,10,4
1780631037.520429,dhocbf_fixed,-0.409712,42.524117,0.488300,3.127607,1.439978,-0.103046,44.099467,0.000000,45.000000,0.673934,0.175637,0.006681,1,3.508218,2.592340,2.668219,2.556938,2.556938,2.692779,0.028767,2.510022,2.510022,0.147843,2.516169,2.677112,2.567530,inf,nan,0.000000,2.567530,2.567530,2.567530,1.085917,0.273833,2.570137,1.086613,0.273870,-0.000000,0.000000,3.165496,10,4
1780631037.628783,dhocbf_fixed,-0.357513,42.837756,0.555694,3.145171,1.408055,-0.066946,44.414948,0.000000,45.000000,0.172145,0.100105,0.012596,1,4.205311,2.907644,2.984557,2.873031,2.873031,2.857958,0.028959,2.679678,2.679678,0.149288,2.679711,2.992026,2.883187,inf,nan,0.000000,2.883187,2.883187,2.883187,1.182653,0.292737,2.885709,1.183225,0.292768,-0.000000,0.000000,3.193884,10,4
1780631037.722867,dhocbf_fixed,-0.301083,43.152774,0.572908,3.155182,1.397563,-0.030636,44.732268,0.000000,45.000000,-0.121265,0.070487,0.015137,1,3.595240,3.225079,3.302362,3.190809,3.190809,3.024004,0.029032,2.845026,2.845026,0.149946,2.845026,3.309070,3.200884,inf,nan,0.000000,3.200884,3.200884,3.200884,1.279201,0.311828,3.203221,1.279640,0.311853,-0.000000,0.000000,3.206773,10,4
1780631037.822075,dhocbf_fixed,-0.244398,43.468645,0.560782,3.162230,1.399506,0.000000,45.000000,0.000000,45.000000,-0.321547,-0.391809,0.015463,1,4.228741,3.543850,3.621094,3.509630,3.509630,3.164031,0.028008,2.985832,2.985832,0.150190,2.985832,3.627485,3.519820,inf,nan,0.000000,3.519820,3.519820,3.519820,1.373394,0.326481,3.521894,1.373714,0.326501,-0.000000,0.000000,3.211569,10,4
1780631037.909796,dhocbf_fixed,-0.189928,43.782909,0.528627,3.123049,1.407829,0.000000,45.000000,0.000000,45.000000,-0.679068,-3.051866,0.014511,1,3.431114,3.861206,3.938255,3.826909,3.826909,3.163972,0.021902,2.994126,2.994126,0.147944,2.994126,3.944538,3.837268,inf,nan,0.000000,3.837268,3.837268,3.837268,1.451252,0.317540,3.839039,1.451485,0.317567,-0.000000,0.000000,3.167473,10,4
1780631038.044954,dhocbf_fixed,-0.140460,44.079954,0.460720,2.817863,1.418457,0.000000,45.000000,0.000000,45.000000,-0.845166,-4.543285,0.013023,1,7.156882,0.906712,4.238080,4.126834,4.126834,3.163905,0.015414,3.016175,3.016175,0.132316,3.016175,4.244324,4.137340,inf,nan,0.000000,4.137340,4.137340,4.137340,1.502900,0.311187,4.138812,1.503084,0.311220,-0.000000,0.000000,2.855278,10,4
1780631038.119695,dhocbf_fixed,-0.098614,44.339024,0.376204,2.363534,1.426040,0.000000,45.000000,0.000000,45.000000,-0.855231,-4.946412,0.011742,1,3.547008,0.997245,1.038138,0.916120,0.916120,0.910820,0.009776,0.790603,0.790603,0.110085,0.790959,0.665649,0.556379,inf,nan,0.000000,0.556379,0.556379,0.556379,0.143537,0.032868,0.570441,0.146930,0.033738,-0.000000,0.000000,2.393287,10,4
1780631038.227901,dhocbf_fixed,-0.065270,44.550645,0.290680,1.868893,1.430653,0.000000,45.000000,0.000000,45.000000,-0.773355,-4.666006,0.010844,1,3.559123,0.894006,0.938760,0.819853,0.819853,0.910587,0.005633,0.799011,0.799011,0.087141,0.817814,0.667013,0.558350,inf,nan,0.000000,0.558350,0.558350,0.558350,0.147907,0.033517,0.572382,0.151764,0.034368,-0.000000,0.000000,1.891364,10,4
1780631038.322742,dhocbf_fixed,-0.040069,44.714205,0.213345,1.402292,1.433485,0.000000,45.000000,0.000000,45.000000,-0.648370,-4.030504,0.010242,1,3.585623,0.811944,0.871019,0.757240,0.757240,0.910441,0.002956,0.755746,0.755746,0.066675,0.840811,0.668483,0.560279,inf,nan,0.000000,0.560279,0.560279,0.560279,0.153250,0.034009,0.574260,0.157655,0.034849,-0.000000,0.000000,1.418429,10,4
1780631038.417279,dhocbf_fixed,-0.021976,44.834281,0.148508,0.999242,1.436055,0.000000,45.000000,0.000000,45.000000,-0.512301,-3.263055,0.009746,1,5.114622,0.749029,0.835595,0.721352,0.721352,0.910307,0.001406,0.721122,0.721122,0.049909,0.858992,0.668875,0.560634,inf,nan,0.000000,0.560634,0.560634,0.560634,0.158119,0.034321,0.574601,0.162486,0.035155,-0.000000,0.000000,1.010217,10,4
1780631038.525018,dhocbf_fixed,-0.009687,44.917890,0.097278,0.672937,1.440215,0.000000,45.000000,0.000000,45.000000,-0.384108,-2.501515,0.009106,1,3.585731,0.711346,0.818209,0.702041,0.702041,0.910085,0.000599,0.701968,0.701968,0.036953,0.872532,0.668782,0.560487,inf,nan,0.000000,0.560487,0.560487,0.560487,0.161669,0.034386,0.574453,0.165959,0.035217,-0.000000,0.000000,0.679931,10,4
1780631038.636221,dhocbf_fixed,-0.001879,44.972676,0.058867,0.422785,1.449382,0.000000,45.000000,0.000000,45.000000,-0.273490,-1.821737,0.007890,1,3.732742,0.689566,0.805060,0.691235,0.691235,0.909578,0.000224,0.691199,0.691199,0.027396,0.881959,0.668641,0.560294,inf,nan,0.000000,0.560294,0.560294,0.560294,0.164025,0.034347,0.574263,0.168286,0.035178,-0.000000,0.000000,0.426864,10,4
1780631038.720709,dhocbf_fixed,0.002640,45.005846,0.031518,0.240611,1.480383,0.000000,45.000000,0.000000,45.000000,-0.184012,-1.257329,0.004160,1,3.703863,0.678052,0.795315,0.681799,0.681799,0.907705,0.000071,0.681777,0.681777,0.020641,0.886994,0.668555,0.560179,inf,nan,0.000000,0.560179,0.560179,0.560179,0.165627,0.034314,0.574150,0.169870,0.035146,-0.000000,0.000000,0.242667,10,4
1780631038.828883,dhocbf_fixed,0.004872,45.023621,0.013117,0.114878,1.836455,0.000000,45.000000,0.000000,45.000000,-0.115470,-0.815021,-0.035570,1,4.531069,0.672315,0.729576,0.623700,0.623700,0.879601,0.000020,0.623693,0.623693,0.016080,0.863501,0.668521,0.560135,inf,nan,0.000000,0.560135,0.560135,0.560135,0.166805,0.034295,0.574107,0.171031,0.035124,-0.000000,0.000000,0.115625,10,4
1780631038.922856,dhocbf_fixed,0.005606,45.031033,0.001570,0.033376,2.189965,0.000000,45.000000,0.000000,45.000000,-0.065592,-0.485953,-0.083766,1,3.606818,0.669870,0.684953,0.577597,0.577597,0.854032,0.000008,0.577594,0.577594,0.013172,0.840852,0.668515,0.560127,inf,nan,0.000000,0.560127,0.560127,0.560127,0.167730,0.034286,0.574099,0.171941,0.035116,-0.000000,0.000000,0.033413,10,4
1780631039.027162,dhocbf_fixed,0.005435,45.031941,-0.004989,-0.015219,2.540970,0.000000,45.000000,0.000000,45.000000,-0.031197,-0.253546,-0.133498,1,3.473821,0.669338,0.666517,0.552009,0.552009,0.837729,0.000007,0.552007,0.552007,0.012561,0.825161,0.668515,0.560127,inf,nan,0.000000,0.560127,0.560127,0.560127,0.168473,0.034221,0.574099,0.172671,0.035051,-0.000000,0.000000,0.016016,10,4
1780631039.108762,dhocbf_fixed,0.004780,45.029152,-0.008109,-0.040574,2.891057,0.000000,45.000000,0.000000,45.000000,-0.008921,-0.098539,-0.183189,1,3.317174,0.275976,0.282946,0.169839,0.169839,0.623826,0.000008,0.169839,0.169839,0.013452,0.610366,0.208224,0.106920,inf,nan,0.000000,0.106920,0.106920,0.106920,0.030717,0.005571,0.103811,0.029798,0.005385,-0.000000,0.000000,0.041376,10,4
1780631039.260149,dhocbf_fixed,0.003925,45.024602,-0.009001,-0.050427,-3.042148,0.000000,45.000000,0.000000,45.000000,-0.894828,7.315376,6.000000,0,27.533852,0.274063,0.299443,0.190646,0.190646,0.638487,0.000007,0.190646,0.190646,0.013799,0.624680,0.233588,0.129123,inf,nan,0.000000,0.129123,0.129123,0.129123,0.037474,0.011472,0.285294,0.203888,0.189911,-0.196724,0.182696,0.051225,10,4
1780631039.315496,dhocbf_fixed,-0.001450,45.056136,-0.098484,0.681110,-2.806028,0.000000,45.000000,0.000000,45.000000,0.383007,-2.984903,5.999595,1,6.032282,0.292471,0.344686,0.222116,0.222116,0.636036,0.000589,0.222116,0.222116,0.037271,0.598177,0.223655,0.118260,inf,nan,0.000000,0.118260,0.118260,0.118260,0.021273,-0.000070,0.116399,0.020932,0.000002,-0.000000,0.000000,0.688193,10,4
1780631039.439472,dhocbf_fixed,-0.009383,45.109322,-0.060183,0.382620,-2.495669,0.000000,45.000000,0.000000,45.000000,0.379692,-2.899948,2.515674,1,4.778782,0.335421,0.358640,0.249371,0.249371,0.620000,0.000258,0.249371,0.249371,0.025931,0.593810,0.207927,0.099737,inf,nan,0.000000,0.099737,0.099737,0.099737,0.017859,-0.000033,0.098689,0.017611,0.000008,-0.000000,0.000000,0.387324,10,4
1780631039.521082,dhocbf_fixed,-0.013503,45.133085,-0.022214,0.092625,-2.188018,0.000000,45.000000,0.000000,45.000000,0.247462,-1.814879,0.940379,1,4.047231,0.343370,0.344337,0.238132,0.238132,0.620000,0.000127,0.238132,0.238132,0.015356,0.604516,0.198898,0.089757,inf,nan,0.000000,0.089757,0.089757,0.089757,0.017373,0.000753,0.089084,0.017190,0.000775,-0.000000,0.000000,0.095252,10,4
1780631039.632577,dhocbf_fixed,-0.014487,45.133273,0.002532,-0.088863,-1.850546,0.000000,45.000000,0.000000,45.000000,0.136403,-0.929074,0.503805,1,4.511420,0.344273,0.327548,0.215607,0.215607,0.620000,0.000126,0.215607,0.215607,0.015131,0.604742,0.195111,0.086540,inf,nan,0.000000,0.086540,0.086540,0.086540,0.018812,0.001363,0.085890,0.018649,0.001201,-0.000000,0.000000,0.088899,10,4
1780631039.721038,dhocbf_fixed,-0.013552,45.119741,0.016173,-0.181770,-1.639020,0.000000,45.000000,0.000000,45.000000,0.059177,-0.329472,0.368371,1,3.709649,0.339482,0.309112,0.199722,0.199722,0.620000,0.000134,0.199722,0.199722,0.018470,0.601395,0.194077,0.086658,inf,nan,0.000000,0.086658,0.086658,0.086658,0.020881,0.002065,0.085870,0.020691,0.001923,-0.000000,0.000000,0.182488,10,4
1780631039.819719,dhocbf_fixed,-0.011639,45.099917,0.022090,-0.214717,-1.539682,0.000000,45.000000,0.000000,45.000000,0.010061,0.038492,0.321325,1,6.192009,0.331160,0.294245,0.183192,0.183192,0.620000,0.000122,0.183192,0.183192,0.019671,0.600207,0.194256,0.088522,inf,nan,0.000000,0.088522,0.088522,0.088522,0.023073,0.002796,0.087619,0.022855,0.002722,-0.000000,0.000000,0.215851,10,4
1780631039.920413,dhocbf_fixed,-0.009379,45.078637,0.023096,-0.210868,-1.493011,0.000000,45.000000,0.000000,45.000000,-0.018223,0.238644,0.302418,1,3.718896,0.310909,0.277973,0.165347,0.165347,0.620000,0.000095,0.165347,0.165347,0.019537,0.600368,0.195032,0.090569,inf,nan,0.000000,0.090569,0.090569,0.090569,0.024979,0.003534,0.089585,0.024726,0.003501,-0.000000,0.000000,0.212129,10,4
1780631040.042952,dhocbf_fixed,-0.007161,45.058744,0.021274,-0.187004,-1.470487,0.000000,45.000000,0.000000,45.000000,-0.032021,0.324971,0.293299,1,5.093832,0.293675,0.264404,0.150321,0.150321,0.620000,0.000065,0.150321,0.150321,0.018676,0.601259,0.197545,0.093961,inf,nan,0.000000,0.093961,0.093961,0.093961,0.026960,0.004312,0.092616,0.026584,0.004268,-0.000000,0.000000,0.188210,10,4
1780631040.112877,dhocbf_fixed,-0.005194,45.041668,0.018072,-0.154507,-1.458926,0.000000,45.000000,0.000000,45.000000,-0.036394,0.339191,0.287838,1,14.684102,0.307785,0.350389,0.243244,0.243244,0.648482,0.000040,0.243243,0.243243,0.017505,0.630937,0.247688,0.148283,inf,nan,0.000000,0.148283,0.148283,0.148283,0.043692,0.008460,0.161856,0.047735,0.009243,-0.000000,0.000000,0.155560,1,4
1780631040.222767,dhocbf_fixed,-0.003568,45.027913,0.014433,-0.120588,-1.452240,0.000000,45.000000,0.000000,45.000000,-0.035044,0.312211,0.283900,1,14.682691,0.299802,0.344579,0.237039,0.237039,0.647937,0.000023,0.237039,0.237039,0.016288,0.631626,0.248000,0.148641,inf,nan,0.000000,0.148641,0.148641,0.148641,0.043691,0.008674,0.162233,0.047733,0.009471,-0.000000,0.000000,0.121448,1,4
1780631040.311464,dhocbf_fixed,-0.002300,45.017416,0.010928,-0.089367,-1.447504,0.000000,45.000000,0.000000,45.000000,-0.030681,0.265094,0.280581,1,14.273540,0.293898,0.340395,0.232517,0.232517,0.647551,0.000012,0.232517,0.232517,0.015171,0.632368,0.248221,0.148893,inf,nan,0.000000,0.148893,0.148893,0.148893,0.043688,0.008822,0.162496,0.047730,0.009629,-0.000000,0.000000,0.090032,1,4
1780631040.420423,dhocbf_fixed,-0.001361,45.009805,0.007860,-0.062857,-1.443079,0.000000,45.000000,0.000000,45.000000,-0.025100,0.211665,0.277471,1,14.169168,0.289719,0.337265,0.229161,0.229161,0.647192,0.000005,0.229161,0.229161,0.014227,0.632959,0.248227,0.148895,inf,nan,0.000000,0.148895,0.148895,0.148895,0.043768,0.008921,0.162498,0.047809,0.009735,-0.000000,0.000000,0.063347,1,4
1780631040.513113,dhocbf_fixed,-0.000700,45.004577,0.005350,-0.041691,-1.437461,0.000000,45.000000,0.000000,45.000000,-0.019421,0.160245,0.274304,1,14.939633,0.286896,0.334652,0.226478,0.226478,0.646737,0.000002,0.226478,0.226478,0.013476,0.633259,0.248200,0.148864,inf,nan,0.000000,0.148864,0.148864,0.148864,0.043933,0.008985,0.162465,0.047979,0.009803,-0.000000,0.000000,0.042033,1,4
1780631040.618753,dhocbf_fixed,-0.000262,45.001209,0.003408,-0.025666,-1.427278,0.000000,45.000000,0.000000,45.000000,-0.014273,0.115238,0.270646,1,15.071786,0.285092,0.331700,0.223709,0.223709,0.645915,0.000001,0.223709,0.223709,0.012908,0.633006,0.248181,0.148843,inf,nan,0.000000,0.148843,0.148843,0.148843,0.044128,0.009022,0.162443,0.048183,0.009843,-0.000000,0.000000,0.025892,1,4
1780631040.701500,dhocbf_fixed,0.000007,44.999219,0.001981,-0.014142,-1.388648,0.000000,45.000000,0.000000,45.000000,-0.009949,0.078424,0.263790,1,4.749784,0.284026,0.323732,0.216896,0.216896,0.642842,0.000000,0.216896,0.216896,0.012500,0.630341,0.248172,0.148834,inf,nan,0.000000,0.148834,0.148834,0.148834,0.044322,0.009041,0.162434,0.048387,0.009863,-0.000000,0.000000,0.014280,1,4
1780631040.820690,dhocbf_fixed,0.000155,44.998197,0.000986,-0.006300,-1.038624,0.000000,45.000000,0.000000,45.000000,-0.006528,0.049944,0.222273,1,16.111214,0.283473,0.271687,0.167796,0.167796,0.620292,0.000000,0.167796,0.167796,0.012223,0.608069,0.248166,0.148827,inf,nan,0.000000,0.148827,0.148827,0.148827,0.044497,0.009045,0.162427,0.048570,0.009867,-0.000000,0.000000,0.006377,1,4
1780631040.913659,dhocbf_fixed,0.000221,44.997816,0.000333,-0.001306,-0.688611,0.000000,45.000000,0.000000,45.000000,-0.003960,0.029016,0.172357,1,15.059599,0.283258,0.252937,0.139302,0.139302,0.620000,0.000000,0.139302,0.139302,0.012047,0.607953,0.248165,0.148826,inf,nan,0.000000,0.148826,0.148826,0.148826,0.044644,0.009034,0.162426,0.048724,0.009855,-0.000000,0.000000,0.001347,1,4
1780631041.014153,dhocbf_fixed,0.000235,44.997831,-0.000063,0.001596,-0.338607,0.000000,45.000000,0.000000,45.000000,-0.002129,0.014431,0.120663,1,15.180586,0.283251,0.245428,0.135437,0.135437,0.620000,0.000000,0.135437,0.135437,0.012056,0.607944,0.248165,0.148826,inf,nan,0.000000,0.148826,0.148826,0.148826,0.044760,0.009024,0.162426,0.048846,0.009844,-0.000000,0.000000,0.001597,1,4
1780631041.102212,dhocbf_fixed,0.000218,44.998063,-0.000276,0.003039,0.011393,0.000000,45.000000,0.000000,45.000000,-0.000874,0.004852,0.068857,1,5.809947,inf,inf,inf,inf,inf,0.000000,inf,inf,0.012107,inf,inf,inf,inf,nan,0.000000,inf,inf,inf,inf,inf,1382.293941,414.688125,82.937598,-0.000000,0.000000,0.003052,0,4
1780631041.206080,dhocbf_fixed,0.000186,44.998391,-0.000363,0.003524,0.361393,0.000000,45.000000,0.000000,45.000000,-0.000107,-0.000946,0.017354,1,5.309649,inf,inf,inf,inf,inf,0.000000,inf,inf,0.012124,inf,inf,inf,inf,nan,0.000000,inf,inf,inf,inf,inf,1382.293936,414.688143,82.937607,-0.000000,0.000000,0.003543,0,4
1780631041.312643,dhocbf_fixed,0.000149,44.998739,-0.000374,0.003430,0.711393,0.000000,45.000000,0.000000,45.000000,0.000327,-0.004060,-0.033742,1,15.461396,inf,inf,inf,inf,inf,0.000000,inf,inf,0.012121,inf,inf,inf,inf,nan,0.000000,inf,inf,inf,inf,inf,1382.293937,414.688158,82.937616,-0.000000,0.000000,0.003450,0,4
1780631041.407276,dhocbf_fixed,0.000113,44.999061,-0.000341,0.003024,1.061393,0.000000,45.000000,0.000000,45.000000,0.000533,-0.005366,-0.084410,1,4.798036,inf,inf,inf,inf,inf,0.000000,inf,inf,0.012107,inf,inf,inf,inf,nan,0.000000,inf,inf,inf,inf,inf,1382.293942,414.688170,82.937623,-0.000000,0.000000,0.003043,0,4
1780631041.508921,dhocbf_fixed,0.000082,44.999337,-0.000288,0.002487,1.407497,0.000000,45.000000,0.000000,45.000000,0.000592,-0.005537,-0.134222,1,12.447306,inf,inf,inf,inf,inf,0.000000,inf,inf,0.012088,inf,inf,inf,inf,nan,0.000000,inf,inf,inf,inf,inf,1382.293949,414.688170,82.937628,-0.000000,0.000000,0.002504,0,4
1780631041.613049,dhocbf_fixed,0.000056,44.999558,-0.000229,0.001933,1.564642,0.000000,45.000000,0.000000,45.000000,0.000564,-0.005061,-0.162926,1,16.166680,inf,inf,inf,inf,inf,0.000000,inf,inf,0.012068,inf,inf,inf,inf,nan,0.000000,inf,inf,inf,inf,inf,1382.293956,414.688170,82.937633,-0.000000,0.000000,0.001947,0,4
1780631041.712223,dhocbf_fixed,0.000036,44.999726,-0.000172,0.001427,1.637000,0.000000,45.000000,0.000000,45.000000,0.000490,-0.004275,-0.176938,1,15.166848,inf,inf,inf,inf,inf,0.000000,inf,inf,0.012050,inf,inf,inf,inf,nan,0.000000,inf,inf,inf,inf,inf,1382.293960,414.688170,82.937636,-0.000000,0.000000,0.001438,0,4
1780631041.818552,dhocbf_fixed,0.000021,44.999847,-0.000123,0.001000,1.671761,0.000000,45.000000,0.000000,45.000000,0.000399,-0.003399,-0.183092,1,14.868911,inf,inf,inf,inf,inf,0.000000,inf,inf,0.012035,inf,inf,inf,inf,nan,0.000000,inf,inf,inf,inf,inf,1382.293959,414.688172,82.937638,-0.000000,0.000000,0.001007,0,4
1780631041.907759,dhocbf_fixed,0.000011,44.999930,-0.000084,0.000660,1.690926,0.000000,45.000000,0.000000,45.000000,0.000307,-0.002564,-0.185544,1,11.491290,inf,inf,inf,inf,inf,0.000000,inf,inf,0.012023,inf,inf,inf,inf,nan,0.000000,inf,inf,inf,inf,inf,1382.293959,414.688175,82.937639,-0.000000,0.000000,0.000665,0,4
1780631042.011340,dhocbf_fixed,0.000004,44.999983,-0.000053,0.000404,1.707191,0.000000,45.000000,0.000000,45.000000,0.000225,-0.001836,-0.186740,1,11.118297,inf,inf,inf,inf,inf,0.000000,inf,inf,0.012014,inf,inf,inf,inf,nan,0.000000,inf,inf,inf,inf,inf,1382.293958,414.688178,82.937640,-0.000000,0.000000,0.000407,0,4
1780631042.113206,dhocbf_fixed,-0.000000,45.000015,-0.000030,0.000220,1.752837,0.000000,45.000000,0.000000,45.000000,0.000134,-0.001233,-0.190812,1,14.904723,0.271238,0.310113,0.203424,0.203424,0.635880,0.000000,0.203424,0.203424,0.012008,0.623873,0.235774,0.137087,inf,nan,0.000000,0.137087,0.137087,0.137087,0.041124,0.008224,0.150652,0.045194,0.009038,-0.000000,0.000000,0.000222,1,4
1780631042.221442,dhocbf_fixed,-0.000003,45.000030,-0.000017,0.000097,2.102837,0.000000,45.000000,0.000000,45.000000,0.000088,-0.000781,-0.228718,1,14.949348,0.271247,0.258876,0.154937,0.154937,0.620000,0.000000,0.154937,0.154937,0.012003,0.607997,0.235774,0.137086,inf,nan,0.000000,0.137086,0.137086,0.137086,0.041124,0.008224,0.150651,0.045194,0.009038,-0.000000,0.000000,0.000098,1,4
1780631042.312792,dhocbf_fixed,-0.000004,45.000036,-0.000008,0.000019,2.452837,0.000000,45.000000,0.000000,45.000000,0.000057,-0.000452,-0.274842,1,14.933978,0.271251,0.240377,0.127170,0.127170,0.620000,0.000000,0.127170,0.127170,0.012001,0.607999,0.235773,0.137086,inf,nan,0.000000,0.137086,0.137086,0.137086,0.041125,0.008224,0.150650,0.045194,0.009038,-0.000000,0.000000,0.000020,1,4
1780631042.421506,dhocbf_fixed,-0.000005,45.000036,-0.000002,-0.000027,2.802837,0.000000,45.000000,0.000000,45.000000,0.000034,-0.000223,-0.322728,1,13.113191,0.271251,0.234231,0.124029,0.124029,0.620000,0.000000,0.124029,0.124029,0.012001,0.607999,0.235773,0.137085,inf,nan,0.000000,0.137085,0.137085,0.137085,0.041125,0.008224,0.150649,0.045194,0.009038,-0.000000,0.000000,0.000027,1,4
1780631042.511734,dhocbf_fixed,-0.000005,45.000032,0.000001,-0.000049,-3.130348,0.000000,45.000000,0.000000,45.000000,-0.000039,-0.000044,5.374310,1,14.762054,0.271249,0.251726,0.145847,0.145847,0.628372,0.000000,0.145847,0.145847,0.012002,0.616370,0.235781,0.137094,inf,nan,0.000000,0.137094,0.137094,0.137094,0.041127,0.008225,0.150659,0.045197,0.009040,-0.000000,0.000001,0.000049,1,4
1780631042.620095,dhocbf_fixed,-0.000005,45.000027,-0.000003,-0.000053,-2.780348,0.000000,45.000000,0.000000,45.000000,0.000031,0.000005,1.665240,1,14.559336,0.271247,0.294597,0.190057,0.190057,0.656265,0.000000,0.190057,0.190057,0.012002,0.644263,0.235772,0.137085,inf,nan,0.000000,0.137085,0.137085,0.137085,0.041125,0.008225,0.150649,0.045194,0.009039,-0.000000,0.000000,0.000053,1,4
1780631042.713131,dhocbf_fixed,-0.000005,45.000022,0.000000,-0.000053,-2.430348,0.000000,45.000000,0.000000,45.000000,0.000024,0.000054,0.689115,1,14.980386,0.271245,0.355776,0.246144,0.246144,0.685128,0.000000,0.246144,0.246144,0.012002,0.673126,0.235772,0.137085,inf,nan,0.000000,0.137085,0.137085,0.137085,0.041125,0.008225,0.150649,0.045194,0.009039,-0.000000,0.000000,0.000053,1,4
1780631042.820712,dhocbf_fixed,-0.000005,45.000017,0.000002,-0.000047,-2.080348,0.000000,45.000000,0.000000,45.000000,0.000011,0.000078,0.402538,1,14.535175,0.271243,0.404307,0.289789,0.289789,0.691335,0.000000,0.289789,0.289789,0.012002,0.679334,0.235772,0.137085,inf,nan,0.000000,0.137085,0.137085,0.137085,0.041125,0.008225,0.150649,0.045194,0.009039,-0.000000,0.000000,0.000047,1,4
1780631042.912784,dhocbf_fixed,-0.000005,45.000012,0.000004,-0.000040,-1.730348,0.000000,45.000000,0.000000,45.000000,0.000003,0.000084,0.290198,1,14.985774,0.271241,0.365494,0.258714,0.258714,0.664430,0.000000,0.258714,0.258714,0.012001,0.652429,0.235772,0.137084,inf,nan,0.000000,0.137084,0.137084,0.137084,0.041125,0.008225,0.150649,0.045194,0.009039,-0.000000,0.000000,0.000040,1,4
1780631043.017903,dhocbf_fixed,-0.000004,45.000009,0.000004,-0.000031,-1.447809,0.000000,45.000000,0.000000,45.000000,-0.000002,0.000079,0.229487,1,14.016416,0.271239,0.321498,0.212830,0.212830,0.640593,0.000000,0.212830,0.212830,0.012001,0.628592,0.235772,0.137084,inf,nan,0.000000,0.137084,0.137084,0.137084,0.041125,0.008225,0.150649,0.045194,0.009039,-0.000000,0.000000,0.000031,1,4
1780631043.113226,dhocbf_fixed,-0.000004,45.000006,0.000004,-0.000023,-1.270501,0.000000,45.000000,0.000000,45.000000,-0.000005,0.000068,0.193532,1,15.347206,0.271524,0.289044,0.185117,0.185117,0.627116,0.000000,0.185117,0.185117,0.012001,0.615115,0.235880,0.137396,inf,nan,0.000000,0.137396,0.137396,0.137396,0.041218,0.008244,0.151024,0.045307,0.009061,-0.000000,0.000000,0.000024,1,4
1780631043.220800,dhocbf_fixed,-0.000003,45.000004,0.000003,-0.000016,-1.125470,0.000000,45.000000,0.000000,45.000000,-0.000006,0.000054,0.167511,1,14.810802,0.271523,0.268324,0.165198,0.165198,0.620000,0.000000,0.165198,0.165198,0.012001,0.607999,0.235880,0.137395,inf,nan,0.000000,0.137395,0.137395,0.137395,0.041218,0.008244,0.151023,0.045307,0.009061,-0.000000,0.000000,0.000017,1,4
1780631043.313325,dhocbf_fixed,-0.000003,45.000003,0.000003,-0.000011,-0.978245,0.000000,45.000000,0.000000,45.000000,-0.000006,0.000042,0.143902,1,15.065461,0.271522,0.253663,0.148384,0.148384,0.620000,0.000000,0.148384,0.148384,0.012000,0.608000,0.235880,0.137395,inf,nan,0.000000,0.137395,0.137395,0.137395,0.041218,0.008244,0.151023,0.045307,0.009062,-0.000000,0.000000,0.000011,1,4
1780631043.424458,dhocbf_fixed,-0.000003,45.000002,0.000002,-0.000007,-0.818590,0.000000,45.000000,0.000000,45.000000,-0.000005,0.000030,0.119693,1,9.795707,0.271522,0.246214,0.134745,0.134745,0.620000,0.000000,0.134745,0.134745,0.012000,0.608000,0.235880,0.137395,inf,nan,0.000000,0.137395,0.137395,0.137395,0.041218,0.008244,0.151023,0.045307,0.009062,-0.000000,0.000000,0.000007,1,4
1780631043.512791,dhocbf_fixed,-0.000003,45.000001,0.000001,-0.000004,-0.656288,0.000000,45.000000,0.000000,45.000000,-0.000004,0.000021,0.095202,1,14.916338,0.271521,0.237785,0.126015,0.126015,0.620000,0.000000,0.126015,0.126015,0.012000,0.608000,0.235879,0.137395,inf,nan,0.000000,0.137395,0.137395,0.137395,0.041218,0.008244,0.151023,0.045307,0.009062,-0.000000,0.000000,0.000004,1,4
1780631043.615653,dhocbf_fixed,-0.000003,45.000001,0.000001,-0.000002,-0.512322,0.000000,45.000000,0.000000,45.000000,-0.000003,0.000013,0.072793,1,14.955543,0.271521,0.231319,0.122724,0.122724,0.620000,0.000000,0.122724,0.122724,0.012000,0.608000,0.235879,0.137395,inf,nan,0.000000,0.137395,0.137395,0.137395,0.041218,0.008244,0.151023,0.045307,0.009062,-0.000000,0.000000,0.000002,1,4
1780631043.713297,dhocbf_fixed,-0.000003,45.000001,0.000001,-0.000000,-0.404369,0.000000,45.000000,0.000000,45.000000,-0.000003,0.000008,0.054970,1,14.920546,0.271521,0.232039,0.123089,0.123089,0.620000,0.000000,0.123089,0.123089,0.012000,0.608000,0.235879,0.137395,inf,nan,0.000000,0.137395,0.137395,0.137395,0.041218,0.008244,0.151023,0.045307,0.009062,-0.000000,0.000000,0.000001,1,4
1780631043.814265,dhocbf_fixed,-0.000002,45.000001,0.000000,0.000000,-0.338435,0.000000,45.000000,0.000000,45.000000,-0.000002,0.000004,0.042983,1,13.885607,0.271521,0.234831,0.124508,0.124508,0.620000,0.000000,0.124508,0.124508,0.012000,0.608000,0.235879,0.137395,inf,nan,0.000000,0.137395,0.137395,0.137395,0.041218,0.008244,0.151023,0.045307,0.009062,-0.000000,0.000000,0.000000,1,4
1780631043.903675,dhocbf_fixed,-0.000002,45.000001,0.000000,0.000001,-0.310070,0.000000,45.000000,0.000000,45.000000,-0.000001,0.000002,0.036622,1,7.618824,0.271521,0.236567,0.125393,0.125393,0.620000,0.000000,0.125393,0.125393,0.012000,0.608000,0.235879,0.137395,inf,nan,0.000000,0.137395,0.137395,0.137395,0.041218,0.008244,0.151023,0.045307,0.009062,-0.000000,0.000000,0.000001,1,4
1780631044.018944,dhocbf_fixed,-0.000002,45.000001,0.000000,0.000001,-0.309475,0.000000,45.000000,0.000000,45.000000,-0.000001,-0.000000,0.034732,1,14.677421,0.271521,0.236607,0.125413,0.125413,0.620000,0.000000,0.125413,0.125413,0.012000,0.608000,0.235879,0.137395,inf,nan,0.000000,0.137395,0.137395,0.137395,0.041218,0.008244,0.151023,0.045307,0.009062,-0.000000,0.000000,0.000001,1,4
1780631044.112864,dhocbf_fixed,-0.000002,45.000001,0.000000,0.000001,-0.325998,0.000000,45.000000,0.000000,45.000000,0.000000,-0.000001,0.035836,1,14.840696,0.275971,0.239993,0.129299,0.129299,0.620000,0.000000,0.129299,0.129299,0.012000,0.608000,0.240305,0.141782,inf,nan,0.000000,0.141782,0.141782,0.141782,0.042535,0.008507,0.155477,0.046643,0.009329,-0.000000,0.000000,0.000001,1,4
1780631044.221789,dhocbf_fixed,-0.000002,45.000001,0.000000,0.000001,-0.350722,0.000000,45.000000,0.000000,45.000000,0.000000,-0.000001,0.038575,1,14.494616,0.275971,0.238622,0.128600,0.128600,0.620000,0.000000,0.128600,0.128600,0.012000,0.608000,0.240305,0.141782,inf,nan,0.000000,0.141782,0.141782,0.141782,0.042535,0.008507,0.155477,0.046643,0.009329,-0.000000,0.000000,0.000001,1,4
1780631044.313216,dhocbf_fixed,-0.000002,45.000001,0.000000,0.000001,-0.377327,0.000000,45.000000,0.000000,45.000000,0.000000,-0.000001,0.041909,1,15.384120,0.275971,0.237420,0.127987,0.127987,0.620000,0.000000,0.127987,0.127987,0.012000,0.608000,0.240305,0.141782,inf,nan,0.000000,0.141782,0.141782,0.141782,0.042535,0.008507,0.155477,0.046643,0.009329,-0.000000,0.000000,0.000001,1,4
1780631044.420439,dhocbf_fixed,-0.000002,45.000001,0.000000,0.000000,-0.402055,0.000000,45.000000,0.000000,45.000000,-0.000000,-0.000001,0.045167,1,14.543250,0.275971,0.236559,0.127549,0.127549,0.620000,0.000000,0.127549,0.127549,0.012000,0.608000,0.240306,0.141782,inf,nan,0.000000,0.141782,0.141782,0.141782,0.042535,0.008507,0.155477,0.046643,0.009329,-0.000000,0.000000,0.000000,1,4
1780631044.513310,dhocbf_fixed,-0.000002,45.000001,0.000000,0.000000,-0.423130,0.000000,45.000000,0.000000,45.000000,-0.000000,-0.000001,0.047986,1,15.072579,0.275971,0.236022,0.127276,0.127276,0.620000,0.000000,0.127276,0.127276,0.012000,0.608000,0.240306,0.141782,inf,nan,0.000000,0.141782,0.141782,0.141782,0.042535,0.008507,0.155477,0.046643,0.009329,-0.000000,0.000000,0.000000,1,4
1780631044.622700,dhocbf_fixed,-0.000002,45.000001,0.000000,0.000000,-0.440013,0.000000,45.000000,0.000000,45.000000,-0.000000,-0.000001,0.050222,1,17.839823,0.275971,0.235723,0.127124,0.127124,0.620000,0.000000,0.127124,0.127124,0.012000,0.608000,0.240306,0.141782,inf,nan,0.000000,0.141782,0.141782,0.141782,0.042535,0.008507,0.155477,0.046643,0.009329,-0.000000,0.000000,0.000000,1,4
1780631044.701494,dhocbf_fixed,-0.000002,45.000001,0.000000,0.000000,-0.452857,0.000000,45.000000,0.000000,45.000000,-0.000000,-0.000001,0.051858,1,4.711529,0.275971,0.235574,0.127048,0.127048,0.620000,0.000000,0.127048,0.127048,0.012000,0.608000,0.240306,0.141782,inf,nan,0.000000,0.141782,0.141782,0.141782,0.042535,0.008507,0.155477,0.046643,0.009329,-0.000000,0.000000,0.000000,1,4
1780631044.810182,dhocbf_fixed,-0.000002,45.000001,0.000000,0.000000,-0.462168,0.000000,45.000000,0.000000,45.000000,-0.000000,-0.000000,0.052948,1,3.250025,0.275971,0.235509,0.127015,0.127015,0.620000,0.000000,0.127015,0.127015,0.012000,0.608000,0.240306,0.141782,inf,nan,0.000000,0.141782,0.141782,0.141782,0.042535,0.008507,0.155477,0.046643,0.009329,-0.000000,0.000000,0.000000,1,4
1780631044.913792,dhocbf_fixed,-0.000002,45.000001,0.000000,0.000000,-0.468582,0.000000,45.000000,0.000000,45.000000,-0.000000,-0.000000,0.053580,1,15.117193,0.275971,0.235484,0.127003,0.127003,0.620000,0.000000,0.127003,0.127003,0.012000,0.608000,0.240306,0.141782,inf,nan,0.000000,0.141782,0.141782,0.141782,0.042535,0.008507,0.155477,0.046643,0.009329,-0.000000,0.000000,0.000000,1,4
1780631045.019810,dhocbf_fixed,-0.000002,45.000001,0.000000,0.000000,-0.472744,0.000000,45.000000,0.000000,45.000000,-0.000000,-0.000000,0.053848,1,14.276708,0.275971,0.235477,0.126999,0.126999,0.620000,0.000000,0.126999,0.126999,0.012000,0.608000,0.240306,0.141782,inf,nan,0.000000,0.141782,0.141782,0.141782,0.042535,0.008507,0.155477,0.046643,0.009329,-0.000000,0.000000,0.000000,1,4
1780631045.112789,dhocbf_fixed,-0.000002,45.000001,0.000000,-0.000000,-0.475236,0.000000,45.000000,0.000000,45.000000,0.000021,-0.000011,0.053841,1,15.043985,inf,inf,inf,inf,inf,0.000000,inf,inf,0.012000,inf,inf,inf,inf,nan,0.000000,inf,inf,inf,inf,inf,1382.293980,414.688194,82.937639,-0.000000,0.000000,0.000000,0,4
1780631045.209205,dhocbf_fixed,-0.000002,45.000001,0.000002,-0.000001,-0.476550,0.000000,45.000000,0.000000,45.000000,0.000013,-0.000007,0.053638,1,4.587628,inf,inf,inf,inf,inf,0.000000,inf,inf,0.012000,inf,inf,inf,inf,nan,0.000000,inf,inf,inf,inf,inf,1382.293980,414.688194,82.937639,-0.000000,0.000000,0.000002,0,4
1780631045.301127,dhocbf_fixed,-0.000002,45.000001,0.000003,-0.000002,-0.477148,0.000000,45.000000,0.000000,45.000000,0.000004,-0.000002,0.053308,1,4.583344,inf,inf,inf,inf,inf,0.000000,inf,inf,0.012000,inf,inf,inf,inf,nan,0.000000,inf,inf,inf,inf,inf,1382.293980,414.688194,82.937639,-0.000000,0.000000,0.000004,0,4
1780631045.421473,dhocbf_fixed,-0.000002,45.000001,0.000004,-0.000002,-0.477400,0.000000,45.000000,0.000000,45.000000,-0.000002,0.000001,0.052912,1,15.216572,inf,inf,inf,inf,inf,0.000000,inf,inf,0.012000,inf,inf,inf,inf,nan,0.000000,inf,inf,inf,inf,inf,1382.293980,414.688194,82.937639,-0.000000,0.000000,0.000004,0,4
1780631045.512477,dhocbf_fixed,-0.000001,45.000001,0.000004,-0.000002,-0.477489,0.000000,45.000000,0.000000,45.000000,-0.000005,0.000002,0.052483,1,15.424919,inf,inf,inf,inf,inf,0.000000,inf,inf,0.012000,inf,inf,inf,inf,nan,0.000000,inf,inf,inf,inf,inf,1382.293980,414.688194,82.937639,-0.000000,0.000000,0.000004,0,4
1780631045.619627,dhocbf_fixed,-0.000001,45.000000,0.000003,-0.000002,-0.477496,0.000000,45.000000,0.000000,45.000000,-0.000006,0.000003,0.052041,1,14.842409,inf,inf,inf,inf,inf,0.000000,inf,inf,0.012000,inf,inf,inf,inf,nan,0.000000,inf,inf,inf,inf,inf,1382.293980,414.688194,82.937639,-0.000000,0.000000,0.000004,0,4
1780631045.713019,dhocbf_fixed,-0.000001,45.000000,0.000003,-0.000001,-0.477453,0.000000,45.000000,0.000000,45.000000,-0.000006,0.000003,0.051592,1,15.404632,inf,inf,inf,inf,inf,0.000000,inf,inf,0.012000,inf,inf,inf,inf,nan,0.000000,inf,inf,inf,inf,inf,1382.293980,414.688194,82.937639,-0.000000,0.000000,0.000003,0,4
1780631045.820753,dhocbf_fixed,-0.000000,45.000000,0.000002,-0.000001,-0.477362,0.000000,45.000000,0.000000,45.000000,-0.000005,0.000003,0.051139,1,15.384758,inf,inf,inf,inf,inf,0.000000,inf,inf,0.012000,inf,inf,inf,inf,nan,0.000000,inf,inf,inf,inf,inf,1382.293980,414.688194,82.937639,-0.000000,0.000000,0.000002,0,4
1780631045.912240,dhocbf_fixed,-0.000000,45.000000,0.000001,-0.000001,-0.477202,0.000000,45.000000,0.000000,45.000000,-0.000004,0.000002,0.050681,1,15.256675,inf,inf,inf,inf,inf,0.000000,inf,inf,0.012000,inf,inf,inf,inf,nan,0.000000,inf,inf,inf,inf,inf,1382.293980,414.688194,82.937639,-0.000000,0.000000,0.000002,0,4
1780631046.018337,dhocbf_fixed,-0.000000,45.000000,0.000001,-0.000001,-0.476914,0.000000,45.000000,0.000000,45.000000,-0.000004,0.000002,0.050210,1,12.730803,inf,inf,inf,inf,inf,0.000000,inf,inf,0.012000,inf,inf,inf,inf,nan,0.000000,inf,inf,inf,inf,inf,1382.293980,414.688194,82.937639,-0.000000,0.000000,0.000001,0,4
1780631046.112293,dhocbf_fixed,-0.000000,45.000000,0.000001,-0.000000,-0.476328,0.000000,45.000000,0.000000,45.000000,-0.000003,0.000001,0.049707,1,15.091125,inf,inf,inf,inf,inf,0.000000,inf,inf,0.012000,inf,inf,inf,inf,nan,0.000000,inf,inf,inf,inf,inf,1382.293980,414.688194,82.937639,-0.000000,0.000000,0.000001,0,4
1780631046.220153,dhocbf_fixed,-0.000000,45.000000,0.000000,-0.000000,-0.474771,0.000000,45.000000,0.000000,45.000000,-0.000002,0.000001,0.049093,1,14.767191,inf,inf,inf,inf,inf,0.000000,inf,inf,0.012000,inf,inf,inf,inf,nan,0.000000,inf,inf,inf,inf,inf,1382.293980,414.688194,82.937639,-0.000000,0.000000,0.000000,0,4
1780631046.311223,dhocbf_fixed,0.000000,45.000000,0.000000,-0.000000,-0.463396,0.000000,45.000000,0.000000,45.000000,-0.000001,0.000001,0.047387,1,13.567227,inf,inf,inf,inf,inf,0.000000,inf,inf,0.012000,inf,inf,inf,inf,nan,0.000000,inf,inf,inf,inf,inf,1382.293980,414.688194,82.937639,-0.000000,0.000000,0.000000,0,4
1780631046.418703,dhocbf_fixed,0.000000,45.000000,0.000000,-0.000000,-0.113396,0.000000,45.000000,0.000000,45.000000,-0.000001,0.000000,0.008548,1,15.162213,inf,inf,inf,inf,inf,0.000000,inf,inf,0.012000,inf,inf,inf,inf,nan,0.000000,inf,inf,inf,inf,inf,1382.293980,414.688194,82.937639,-0.000000,0.000000,0.000000,0,4
1780631046.501638,dhocbf_fixed,0.000000,45.000000,0.000000,-0.000000,0.236604,0.000000,45.000000,0.000000,45.000000,-0.000000,0.000000,-0.039327,1,5.313164,inf,inf,inf,inf,inf,0.000000,inf,inf,0.012000,inf,inf,inf,inf,nan,0.000000,inf,inf,inf,inf,inf,1382.293980,414.688194,82.937639,-0.000000,0.000000,0.000000,0,4
1780631046.609027,dhocbf_fixed,0.000000,45.000000,-0.000000,0.000000,0.586604,0.000000,45.000000,0.000000,45.000000,-0.000000,0.000000,-0.089153,1,4.878744,inf,inf,inf,inf,inf,0.000000,inf,inf,0.012000,inf,inf,inf,inf,nan,0.000000,inf,inf,inf,inf,inf,1382.293980,414.688194,82.937639,-0.000000,0.000000,0.000000,0,4
1780631046.713129,dhocbf_fixed,0.000000,45.000000,-0.000000,0.000000,0.936604,0.000000,45.000000,0.000000,45.000000,-0.000000,0.000000,-0.139148,1,15.698949,inf,inf,inf,inf,inf,0.000000,inf,inf,0.012000,inf,inf,inf,inf,nan,0.000000,inf,inf,inf,inf,inf,1382.293980,414.688194,82.937639,-0.000000,0.000000,0.000000,0,4
1780631046.808727,dhocbf_fixed,0.000000,45.000000,-0.000000,0.000000,1.286604,0.000000,45.000000,0.000000,45.000000,0.000000,-0.000000,-0.188866,1,4.279819,inf,inf,inf,inf,inf,0.000000,inf,inf,0.012000,inf,inf,inf,inf,nan,0.000000,inf,inf,inf,inf,inf,1382.293980,414.688194,82.937639,-0.000000,0.000000,0.000000,0,4
1780631046.913111,dhocbf_fixed,0.000000,45.000000,-0.000000,0.000000,1.636604,0.000000,45.000000,0.000000,45.000000,0.000000,-0.000000,-0.238197,1,15.343924,inf,inf,inf,inf,inf,0.000000,inf,inf,0.012000,inf,inf,inf,inf,nan,0.000000,inf,inf,inf,inf,inf,1382.293980,414.688194,82.937639,-0.000000,0.000000,0.000000,0,4
1780631047.019601,dhocbf_fixed,0.000000,45.000000,-0.000000,0.000000,1.986604,0.000000,45.000000,0.000000,45.000000,0.000000,-0.000000,-0.287117,1,14.733709,inf,inf,inf,inf,inf,0.000000,inf,inf,0.012000,inf,inf,inf,inf,nan,0.000000,inf,inf,inf,inf,inf,1382.293980,414.688194,82.937639,-0.000000,0.000000,0.000000,0,4
1780631047.102123,dhocbf_fixed,0.000000,45.000000,-0.000000,0.000000,2.336604,0.000000,45.000000,0.000000,45.000000,0.000000,-0.000000,-0.335624,1,5.881279,inf,inf,inf,inf,inf,0.000000,inf,inf,0.012000,inf,inf,inf,inf,nan,0.000000,inf,inf,inf,inf,inf,1382.293980,414.688194,82.937639,-0.000000,0.000000,0.000000,0,4
1780631047.221232,dhocbf_fixed,0.000000,45.000000,-0.000000,0.000000,2.503416,0.000000,45.000000,0.000000,45.000000,0.000000,-0.000000,-0.363770,1,14.966281,inf,inf,inf,inf,inf,0.000000,inf,inf,0.012000,inf,inf,inf,inf,nan,0.000000,inf,inf,inf,inf,inf,1382.293980,414.688194,82.937639,-0.000000,0.000000,0.000000,0,4
1780631047.301431,dhocbf_fixed,0.000000,45.000000,-0.000000,0.000000,2.571504,0.000000,45.000000,0.000000,45.000000,0.000000,-0.000000,-0.375892,1,5.192526,inf,inf,inf,inf,inf,0.000000,inf,inf,0.012000,inf,inf,inf,inf,nan,0.000000,inf,inf,inf,inf,inf,1382.293980,414.688194,82.937639,-0.000000,0.000000,0.000000,0,4
1780631047.421236,dhocbf_fixed,0.000000,45.000000,-0.000000,0.000000,2.588848,0.000000,45.000000,0.000000,45.000000,0.000000,-0.000000,-0.378403,1,14.727600,inf,inf,inf,inf,inf,0.000000,inf,inf,0.012000,inf,inf,inf,inf,nan,0.000000,inf,inf,inf,inf,inf,1382.293980,414.688194,82.937639,-0.000000,0.000000,0.000000,0,4
1780631047.501909,dhocbf_fixed,0.000000,45.000000,-0.000000,0.000000,2.567042,0.000000,45.000000,0.000000,45.000000,0.000000,-0.000000,-0.374230,1,5.048822,inf,inf,inf,inf,inf,0.000000,inf,inf,0.012000,inf,inf,inf,inf,nan,0.000000,inf,inf,inf,inf,inf,1382.293980,414.688194,82.937639,-0.000000,0.000000,0.000000,0,4
1780631047.623566,dhocbf_fixed,-0.000000,45.000000,-0.000000,0.000000,2.465916,0.000000,45.000000,0.000000,45.000000,0.000000,-0.000000,-0.359773,1,14.909402,inf,inf,inf,inf,inf,0.000000,inf,inf,0.012000,inf,inf,inf,inf,nan,0.000000,inf,inf,inf,inf,inf,1382.293980,414.688194,82.937639,-0.000000,0.000000,0.000000,0,4
1780631047.712501,dhocbf_fixed,-0.000000,45.000000,-0.000000,0.000000,2.115916,0.000000,45.000000,0.000000,45.000000,0.000000,-0.000000,-0.315736,1,15.293765,inf,inf,inf,inf,inf,0.000000,inf,inf,0.012000,inf,inf,inf,inf,nan,0.000000,inf,inf,inf,inf,inf,1382.293980,414.688194,82.937639,-0.000000,0.000000,0.000000,0,4
1780631047.820279,dhocbf_fixed,-0.000000,45.000000,-0.000000,0.000000,1.765916,0.000000,45.000000,0.000000,45.000000,0.000000,-0.000000,-0.264591,1,14.786337,inf,inf,inf,inf,inf,0.000000,inf,inf,0.012000,inf,inf,inf,inf,nan,0.000000,inf,inf,inf,inf,inf,1382.293980,414.688194,82.937639,-0.000000,0.000000,0.000000,0,4
1780631047.901393,dhocbf_fixed,-0.000000,45.000000,-0.000000,0.000000,1.415916,0.000000,45.000000,0.000000,45.000000,0.000000,-0.000000,-0.211998,1,5.156727,inf,inf,inf,inf,inf,0.000000,inf,inf,0.012000,inf,inf,inf,inf,nan,0.000000,inf,inf,inf,inf,inf,1382.293980,414.688194,82.937639,-0.000000,0.000000,0.000000,0,4
1780631048.018967,dhocbf_fixed,-0.000000,45.000000,0.000000,-0.000000,1.065916,0.000000,45.000000,0.000000,45.000000,0.000000,-0.000000,-0.159380,1,13.656466,inf,inf,inf,inf,inf,0.000000,inf,inf,0.012000,inf,inf,inf,inf,nan,0.000000,inf,inf,inf,inf,inf,1382.293980,414.688194,82.937639,-0.000000,0.000000,0.000000,0,4
1780631048.112633,dhocbf_fixed,-0.000000,45.000000,0.000000,-0.000000,0.715916,0.000000,45.000000,0.000000,45.000000,0.000000,-0.000000,-0.107095,1,15.198968,inf,inf,inf,inf,inf,0.000000,inf,inf,0.012000,inf,inf,inf,inf,nan,0.000000,inf,inf,inf,inf,inf,1382.293980,414.688194,82.937639,-0.000000,0.000000,0.000000,0,4
1780631048.199108,dhocbf_fixed,-0.000000,45.000000,0.000000,-0.000000,0.365916,0.000000,45.000000,0.000000,45.000000,-0.000000,0.000000,-0.055228,1,4.022890,inf,inf,inf,inf,inf,0.000000,inf,inf,0.012000,inf,inf,inf,inf,nan,0.000000,inf,inf,inf,inf,inf,1382.293980,414.688194,82.937639,-0.000000,0.000000,0.000000,0,4
1780631048.297096,dhocbf_fixed,-0.000000,45.000000,0.000000,-0.000000,0.152205,0.000000,45.000000,0.000000,45.000000,-0.000000,0.000000,-0.018637,1,3.732255,inf,inf,inf,inf,inf,0.000000,inf,inf,0.012000,inf,inf,inf,inf,nan,0.000000,inf,inf,inf,inf,inf,1382.293980,414.688194,82.937639,-0.000000,0.000000,0.000000,0,4
1780631048.396574,dhocbf_fixed,-0.000000,45.000000,0.000000,-0.000000,0.104723,0.000000,45.000000,0.000000,45.000000,-0.000000,0.000000,-0.004199,1,3.405292,inf,inf,inf,inf,inf,0.000000,inf,inf,0.012000,inf,inf,inf,inf,nan,0.000000,inf,inf,inf,inf,inf,1382.293980,414.688194,82.937639,-0.000000,0.000000,0.000000,0,4
1780631048.501532,dhocbf_fixed,-0.000000,45.000000,0.000000,-0.000000,0.144173,0.000000,45.000000,0.000000,45.000000,-0.000000,0.000000,-0.004858,1,5.324296,inf,inf,inf,inf,inf,0.000000,inf,inf,0.012000,inf,inf,inf,inf,nan,0.000000,inf,inf,inf,inf,inf,1382.293980,414.688194,82.937639,-0.000000,0.000000,0.000000,0,4
1780631048.618576,dhocbf_fixed,-0.000000,45.000000,0.000000,-0.000000,0.231138,0.000000,45.000000,0.000000,45.000000,-0.000000,0.000000,-0.014461,1,16.747530,inf,inf,inf,inf,inf,0.000000,inf,inf,0.012000,inf,inf,inf,inf,nan,0.000000,inf,inf,inf,inf,inf,1382.293980,414.688194,82.937639,-0.000000,0.000000,0.000000,0,4
1780631048.712530,dhocbf_fixed,-0.000000,45.000000,0.000000,-0.000000,0.341036,0.000000,45.000000,0.000000,45.000000,-0.000000,0.000000,-0.028735,1,15.278646,inf,inf,inf,inf,inf,0.000000,inf,inf,0.012000,inf,inf,inf,inf,nan,0.000000,inf,inf,inf,inf,inf,1382.293980,414.688194,82.937639,-0.000000,0.000000,0.000000,0,4
1780631048.816932,dhocbf_fixed,-0.000000,45.000000,0.000000,-0.000000,0.454855,0.000000,45.000000,0.000000,45.000000,-0.000000,0.000000,-0.044512,1,12.721091,inf,inf,inf,inf,inf,0.000000,inf,inf,0.012000,inf,inf,inf,inf,nan,0.000000,inf,inf,inf,inf,inf,1382.293980,414.688194,82.937639,-0.000000,0.000000,0.000000,0,4
1780631048.909947,dhocbf_fixed,-0.000000,45.000000,0.000000,-0.000000,0.558244,0.000000,45.000000,0.000000,45.000000,-0.000000,0.000000,-0.059429,1,13.116512,inf,inf,inf,inf,inf,0.000000,inf,inf,0.012000,inf,inf,inf,inf,nan,0.000000,inf,inf,inf,inf,inf,1382.293980,414.688194,82.937639,-0.000000,0.000000,0.000000,0,4
1780631049.009587,dhocbf_fixed,-0.000000,45.000000,0.000000,-0.000000,0.642765,0.000000,45.000000,0.000000,45.000000,-0.000000,0.000000,-0.071981,1,4.344220,inf,inf,inf,inf,inf,0.000000,inf,inf,0.012000,inf,inf,inf,inf,nan,0.000000,inf,inf,inf,inf,inf,1382.293980,414.688194,82.937639,-0.000000,0.000000,0.000000,0,4
1780631049.100112,dhocbf_fixed,-0.000000,45.000000,0.000000,-0.000000,0.705724,0.000000,45.000000,0.000000,45.000000,-0.000000,0.000000,-0.081513,1,5.633260,inf,inf,inf,inf,inf,0.000000,inf,inf,0.012000,inf,inf,inf,inf,nan,0.000000,inf,inf,inf,inf,inf,1382.293980,414.688194,82.937639,-0.000000,0.000000,0.000000,0,4
1780631049.226023,dhocbf_fixed,-0.000000,45.000000,0.000000,-0.000000,0.748513,0.000000,45.000000,0.000000,45.000000,-0.000000,0.000000,-0.088033,1,9.192981,inf,inf,inf,inf,inf,0.000000,inf,inf,0.012000,inf,inf,inf,inf,nan,0.000000,inf,inf,inf,inf,inf,1382.293980,414.688194,82.937639,-0.000000,0.000000,0.000000,0,4
1780631049.312573,dhocbf_fixed,-0.000000,45.000000,-0.000000,0.000000,0.774673,0.000000,45.000000,0.000000,45.000000,-0.000000,0.000000,-0.091947,1,14.783475,inf,inf,inf,inf,inf,0.000000,inf,inf,0.012000,inf,inf,inf,inf,nan,0.000000,inf,inf,inf,inf,inf,1382.293980,414.688194,82.937639,-0.000000,0.000000,0.000000,0,4
1780631049.419017,dhocbf_fixed,-0.000000,45.000000,-0.000000,0.000000,0.788352,0.000000,45.000000,0.000000,45.000000,-0.000000,0.000000,-0.093826,1,14.465576,inf,inf,inf,inf,inf,0.000000,inf,inf,0.012000,inf,inf,inf,inf,nan,0.000000,inf,inf,inf,inf,inf,1382.293980,414.688194,82.937639,-0.000000,0.000000,0.000000,0,4
1780631049.512082,dhocbf_fixed,-0.000000,45.000000,-0.000000,0.000000,0.793441,0.000000,45.000000,0.000000,45.000000,-0.000000,0.000000,-0.094249,1,14.936602,inf,inf,inf,inf,inf,0.000000,inf,inf,0.012000,inf,inf,inf,inf,nan,0.000000,inf,inf,inf,inf,inf,1382.293980,414.688194,82.937639,-0.000000,0.000000,0.000000,0,4
1780631049.614507,dhocbf_fixed,-0.000000,45.000000,-0.000000,0.000000,0.793116,0.000000,45.000000,0.000000,45.000000,0.000000,-0.000000,-0.093715,1,14.936738,inf,inf,inf,inf,inf,0.000000,inf,inf,0.012000,inf,inf,inf,inf,nan,0.000000,inf,inf,inf,inf,inf,1382.293980,414.688194,82.937639,-0.000000,0.000000,0.000000,0,4
1780631049.701216,dhocbf_fixed,-0.000000,45.000000,-0.000000,0.000000,0.789786,0.000000,45.000000,0.000000,45.000000,0.000000,-0.000000,-0.092619,1,4.948529,inf,inf,inf,inf,inf,0.000000,inf,inf,0.012000,inf,inf,inf,inf,nan,0.000000,inf,inf,inf,inf,inf,1382.293980,414.688194,82.937639,-0.000000,0.000000,0.000000,0,4
1780631049.821364,dhocbf_fixed,-0.000000,45.000000,-0.000000,0.000000,0.785120,0.000000,45.000000,0.000000,45.000000,0.000000,-0.000000,-0.091243,1,14.766755,inf,inf,inf,inf,inf,0.000000,inf,inf,0.012000,inf,inf,inf,inf,nan,0.000000,inf,inf,inf,inf,inf,1382.293980,414.688194,82.937639,-0.000000,0.000000,0.000000,0,4
1780631049.901443,dhocbf_fixed,-0.000000,45.000000,-0.000000,0.000000,0.780189,0.000000,45.000000,0.000000,45.000000,0.000000,-0.000000,-0.089778,1,4.596173,inf,inf,inf,inf,inf,0.000000,inf,inf,0.012000,inf,inf,inf,inf,nan,0.000000,inf,inf,inf,inf,inf,1382.293980,414.688194,82.937639,-0.000000,0.000000,0.000000,0,4
1780631050.020958,dhocbf_fixed,-0.000000,45.000000,-0.000000,0.000000,0.775632,0.000000,45.000000,0.000000,45.000000,0.000000,-0.000000,-0.088340,1,15.135906,inf,inf,inf,inf,inf,0.000000,inf,inf,0.012000,inf,inf,inf,inf,nan,0.000000,inf,inf,inf,inf,inf,1382.293980,414.688194,82.937639,-0.000000,0.000000,0.000000,0,4
1780631050.107196,dhocbf_fixed,-0.000000,45.000000,-0.000000,0.000000,0.771743,0.000000,45.000000,0.000000,45.000000,0.000000,-0.000000,-0.086991,1,9.983744,inf,inf,inf,inf,inf,0.000000,inf,inf,0.012000,inf,inf,inf,inf,nan,0.000000,inf,inf,inf,inf,inf,1382.293980,414.688194,82.937639,-0.000000,0.000000,0.000000,0,4
1780631050.209388,dhocbf_fixed,-0.000000,45.000000,-0.000000,0.000000,0.768630,0.000000,45.000000,0.000000,45.000000,0.000000,-0.000000,-0.085757,1,5.003639,inf,inf,inf,inf,inf,0.000000,inf,inf,0.012000,inf,inf,inf,inf,nan,0.000000,inf,inf,inf,inf,inf,1382.293980,414.688194,82.937639,-0.000000,0.000000,0.000000,0,4
1780631050.301083,dhocbf_fixed,-0.000000,45.000000,-0.000000,0.000000,0.766265,0.000000,45.000000,0.000000,45.000000,0.000000,-0.000000,-0.084642,1,4.995624,inf,inf,inf,inf,inf,0.000000,inf,inf,0.012000,inf,inf,inf,inf,nan,0.000000,inf,inf,inf,inf,inf,1382.293980,414.688194,82.937639,-0.000000,0.000000,0.000000,0,4
