time_s,controller,x,y,vx,vy,yaw,ref_x,ref_y,goal_x,goal_y,ux,uy,alpha,feasible,solve_ms,clearance_m,d_lower_min,c_body,barrier,gamma_ref,recovery_energy,recoverable_margin,h_R,dynamic_reserve,recoverability_delta,pred_min_d_lower,pred_min_c_body,pred_min_gamma,pred_max_recovery_energy,pred_max_dynamic_reserve,pred_min_delta,pred_min_h_R,pred_min_psi0,pred_min_psi1,pred_min_psi2,pred_min_psi0_constraint,pred_min_psi1_constraint,pred_min_psi2_constraint,solver_constraint_margin,max_safety_slack,speed_mps,obstacle_count,guide_points
1780645019.391117,nmpc_dc,0.000000,-50.000000,0.000000,0.000000,1.570800,0.000000,-48.400000,0.000000,45.000000,0.000000,7.999991,-0.171058,1,3.511801,1.474568,1.197229,1.080603,1.080603,1.911334,0.016640,1.080603,1.080603,0.012000,1.882694,1.434568,1.346568,inf,nan,0.000000,1.346568,1.346568,1.346568,0.442297,0.177064,1.346568,0.442297,0.177064,-0.000000,0.000000,0.000000,10,2
1780645019.531511,nmpc_dc,0.000000,-50.000000,0.000000,0.000000,1.570800,0.000000,-48.400000,0.000000,45.000000,0.000000,7.999992,-0.212728,1,3.482128,1.473259,1.195793,1.079056,1.079056,1.910707,0.016640,1.079056,1.079056,0.012000,1.882067,1.433259,1.345259,inf,nan,0.000000,1.345259,1.345259,1.345259,0.441922,0.177024,1.345259,0.441922,0.177024,-0.000000,0.000000,0.000000,10,2
1780645019.602959,nmpc_dc,0.000000,-49.960000,0.000000,0.799999,1.570799,0.000000,-48.360000,0.000000,45.000000,0.000000,7.999979,-0.221782,1,6.874164,1.509571,1.231389,1.115698,1.115698,1.930254,0.017408,1.115698,1.115698,0.041600,1.871246,1.469571,1.381571,inf,nan,0.000000,1.381571,1.381571,1.381571,0.529980,0.202005,1.381571,0.529980,0.202005,-0.000000,0.000000,0.799999,10,2
1780645019.702589,nmpc_dc,0.000000,-49.840000,0.000000,1.599997,1.570798,0.000000,-48.240000,0.000000,45.000000,0.000000,7.750965,-0.222624,1,2.280093,2.238512,1.964229,1.850125,1.850125,0.851341,0.019712,0.757229,0.757229,0.074400,0.757229,0.884064,0.796064,inf,nan,0.000000,0.796064,0.796064,0.796064,0.183820,-0.008567,0.796064,0.183820,-0.008567,-0.000000,0.000000,1.599997,10,2
1780645019.794162,nmpc_dc,0.000000,-49.641246,0.000000,2.375094,1.570798,0.000000,-48.041246,0.000000,45.000000,0.000000,4.292071,-0.221408,1,2.282034,2.493877,2.231818,2.123238,2.123238,0.905389,0.023409,0.772749,0.772749,0.109231,0.772749,1.002953,0.914953,inf,nan,0.000000,0.914953,0.914953,0.914953,0.192698,-0.003389,0.914953,0.192698,-0.003389,-0.000000,0.000000,2.375094,10,2
1780645019.903631,nmpc_dc,0.000000,-49.382276,0.000000,2.804301,1.570797,0.000000,-47.782276,0.000000,45.000000,0.000000,2.126361,-0.219684,1,3.137185,2.073419,1.794221,1.679320,1.679320,1.679646,0.026077,1.523636,1.523636,0.129811,1.523759,2.033419,1.945419,inf,nan,0.000000,1.945419,1.945419,1.945419,0.642649,-0.049202,1.945419,0.642649,-0.049202,-0.000000,0.000000,2.804301,10,0
1780645020.153382,nmpc_dc,0.000000,-49.091214,0.000000,3.016937,1.570797,0.000000,-47.491214,0.000000,45.000000,0.000000,1.019385,-0.217845,1,2.707025,2.365208,2.097646,1.981647,1.981647,1.738288,0.027562,1.570378,1.570378,0.140348,1.570378,2.296208,2.208208,inf,nan,0.000000,2.208208,2.208208,2.208208,0.642162,0.157497,2.208208,0.642162,0.157497,-0.000000,0.000000,3.016937,10,2
1780645020.168756,nmpc_dc,0.000000,-49.091214,0.000000,3.016937,1.570797,0.000000,-47.491214,0.000000,45.000000,0.000000,0.936022,-0.215989,1,2.508859,2.362677,2.094741,1.979201,1.979201,1.735371,0.027562,1.567461,1.567461,0.140348,1.567461,2.292928,2.204928,inf,nan,0.000000,2.204928,2.204928,2.204928,0.640654,0.156905,2.204928,0.640654,0.156905,-0.000000,0.000000,3.016937,10,2
1780645020.185935,nmpc_dc,0.000000,-48.784423,0.000000,3.118875,1.570797,0.000000,-47.184423,0.000000,45.000000,0.000000,0.477242,-0.214141,1,2.496723,2.332914,2.204281,2.083280,2.083280,1.809554,0.028313,1.635762,1.635762,0.145479,1.635762,2.292914,2.204914,inf,nan,0.000000,2.204914,2.204914,2.204914,0.670731,0.174118,2.204914,0.670731,0.174118,-0.000000,0.000000,3.118875,10,2
1780645020.301959,nmpc_dc,0.000000,-48.470150,0.000000,3.166600,1.570796,0.000000,-46.870150,0.000000,45.000000,0.000000,0.230847,-0.212306,1,2.639847,2.350222,2.212489,2.096741,2.096741,1.907839,0.028673,1.731267,1.731267,0.147899,1.731267,2.310222,2.222222,inf,nan,0.000000,2.222222,2.222222,2.222222,0.718564,0.186896,2.222222,0.718564,0.186896,-0.000000,0.000000,3.166600,10,2
1780645020.397377,nmpc_dc,0.000000,-48.152336,0.000000,3.189684,1.570796,0.000000,-46.552336,0.000000,45.000000,0.000000,0.109819,-0.210487,1,1.926007,2.398159,2.244572,2.130397,2.130397,2.007617,0.028849,1.829693,1.829693,0.149074,1.829694,2.358159,2.270159,inf,nan,0.000000,2.270159,2.270159,2.270159,0.770648,0.199454,2.270159,0.770648,0.199454,-0.000000,0.000000,3.189684,10,2
1780645020.508934,nmpc_dc,0.000000,-47.832818,0.000000,3.200666,1.570796,0.000000,-46.232818,0.000000,45.000000,0.000000,0.051957,-0.208683,1,3.138663,2.489160,2.315302,2.203016,2.203016,1.366089,0.028933,1.187522,1.187522,0.149634,1.187522,1.858085,1.770085,inf,nan,0.000000,1.770085,1.770085,1.770085,0.486058,-0.101289,1.770085,0.486058,-0.101289,-0.000000,0.000000,3.200666,10,2
1780645020.591291,nmpc_dc,0.000000,-47.512492,0.000000,3.205862,1.570796,0.000000,-45.912492,0.000000,45.000000,0.000000,0.024536,-0.206894,1,1.804379,2.520190,2.258047,2.151088,2.151088,1.281463,0.028973,1.102591,1.102591,0.149899,1.102591,1.676588,1.588588,inf,nan,0.000000,1.588588,1.588588,1.588588,0.439227,-0.176176,1.588588,0.439227,-0.176176,-0.000000,0.000000,3.205862,10,2
1780645020.700479,nmpc_dc,0.000000,-47.191783,0.000000,3.208316,1.570796,0.000000,-45.591783,0.000000,45.000000,0.000000,0.011579,-0.205121,1,2.047048,2.677040,2.413491,2.304483,2.304483,1.232526,0.028992,1.053510,1.053510,0.150024,1.053510,1.548456,1.460456,inf,nan,0.000000,1.460456,1.460456,1.460456,0.410554,0.049773,1.460456,0.410554,0.049773,-0.000000,0.000000,3.208316,10,2
1780645020.792525,nmpc_dc,0.000000,-46.870893,0.000000,3.209473,1.570796,0.000000,-45.270893,0.000000,45.000000,0.000000,0.005464,-0.203363,1,1.825171,2.427218,2.169723,2.063728,2.063728,1.202038,0.029001,1.022954,1.022954,0.150083,1.022954,1.456782,1.368782,inf,nan,0.000000,1.368782,1.368782,1.368782,0.384484,0.046908,1.368782,0.384484,0.046908,-0.000000,0.000000,3.209473,10,2
1780645020.903170,nmpc_dc,0.000000,-46.549919,0.000000,3.210020,1.570796,0.000000,-44.949919,0.000000,45.000000,0.000000,0.002578,-0.201620,1,1.884378,2.238997,1.986952,1.881692,1.881692,1.188147,0.029005,1.009031,1.009031,0.150111,1.009031,1.407445,1.319445,inf,nan,0.000000,1.319445,1.319445,1.319445,0.359338,0.046156,1.319445,0.359338,0.046156,-0.000000,0.000000,3.210020,10,2
1780645020.991761,nmpc_dc,0.000000,-46.228904,0.000000,3.210278,1.570796,0.000000,-44.628904,0.000000,45.000000,0.000000,0.001216,-0.199892,1,1.814920,2.022372,1.784420,1.679759,1.679759,1.203827,0.029007,1.024695,1.024695,0.150124,1.024695,1.434863,1.346863,inf,nan,0.000000,1.346863,1.346863,1.346863,0.350509,0.055877,1.346863,0.350509,0.055877,-0.000000,0.000000,3.210278,10,2
1780645021.108311,nmpc_dc,0.000000,-45.907870,0.000000,3.210399,1.570796,0.000000,-44.307870,0.000000,45.000000,0.000000,0.000574,-0.198179,1,5.831357,1.841979,1.626341,1.520465,1.520465,1.186418,0.029008,1.007279,1.007279,0.150131,1.007279,1.476496,1.388496,inf,nan,0.000000,1.388496,1.388496,1.388496,0.356572,0.025392,1.388496,0.356572,0.025392,-0.000000,0.000000,3.210399,10,2
1780645021.191462,nmpc_dc,0.000000,-45.586827,0.000000,3.210457,1.570796,0.000000,-43.986827,0.000000,45.000000,0.000000,0.000271,-0.196480,1,1.818286,1.719298,1.532836,1.422918,1.422918,1.033030,0.029008,0.853888,0.853888,0.150134,0.853888,1.195158,1.107158,inf,nan,0.000000,1.107158,1.107158,1.107158,0.289301,-0.053293,1.107158,0.289301,-0.053293,-0.000000,0.000000,3.210457,10,2
1780645021.305640,nmpc_dc,0.000000,-45.265780,0.000000,3.210484,1.570796,0.000000,-43.665780,0.000000,45.000000,0.000000,0.000128,-0.194796,1,2.003780,1.641177,1.486343,1.373168,1.373168,0.951530,0.029009,0.772386,0.772386,0.150135,0.772386,1.038792,0.950792,inf,nan,0.000000,0.950792,0.950792,0.950792,0.253943,-0.051000,0.950792,0.253943,-0.051000,-0.000000,0.000000,3.210484,10,2
1780645021.393711,nmpc_dc,0.000000,-44.944731,0.000000,3.210496,1.570796,0.000000,-43.344731,0.000000,45.000000,0.000000,0.000060,-0.193127,1,2.203516,1.678608,1.548029,1.430376,1.430376,0.848710,0.029009,0.669565,0.669565,0.150136,0.669565,0.833154,0.745154,inf,nan,0.000000,0.745154,0.745154,0.745154,0.172098,-0.081438,0.745154,0.172098,-0.081438,-0.000000,0.000000,3.210496,10,2
1780645021.514050,nmpc_dc,0.000000,-44.623681,0.000000,3.210503,1.570796,0.000000,-43.023681,0.000000,45.000000,0.000000,0.000028,-0.191472,1,3.055136,1.743101,1.501746,1.394204,1.394204,0.741265,0.029009,0.562120,0.562120,0.150136,0.562120,0.634018,0.546018,inf,nan,0.000000,0.546018,0.546018,0.546018,0.125651,-0.013033,0.546018,0.125651,-0.013033,-0.000000,0.000000,3.210503,10,2
1780645021.591906,nmpc_dc,0.000000,-44.302631,0.000000,3.210505,1.570796,0.000000,-42.702631,0.000000,45.000000,0.000000,0.000013,-0.189831,1,1.888952,1.520342,1.270522,1.165768,1.165768,0.668695,0.029009,0.489550,0.489550,0.150136,0.489550,0.493334,0.405334,inf,nan,0.000000,0.405334,0.405334,0.405334,0.085769,-0.024467,0.405334,0.085769,-0.024467,-0.000000,0.000000,3.210505,10,2
1780645021.704262,nmpc_dc,0.000000,-43.981580,0.000000,3.210507,1.570796,0.000000,-42.381580,0.000000,45.000000,0.000000,0.000006,-0.188204,1,5.801324,1.306085,1.076877,0.972143,0.972143,0.620000,0.029009,0.440855,0.440855,0.150136,0.440855,0.357291,0.269291,inf,nan,0.000000,0.269291,0.269291,0.269291,0.036402,-0.045403,0.269291,0.036402,-0.045403,-0.000000,0.000000,3.210507,10,2
1780645021.795206,nmpc_dc,0.000000,-43.660529,0.000000,3.210507,1.570796,0.000000,-42.060529,0.000000,45.000000,0.000000,0.000003,-0.186591,1,2.197009,1.131385,0.906976,0.800125,0.800125,0.620000,0.029009,0.440855,0.440855,0.150136,0.440855,0.272368,0.184368,inf,nan,0.000000,0.184368,0.184368,0.184368,0.015033,-0.043176,0.184368,0.015033,-0.043176,-0.000000,0.000000,3.210507,10,2
1780645021.904086,nmpc_dc,0.000000,-43.339479,0.000000,3.210508,1.570796,0.000000,-41.739479,0.000000,45.000000,0.000000,0.000001,-0.184992,1,2.676975,0.915838,0.667506,0.563422,0.563422,0.620000,0.029009,0.440466,0.440466,0.150136,0.440855,0.290600,0.202600,inf,nan,0.000000,0.202600,0.202600,0.202600,-0.009106,-0.038596,0.202600,-0.009106,-0.038596,-0.000000,0.000000,3.210508,10,2
1780645021.996889,nmpc_dc,0.000000,-43.018428,0.000000,3.210508,1.570796,0.000000,-41.418428,0.000000,45.000000,0.000000,0.000001,-0.183406,1,2.011836,0.709463,0.504035,0.396755,0.396755,0.711901,0.029009,0.396511,0.396511,0.150136,0.532756,0.322479,0.234479,inf,nan,0.000000,0.234479,0.234479,0.234479,-0.008446,-0.033373,0.234479,-0.008446,-0.033373,-0.000000,0.000000,3.210508,10,2
1780645022.102093,nmpc_dc,0.000000,-42.697377,0.000000,3.210508,1.570796,0.000000,-41.097377,0.000000,45.000000,0.000000,0.000000,-0.181834,1,2.306459,0.577409,0.387831,0.278575,0.278575,0.858222,0.029009,0.278575,0.278575,0.150136,0.679077,0.358462,0.270462,inf,nan,0.000000,0.270462,0.270462,0.270462,0.026431,-0.000792,0.270462,0.026431,-0.000792,-0.000000,0.000000,3.210508,10,2
1780645022.195959,nmpc_dc,0.000000,-42.376326,0.000000,3.210508,1.570796,0.000000,-40.776326,0.000000,45.000000,0.000000,0.000000,-0.180276,1,2.298468,0.539058,0.376958,0.263952,0.263952,1.016093,0.029009,0.263952,0.263952,0.150136,0.836948,0.427854,0.339854,inf,nan,0.000000,0.339854,0.339854,0.339854,0.052113,0.092096,0.339854,0.052113,0.092096,-0.000000,0.000000,3.210508,10,2
1780645022.305129,nmpc_dc,0.000000,-42.055276,0.000000,3.210508,1.570796,0.000000,-40.455276,0.000000,45.000000,0.000000,0.000000,-0.178731,1,3.043977,0.537920,0.414880,0.288934,0.288934,1.193138,0.029009,0.288934,0.288934,0.150136,1.013993,0.497920,0.409920,inf,nan,0.000000,0.409920,0.409920,0.409920,0.189846,0.112115,0.409920,0.189846,0.112115,-0.000000,0.000000,3.210508,10,2
1780645022.388768,nmpc_dc,0.000000,-41.734225,0.000000,3.210508,1.570796,0.000000,-40.134225,0.000000,45.000000,0.000000,0.000000,-0.177199,1,1.833798,0.570576,0.391672,0.279036,0.279036,1.341213,0.029009,0.279036,0.279036,0.150136,1.162068,0.530576,0.442576,inf,nan,0.000000,0.442576,0.442576,0.442576,0.329024,0.129895,0.442576,0.329024,0.129895,-0.000000,0.000000,3.210508,10,2
1780645022.493421,nmpc_dc,0.000000,-41.413174,0.000000,3.210508,1.570796,0.000000,-39.813174,0.000000,45.000000,0.000000,0.000000,-0.175680,1,2.233472,0.711760,0.463382,0.359702,0.359702,1.479996,0.029009,0.359702,0.359702,0.150136,1.300851,0.671760,0.583760,inf,nan,0.000000,0.583760,0.583760,0.583760,0.439157,0.146669,0.583760,0.439157,0.146669,-0.000000,0.000000,3.210508,10,2
1780645022.591960,nmpc_dc,0.000000,-41.092123,0.000000,3.210508,1.570796,0.000000,-39.492123,0.000000,45.000000,0.000000,0.000000,-0.174175,1,2.058372,0.983468,0.715613,0.608139,0.608139,1.631289,0.029009,0.608139,0.608139,0.150136,1.452144,0.943468,0.855468,inf,nan,0.000000,0.855468,0.855468,0.855468,0.544466,0.122846,0.855468,0.544466,0.122846,-0.000000,0.000000,3.210508,10,2
1780645022.698237,nmpc_dc,0.000000,-40.771072,0.000000,3.210508,1.570796,0.000000,-39.171072,0.000000,45.000000,0.000000,0.000000,-0.172682,1,2.448891,1.275757,1.002170,0.890015,0.890015,1.648550,0.029009,0.890015,0.890015,0.150136,1.469405,1.235757,1.147757,inf,nan,0.000000,1.147757,1.147757,1.147757,0.644167,0.091648,1.147757,0.644167,0.091648,-0.000000,0.000000,3.210508,10,2
1780645022.791336,nmpc_dc,0.000000,-40.450022,0.000000,3.210508,1.570796,0.000000,-38.850022,0.000000,45.000000,0.000000,0.000000,-0.171202,1,2.120641,1.577645,1.302629,1.186966,1.186966,1.725297,0.029009,1.186966,1.186966,0.150136,1.546152,1.537645,1.449645,inf,nan,0.000000,1.449645,1.449645,1.449645,0.729717,0.100139,1.449645,0.729717,0.100139,-0.000000,0.000000,3.210508,10,2
1780645022.897774,nmpc_dc,0.000000,-40.128971,0.000000,3.210508,1.570796,0.000000,-38.528971,0.000000,45.000000,0.000000,0.000000,-0.169735,1,2.578560,1.875368,1.595686,1.481009,1.481009,1.821583,0.029009,1.480909,1.480909,0.150136,1.642438,1.835368,1.747368,inf,nan,0.000000,1.747368,1.747368,1.747368,0.759936,0.117244,1.747368,0.759936,0.117244,-0.000000,0.000000,3.210508,10,2
1780645022.989116,nmpc_dc,0.000000,-39.807920,0.000000,3.210508,1.570796,0.000000,-38.207920,0.000000,45.000000,0.000000,0.000000,-0.168280,1,2.022314,2.190830,1.908620,1.794865,1.794865,1.940091,0.029009,1.753338,1.753338,0.150136,1.760946,2.150830,2.062830,inf,nan,0.000000,2.062830,2.062830,2.062830,0.787238,0.123696,2.062830,0.787238,0.123696,-0.000000,0.000000,3.210508,10,2
1780645023.097479,nmpc_dc,0.000000,-39.486869,0.000000,3.210508,1.570796,0.000000,-37.886869,0.000000,45.000000,0.000000,0.000000,-0.166838,1,2.606427,2.409610,2.219049,2.099878,2.099878,1.419210,0.029009,1.240065,1.240065,0.150136,1.240065,1.931162,1.843162,inf,nan,0.000000,1.843162,1.843162,1.843162,0.500297,-0.008270,1.843162,0.500297,-0.008270,-0.000000,0.000000,3.210508,10,2
1780645023.189719,nmpc_dc,0.000000,-39.165818,0.000000,3.210508,1.570796,0.000000,-37.565818,0.000000,45.000000,0.000000,0.000000,-0.165408,1,2.017345,2.529204,2.343696,2.233718,2.233718,1.256016,0.029009,1.076871,1.076871,0.150136,1.076871,1.615352,1.527352,inf,nan,0.000000,1.527352,1.527352,1.527352,0.404017,-0.059822,1.527352,0.404017,-0.059822,-0.000000,0.000000,3.210508,10,2
1780645023.301432,nmpc_dc,0.000000,-38.844768,0.000000,3.210508,1.570796,0.000000,-37.244768,0.000000,45.000000,0.000000,0.000000,-0.163991,1,2.294337,2.675688,2.470232,2.359768,2.359768,1.116439,0.029009,0.937294,0.937294,0.150136,0.937294,1.357503,1.269503,inf,nan,0.000000,1.269503,1.269503,1.269503,0.325742,-0.049523,1.269503,0.325742,-0.049523,-0.000000,0.000000,3.210508,10,2
1780645023.388344,nmpc_dc,0.000000,-38.523717,0.000000,3.210508,1.570796,0.000000,-36.923717,0.000000,45.000000,0.000000,0.000000,-0.162585,1,2.001025,2.528781,2.256024,2.143893,2.143893,0.994839,0.029009,0.815694,0.815694,0.150136,0.815694,1.124917,1.036917,inf,nan,0.000000,1.036917,1.036917,1.036917,0.262541,0.022174,1.036917,0.262541,0.022174,-0.000000,0.000000,3.210508,10,2
1780645023.492279,nmpc_dc,0.000000,-38.202666,0.000000,3.210508,1.570796,0.000000,-36.602666,0.000000,45.000000,0.000000,0.000000,-0.161192,1,2.261078,2.244365,1.974282,1.864368,1.864368,0.860028,0.029009,0.680883,0.680883,0.150136,0.680883,0.852318,0.764318,inf,nan,0.000000,0.764318,0.764318,0.764318,0.176063,0.014251,0.764318,0.176063,0.014251,-0.000000,0.000000,3.210508,10,2
1780645023.588127,nmpc_dc,0.000000,-37.881615,0.000000,3.210508,1.570796,0.000000,-36.281615,0.000000,45.000000,0.000000,0.000000,-0.159810,1,2.079912,1.966470,1.700754,1.592980,1.592980,0.747078,0.029009,0.567933,0.567933,0.150136,0.567933,0.645141,0.557141,inf,nan,0.000000,0.557141,0.557141,0.557141,0.126805,-0.000921,0.557141,0.126805,-0.000921,-0.000000,0.000000,3.210508,10,2
1780645023.694134,nmpc_dc,0.000000,-37.560564,0.000000,3.210508,1.570796,0.000000,-35.960564,0.000000,45.000000,0.000000,0.000000,-0.158441,1,2.555540,1.699511,1.441941,1.336099,1.336099,0.701325,0.029009,0.522180,0.522180,0.150136,0.522180,0.533829,0.445829,inf,nan,0.000000,0.445829,0.445829,0.445829,0.089243,-0.033468,0.445829,0.089243,-0.033468,-0.000000,0.000000,3.210508,10,2
1780645023.789954,nmpc_dc,0.000000,-37.239514,0.000000,3.210508,1.570796,0.000000,-35.639514,0.000000,45.000000,0.000000,0.000000,-0.157083,1,2.209051,1.452422,1.200064,1.093822,1.093822,0.701118,0.029009,0.521973,0.521973,0.150136,0.521973,0.527361,0.439361,inf,nan,0.000000,0.439361,0.439361,0.439361,0.058439,-0.040039,0.439361,0.058439,-0.040039,-0.000000,0.000000,3.210508,10,2
1780645023.895725,nmpc_dc,0.000000,-36.918463,0.000000,3.210508,1.570796,0.000000,-35.318463,0.000000,45.000000,0.000000,0.000000,-0.155737,1,2.530608,1.200618,0.934227,0.826913,0.826913,0.749054,0.029009,0.569906,0.569906,0.150136,0.569909,0.531674,0.443674,inf,nan,0.000000,0.443674,0.443674,0.443674,0.033948,-0.014802,0.443674,0.033948,-0.014802,-0.000000,0.000000,3.210508,10,2
1780645023.991463,nmpc_dc,0.000000,-36.597412,0.000000,3.210508,1.570796,0.000000,-34.997412,0.000000,45.000000,0.000000,0.000000,-0.154402,1,2.092712,0.932395,0.682579,0.578414,0.578414,0.864475,0.029009,0.577744,0.577744,0.150136,0.685330,0.540698,0.452698,inf,nan,0.000000,0.452698,0.452698,0.452698,0.025549,0.029838,0.452698,0.025549,0.029838,-0.000000,0.000000,3.210508,10,2
1780645024.097832,nmpc_dc,0.000000,-36.276361,0.000000,3.210508,1.570796,0.000000,-34.676361,0.000000,45.000000,0.000000,0.000000,-0.153079,1,2.495588,0.713853,0.507921,0.400722,0.400722,1.004057,0.029009,0.400722,0.400722,0.150136,0.824912,0.547448,0.459448,inf,nan,0.000000,0.459448,0.459448,0.459448,0.049352,0.090243,0.459448,0.049352,0.090243,-0.000000,0.000000,3.210508,10,2
1780645024.189930,nmpc_dc,0.000000,-35.955311,0.000000,3.210508,1.570796,0.000000,-34.355311,0.000000,45.000000,0.000000,0.000000,-0.151767,1,2.127810,0.582390,0.438398,0.332123,0.332123,1.140200,0.029009,0.332123,0.332123,0.150136,0.961055,0.542390,0.454390,inf,nan,0.000000,0.454390,0.454390,0.454390,0.141448,0.105768,0.454390,0.141448,0.105768,-0.000000,0.000000,3.210508,10,2
1780645024.297223,nmpc_dc,0.000000,-35.634260,0.000000,3.210508,1.570796,0.000000,-34.034260,0.000000,45.000000,0.000000,-0.000000,-0.150466,1,2.727594,0.605190,0.450884,0.343165,0.343165,1.306120,0.029009,0.343165,0.343165,0.150136,1.126975,0.565190,0.477190,inf,nan,0.000000,0.477190,0.477190,0.477190,0.292120,0.125220,0.477190,0.292120,0.125220,-0.000000,0.000000,3.210508,10,2
1780645024.387769,nmpc_dc,0.000000,-35.313209,0.000000,3.210508,1.570796,0.000000,-33.713209,0.000000,45.000000,0.000000,-0.000000,-0.149177,1,2.139149,0.733217,0.520494,0.414282,0.414282,1.443038,0.029009,0.414282,0.414282,0.150136,1.263893,0.693217,0.605217,inf,nan,0.000000,0.605217,0.605217,0.605217,0.402234,0.141460,0.605217,0.402234,0.141460,-0.000000,0.000000,3.210508,10,2
1780645024.494171,nmpc_dc,0.000000,-34.992158,0.000000,3.210508,1.570796,0.000000,-33.392158,0.000000,45.000000,0.000000,-0.000000,-0.147898,1,2.290599,0.920135,0.671710,0.567620,0.567620,1.577325,0.029009,0.567620,0.567620,0.150136,1.398180,0.880135,0.792135,inf,nan,0.000000,0.792135,0.792135,0.792135,0.495882,0.157343,0.792135,0.495882,0.157343,-0.000000,0.000000,3.210508,10,2
1780645024.600956,nmpc_dc,0.000000,-34.671107,0.000000,3.210508,1.570796,0.000000,-33.071107,0.000000,45.000000,0.000000,0.000000,-0.146631,1,4.894150,1.223007,0.956006,0.848434,0.848434,1.761181,0.029009,0.848434,0.848434,0.150136,1.582036,1.183007,1.095007,inf,nan,0.000000,1.095007,1.095007,1.095007,0.612515,0.178985,1.095007,0.612515,0.178985,-0.000000,0.000000,3.210508,10,2
1780645024.701211,nmpc_dc,0.000000,-34.350057,0.000000,3.210508,1.570796,0.000000,-32.750057,0.000000,45.000000,0.000000,0.000000,-0.145374,1,2.641011,1.537718,1.264735,1.152984,1.152984,1.938666,0.029009,1.152984,1.152984,0.150136,1.759521,1.497718,1.409718,inf,nan,0.000000,1.409718,1.409718,1.409718,0.719877,0.199815,1.409718,0.719877,0.199815,-0.000000,0.000000,3.210508,10,2
1780645024.790422,nmpc_dc,0.000000,-34.029006,0.000000,3.210508,1.570796,0.000000,-32.429006,0.000000,45.000000,0.000000,0.000000,-0.144128,1,2.274065,1.826176,1.551454,1.436600,1.436600,2.039284,0.029009,1.436600,1.436600,0.150136,1.860139,1.786176,1.698176,inf,nan,0.000000,1.698176,1.698176,1.698176,0.812953,0.158206,1.698176,0.812953,0.158206,-0.000000,0.000000,3.210508,10,2
1780645024.902763,nmpc_dc,0.000000,-33.707955,0.000000,3.210508,1.570796,0.000000,-32.107955,0.000000,45.000000,0.000000,0.000000,-0.142893,1,2.825121,2.133779,1.856468,1.740831,1.740831,1.874568,0.029009,1.690117,1.690117,0.150136,1.695423,2.093779,2.005779,inf,nan,0.000000,2.005779,2.005779,2.005779,0.773189,0.035814,2.005779,0.773189,0.035814,-0.000000,0.000000,3.210508,10,2
1780645024.991094,nmpc_dc,0.000000,-33.386904,0.000000,3.210508,1.570796,0.000000,-31.786904,0.000000,45.000000,0.000000,-0.000000,-0.141668,1,2.567558,2.440891,2.160556,2.046043,2.046043,1.919333,0.029009,1.740187,1.740187,0.150136,1.740188,2.400891,2.312891,inf,nan,0.000000,2.312891,2.312891,2.312891,0.776476,0.042665,2.312891,0.776476,0.042665,-0.000000,0.000000,3.210508,10,2
1780645025.101848,nmpc_dc,0.000000,-33.065853,0.000000,3.210508,1.570796,0.000000,-31.465853,0.000000,45.000000,0.000000,0.000000,-0.140454,1,3.896215,2.660099,2.490589,2.368261,2.368261,1.976930,0.029009,1.797785,1.797785,0.150136,1.797785,2.620099,2.532099,inf,nan,0.000000,2.532099,2.532099,2.532099,0.776166,0.179301,2.532099,0.776166,0.179301,-0.000000,0.000000,3.210508,10,2
1780645025.194828,nmpc_dc,0.000000,-32.744803,0.000000,3.210508,1.570796,0.000000,-31.144803,0.000000,45.000000,0.000000,0.000000,-0.139250,1,3.215591,2.670846,2.531206,2.415659,2.415659,1.626428,0.029009,1.447283,1.447283,0.150136,1.447283,2.329864,2.241864,inf,nan,0.000000,2.241864,2.241864,2.241864,0.653959,-0.030522,2.241864,0.653959,-0.030522,-0.000000,0.000000,3.210508,10,2
1780645025.304383,nmpc_dc,0.000000,-32.423752,0.000000,3.210508,1.570796,0.000000,-30.823752,0.000000,45.000000,0.000000,-0.000000,-0.138057,1,5.672266,2.723009,2.569368,2.454829,2.454829,1.599122,0.029009,1.419977,1.419977,0.150136,1.419977,2.271661,2.183661,inf,nan,0.000000,2.183661,2.183661,2.183661,0.632807,-0.050838,2.183661,0.632807,-0.050838,-0.000000,0.000000,3.210508,10,2
1780645025.390568,nmpc_dc,0.000000,-32.102701,0.000000,3.210508,1.570796,0.000000,-30.502701,0.000000,45.000000,0.000000,0.000000,-0.136874,1,2.316733,2.805070,2.583991,2.470510,2.470510,1.585226,0.029009,1.406081,1.406081,0.150136,1.406081,2.244258,2.156258,inf,nan,0.000000,2.156258,2.156258,2.156258,0.615618,0.109477,2.156258,0.615618,0.109477,-0.000000,0.000000,3.210508,10,2
1780645025.505893,nmpc_dc,0.000000,-31.781650,0.000000,3.210508,1.570796,0.000000,-30.181650,0.000000,45.000000,0.000000,0.000000,-0.135701,1,3.642407,2.640562,2.436065,2.328956,2.328956,1.594697,0.029009,1.415552,1.415552,0.150136,1.415552,2.253677,2.165677,inf,nan,0.000000,2.165677,2.165677,2.165677,0.607850,0.117628,2.165677,0.607850,0.117628,-0.000000,0.000000,3.210508,10,2
1780645025.587600,nmpc_dc,0.000000,-31.460599,0.000000,3.210508,1.570796,0.000000,-29.860599,0.000000,45.000000,0.000000,0.000000,-0.134538,1,2.214262,2.489974,2.304252,2.194309,2.194309,1.217905,0.029009,1.038760,1.038760,0.150136,1.038760,1.539055,1.451055,inf,nan,0.000000,1.451055,1.451055,1.451055,0.376253,-0.051148,1.451055,0.376253,-0.051148,-0.000000,0.000000,3.210508,10,2
1780645025.692410,nmpc_dc,0.000000,-31.139549,0.000000,3.210508,1.570796,0.000000,-29.539549,0.000000,45.000000,0.000000,0.000000,-0.133385,1,2.446774,2.387296,2.225379,2.110195,2.110195,1.072253,0.029009,0.893108,0.893108,0.150136,0.893108,1.275976,1.187976,inf,nan,0.000000,1.187976,1.187976,1.187976,0.299322,-0.066049,1.187976,0.299322,-0.066049,-0.000000,0.000000,3.210508,10,2
1780645025.785703,nmpc_dc,0.000000,-30.818498,0.000000,3.210508,1.570796,0.000000,-29.218498,0.000000,45.000000,0.000000,-0.000000,-0.132242,1,1.960639,2.320048,2.173661,2.057889,2.057889,0.933677,0.029009,0.754532,0.754532,0.150136,0.754532,0.988409,0.900409,inf,nan,0.000000,0.900409,0.900409,0.900409,0.209810,-0.088622,0.900409,0.209810,-0.088622,-0.000000,0.000000,3.210508,10,2
1780645025.894608,nmpc_dc,0.000000,-30.497447,0.000000,3.210508,1.570796,0.000000,-28.897447,0.000000,45.000000,0.000000,0.000000,-0.131108,1,2.403531,2.206391,1.932442,1.818919,1.818919,0.797583,0.029009,0.618438,0.618438,0.150136,0.618438,0.730643,0.642643,inf,nan,0.000000,0.642643,0.642643,0.642643,0.139010,0.000551,0.642643,0.139010,0.000551,-0.000000,0.000000,3.210508,10,2
1780645025.985126,nmpc_dc,0.000000,-30.176396,0.000000,3.210508,1.570796,0.000000,-28.576396,0.000000,45.000000,0.000000,0.000000,-0.129985,1,2.559351,1.915408,1.643443,1.532362,1.532362,0.684150,0.029009,0.505005,0.505005,0.150136,0.505005,0.523668,0.435668,inf,nan,0.000000,0.435668,0.435668,0.435668,0.091813,-0.017462,0.435668,0.091813,-0.017462,-0.000000,0.000000,3.210508,10,2
1780645026.100981,nmpc_dc,0.000000,-29.855346,0.000000,3.210508,1.570796,0.000000,-28.255346,0.000000,45.000000,0.000000,-0.000000,-0.128871,1,3.486045,1.630270,1.362112,1.253596,1.253596,0.652879,0.029009,0.473734,0.473734,0.150136,0.473734,0.429197,0.341197,inf,nan,0.000000,0.341197,0.341197,0.341197,0.051497,-0.035634,0.341197,0.051497,-0.035634,-0.000000,0.000000,3.210508,10,2
1780645026.194642,nmpc_dc,0.000000,-29.534295,0.000000,3.210508,1.570796,0.000000,-27.934295,0.000000,45.000000,0.000000,0.000000,-0.127766,1,2.289788,1.354069,1.093940,0.985012,0.985012,0.656074,0.029009,0.476929,0.476929,0.150136,0.476929,0.438263,0.350263,inf,nan,0.000000,0.350263,0.350263,0.350263,0.017829,-0.050738,0.350263,0.017829,-0.050738,-0.000000,0.000000,3.210508,10,2
1780645026.320771,nmpc_dc,0.000000,-29.213244,0.000000,3.210508,1.570796,0.000000,-27.613244,0.000000,45.000000,0.000000,-0.000000,-0.126671,1,7.748085,1.095146,0.826317,0.718165,0.718165,0.729993,0.029009,0.550766,0.550766,0.150136,0.550848,0.440119,0.352119,inf,nan,0.000000,0.352119,0.352119,0.352119,-0.004087,-0.022187,0.352119,-0.004087,-0.022187,-0.000000,0.000000,3.210508,10,2
1780645026.394142,nmpc_dc,0.000000,-28.892193,0.000000,3.210508,1.570796,0.000000,-27.292193,0.000000,45.000000,0.000000,-0.000000,-0.125586,1,2.160861,0.794691,0.565172,0.460686,0.460686,0.854821,0.029009,0.460670,0.460670,0.150136,0.675676,0.445982,0.357982,inf,nan,0.000000,0.357982,0.357982,0.357982,0.015762,0.007660,0.357982,0.015762,0.007660,-0.000000,0.000000,3.210508,10,2
1780645026.509227,nmpc_dc,0.000000,-28.571142,0.000000,3.210508,1.570796,0.000000,-26.971142,0.000000,45.000000,0.000000,0.000000,-0.124510,1,1.802313,0.610226,0.404346,0.297651,0.297651,0.990846,0.029009,0.297651,0.297651,0.150136,0.811701,0.444046,0.356046,inf,nan,0.000000,0.356046,0.356046,0.356046,0.018488,0.089296,0.356046,0.018488,0.089296,-0.000000,0.000000,3.210508,10,2
1780645026.594443,nmpc_dc,0.000000,-28.250092,0.000000,3.210508,1.570796,0.000000,-26.650092,0.000000,45.000000,0.000000,0.000000,-0.123442,1,2.460244,0.541349,0.404908,0.294323,0.294323,1.149628,0.029009,0.294323,0.294323,0.150136,0.970483,0.501349,0.413349,inf,nan,0.000000,0.413349,0.413349,0.413349,0.148297,0.107054,0.413349,0.148297,0.107054,-0.000000,0.000000,3.210508,10,2
1780645026.700965,nmpc_dc,0.000000,-27.929041,0.000000,3.210508,1.570796,0.000000,-26.329041,0.000000,45.000000,0.000000,-0.000000,-0.122385,1,2.747804,0.565026,0.406283,0.297994,0.297994,1.302609,0.029009,0.297994,0.297994,0.150136,1.123464,0.525026,0.437026,inf,nan,0.000000,0.437026,0.437026,0.437026,0.292835,0.074951,0.437026,0.292835,0.074951,-0.000000,0.000000,3.210508,10,2
1780645026.792342,nmpc_dc,0.000000,-27.607990,0.000000,3.210508,1.570796,0.000000,-26.007990,0.000000,45.000000,0.000000,0.000000,-0.121336,1,2.025795,0.620858,0.430967,0.325797,0.325797,1.376440,0.029009,0.325797,0.325797,0.150136,1.197295,0.612067,0.524067,inf,nan,0.000000,0.524067,0.524067,0.524067,0.392111,0.053284,0.524067,0.392111,0.053284,-0.000000,0.000000,3.210508,10,2
1780645026.905333,nmpc_dc,0.000000,-27.286939,0.000000,3.210508,1.570796,0.000000,-25.686939,0.000000,45.000000,0.000000,0.000000,-0.120296,1,2.301112,0.796342,0.608308,0.503604,0.503604,1.371341,0.029009,0.503604,0.503604,0.150136,1.192196,0.825988,0.737988,inf,nan,0.000000,0.737988,0.737988,0.737988,0.494063,0.041267,0.737988,0.494063,0.041267,-0.000000,0.000000,3.210508,10,2
1780645026.989695,nmpc_dc,0.000000,-26.965888,0.000000,3.210508,1.570796,0.000000,-25.365888,0.000000,45.000000,0.000000,-0.000000,-0.119265,1,1.885201,1.072369,0.860738,0.751882,0.751882,1.384124,0.029009,0.751882,0.751882,0.150136,1.204979,1.090769,1.002769,inf,nan,0.000000,1.002769,1.002769,1.002769,0.508366,-0.028791,1.002769,0.508366,-0.028791,-0.000000,0.000000,3.210508,10,2
1780645027.096823,nmpc_dc,0.000000,-26.644838,0.000000,3.210508,1.570796,0.000000,-25.044838,0.000000,45.000000,0.000000,-0.000000,-0.118243,1,2.355892,1.382459,1.149378,1.036279,1.036279,1.429050,0.029009,1.036262,1.036262,0.150136,1.249905,1.383457,1.295457,inf,nan,0.000000,1.295457,1.295457,1.295457,0.512952,-0.038919,1.295457,0.512952,-0.038919,-0.000000,0.000000,3.210508,10,2
1780645027.189175,nmpc_dc,0.000000,-26.323787,0.000000,3.210508,1.570796,0.000000,-24.723787,0.000000,45.000000,0.000000,-0.000000,-0.117229,1,2.039027,1.691149,1.443364,1.326860,1.326860,1.487402,0.029009,1.296266,1.296266,0.150136,1.308257,1.678540,1.590540,inf,nan,0.000000,1.590540,1.590540,1.590540,0.516095,0.107969,1.590540,0.516095,0.107969,-0.000000,0.000000,3.210508,10,2
1780645027.302962,nmpc_dc,0.000000,-26.002736,0.000000,3.210508,1.570796,0.000000,-24.402736,0.000000,45.000000,0.000000,-0.000000,-0.116225,1,2.333348,1.705698,1.614671,1.496835,1.496835,1.307542,0.029009,1.128397,1.128397,0.150136,1.128397,1.660341,1.572341,inf,nan,0.000000,1.572341,1.572341,1.572341,0.450002,-0.028144,1.572341,0.450002,-0.028144,-0.000000,0.000000,3.210508,10,2
1780645027.388537,nmpc_dc,0.000000,-25.681685,0.000000,3.210508,1.570796,0.000000,-24.081685,0.000000,45.000000,0.000000,-0.000000,-0.115229,1,1.975107,1.763374,1.636407,1.523140,1.523140,1.285546,0.029009,1.106401,1.106401,0.150136,1.106401,1.596527,1.508527,inf,nan,0.000000,1.508527,1.508527,1.508527,0.419582,-0.082772,1.508527,0.419582,-0.082772,-0.000000,0.000000,3.210508,10,2
1780645027.498619,nmpc_dc,0.000000,-25.360634,0.000000,3.210508,1.570796,0.000000,-23.760634,0.000000,45.000000,0.000000,0.000000,-0.114241,1,2.425506,1.836095,1.690176,1.578693,1.578693,1.214566,0.029009,1.035421,1.035421,0.150136,1.035421,1.455940,1.367940,inf,nan,0.000000,1.367940,1.367940,1.367940,0.358241,-0.044107,1.367940,0.358241,-0.044107,-0.000000,0.000000,3.210508,10,2
1780645027.589560,nmpc_dc,0.000000,-25.039584,0.000000,3.210508,1.570796,0.000000,-23.439584,0.000000,45.000000,0.000000,0.000000,-0.113262,1,1.901790,1.897877,1.672151,1.564895,1.564895,1.265651,0.029009,1.086506,1.086506,0.150136,1.086506,1.574512,1.486512,inf,nan,0.000000,1.486512,1.486512,1.486512,0.393791,0.032675,1.486512,0.393791,0.032675,-0.000000,0.000000,3.210508,10,2
1780645027.697053,nmpc_dc,0.000000,-24.718533,0.000000,3.210508,1.570796,0.000000,-23.118533,0.000000,45.000000,0.000000,-0.000000,-0.112291,1,2.241764,1.795102,1.583112,1.476844,1.476844,1.233386,0.029009,1.054241,1.054241,0.150136,1.054241,1.461946,1.373946,inf,nan,0.000000,1.373946,1.373946,1.373946,0.349174,0.062405,1.373946,0.349174,0.062405,-0.000000,0.000000,3.210508,10,2
1780645027.793199,nmpc_dc,0.000000,-24.397482,0.000000,3.210508,1.570796,0.000000,-22.797482,0.000000,45.000000,0.000000,0.000000,-0.111329,1,2.014565,1.670921,1.520910,1.402817,1.402817,1.246453,0.029009,1.067308,1.067308,0.150136,1.067308,1.522724,1.434724,inf,nan,0.000000,1.434724,1.434724,1.434724,0.407616,0.078030,1.434724,0.407616,0.078030,-0.000000,0.000000,3.210508,10,2
1780645027.892950,nmpc_dc,0.000000,-24.076431,0.000000,3.210508,1.570796,0.000000,-22.476431,0.000000,45.000000,0.000000,-0.000000,-0.110375,1,1.799228,1.611820,1.472869,1.359269,1.359269,1.198186,0.029009,1.019040,1.019040,0.150136,1.019040,1.514309,1.426309,inf,nan,0.000000,1.426309,1.426309,1.426309,0.410923,0.056349,1.426309,0.410923,0.056349,-0.000000,0.000000,3.210508,10,2
1780645028.009539,nmpc_dc,0.000000,-23.755381,0.000000,3.210508,1.570796,0.000000,-22.155381,0.000000,45.000000,0.000000,-0.000000,-0.109429,1,5.160379,1.580073,1.449443,1.330667,1.330667,1.149154,0.029009,0.970009,0.970009,0.150136,0.970009,1.410492,1.322492,inf,nan,0.000000,1.322492,1.322492,1.322492,0.376084,0.034433,1.322492,0.376084,0.034433,-0.000000,0.000000,3.210508,10,2
1780645028.090609,nmpc_dc,0.000000,-23.434330,0.000000,3.210508,1.570796,0.000000,-21.834330,0.000000,45.000000,0.000000,-0.000000,-0.108491,1,1.974425,1.586669,1.460755,1.333684,1.333684,1.130682,0.029009,0.951537,0.951537,0.150136,0.951537,1.365161,1.277161,inf,nan,0.000000,1.277161,1.277161,1.277161,0.359464,0.003365,1.277161,0.359464,0.003365,-0.000000,0.000000,3.210508,10,2
1780645028.188479,nmpc_dc,0.000000,-23.113279,0.000000,3.210508,1.570796,0.000000,-21.513279,0.000000,45.000000,0.000000,0.000000,-0.107561,1,1.966367,1.602101,1.459998,1.337478,1.337478,1.134151,0.029009,0.955006,0.955006,0.150136,0.955006,1.368137,1.280137,inf,nan,0.000000,1.280137,1.280137,1.280137,0.334741,-0.015090,1.280137,0.334741,-0.015090,-0.000000,0.000000,3.210508,10,2
1780645028.299117,nmpc_dc,0.000000,-22.792228,0.000000,3.210508,1.570796,0.000000,-21.192228,0.000000,45.000000,0.000000,0.000000,-0.106640,1,2.319941,1.619265,1.481610,1.355869,1.355869,1.158112,0.029009,0.978967,0.978967,0.150136,0.978967,1.367399,1.279399,inf,nan,0.000000,1.279399,1.279399,1.279399,0.323679,-0.013871,1.279399,0.323679,-0.013871,-0.000000,0.000000,3.210508,10,2
1780645028.386122,nmpc_dc,0.000000,-22.471177,0.000000,3.210508,1.570796,0.000000,-20.871177,0.000000,45.000000,0.000000,-0.000000,-0.105726,1,1.856726,1.596521,1.401697,1.292139,1.292139,1.215657,0.029009,1.036509,1.036509,0.150136,1.036512,1.373281,1.285281,inf,nan,0.000000,1.285281,1.285281,1.285281,0.319990,0.088358,1.285281,0.319990,0.088358,-0.000000,0.000000,3.210508,10,2
1780645028.510329,nmpc_dc,0.000000,-22.150127,0.000000,3.210508,1.570796,0.000000,-20.550127,0.000000,45.000000,0.000000,0.000000,-0.104820,1,5.249726,1.473529,1.312975,1.198746,1.198746,1.298734,0.029009,1.117853,1.117853,0.150136,1.119589,1.371182,1.283182,inf,nan,0.000000,1.283182,1.283182,1.283182,0.341312,0.114456,1.283182,0.341312,0.114456,-0.000000,0.000000,3.210508,10,2
1780645028.593755,nmpc_dc,0.000000,-21.829076,0.000000,3.210508,1.570796,0.000000,-20.229076,0.000000,45.000000,0.000000,0.000000,-0.103921,1,2.133275,1.411429,1.276757,1.162394,1.162394,1.404274,0.029009,1.159380,1.159380,0.150136,1.225129,1.371429,1.283429,inf,nan,0.000000,1.283429,1.283429,1.283429,0.388326,0.131969,1.283429,0.388326,0.131969,-0.000000,0.000000,3.210508,10,2
1780645028.699492,nmpc_dc,0.000000,-21.508025,0.000000,3.210508,1.570796,0.000000,-19.908025,0.000000,45.000000,0.000000,0.000000,-0.103031,1,3.500283,1.414270,1.277134,1.163696,1.163696,1.523546,0.029009,1.163645,1.163645,0.150136,1.344401,1.374270,1.286270,inf,nan,0.000000,1.286270,1.286270,1.286270,0.454411,0.146477,1.286270,0.454411,0.146477,-0.000000,0.000000,3.210508,10,2
1780645028.788091,nmpc_dc,0.000000,-21.186974,0.000000,3.210508,1.570796,0.000000,-19.586974,0.000000,45.000000,0.000000,-0.000000,-0.102148,1,3.150275,1.481736,1.322138,1.207304,1.207304,1.191686,0.029009,1.012510,1.012510,0.150136,1.012541,1.444416,1.356416,inf,nan,0.000000,1.356416,1.356416,1.356416,0.399213,-0.101559,1.356416,0.399213,-0.101559,-0.000000,0.000000,3.210508,10,2
1780645028.909477,nmpc_dc,0.000000,-20.865923,0.000000,3.210508,1.570796,0.000000,-19.265923,0.000000,45.000000,0.000000,0.000000,-0.101272,1,2.736225,1.586893,1.407426,1.299273,1.299273,1.167480,0.029009,0.988335,0.988335,0.150136,0.988335,1.439759,1.351759,inf,nan,0.000000,1.351759,1.351759,1.351759,0.376661,-0.085619,1.351759,0.376661,-0.085619,-0.000000,0.000000,3.210508,10,2
1780645028.989550,nmpc_dc,0.000000,-20.544873,0.000000,3.210508,1.570796,0.000000,-18.944873,0.000000,45.000000,0.000000,0.000000,-0.100404,1,1.977998,1.771601,1.555709,1.450512,1.450512,1.166416,0.029009,0.987271,0.987271,0.150136,0.987271,1.435083,1.347083,inf,nan,0.000000,1.347083,1.347083,1.347083,0.358937,-0.139164,1.347083,0.358937,-0.139164,-0.000000,0.000000,3.210508,10,2
1780645029.106308,nmpc_dc,0.000000,-20.223822,0.000000,3.210508,1.570796,0.000000,-18.623822,0.000000,45.000000,0.000000,0.000000,-0.099544,1,2.909625,1.912898,1.684836,1.575113,1.575113,1.181230,0.029009,1.002085,1.002085,0.150136,1.002085,1.443477,1.355477,inf,nan,0.000000,1.355477,1.355477,1.355477,0.347572,0.063663,1.355477,0.347572,0.063663,-0.000000,0.000000,3.210508,10,2
1780645029.194790,nmpc_dc,0.000000,-19.902771,0.000000,3.210508,1.570796,0.000000,-18.302771,0.000000,45.000000,0.000000,0.000000,-0.098691,1,1.968366,1.741295,1.534837,1.427948,1.427948,1.218862,0.029009,1.039717,1.039717,0.150136,1.039717,1.443717,1.355717,inf,nan,0.000000,1.355717,1.355717,1.355717,0.342919,0.081036,1.355717,0.342919,0.081036,-0.000000,0.000000,3.210508,10,2
1780645029.309227,nmpc_dc,0.000000,-19.581720,0.000000,3.210508,1.570796,0.000000,-17.981720,0.000000,45.000000,0.000000,-0.000000,-0.097845,1,2.473320,1.589529,1.419050,1.305855,1.305855,1.300436,0.029009,1.121246,1.121246,0.150136,1.121291,1.447725,1.359725,inf,nan,0.000000,1.359725,1.359725,1.359725,0.357026,0.108036,1.359725,0.357026,0.108036,-0.000000,0.000000,3.210508,10,2
1780645029.393894,nmpc_dc,0.000000,-19.260669,0.000000,3.210508,1.570796,0.000000,-17.660669,0.000000,45.000000,0.000000,0.000000,-0.097006,1,1.948685,1.523272,1.377553,1.265344,1.265344,1.393657,0.029009,1.210056,1.210056,0.150136,1.214512,1.458895,1.370895,inf,nan,0.000000,1.370895,1.370895,1.370895,0.394204,0.129668,1.370895,0.394204,0.129668,-0.000000,0.000000,3.210508,10,2
1780645029.501469,nmpc_dc,0.000000,-18.939619,0.000000,3.210508,1.570796,0.000000,-17.339619,0.000000,45.000000,0.000000,-0.000000,-0.096175,1,7.431950,1.530547,1.392948,1.279208,1.279208,1.528928,0.029009,1.276889,1.276889,0.150136,1.349783,1.490547,1.402547,inf,nan,0.000000,1.402547,1.402547,1.402547,0.487159,0.137405,1.402547,0.487159,0.137405,-0.000000,0.000000,3.210508,10,2
1780645029.590652,nmpc_dc,0.000000,-18.618568,0.000000,3.210508,1.570796,0.000000,-17.018568,0.000000,45.000000,0.000000,-0.000000,-0.095351,1,2.005504,1.573918,1.410729,1.295769,1.295769,1.629801,0.029009,1.295642,1.295642,0.150136,1.450656,1.533918,1.445918,inf,nan,0.000000,1.445918,1.445918,1.445918,0.558939,0.144282,1.445918,0.558939,0.144282,-0.000000,0.000000,3.210508,10,2
1780645029.714543,nmpc_dc,0.000000,-18.297517,0.000000,3.210508,1.570796,0.000000,-16.697517,0.000000,45.000000,0.000000,0.000000,-0.094534,1,3.881256,1.698070,1.501241,1.393024,1.393024,1.742746,0.029009,1.392951,1.392951,0.150136,1.563601,1.658070,1.570070,inf,nan,0.000000,1.570070,1.570070,1.570070,0.638404,0.162349,1.570070,0.638404,0.162349,-0.000000,0.000000,3.210508,10,2
1780645029.795304,nmpc_dc,0.000000,-17.976466,0.000000,3.210508,1.570796,0.000000,-16.376466,0.000000,45.000000,0.000000,-0.000000,-0.093724,1,1.985704,1.811319,1.595789,1.489903,1.489903,1.865530,0.029009,1.489874,1.489874,0.150136,1.686385,1.771319,1.683319,inf,nan,0.000000,1.683319,1.683319,1.683319,0.699628,0.172709,1.683319,0.699628,0.172709,-0.000000,0.000000,3.210508,10,2
1780645029.895389,nmpc_dc,0.000000,-17.655416,0.000000,3.210508,1.570796,0.000000,-16.055416,0.000000,45.000000,0.000000,0.000000,-0.092920,1,3.422766,1.990111,1.754583,1.649896,1.649896,1.992546,0.029009,1.649802,1.649802,0.150136,1.813401,1.950111,1.862111,inf,nan,0.000000,1.862111,1.862111,1.862111,0.781929,0.185967,1.862111,0.781929,0.185967,-0.000000,0.000000,3.210508,10,2
1780645029.995330,nmpc_dc,0.000000,-17.334365,0.000000,3.210508,1.570796,0.000000,-15.734365,0.000000,45.000000,0.000000,0.000000,-0.092124,1,2.260727,2.236351,1.987301,1.882284,1.882284,2.117019,0.029009,1.878468,1.878468,0.150136,1.937874,2.196351,2.108351,inf,nan,0.000000,2.108351,2.108351,2.108351,0.857696,0.204045,2.108351,0.857696,0.204045,-0.000000,0.000000,3.210508,10,2
1780645030.104456,nmpc_dc,0.000000,-17.013314,0.000000,3.210508,1.570796,0.000000,-15.413314,0.000000,45.000000,0.000000,0.000000,-0.091334,1,3.970333,2.451190,2.192746,2.086579,2.086579,2.235551,0.029009,2.047878,2.047878,0.150136,2.056406,2.411190,2.323190,inf,nan,0.000000,2.323190,2.323190,2.323190,0.922338,0.219487,2.323190,0.922338,0.219487,-0.000000,0.000000,3.210508,10,2
1780645030.190212,nmpc_dc,0.000000,-16.692263,0.000000,3.210508,1.570796,0.000000,-15.092263,0.000000,45.000000,0.000000,-0.000000,-0.090552,1,2.636482,2.683235,2.441635,2.335529,2.335529,1.865394,0.029009,1.686249,1.686249,0.150136,1.686249,2.643235,2.555235,inf,nan,0.000000,2.555235,2.555235,2.555235,0.781872,0.056645,2.555235,0.781872,0.056645,-0.000000,0.000000,3.210508,10,2
1780645030.289458,nmpc_dc,0.000000,-16.371212,0.000000,3.210508,1.570796,0.000000,-14.771212,0.000000,45.000000,0.000000,-0.000000,-0.089776,1,2.205014,2.913434,2.662658,2.557342,2.557342,1.872779,0.029009,1.693634,1.693634,0.150136,1.693634,2.787199,2.699199,inf,nan,0.000000,2.699199,2.699199,2.699199,0.774388,0.050484,2.699199,0.774388,0.050484,-0.000000,0.000000,3.210508,10,2
1780645030.388555,nmpc_dc,0.000000,-16.050162,0.000000,3.210508,1.570796,0.000000,-14.450162,0.000000,45.000000,0.000000,0.000000,-0.089006,1,2.085106,2.983641,2.810132,2.696968,2.696968,1.857675,0.029009,1.678530,1.678530,0.150136,1.678530,2.740244,2.652244,inf,nan,0.000000,2.652244,2.652244,2.652244,0.761320,0.151767,2.652244,0.761320,0.151767,-0.000000,0.000000,3.210508,10,2
1780645030.503662,nmpc_dc,0.000000,-15.729111,0.000000,3.210508,1.570796,0.000000,-14.129111,0.000000,45.000000,0.000000,0.000000,-0.088243,1,2.742753,2.899595,2.745132,2.628402,2.628402,1.580747,0.029009,1.401602,1.401602,0.150136,1.401602,2.241122,2.153122,inf,nan,0.000000,2.153122,2.153122,2.153122,0.626837,0.066415,2.153122,0.626837,0.066415,-0.000000,0.000000,3.210508,10,2
1780645030.590382,nmpc_dc,0.000000,-15.408060,0.000000,3.210508,1.570796,0.000000,-13.808060,0.000000,45.000000,0.000000,0.000000,-0.087487,1,1.996807,2.847788,2.657248,2.549634,2.549634,1.329155,0.029009,1.150010,1.150010,0.150136,1.150010,1.790262,1.702262,inf,nan,0.000000,1.702262,1.702262,1.702262,0.464637,0.051176,1.702262,0.464637,0.051176,-0.000000,0.000000,3.210508,10,2
1780645030.704697,nmpc_dc,0.000000,-15.087009,0.000000,3.210508,1.570796,0.000000,-13.487009,0.000000,45.000000,0.000000,-0.000000,-0.086737,1,3.268221,2.692107,2.483424,2.376809,2.376809,1.240906,0.029009,1.061761,1.061761,0.150136,1.061761,1.596417,1.508417,inf,nan,0.000000,1.508417,1.508417,1.508417,0.413454,0.024389,1.508417,0.413454,0.024389,-0.000000,0.000000,3.210508,10,2
1780645030.788827,nmpc_dc,0.000000,-14.765958,0.000000,3.210508,1.570796,0.000000,-13.165958,0.000000,45.000000,0.000000,0.000000,-0.085994,1,1.965781,2.553251,2.346008,2.224593,2.224593,1.182760,0.029009,1.003615,1.003615,0.150136,1.003615,1.447863,1.359863,inf,nan,0.000000,1.359863,1.359863,1.359863,0.379058,0.009749,1.359863,0.379058,0.009749,-0.000000,0.000000,3.210508,10,2
1780645030.901573,nmpc_dc,0.000000,-14.444908,0.000000,3.210508,1.570796,0.000000,-12.844908,0.000000,45.000000,0.000000,-0.000000,-0.085257,1,2.338223,2.348532,2.089044,1.982716,1.982716,1.159370,0.029009,0.980225,0.980225,0.150136,0.980225,1.363054,1.275054,inf,nan,0.000000,1.275054,1.275054,1.275054,0.354268,0.039920,1.275054,0.354268,0.039920,-0.000000,0.000000,3.210508,10,2
1780645030.987257,nmpc_dc,0.000000,-14.123857,0.000000,3.210508,1.570796,0.000000,-12.523857,0.000000,45.000000,0.000000,-0.000000,-0.084526,1,1.882994,2.103875,1.852139,1.746960,1.746960,1.141522,0.029009,0.962377,0.962377,0.150136,0.962377,1.317448,1.229448,inf,nan,0.000000,1.229448,1.229448,1.229448,0.325474,0.040631,1.229448,0.325474,0.040631,-0.000000,0.000000,3.210508,10,2
1780645031.097779,nmpc_dc,0.000000,-13.802806,0.000000,3.210508,1.570796,0.000000,-12.202806,0.000000,45.000000,0.000000,0.000000,-0.083802,1,2.107596,1.878424,1.640362,1.535741,1.535741,1.149829,0.029009,0.970684,0.970684,0.150136,0.970684,1.323885,1.235885,inf,nan,0.000000,1.235885,1.235885,1.235885,0.310820,0.050445,1.235885,0.310820,0.050445,-0.000000,0.000000,3.210508,10,2
1780645031.187934,nmpc_dc,0.000000,-13.481755,0.000000,3.210508,1.570796,0.000000,-11.881755,0.000000,45.000000,0.000000,0.000000,-0.083084,1,2.096958,1.672695,1.454035,1.348448,1.348448,1.165494,0.029009,0.986349,0.986349,0.150136,0.986349,1.316056,1.228056,inf,nan,0.000000,1.228056,1.228056,1.228056,0.301296,0.066894,1.228056,0.301296,0.066894,-0.000000,0.000000,3.210508,10,2
1780645031.293543,nmpc_dc,0.000000,-13.160704,0.000000,3.210508,1.570796,0.000000,-11.560704,0.000000,45.000000,0.000000,0.000000,-0.082372,1,2.915827,1.499759,1.324842,1.215269,1.215269,1.217113,0.029009,1.037910,1.037910,0.150136,1.037968,1.317620,1.229620,inf,nan,0.000000,1.229620,1.229620,1.229620,0.305708,0.092134,1.229620,0.305708,0.092134,-0.000000,0.000000,3.210508,10,2
1780645031.389251,nmpc_dc,0.000000,-12.839654,0.000000,3.210508,1.570796,0.000000,-11.239654,0.000000,45.000000,0.000000,-0.000000,-0.081666,1,1.953275,1.377293,1.247584,1.134827,1.134827,1.292177,0.029009,1.102096,1.102096,0.150136,1.113032,1.314860,1.226860,inf,nan,0.000000,1.226860,1.226860,1.226860,0.334109,0.119348,1.226860,0.334109,0.119348,-0.000000,0.000000,3.210508,10,2
1780645031.496962,nmpc_dc,0.000000,-12.518603,0.000000,3.210508,1.570796,0.000000,-10.918603,0.000000,45.000000,0.000000,0.000000,-0.080966,1,1.790216,1.325305,1.220082,1.102143,1.102143,1.374138,0.029009,1.101056,1.101056,0.150136,1.194993,1.307811,1.219811,inf,nan,0.000000,1.219811,1.219811,1.219811,0.385713,0.059728,1.219811,0.385713,0.059728,-0.000000,0.000000,3.210508,10,2
1780645031.588022,nmpc_dc,0.000000,-12.197552,0.000000,3.210508,1.570796,0.000000,-10.597552,0.000000,45.000000,0.000000,-0.000000,-0.080272,1,1.924213,1.315282,1.226344,1.114546,1.114546,1.386706,0.029009,1.113465,1.113465,0.150136,1.207561,1.330703,1.242703,inf,nan,0.000000,1.242703,1.242703,1.242703,0.458883,0.028461,1.242703,0.458883,0.028461,-0.000000,0.000000,3.210508,10,2
1780645031.713877,nmpc_dc,0.000000,-11.876501,0.000000,3.210508,1.570796,0.000000,-10.276501,0.000000,45.000000,0.000000,-0.000000,-0.079584,1,4.847282,1.410097,1.293499,1.180783,1.180783,1.419653,0.029009,1.177452,1.177452,0.150136,1.240508,1.426308,1.338308,inf,nan,0.000000,1.338308,1.338308,1.338308,0.542545,0.058951,1.338308,0.542545,0.058951,-0.000000,0.000000,3.210508,10,2
1780645031.791708,nmpc_dc,0.000000,-11.555451,0.000000,3.210508,1.570796,0.000000,-9.955451,0.000000,45.000000,0.000000,0.000000,-0.078902,1,2.127205,1.555332,1.403498,1.296715,1.296715,1.463834,0.029009,1.270269,1.270269,0.150136,1.284689,1.570852,1.482852,inf,nan,0.000000,1.482852,1.482852,1.482852,0.553779,0.058074,1.482852,0.553779,0.058074,-0.000000,0.000000,3.210508,10,2
1780645031.899116,nmpc_dc,0.000000,-11.234400,0.000000,3.210508,1.570796,0.000000,-9.634400,0.000000,45.000000,0.000000,0.000000,-0.078226,1,2.402167,1.729198,1.561769,1.456946,1.456946,1.530485,0.029009,1.350640,1.350640,0.150136,1.351340,1.752746,1.664746,inf,nan,0.000000,1.664746,1.664746,1.664746,0.545384,0.043580,1.664746,0.545384,0.043580,-0.000000,0.000000,3.210508,10,2
1780645031.990830,nmpc_dc,0.000000,-10.913349,0.000000,3.210508,1.570796,0.000000,-9.313349,0.000000,45.000000,0.000000,-0.000000,-0.077555,1,2.114792,1.920687,1.758922,1.635251,1.635251,1.615092,0.029009,1.435920,1.435920,0.150136,1.435947,1.880687,1.792687,inf,nan,0.000000,1.792687,1.792687,1.792687,0.543599,0.153314,1.792687,0.543599,0.153314,-0.000000,0.000000,3.210508,10,2
1780645032.098850,nmpc_dc,0.000000,-10.592298,0.000000,3.210508,1.570796,0.000000,-8.992298,0.000000,45.000000,0.000000,0.000000,-0.076891,1,2.349991,1.930368,1.793599,1.678347,1.678347,1.723865,0.029009,1.544455,1.544455,0.150136,1.544720,1.890368,1.802368,inf,nan,0.000000,1.802368,1.802368,1.802368,0.596970,0.167231,1.802368,0.596970,0.167231,-0.000000,0.000000,3.210508,10,2
1780645032.190258,nmpc_dc,0.000000,-10.271247,0.000000,3.210508,1.570796,0.000000,-8.671247,0.000000,45.000000,0.000000,0.000000,-0.076232,1,1.993382,1.999742,1.843781,1.729716,1.729716,1.171246,0.029009,0.992101,0.992101,0.150136,0.992101,1.400013,1.312013,inf,nan,0.000000,1.312013,1.312013,1.312013,0.368565,-0.060414,1.312013,0.368565,-0.060414,-0.000000,0.000000,3.210508,10,2
1780645032.305083,nmpc_dc,0.000000,-9.950197,0.000000,3.210508,1.570796,0.000000,-8.350197,0.000000,45.000000,0.000000,-0.000000,-0.075578,1,2.382124,2.116427,1.935544,1.814559,1.814559,1.162884,0.029009,0.983739,0.983739,0.150136,0.983739,1.358874,1.270874,inf,nan,0.000000,1.270874,1.270874,1.270874,0.345192,-0.015061,1.270874,0.345192,-0.015061,-0.000000,0.000000,3.210508,10,2
1780645032.392061,nmpc_dc,0.000000,-9.629146,0.000000,3.210508,1.570796,0.000000,-8.029146,0.000000,45.000000,0.000000,0.000000,-0.074931,1,2.095631,1.977630,1.735153,1.630481,1.630481,1.160088,0.029009,0.980943,0.980943,0.150136,0.980943,1.350814,1.262814,inf,nan,0.000000,1.262814,1.262814,1.262814,0.325125,0.048360,1.262814,0.325125,0.048360,-0.000000,0.000000,3.210508,10,2
1780645032.503757,nmpc_dc,0.000000,-9.308095,0.000000,3.210508,1.570796,0.000000,-7.708095,0.000000,45.000000,0.000000,0.000000,-0.074289,1,4.214623,1.764051,1.539254,1.434135,1.434135,1.171642,0.029009,0.992497,0.992497,0.150136,0.992497,1.346570,1.258570,inf,nan,0.000000,1.258570,1.258570,1.258570,0.316234,0.062621,1.258570,0.316234,0.062621,-0.000000,0.000000,3.210508,10,2
1780645032.587452,nmpc_dc,0.000000,-8.987044,0.000000,3.210508,1.570796,0.000000,-7.387044,0.000000,45.000000,0.000000,-0.000000,-0.073652,1,2.376265,1.596537,1.398109,1.290116,1.290116,1.212737,0.029009,1.033589,1.033589,0.150136,1.033592,1.355704,1.267704,inf,nan,0.000000,1.267704,1.267704,1.267704,0.313988,0.085126,1.267704,0.313988,0.085126,-0.000000,0.000000,3.210508,10,2
1780645032.713051,nmpc_dc,0.000000,-8.665993,0.000000,3.210508,1.570796,0.000000,-7.065993,0.000000,45.000000,0.000000,-0.000000,-0.073021,1,6.113204,1.470348,1.307207,1.192201,1.192201,1.266471,0.029009,1.086607,1.086607,0.150136,1.087326,1.357094,1.269094,inf,nan,0.000000,1.269094,1.269094,1.269094,0.333416,0.109923,1.269094,0.333416,0.109923,-0.000000,0.000000,3.210508,10,2
1780645032.793217,nmpc_dc,0.000000,-8.344943,0.000000,3.210508,1.570796,0.000000,-6.744943,0.000000,45.000000,0.000000,0.000000,-0.072395,1,2.194334,1.402947,1.265907,1.152485,1.152485,1.344887,0.029009,1.138547,1.138547,0.150136,1.165742,1.360868,1.272868,inf,nan,0.000000,1.272868,1.272868,1.272868,0.380405,0.121961,1.272868,0.380405,0.121961,-0.000000,0.000000,3.210508,10,2
1780645032.903265,nmpc_dc,0.000000,-8.023892,0.000000,3.210508,1.570796,0.000000,-6.423892,0.000000,45.000000,0.000000,0.000000,-0.071774,1,2.803843,1.397936,1.262773,1.148650,1.148650,1.442050,0.029009,1.148131,1.148131,0.150136,1.262905,1.357936,1.269936,inf,nan,0.000000,1.269936,1.269936,1.269936,0.437532,0.138558,1.269936,0.437532,0.138558,-0.000000,0.000000,3.210508,10,2
1780645032.991981,nmpc_dc,0.000000,-7.702841,0.000000,3.210508,1.570796,0.000000,-6.102841,0.000000,45.000000,0.000000,0.000000,-0.071159,1,2.177544,1.457864,1.295982,1.180663,1.180663,1.385037,0.029009,1.170774,1.170774,0.150136,1.205892,1.417864,1.329864,inf,nan,0.000000,1.329864,1.329864,1.329864,0.490945,-0.003266,1.329864,0.490945,-0.003266,-0.000000,0.000000,3.210508,10,2
1780645033.106730,nmpc_dc,0.000000,-7.381790,0.000000,3.210508,1.570796,0.000000,-5.781790,0.000000,45.000000,0.000000,0.000000,-0.070549,1,5.228026,1.561689,1.383216,1.271480,1.271480,1.356995,0.029009,1.176792,1.176792,0.150136,1.177850,1.521689,1.433689,inf,nan,0.000000,1.433689,1.433689,1.433689,0.465207,0.003125,1.433689,0.465207,0.003125,-0.000000,0.000000,3.210508,10,2
1780645033.191432,nmpc_dc,0.000000,-7.060739,0.000000,3.210508,1.570796,0.000000,-5.460739,0.000000,45.000000,0.000000,0.000000,-0.069945,1,2.089243,1.701700,1.491535,1.385087,1.385087,1.370719,0.029009,1.191541,1.191541,0.150136,1.191574,1.661700,1.573700,inf,nan,0.000000,1.573700,1.573700,1.573700,0.472039,0.019506,1.573700,0.472039,0.019506,-0.000000,0.000000,3.210508,10,2
1780645033.303363,nmpc_dc,0.000000,-6.739689,0.000000,3.210508,1.570796,0.000000,-5.139689,0.000000,45.000000,0.000000,-0.000000,-0.069345,1,3.039291,1.905655,1.673836,1.568736,1.568736,1.381956,0.029009,1.202811,1.202811,0.150136,1.202811,1.744323,1.656323,inf,nan,0.000000,1.656323,1.656323,1.656323,0.458484,0.032303,1.656323,0.458484,0.032303,-0.000000,0.000000,3.210508,10,2
1780645033.402385,nmpc_dc,0.000000,-6.418638,0.000000,3.210508,1.570796,0.000000,-4.818638,0.000000,45.000000,0.000000,-0.000000,-0.068751,1,7.228212,1.896898,1.745903,1.630818,1.630818,1.424596,0.029009,1.245451,1.245451,0.150136,1.245451,1.756423,1.668423,inf,nan,0.000000,1.668423,1.668423,1.668423,0.465031,0.099576,1.668423,0.465031,0.099576,-0.000000,0.000000,3.210508,10,2
1780645033.505435,nmpc_dc,0.000000,-6.097587,0.000000,3.210508,1.570796,0.000000,-4.497587,0.000000,45.000000,0.000000,-0.000000,-0.068162,1,3.251277,1.791029,1.673907,1.557881,1.557881,1.480272,0.029009,1.301123,1.301123,0.150136,1.301127,1.743518,1.655518,inf,nan,0.000000,1.655518,1.655518,1.655518,0.472841,0.128838,1.655518,0.472841,0.128838,-0.000000,0.000000,3.210508,10,2
1780645033.592367,nmpc_dc,0.000000,-5.776536,0.000000,3.210508,1.570796,0.000000,-4.176536,0.000000,45.000000,0.000000,0.000000,-0.067578,1,2.602506,1.769219,1.645080,1.524357,1.524357,1.565359,0.029009,1.385987,1.385987,0.150136,1.386214,1.732390,1.644390,inf,nan,0.000000,1.644390,1.644390,1.644390,0.521565,0.145820,1.644390,0.521565,0.145820,-0.000000,0.000000,3.210508,10,2
1780645033.714459,nmpc_dc,0.000000,-5.455486,0.000000,3.210508,1.570796,0.000000,-3.855486,0.000000,45.000000,0.000000,-0.000000,-0.066999,1,5.499149,1.788833,1.657126,1.542426,1.542426,1.666713,0.029009,1.483659,1.483659,0.150136,1.487568,1.767408,1.679408,inf,nan,0.000000,1.679408,1.679408,1.679408,0.568956,0.163401,1.679408,0.568956,0.163401,-0.000000,0.000000,3.210508,10,2
1780645033.791226,nmpc_dc,0.000000,-5.134435,0.000000,3.210508,1.570796,0.000000,-3.534435,0.000000,45.000000,0.000000,-0.000000,-0.066424,1,2.516489,1.862346,1.716558,1.603694,1.603694,1.782412,0.029009,1.583675,1.583675,0.150136,1.603267,1.844456,1.756456,inf,nan,0.000000,1.756456,1.756456,1.756456,0.637175,0.178281,1.756456,0.637175,0.178281,-0.000000,0.000000,3.210508,10,2
1780645033.905403,nmpc_dc,0.000000,-4.813384,0.000000,3.210508,1.570796,0.000000,-3.213384,0.000000,45.000000,0.000000,0.000000,-0.065855,1,3.398006,1.958705,1.797232,1.688076,1.688076,1.901548,0.029009,1.680563,1.680563,0.150136,1.722403,1.947378,1.859378,inf,nan,0.000000,1.859378,1.859378,1.859378,0.708799,0.193292,1.859378,0.708799,0.193292,-0.000000,0.000000,3.210508,10,2
1780645033.993721,nmpc_dc,0.000000,-4.492333,0.000000,3.210508,1.570796,0.000000,-2.892333,0.000000,45.000000,0.000000,-0.000000,-0.065291,1,2.801106,2.104043,1.925630,1.819325,1.819325,2.032968,0.029009,1.811852,1.811852,0.150136,1.853823,2.097240,2.009240,inf,nan,0.000000,2.009240,2.009240,2.009240,0.787684,0.209419,2.009240,0.787684,0.209419,-0.000000,0.000000,3.210508,10,2
1780645034.107186,nmpc_dc,0.000000,-4.171282,0.000000,3.210508,1.570796,0.000000,-2.571282,0.000000,45.000000,0.000000,-0.000000,-0.064731,1,4.532700,2.211310,1.963478,1.858547,1.858547,1.628823,0.029009,1.449678,1.449678,0.150136,1.449678,2.171310,2.083310,inf,nan,0.000000,2.083310,2.083310,2.083310,0.638353,-0.112883,2.083310,0.638353,-0.112883,-0.000000,0.000000,3.210508,10,2
1780645034.203385,nmpc_dc,0.000000,-3.850232,0.000000,3.210508,1.570796,0.000000,-2.250232,0.000000,45.000000,0.000000,-0.000000,-0.064176,1,7.025416,2.431578,2.174052,2.068051,2.068051,1.546711,0.029009,1.367566,1.367566,0.150136,1.367566,2.188076,2.100076,inf,nan,0.000000,2.100076,2.100076,2.100076,0.591054,-0.164741,2.100076,0.591054,-0.164741,-0.000000,0.000000,3.210508,10,2
1780645034.308507,nmpc_dc,0.000000,-3.529181,0.000000,3.210508,1.570796,0.000000,-1.929181,0.000000,45.000000,0.000000,0.000000,-0.063626,1,3.477377,2.619439,2.357551,2.250624,2.250624,1.483362,0.029009,1.304217,1.304217,0.150136,1.304217,2.042581,1.954581,inf,nan,0.000000,1.954581,1.954581,1.954581,0.554289,-0.168415,1.954581,0.554289,-0.168415,-0.000000,0.000000,3.210508,10,2
1780645034.393949,nmpc_dc,0.000000,-3.208130,0.000000,3.210508,1.570796,0.000000,-1.608130,0.000000,45.000000,0.000000,0.000000,-0.063081,1,2.790698,2.855371,2.588783,2.478777,2.478777,1.442554,0.029009,1.263409,1.263409,0.150136,1.263409,1.934710,1.846710,inf,nan,0.000000,1.846710,1.846710,1.846710,0.530651,0.029293,1.846710,0.530651,0.029293,-0.000000,0.000000,3.210508,10,2
1780645034.499688,nmpc_dc,0.000000,-2.887079,0.000000,3.210508,1.570796,0.000000,-1.287079,0.000000,45.000000,0.000000,0.000000,-0.062540,1,2.505147,2.741165,2.493905,2.388881,2.388881,1.422369,0.029009,1.243224,1.243224,0.150136,1.243224,1.872017,1.784017,inf,nan,0.000000,1.784017,1.784017,1.784017,0.512179,0.076814,1.784017,0.512179,0.076814,-0.000000,0.000000,3.210508,10,2
1780645034.589060,nmpc_dc,0.000000,-2.566028,0.000000,3.210508,1.570796,0.000000,-0.966028,0.000000,45.000000,0.000000,0.000000,-0.062004,1,2.107664,2.531732,2.295611,2.190831,2.190831,1.416473,0.029009,1.237328,1.237328,0.150136,1.237328,1.848781,1.760781,inf,nan,0.000000,1.760781,1.760781,1.760781,0.494955,0.080168,1.760781,0.494955,0.080168,-0.000000,0.000000,3.210508,10,2
1780645034.712368,nmpc_dc,0.000000,-2.244978,0.000000,3.210508,1.570796,0.000000,-0.644978,0.000000,45.000000,0.000000,0.000000,-0.061473,1,5.020912,2.359889,2.137293,2.031956,2.031956,1.312683,0.029009,1.133538,1.133538,0.150136,1.133538,1.725865,1.637865,inf,nan,0.000000,1.637865,1.637865,1.637865,0.429270,0.039144,1.637865,0.429270,0.039144,-0.000000,0.000000,3.210508,10,2
1780645034.792791,nmpc_dc,0.000000,-1.923927,0.000000,3.210508,1.570796,0.000000,-0.323927,0.000000,45.000000,0.000000,0.000000,-0.060946,1,2.295085,2.205465,2.001880,1.894648,1.894648,1.174043,0.029009,0.994898,0.994898,0.150136,0.994898,1.454366,1.366366,inf,nan,0.000000,1.366366,1.366366,1.366366,0.350354,0.009839,1.366366,0.350354,0.009839,-0.000000,0.000000,3.210508,10,2
1780645034.909984,nmpc_dc,0.000000,-1.602876,0.000000,3.210508,1.570796,0.000000,-0.002876,0.000000,45.000000,0.000000,-0.000000,-0.060424,1,6.555856,2.068545,1.890895,1.779358,1.779358,1.123644,0.029009,0.944499,0.944499,0.150136,0.944499,1.362408,1.274408,inf,nan,0.000000,1.274408,1.274408,1.274408,0.319331,-0.047331,1.274408,0.319331,-0.047331,-0.000000,0.000000,3.210508,10,2
1780645034.993439,nmpc_dc,0.000000,-1.281825,0.000000,3.210508,1.570796,0.000000,0.318175,0.000000,45.000000,0.000000,0.000000,-0.059906,1,2.204965,1.983503,1.830142,1.716562,1.716562,0.983409,0.029009,0.804264,0.804264,0.150136,0.804264,1.084907,0.996907,inf,nan,0.000000,0.996907,0.996907,0.996907,0.239556,-0.034212,0.996907,0.239556,-0.034212,-0.000000,0.000000,3.210508,10,2
1780645035.100592,nmpc_dc,0.000000,-0.960774,0.000000,3.210508,1.570796,0.000000,0.639226,0.000000,45.000000,0.000000,-0.000000,-0.059393,1,2.829922,1.947783,1.814033,1.697340,1.697340,0.859879,0.029009,0.680734,0.680734,0.150136,0.680734,0.850781,0.762781,inf,nan,0.000000,0.762781,0.762781,0.762781,0.174726,-0.070689,0.762781,0.174726,-0.070689,-0.000000,0.000000,3.210508,10,2
1780645035.196713,nmpc_dc,0.000000,-0.639724,0.000000,3.210508,1.570796,0.000000,0.960276,0.000000,45.000000,0.000000,-0.000000,-0.058884,1,2.326585,1.952566,1.817482,1.686187,1.686187,0.747345,0.029009,0.568200,0.568200,0.150136,0.568200,0.645122,0.557122,inf,nan,0.000000,0.557122,0.557122,0.557122,0.124738,-0.101478,0.557122,0.124738,-0.101478,-0.000000,0.000000,3.210508,10,2
1780645035.306992,nmpc_dc,0.000000,-0.318673,0.000000,3.210508,1.570796,0.000000,1.281327,0.000000,45.000000,0.000000,-0.000000,-0.058379,1,2.749549,1.818741,1.553398,1.437768,1.437768,0.689481,0.029009,0.510336,0.510336,0.150136,0.510336,0.521024,0.433024,inf,nan,0.000000,0.433024,0.433024,0.433024,0.092079,-0.024986,0.433024,0.092079,-0.024986,-0.000000,0.000000,3.210508,10,2
1780645035.396030,nmpc_dc,0.000000,0.002378,0.000000,3.210508,1.570796,0.000000,1.602378,0.000000,45.000000,0.000000,0.000000,-0.057879,1,2.472569,1.546258,1.272621,1.160057,1.160057,0.669207,0.029009,0.490062,0.490062,0.150136,0.490062,0.490711,0.402711,inf,nan,0.000000,0.402711,0.402711,0.402711,0.055725,-0.030443,0.402711,0.055725,-0.030443,-0.000000,0.000000,3.210508,10,2
1780645035.493337,nmpc_dc,0.000000,0.323429,0.000000,3.210508,1.570796,0.000000,1.923429,0.000000,45.000000,0.000000,0.000000,-0.057383,1,2.011201,1.282556,1.012651,0.903622,0.903622,0.660019,0.029009,0.480874,0.480874,0.150136,0.480874,0.473292,0.385292,inf,nan,0.000000,0.385292,0.385292,0.385292,0.034442,-0.024515,0.385292,0.034442,-0.024515,-0.000000,0.000000,3.210508,10,2
1780645035.588358,nmpc_dc,0.000000,0.644479,0.000000,3.210508,1.570796,0.000000,2.244479,0.000000,45.000000,0.000000,-0.000000,-0.056891,1,1.791169,1.027204,0.767593,0.662275,0.662275,0.649393,0.029009,0.470214,0.470214,0.150136,0.470248,0.430116,0.342116,inf,nan,0.000000,0.342116,0.342116,0.342116,0.028309,-0.022290,0.342116,0.028309,-0.022290,-0.000000,0.000000,3.210508,10,2
1780645035.710491,nmpc_dc,0.000000,0.965530,0.000000,3.210508,1.570796,0.000000,2.565530,0.000000,45.000000,0.000000,0.000000,-0.056403,1,2.031475,0.812303,0.578850,0.474657,0.474657,0.623893,0.029009,0.436152,0.436152,0.150136,0.444748,0.370155,0.282155,inf,nan,0.000000,0.282155,0.282155,0.282155,0.026137,-0.011169,0.282155,0.026137,-0.011169,-0.000000,0.000000,3.210508,10,2
1780645035.786236,nmpc_dc,0.000000,1.286581,0.000000,3.210508,1.570796,0.000000,2.886581,0.000000,45.000000,0.000000,-0.000000,-0.055920,1,1.892279,0.675179,0.513781,0.400023,0.400023,0.631862,0.029009,0.395828,0.395828,0.150136,0.452717,0.387592,0.299592,inf,nan,0.000000,0.299592,0.299592,0.299592,0.057827,-0.023871,0.299592,0.057827,-0.023871,-0.000000,0.000000,3.210508,10,2
1780645035.915560,nmpc_dc,0.000000,1.607632,0.000000,3.210508,1.570796,0.000000,3.207632,0.000000,45.000000,0.000000,-0.000000,-0.055441,1,6.821199,0.577051,0.429911,0.311991,0.311991,0.718485,0.029009,0.311981,0.311981,0.150136,0.539340,0.401189,0.313189,inf,nan,0.000000,0.313189,0.313189,0.313189,0.061538,-0.020362,0.313189,0.061538,-0.020362,-0.000000,0.000000,3.210508,10,2
1780645035.993227,nmpc_dc,0.000000,1.928683,0.000000,3.210508,1.570796,0.000000,3.528683,0.000000,45.000000,0.000000,-0.000000,-0.054965,1,1.834695,0.549148,0.394134,0.274264,0.274264,0.858436,0.029009,0.274264,0.274264,0.150136,0.679291,0.418900,0.330900,inf,nan,0.000000,0.330900,0.330900,0.330900,0.069461,0.020347,0.330900,0.069461,0.020347,-0.000000,0.000000,3.210508,10,2
1780645036.101581,nmpc_dc,0.000000,2.249733,0.000000,3.210508,1.570796,0.000000,3.849733,0.000000,45.000000,0.000000,0.000000,-0.054494,1,2.293138,0.531757,0.391058,0.272280,0.272280,0.808946,0.029009,0.272280,0.272280,0.150136,0.629801,0.435514,0.347514,inf,nan,0.000000,0.347514,0.347514,0.347514,0.064884,-0.063866,0.347514,0.064884,-0.063866,-0.000000,0.000000,3.210508,10,2
1780645036.192451,nmpc_dc,0.000000,2.570784,0.000000,3.210508,1.570796,0.000000,4.170784,0.000000,45.000000,0.000000,0.000000,-0.054027,1,2.028202,0.542609,0.404234,0.276014,0.276014,0.690451,0.029009,0.276006,0.276006,0.150136,0.511306,0.456496,0.368496,inf,nan,0.000000,0.368496,0.368496,0.368496,0.030162,-0.191287,0.368496,0.030162,-0.191287,-0.000000,0.000000,3.210508,10,2
1780645036.300838,nmpc_dc,0.000000,2.891835,0.000000,3.210508,1.570796,0.000000,4.491835,0.000000,45.000000,0.000000,-0.000000,-0.053564,1,3.136574,0.552807,0.386141,0.275325,0.275325,0.797804,0.029009,0.275325,0.275325,0.150136,0.618659,0.454601,0.366601,inf,nan,0.000000,0.366601,0.366601,0.366601,0.006119,-0.230796,0.366601,0.006119,-0.230796,-0.000000,0.000000,3.210508,10,2
1780645036.396065,nmpc_dc,0.000000,3.212886,0.000000,3.210508,1.570796,0.000000,4.812886,0.000000,45.000000,0.000000,0.000000,-0.053105,1,1.922919,0.668898,0.457063,0.339476,0.339476,0.854013,0.029009,0.339476,0.339476,0.150136,0.674868,0.443203,0.355203,inf,nan,0.000000,0.355203,0.355203,0.355203,0.017793,0.053983,0.355203,0.017793,0.053983,-0.000000,0.000000,3.210508,10,2
1780645036.502857,nmpc_dc,0.000000,3.533937,0.000000,3.210508,1.570796,0.000000,5.133937,0.000000,45.000000,0.000000,-0.000000,-0.052650,1,6.428192,0.564881,0.400918,0.288047,0.288047,1.000851,0.029009,0.288047,0.288047,0.150136,0.821706,0.448201,0.360201,inf,nan,0.000000,0.360201,0.360201,0.360201,0.054384,0.090365,0.360201,0.054384,0.090365,-0.000000,0.000000,3.210508,10,2
1780645036.593126,nmpc_dc,0.000000,3.854987,0.000000,3.210508,1.570796,0.000000,5.454987,0.000000,45.000000,0.000000,0.000000,-0.052199,1,1.918044,0.545287,0.410345,0.291864,0.291864,1.153826,0.029009,0.291864,0.291864,0.150136,0.974681,0.505287,0.417287,inf,nan,0.000000,0.417287,0.417287,0.417287,0.152405,0.107514,0.417287,0.152405,0.107514,-0.000000,0.000000,3.210508,10,2
1780645036.709626,nmpc_dc,0.000000,4.176038,0.000000,3.210508,1.570796,0.000000,5.776038,0.000000,45.000000,0.000000,-0.000000,-0.051751,1,4.952261,0.567936,0.406909,0.297559,0.297559,1.308479,0.029009,0.297559,0.297559,0.150136,1.129334,0.527936,0.439936,inf,nan,0.000000,0.439936,0.439936,0.439936,0.297923,0.125807,0.439936,0.297923,0.125807,-0.000000,0.000000,3.210508,10,2
1780645036.792004,nmpc_dc,0.000000,4.497089,0.000000,3.210508,1.570796,0.000000,6.097089,0.000000,45.000000,0.000000,0.000000,-0.051308,1,1.837250,0.680766,0.448164,0.344061,0.344061,1.445936,0.029009,0.344061,0.344061,0.150136,1.266791,0.640766,0.552766,inf,nan,0.000000,0.552766,0.552766,0.552766,0.412197,0.142424,0.552766,0.412197,0.142424,-0.000000,0.000000,3.210508,10,2
1780645036.907841,nmpc_dc,0.000000,4.818140,0.000000,3.210508,1.570796,0.000000,6.418140,0.000000,45.000000,0.000000,0.000000,-0.050868,1,2.694283,0.928521,0.667079,0.561616,0.561616,1.603500,0.029009,0.561616,0.561616,0.150136,1.424355,0.888521,0.800521,inf,nan,0.000000,0.800521,0.800521,0.800521,0.517515,0.160920,0.800521,0.517515,0.160920,-0.000000,0.000000,3.210508,10,2
1780645036.995775,nmpc_dc,0.000000,5.139190,0.000000,3.210508,1.570796,0.000000,6.739190,0.000000,45.000000,0.000000,-0.000000,-0.050432,1,2.041629,1.208818,0.937451,0.827582,0.827582,1.067236,0.029009,0.824337,0.824337,0.150136,0.888091,1.168818,1.080818,inf,nan,0.000000,1.080818,1.080818,1.080818,0.292956,-0.085457,1.080818,0.292956,-0.085457,-0.000000,0.000000,3.210508,10,2
1780645037.104916,nmpc_dc,0.000000,5.460241,0.000000,3.210508,1.570796,0.000000,7.060241,0.000000,45.000000,0.000000,-0.000000,-0.050000,1,2.606167,1.508971,1.234465,1.120379,1.120379,0.928070,0.029009,0.748925,0.748925,0.150136,0.748925,0.983480,0.895480,inf,nan,0.000000,0.895480,0.895480,0.895480,0.226299,-0.034041,0.895480,0.226299,-0.034041,-0.000000,0.000000,3.210508,10,2
1780645037.192348,nmpc_dc,0.000000,5.781292,0.000000,3.210508,1.570796,0.000000,7.381292,0.000000,45.000000,0.000000,-0.000000,-0.049571,1,2.073393,1.475975,1.273285,1.165879,1.165879,0.929526,0.029009,0.750381,0.750381,0.150136,0.750381,0.975086,0.887086,inf,nan,0.000000,0.887086,0.887086,0.887086,0.208804,0.008683,0.887086,0.208804,0.008683,-0.000000,0.000000,3.210508,10,2
1780645037.294505,nmpc_dc,0.000000,6.102343,0.000000,3.210508,1.570796,0.000000,7.702343,0.000000,45.000000,0.000000,0.000000,-0.049147,1,3.244817,1.328842,1.161207,1.046815,1.046815,0.948478,0.029009,0.769331,0.769331,0.150136,0.769333,0.976409,0.888409,inf,nan,0.000000,0.888409,0.888409,0.888409,0.198647,-0.004447,0.888409,0.198647,-0.004447,-0.000000,0.000000,3.210508,10,2
1780645037.392336,nmpc_dc,0.000000,6.423394,0.000000,3.210508,1.570796,0.000000,8.023394,0.000000,45.000000,0.000000,0.000000,-0.048725,1,1.986989,1.237086,1.068920,0.953755,0.953755,1.017601,0.029009,0.837956,0.837956,0.150136,0.838456,0.980193,0.892193,inf,nan,0.000000,0.892193,0.892193,0.892193,0.205590,0.015884,0.892193,0.205590,0.015884,-0.000000,0.000000,3.210508,10,2
1780645037.503322,nmpc_dc,0.000000,6.744444,0.000000,3.210508,1.570796,0.000000,8.344444,0.000000,45.000000,0.000000,-0.000000,-0.048308,1,2.499004,1.138582,0.953342,0.842549,0.842549,1.118326,0.029009,0.841595,0.841595,0.150136,0.939181,0.981091,0.893091,inf,nan,0.000000,0.893091,0.893091,0.893091,0.202398,0.094309,0.893091,0.202398,0.094309,-0.000000,0.000000,3.210508,10,2
1780645037.592293,nmpc_dc,0.000000,7.065495,0.000000,3.210508,1.570796,0.000000,8.665495,0.000000,45.000000,0.000000,-0.000000,-0.047894,1,2.026728,1.031460,0.895605,0.778314,0.778314,1.238416,0.029009,0.778312,0.778312,0.150136,1.059271,0.984198,0.896198,inf,nan,0.000000,0.896198,0.896198,0.896198,0.263776,0.114918,0.896198,0.263776,0.114918,-0.000000,0.000000,3.210508,10,2
1780645037.701030,nmpc_dc,0.000000,7.386546,0.000000,3.210508,1.570796,0.000000,8.986546,0.000000,45.000000,0.000000,0.000000,-0.047483,1,2.271413,1.024591,0.892932,0.779601,0.779601,1.373692,0.029009,0.779601,0.779601,0.150136,1.194547,0.984591,0.896591,inf,nan,0.000000,0.896591,0.896591,0.896591,0.340874,0.130716,0.896591,0.340874,0.130716,-0.000000,0.000000,3.210508,10,2
1780645037.792021,nmpc_dc,0.000000,7.707597,0.000000,3.210508,1.570796,0.000000,9.307597,0.000000,45.000000,0.000000,0.000000,-0.047076,1,1.975637,1.086828,0.922553,0.808332,0.808332,1.503204,0.029009,0.808332,0.808332,0.150136,1.324059,1.046828,0.958828,inf,nan,0.000000,0.958828,0.958828,0.958828,0.429432,0.146016,0.958828,0.429432,0.146016,-0.000000,0.000000,3.210508,10,2
1780645037.910798,nmpc_dc,0.000000,8.028648,0.000000,3.210508,1.570796,0.000000,9.628648,0.000000,45.000000,0.000000,0.000000,-0.046673,1,2.456126,1.228767,1.018827,0.912338,0.912338,1.649421,0.029009,0.912338,0.912338,0.150136,1.470276,1.188767,1.100767,inf,nan,0.000000,1.100767,1.100767,1.100767,0.528040,0.163418,1.100767,0.528040,0.163418,-0.000000,0.000000,3.210508,10,2
1780645037.989905,nmpc_dc,0.000000,8.349698,0.000000,3.210508,1.570796,0.000000,9.949698,0.000000,45.000000,0.000000,-0.000000,-0.046273,1,1.951087,1.453174,1.212894,1.108448,1.108448,1.814642,0.029009,1.108448,1.108448,0.150136,1.635497,1.413174,1.325174,inf,nan,0.000000,1.325174,1.325174,1.325174,0.634224,0.183048,1.325174,0.634224,0.183048,-0.000000,0.000000,3.210508,10,2
1780645038.109379,nmpc_dc,0.000000,8.670749,0.000000,3.210508,1.570796,0.000000,10.270749,0.000000,45.000000,0.000000,0.000000,-0.045876,1,2.929192,1.681465,1.425493,1.320045,1.320045,1.695983,0.029009,1.320016,1.320016,0.150136,1.516838,1.641465,1.553465,inf,nan,0.000000,1.553465,1.553465,1.553465,0.674156,0.003695,1.553465,0.674156,0.003695,-0.000000,0.000000,3.210508,10,2
1780645038.185110,nmpc_dc,0.000000,8.991800,0.000000,3.210508,1.570796,0.000000,10.591800,0.000000,45.000000,0.000000,-0.000000,-0.045483,1,1.774331,1.939885,1.675539,1.568224,1.568224,1.564300,0.029009,1.385108,1.385108,0.150136,1.385155,1.899885,1.811885,inf,nan,0.000000,1.811885,1.811885,1.811885,0.599121,-0.008938,1.811885,0.599121,-0.008938,-0.000000,0.000000,3.210508,10,2
1780645038.314795,nmpc_dc,0.000000,9.312851,0.000000,3.210508,1.570796,0.000000,10.912851,0.000000,45.000000,0.000000,0.000000,-0.045093,1,6.208403,2.219793,1.950122,1.840461,1.840461,1.446506,0.029009,1.267361,1.267361,0.150136,1.267361,2.033350,1.945350,inf,nan,0.000000,1.945350,1.945350,1.945350,0.531931,-0.098533,1.945350,0.531931,-0.098533,-0.000000,0.000000,3.210508,10,2
1780645038.393034,nmpc_dc,0.000000,9.633902,0.000000,3.210508,1.570796,0.000000,11.233902,0.000000,45.000000,0.000000,0.000000,-0.044707,1,2.336722,2.494108,2.221795,2.110111,2.110111,1.330452,0.029009,1.151307,1.151307,0.150136,1.151307,1.794799,1.706799,inf,nan,0.000000,1.706799,1.706799,1.706799,0.465346,-0.159209,1.706799,0.465346,-0.159209,-0.000000,0.000000,3.210508,10,2
1780645038.501458,nmpc_dc,0.000000,9.954952,0.000000,3.210508,1.570796,0.000000,11.554952,0.000000,45.000000,0.000000,0.000000,-0.044324,1,2.786337,2.813736,2.539701,2.423573,2.423573,1.239853,0.029009,1.060708,1.060708,0.150136,1.060708,1.595901,1.507901,inf,nan,0.000000,1.507901,1.507901,1.507901,0.412852,0.004705,1.507901,0.412852,0.004705,-0.000000,0.000000,3.210508,10,2
1780645038.592485,nmpc_dc,0.000000,10.276003,0.000000,3.210508,1.570796,0.000000,11.876003,0.000000,45.000000,0.000000,-0.000000,-0.043944,1,2.363335,2.617114,2.351011,2.242824,2.242824,1.179557,0.029009,1.000412,1.000412,0.150136,1.000412,1.443814,1.355814,inf,nan,0.000000,1.355814,1.355814,1.355814,0.377235,0.042065,1.355814,0.377235,0.042065,-0.000000,0.000000,3.210508,10,2
1780645038.714312,nmpc_dc,0.000000,10.597054,0.000000,3.210508,1.570796,0.000000,12.197054,0.000000,45.000000,0.000000,-0.000000,-0.043567,1,6.956177,2.357175,2.096641,1.990106,1.990106,1.135862,0.029009,0.956717,0.956717,0.150136,0.956717,1.350107,1.262107,inf,nan,0.000000,1.262107,1.262107,1.262107,0.350852,0.038620,1.262107,0.350852,0.038620,-0.000000,0.000000,3.210508,10,2
1780645038.789158,nmpc_dc,0.000000,10.918105,0.000000,3.210508,1.570796,0.000000,12.518105,0.000000,45.000000,0.000000,0.000000,-0.043194,1,2.280610,2.106241,1.854356,1.749163,1.749163,1.023547,0.029009,0.844402,0.844402,0.150136,0.844402,1.175321,1.087321,inf,nan,0.000000,1.087321,1.087321,1.087321,0.280394,0.013769,1.087321,0.280394,0.013769,-0.000000,0.000000,3.210508,10,2
1780645038.905521,nmpc_dc,0.000000,11.239155,0.000000,3.210508,1.570796,0.000000,12.839155,0.000000,45.000000,0.000000,-0.000000,-0.042824,1,2.999161,1.869893,1.630793,1.526180,1.526180,0.927902,0.029009,0.748757,0.748757,0.150136,0.748757,0.993712,0.905712,inf,nan,0.000000,0.905712,0.905712,0.905712,0.237510,-0.023184,0.905712,0.237510,-0.023184,-0.000000,0.000000,3.210508,10,2
1780645038.991663,nmpc_dc,0.000000,11.560206,0.000000,3.210508,1.570796,0.000000,13.160206,0.000000,45.000000,0.000000,0.000000,-0.042457,1,2.370529,1.679039,1.460465,1.354872,1.354872,0.843800,0.029009,0.664655,0.664655,0.150136,0.664655,0.830648,0.742648,inf,nan,0.000000,0.742648,0.742648,0.742648,0.190264,-0.009212,0.742648,0.190264,-0.009212,-0.000000,0.000000,3.210508,10,2
1780645039.098249,nmpc_dc,0.000000,11.881257,0.000000,3.210508,1.570796,0.000000,13.481257,0.000000,45.000000,0.000000,-0.000000,-0.042093,1,2.847828,1.504977,1.316391,1.206793,1.206793,0.807516,0.029009,0.628371,0.628371,0.150136,0.628371,0.740499,0.652499,inf,nan,0.000000,0.652499,0.652499,0.652499,0.160910,-0.020980,0.652499,0.160910,-0.020980,-0.000000,0.000000,3.210508,10,2
1780645039.190582,nmpc_dc,0.000000,12.202308,0.000000,3.210508,1.570796,0.000000,13.802308,0.000000,45.000000,0.000000,0.000000,-0.041732,1,2.332490,1.382857,1.227864,1.099267,1.099267,0.759404,0.029009,0.580259,0.580259,0.150136,0.580259,0.692128,0.604128,inf,nan,0.000000,0.604128,0.604128,0.604128,0.135950,-0.039162,0.604128,0.135950,-0.039162,-0.000000,0.000000,3.210508,10,2
1780645039.301052,nmpc_dc,0.000000,12.523359,0.000000,3.210508,1.570796,0.000000,14.123359,0.000000,45.000000,0.000000,-0.000000,-0.041374,1,3.120388,1.244394,1.008956,0.904470,0.904470,0.718468,0.029009,0.539323,0.539323,0.150136,0.539323,0.523367,0.435367,inf,nan,0.000000,0.435367,0.435367,0.435367,0.097271,-0.051094,0.435367,0.097271,-0.051094,-0.000000,0.000000,3.210508,10,2
1780645039.391096,nmpc_dc,0.000000,12.844409,0.000000,3.210508,1.570796,0.000000,14.444409,0.000000,45.000000,0.000000,0.000000,-0.041020,1,2.087907,1.046260,0.844725,0.735745,0.735745,0.695730,0.029009,0.516572,0.516572,0.150136,0.516585,0.470269,0.382269,inf,nan,0.000000,0.382269,0.382269,0.382269,0.069264,-0.062627,0.382269,0.069264,-0.062627,-0.000000,0.000000,3.210508,10,2
1780645039.510174,nmpc_dc,0.000000,13.165460,0.000000,3.210508,1.570796,0.000000,14.765460,0.000000,45.000000,0.000000,0.000000,-0.040668,1,6.505619,0.903432,0.708952,0.599716,0.599716,0.693064,0.029009,0.512535,0.512535,0.150136,0.513919,0.447376,0.359376,inf,nan,0.000000,0.359376,0.359376,0.359376,0.028093,-0.123225,0.359376,0.028093,-0.123225,-0.000000,0.000000,3.210508,10,2
1780645039.593632,nmpc_dc,0.000000,13.486511,0.000000,3.210508,1.570796,0.000000,15.086511,0.000000,45.000000,0.000000,0.000000,-0.040320,1,2.154968,0.802817,0.657708,0.547706,0.547706,0.695371,0.029009,0.508029,0.508029,0.150136,0.516226,0.446432,0.358432,inf,nan,0.000000,0.358432,0.358432,0.358432,0.008814,-0.120301,0.358432,0.008814,-0.120301,-0.000000,0.000000,3.210508,10,2
1780645039.702080,nmpc_dc,0.000000,13.807562,0.000000,3.210508,1.570796,0.000000,15.407562,0.000000,45.000000,0.000000,-0.000000,-0.039974,1,2.491535,0.761895,0.522164,0.417882,0.417882,0.688209,0.029009,0.416731,0.416731,0.150136,0.509064,0.397738,0.309738,inf,nan,0.000000,0.309738,0.309738,0.309738,-0.000135,-0.010635,0.309738,-0.000135,-0.010635,-0.000000,0.000000,3.210508,10,2
1780645039.793861,nmpc_dc,0.000000,14.128613,0.000000,3.210508,1.570796,0.000000,15.728613,0.000000,45.000000,0.000000,-0.000000,-0.039631,1,2.114992,0.569059,0.393137,0.279822,0.279822,0.762578,0.029009,0.279821,0.279821,0.150136,0.583433,0.384008,0.296008,inf,nan,0.000000,0.296008,0.296008,0.296008,0.059408,-0.000967,0.296008,0.059408,-0.000967,-0.000000,0.000000,3.210508,10,2
1780645039.903947,nmpc_dc,0.000000,14.449663,0.000000,3.210508,1.570796,0.000000,16.049663,0.000000,45.000000,0.000000,0.000000,-0.039292,1,3.665029,0.543014,0.377707,0.261054,0.261054,0.897538,0.029009,0.261054,0.261054,0.150136,0.718393,0.407505,0.319505,inf,nan,0.000000,0.319505,0.319505,0.319505,0.058028,0.029106,0.319505,0.058028,0.029106,-0.000000,0.000000,3.210508,10,2
1780645039.987175,nmpc_dc,0.000000,14.770714,0.000000,3.210508,1.570796,0.000000,16.370714,0.000000,45.000000,0.000000,-0.000000,-0.038955,1,2.689288,0.512034,0.347850,0.232316,0.232316,1.039903,0.029009,0.232316,0.232316,0.150136,0.860758,0.433203,0.345203,inf,nan,0.000000,0.345203,0.345203,0.345203,0.076379,0.099073,0.345203,0.076379,0.099073,-0.000000,0.000000,3.210508,10,2
1780645040.098655,nmpc_dc,0.000000,15.091765,0.000000,3.210508,1.570796,0.000000,16.691765,0.000000,45.000000,0.000000,0.000000,-0.038621,1,2.741546,0.570100,0.368692,0.260327,0.260327,1.239338,0.029009,0.260327,0.260327,0.150136,1.060193,0.530100,0.442100,inf,nan,0.000000,0.442100,0.442100,0.442100,0.279653,0.121462,0.442100,0.279653,0.121462,-0.000000,0.000000,3.210508,10,2
1780645040.191540,nmpc_dc,0.000000,15.412816,0.000000,3.210508,1.570796,0.000000,17.012816,0.000000,45.000000,0.000000,-0.000000,-0.038290,1,1.978316,0.639913,0.434879,0.327465,0.327465,1.366863,0.029009,0.327465,0.327465,0.150136,1.187718,0.599913,0.511913,inf,nan,0.000000,0.511913,0.511913,0.511913,0.371603,0.136286,0.511913,0.371603,0.136286,-0.000000,0.000000,3.210508,10,2
1780645040.306408,nmpc_dc,0.000000,15.733867,0.000000,3.210508,1.570796,0.000000,17.333867,0.000000,45.000000,0.000000,0.000000,-0.037962,1,4.598292,0.858746,0.607239,0.503115,0.503115,1.527802,0.029009,0.503115,0.503115,0.150136,1.348657,0.818746,0.730746,inf,nan,0.000000,0.730746,0.730746,0.730746,0.483215,0.154843,0.730746,0.483215,0.154843,-0.000000,0.000000,3.210508,10,2
1780645040.389905,nmpc_dc,0.000000,16.054917,0.000000,3.210508,1.570796,0.000000,17.654917,0.000000,45.000000,0.000000,-0.000000,-0.037637,1,2.071896,1.114608,0.846497,0.738644,0.738644,1.687352,0.029009,0.738644,0.738644,0.150136,1.508207,1.074608,0.986608,inf,nan,0.000000,0.986608,0.986608,0.986608,0.583107,0.173263,0.986608,0.583107,0.173263,-0.000000,0.000000,3.210508,10,2
1780645040.516481,nmpc_dc,0.000000,16.375968,0.000000,3.210508,1.570796,0.000000,17.975968,0.000000,45.000000,0.000000,0.000000,-0.037314,1,5.676496,1.388797,1.115366,1.003258,1.003258,1.844751,0.029009,1.003258,1.003258,0.150136,1.665606,1.348797,1.260797,inf,nan,0.000000,1.260797,1.260797,1.260797,0.677152,0.191430,1.260797,0.677152,0.191430,-0.000000,0.000000,3.210508,10,2
1780645040.589220,nmpc_dc,0.000000,16.697019,0.000000,3.210508,1.570796,0.000000,18.297019,0.000000,45.000000,0.000000,0.000000,-0.036994,1,2.274406,1.683786,1.408784,1.293087,1.293087,2.007352,0.029009,1.293087,1.293087,0.150136,1.828207,1.643786,1.555786,inf,nan,0.000000,1.555786,1.555786,1.555786,0.772397,0.210191,1.555786,0.772397,0.210191,-0.000000,0.000000,3.210508,10,2
1780645040.698629,nmpc_dc,0.000000,17.018070,0.000000,3.210508,1.570796,0.000000,18.618070,0.000000,45.000000,0.000000,-0.000000,-0.036677,1,3.092358,1.980625,1.702241,1.587040,1.587040,2.167478,0.029009,1.587040,1.587040,0.150136,1.988333,1.940625,1.852625,inf,nan,0.000000,1.852625,1.852625,1.852625,0.865390,0.228663,1.852625,0.865390,0.228663,-0.000000,0.000000,3.210508,10,2
1780645040.789318,nmpc_dc,0.000000,17.339120,0.000000,3.210508,1.570796,0.000000,18.939120,0.000000,45.000000,0.000000,0.000000,-0.036363,1,2.218627,2.270157,1.988883,1.874755,1.874755,2.322097,0.029009,1.874752,1.874752,0.150136,2.142952,2.230157,2.142157,inf,nan,0.000000,2.142157,2.142157,2.142157,0.954828,0.246498,2.142157,0.954828,0.246498,-0.000000,0.000000,3.210508,10,2
1780645040.914003,nmpc_dc,0.000000,17.660171,0.000000,3.210508,1.570796,0.000000,19.260171,0.000000,45.000000,0.000000,-0.000000,-0.036051,1,3.966554,2.568934,2.285476,2.172135,2.172135,1.521712,0.029009,1.342567,1.342567,0.150136,1.342567,2.056384,1.968384,inf,nan,0.000000,1.968384,1.968384,1.968384,0.565864,-0.030051,1.968384,0.565864,-0.030051,-0.000000,0.000000,3.210508,10,2
1780645040.993976,nmpc_dc,0.000000,17.981222,0.000000,3.210508,1.570796,0.000000,19.581222,0.000000,45.000000,0.000000,0.000000,-0.035742,1,3.032719,2.596576,2.388906,2.281651,2.281651,1.518851,0.029009,1.339706,1.339706,0.150136,1.339706,2.048114,1.960114,inf,nan,0.000000,1.960114,1.960114,1.960114,0.552379,0.085168,1.960114,0.552379,0.085168,-0.000000,0.000000,3.210508,10,2
1780645041.106495,nmpc_dc,0.000000,18.302273,0.000000,3.210508,1.570796,0.000000,19.902273,0.000000,45.000000,0.000000,0.000000,-0.035436,1,3.409044,2.450194,2.246156,2.139307,2.139307,1.532250,0.029009,1.353105,1.353105,0.150136,1.353105,2.062301,1.974301,inf,nan,0.000000,1.974301,1.974301,1.974301,0.547163,0.103838,1.974301,0.547163,0.103838,-0.000000,0.000000,3.210508,10,2
1780645041.194943,nmpc_dc,0.000000,18.623324,0.000000,3.210508,1.570796,0.000000,20.223324,0.000000,45.000000,0.000000,-0.000000,-0.035132,1,3.100997,2.317480,2.131279,2.021367,2.021367,1.558842,0.029009,1.379697,1.379697,0.150136,1.379697,2.075919,1.987919,inf,nan,0.000000,1.987919,1.987919,1.987919,0.547161,0.119454,1.987919,0.547161,0.119454,-0.000000,0.000000,3.210508,10,2
1780645041.310543,nmpc_dc,0.000000,18.944374,0.000000,3.210508,1.570796,0.000000,20.544374,0.000000,45.000000,0.000000,0.000000,-0.034831,1,3.520626,2.214400,2.053975,1.938455,1.938455,1.600482,0.029009,1.421337,1.421337,0.150136,1.421337,2.081853,1.993853,inf,nan,0.000000,1.993853,1.993853,1.993853,0.557340,0.135506,1.993853,0.557340,0.135506,-0.000000,0.000000,3.210508,10,2
1780645041.401425,nmpc_dc,0.000000,19.265425,0.000000,3.210508,1.570796,0.000000,20.865425,0.000000,45.000000,0.000000,-0.000000,-0.034533,1,4.658619,2.152728,2.009119,1.895285,1.895285,1.660963,0.029009,1.481818,1.481818,0.150136,1.481818,2.088276,2.000276,inf,nan,0.000000,2.000276,2.000276,2.000276,0.582966,0.153208,2.000276,0.582966,0.153208,-0.000000,0.000000,3.210508,10,2
1780645041.503073,nmpc_dc,0.000000,19.586476,0.000000,3.210508,1.570796,0.000000,21.186476,0.000000,45.000000,0.000000,0.000000,-0.034237,1,2.838511,2.144315,2.020263,1.895763,1.895763,1.731977,0.029009,1.552832,1.552832,0.150136,1.552832,2.104315,2.016315,inf,nan,0.000000,2.016315,2.016315,2.016315,0.626019,0.086255,2.016315,0.626019,0.086255,-0.000000,0.000000,3.210508,10,2
1780645041.589734,nmpc_dc,0.000000,19.907527,0.000000,3.210508,1.570796,0.000000,21.507527,0.000000,45.000000,0.000000,0.000000,-0.033943,1,2.282988,2.193434,2.051128,1.936991,1.936991,1.631730,0.029009,1.452585,1.452585,0.150136,1.452585,2.153434,2.065434,inf,nan,0.000000,2.065434,2.065434,2.065434,0.633028,0.029754,2.065434,0.633028,0.029754,-0.000000,0.000000,3.210508,10,2
1780645041.702591,nmpc_dc,0.000000,20.228578,0.000000,3.210508,1.570796,0.000000,21.828578,0.000000,45.000000,0.000000,-0.000000,-0.033652,1,2.731933,2.270531,2.111416,1.996214,1.996214,1.530141,0.029009,1.350996,1.350996,0.150136,1.350996,2.152707,2.064707,inf,nan,0.000000,2.064707,2.064707,2.064707,0.580655,-0.021643,2.064707,0.580655,-0.021643,-0.000000,0.000000,3.210508,10,2
1780645041.786479,nmpc_dc,0.000000,20.549628,0.000000,3.210508,1.570796,0.000000,22.149628,0.000000,45.000000,0.000000,0.000000,-0.033364,1,2.078021,2.396911,2.214309,2.103786,2.103786,1.444358,0.029009,1.265213,1.265213,0.150136,1.265213,1.986906,1.898906,inf,nan,0.000000,1.898906,1.898906,1.898906,0.538024,-0.074922,1.898906,0.538024,-0.074922,-0.000000,0.000000,3.210508,10,2
1780645041.912854,nmpc_dc,0.000000,20.870679,0.000000,3.210508,1.570796,0.000000,22.470679,0.000000,45.000000,0.000000,-0.000000,-0.033078,1,3.301867,2.530021,2.326536,2.219094,2.219094,1.375507,0.029009,1.196362,1.196362,0.150136,1.196362,1.852958,1.764958,inf,nan,0.000000,1.764958,1.764958,1.764958,0.501466,-0.107926,1.764958,0.501466,-0.107926,-0.000000,0.000000,3.210508,10,2
1780645041.987878,nmpc_dc,0.000000,21.191730,0.000000,3.210508,1.570796,0.000000,22.791730,0.000000,45.000000,0.000000,0.000000,-0.032794,1,1.992031,2.639258,2.393158,2.285257,2.285257,1.328615,0.029009,1.149470,1.149470,0.150136,1.149470,1.755742,1.667742,inf,nan,0.000000,1.667742,1.667742,1.667742,0.479404,0.073224,1.667742,0.479404,0.073224,-0.000000,0.000000,3.210508,10,2
1780645042.108262,nmpc_dc,0.000000,21.512781,0.000000,3.210508,1.570796,0.000000,23.112781,0.000000,45.000000,0.000000,-0.000000,-0.032513,1,2.748714,2.426580,2.192415,2.087615,2.087615,1.320440,0.029009,1.141295,1.141295,0.150136,1.141295,1.732300,1.644300,inf,nan,0.000000,1.644300,1.644300,1.644300,0.465977,0.077561,1.644300,0.465977,0.077561,-0.000000,0.000000,3.210508,10,2
1780645042.192431,nmpc_dc,0.000000,21.833832,0.000000,3.210508,1.570796,0.000000,23.433832,0.000000,45.000000,0.000000,0.000000,-0.032235,1,2.171177,2.224947,2.008062,1.902410,1.902410,1.317399,0.029009,1.138254,1.138254,0.150136,1.138254,1.725251,1.637251,inf,nan,0.000000,1.637251,1.637251,1.637251,0.453287,0.086037,1.637251,0.453287,0.086037,-0.000000,0.000000,3.210508,10,2
1780645042.320919,nmpc_dc,0.000000,22.154882,0.000000,3.210508,1.570796,0.000000,23.754882,0.000000,45.000000,0.000000,-0.000000,-0.031958,1,3.905468,2.051671,1.865869,1.757653,1.757653,1.335191,0.029009,1.156046,1.156046,0.150136,1.156046,1.726793,1.638793,inf,nan,0.000000,1.638793,1.638793,1.638793,0.443158,0.079542,1.638793,0.443158,0.079542,-0.000000,0.000000,3.210508,10,2
1780645042.391499,nmpc_dc,0.000000,22.475933,0.000000,3.210508,1.570796,0.000000,24.075933,0.000000,45.000000,0.000000,0.000000,-0.031684,1,2.167823,1.900086,1.759665,1.646329,1.646329,1.386830,0.029009,1.207685,1.207685,0.150136,1.207685,1.744798,1.656798,inf,nan,0.000000,1.656798,1.656798,1.656798,0.458638,0.094553,1.656798,0.458638,0.094553,-0.000000,0.000000,3.210508,10,2
1780645042.504993,nmpc_dc,0.000000,22.796984,0.000000,3.210508,1.570796,0.000000,24.396984,0.000000,45.000000,0.000000,0.000000,-0.031413,1,2.769719,1.825251,1.709136,1.592964,1.592964,1.258332,0.029009,1.079187,1.079187,0.150136,1.079187,1.683969,1.595969,inf,nan,0.000000,1.595969,1.595969,1.595969,0.421825,0.010630,1.595969,0.421825,0.010630,-0.000000,0.000000,3.210508,10,2
1780645042.593271,nmpc_dc,0.000000,23.118035,0.000000,3.210508,1.570796,0.000000,24.718035,0.000000,45.000000,0.000000,-0.000000,-0.031144,1,2.433023,1.775789,1.662357,1.547181,1.547181,1.131860,0.029009,0.952715,0.952715,0.150136,0.952715,1.428259,1.340259,inf,nan,0.000000,1.340259,1.340259,1.340259,0.349579,-0.035290,1.340259,0.349579,-0.035290,-0.000000,0.000000,3.210508,10,2
1780645042.697292,nmpc_dc,0.000000,23.439085,0.000000,3.210508,1.570796,0.000000,25.039085,0.000000,45.000000,0.000000,0.000000,-0.030877,1,1.815326,1.766673,1.657552,1.540910,1.540910,1.030624,0.029009,0.851479,0.851479,0.150136,0.851479,1.208337,1.120337,inf,nan,0.000000,1.120337,1.120337,1.120337,0.291003,-0.056104,1.120337,0.291003,-0.056104,-0.000000,0.000000,3.210508,10,2
1780645042.779467,nmpc_dc,0.000000,23.760136,0.000000,3.210508,1.570796,0.000000,25.360136,0.000000,45.000000,0.000000,-0.000000,-0.030612,1,1.778091,1.826851,1.702710,1.589115,1.589115,0.953007,0.029009,0.773862,0.773862,0.150136,0.773862,1.013547,0.925547,inf,nan,0.000000,0.925547,0.925547,0.925547,0.244213,-0.139231,0.925547,0.244213,-0.139231,-0.000000,0.000000,3.210508,10,2
1780645042.884032,nmpc_dc,0.000000,24.081187,0.000000,3.210508,1.570796,0.000000,25.681187,0.000000,45.000000,0.000000,0.000000,-0.030350,1,1.960374,1.936459,1.764707,1.637619,1.637619,0.924735,0.029009,0.745590,0.745590,0.150136,0.745590,0.915488,0.827488,inf,nan,0.000000,0.827488,0.827488,0.827488,0.213554,-0.036801,0.827488,0.213554,-0.036801,-0.000000,0.000000,3.210508,10,2
1780645042.979735,nmpc_dc,0.000000,24.402238,0.000000,3.210508,1.570796,0.000000,26.002238,0.000000,45.000000,0.000000,0.000000,-0.030090,1,1.749233,1.759313,1.496479,1.389693,1.389693,0.911942,0.029009,0.732797,0.732797,0.150136,0.732797,0.871532,0.783532,inf,nan,0.000000,0.783532,0.783532,0.783532,0.188189,0.007787,0.783532,0.188189,0.007787,-0.000000,0.000000,3.210508,10,2
1780645043.112021,nmpc_dc,0.000000,24.723289,0.000000,3.210508,1.570796,0.000000,26.323289,0.000000,45.000000,0.000000,0.000000,-0.029832,1,2.864918,1.500348,1.247502,1.142524,1.142524,0.921225,0.029009,0.742080,0.742080,0.150136,0.742080,0.883310,0.795310,inf,nan,0.000000,0.795310,0.795310,0.795310,0.164431,0.018043,0.795310,0.164431,0.018043,-0.000000,0.000000,3.210508,10,2
1780645043.193625,nmpc_dc,0.000000,25.044339,0.000000,3.210508,1.570796,0.000000,26.644339,0.000000,45.000000,0.000000,0.000000,-0.029576,1,1.942810,1.263540,1.030448,0.925927,0.925927,0.947536,0.029009,0.768276,0.768276,0.150136,0.768391,0.886188,0.798188,inf,nan,0.000000,0.798188,0.798188,0.798188,0.154872,0.044929,0.798188,0.154872,0.044929,-0.000000,0.000000,3.210508,10,2
1780645043.308509,nmpc_dc,0.000000,25.365390,0.000000,3.210508,1.570796,0.000000,26.965390,0.000000,45.000000,0.000000,-0.000000,-0.029323,1,2.348646,1.076525,0.880515,0.771997,0.771997,1.007237,0.029009,0.768244,0.768244,0.150136,0.828092,0.890253,0.802253,inf,nan,0.000000,0.802253,0.802253,0.802253,0.167036,0.073940,0.802253,0.167036,0.073940,-0.000000,0.000000,3.210508,10,2
1780645043.392312,nmpc_dc,0.000000,25.686441,0.000000,3.210508,1.570796,0.000000,27.286441,0.000000,45.000000,0.000000,0.000000,-0.029071,1,2.129239,0.945255,0.792978,0.682782,0.682782,1.105177,0.029009,0.682776,0.682776,0.150136,0.926032,0.875111,0.787111,inf,nan,0.000000,0.787111,0.787111,0.787111,0.215032,0.101018,0.787111,0.215032,0.101018,-0.000000,0.000000,3.210508,10,2
1780645043.508277,nmpc_dc,0.000000,26.007492,0.000000,3.210508,1.570796,0.000000,27.607492,0.000000,45.000000,0.000000,0.000000,-0.028822,1,2.264122,0.904495,0.778088,0.662249,0.662249,1.222859,0.029009,0.662249,0.662249,0.150136,1.043714,0.864495,0.776495,inf,nan,0.000000,0.776495,0.776495,0.776495,0.279884,0.117477,0.776495,0.279884,0.117477,-0.000000,0.000000,3.210508,10,2
1780645043.592093,nmpc_dc,0.000000,26.328543,0.000000,3.210508,1.570796,0.000000,27.928543,0.000000,45.000000,0.000000,-0.000000,-0.028575,1,1.821650,0.941357,0.787923,0.672356,0.672356,1.353755,0.029009,0.672356,0.672356,0.150136,1.174610,0.907167,0.819167,inf,nan,0.000000,0.819167,0.819167,0.819167,0.352951,0.115520,0.819167,0.352951,0.115520,-0.000000,0.000000,3.210508,10,2
1780645043.722698,nmpc_dc,0.000000,26.649593,0.000000,3.210508,1.570796,0.000000,28.249593,0.000000,45.000000,0.000000,0.000000,-0.028330,1,6.040368,1.055645,0.866748,0.756999,0.756999,1.472271,0.029009,0.756999,0.756999,0.150136,1.293126,1.015645,0.927645,inf,nan,0.000000,0.927645,0.927645,0.927645,0.454227,0.118747,0.927645,0.454227,0.118747,-0.000000,0.000000,3.210508,10,2
1780645043.792928,nmpc_dc,0.000000,26.970644,0.000000,3.210508,1.570796,0.000000,28.570644,0.000000,45.000000,0.000000,-0.000000,-0.028087,1,2.173661,1.231578,1.003471,0.898698,0.898698,1.595148,0.029009,0.898698,0.898698,0.150136,1.416003,1.191578,1.103578,inf,nan,0.000000,1.103578,1.103578,1.103578,0.553811,0.147165,1.103578,0.553811,0.147165,-0.000000,0.000000,3.210508,10,2
1780645043.912692,nmpc_dc,0.000000,27.291695,0.000000,3.210508,1.570796,0.000000,28.891695,0.000000,45.000000,0.000000,0.000000,-0.027847,1,5.305491,1.449403,1.199157,1.094421,1.094421,1.731686,0.029009,1.094421,1.094421,0.150136,1.552541,1.409403,1.321403,inf,nan,0.000000,1.321403,1.321403,1.321403,0.648798,0.159639,1.321403,0.648798,0.159639,-0.000000,0.000000,3.210508,10,2
1780645043.992308,nmpc_dc,0.000000,27.612746,0.000000,3.210508,1.570796,0.000000,29.212746,0.000000,45.000000,0.000000,0.000000,-0.027608,1,1.933614,1.700625,1.438544,1.331983,1.331983,1.852869,0.029009,1.331983,1.331983,0.150136,1.673724,1.660625,1.572625,inf,nan,0.000000,1.572625,1.572625,1.572625,0.734168,0.171608,1.572625,0.734168,0.171608,-0.000000,0.000000,3.210508,10,2
1780645044.114738,nmpc_dc,0.000000,27.933797,0.000000,3.210508,1.570796,0.000000,29.533797,0.000000,45.000000,0.000000,-0.000000,-0.027371,1,2.417521,1.962092,1.700714,1.591527,1.591527,1.977182,0.029009,1.591507,1.591507,0.150136,1.798037,1.922092,1.834092,inf,nan,0.000000,1.834092,1.834092,1.834092,0.781287,0.196139,1.834092,0.781287,0.196139,-0.000000,0.000000,3.210508,10,2
1780645044.195617,nmpc_dc,0.000000,28.254847,0.000000,3.210508,1.570796,0.000000,29.854847,0.000000,45.000000,0.000000,0.000000,-0.027137,1,1.923207,2.198395,1.945855,1.838707,1.838707,0.955894,0.029009,0.776749,0.776749,0.150136,0.776749,1.023152,0.935152,inf,nan,0.000000,0.935152,0.935152,0.935152,0.246054,-0.063400,0.935152,0.246054,-0.063400,-0.000000,0.000000,3.210508,10,2
1780645044.306546,nmpc_dc,0.000000,28.575898,0.000000,3.210508,1.570796,0.000000,30.175898,0.000000,45.000000,0.000000,-0.000000,-0.026904,1,2.561273,2.028518,1.773871,1.664295,1.664295,0.927387,0.029009,0.748242,0.748242,0.150136,0.748242,0.911763,0.823763,inf,nan,0.000000,0.823763,0.823763,0.823763,0.213063,0.005224,0.823763,0.213063,0.005224,-0.000000,0.000000,3.210508,10,2
1780645044.391330,nmpc_dc,0.000000,28.896949,0.000000,3.210508,1.570796,0.000000,30.496949,0.000000,45.000000,0.000000,0.000000,-0.026674,1,2.028010,1.749162,1.492107,1.384986,1.384986,0.916744,0.029009,0.737599,0.737599,0.150136,0.737599,0.883734,0.795734,inf,nan,0.000000,0.795734,0.795734,0.795734,0.180594,0.005157,0.795734,0.180594,0.005157,-0.000000,0.000000,3.210508,10,2
1780645044.507756,nmpc_dc,0.000000,29.218000,0.000000,3.210508,1.570796,0.000000,30.818000,0.000000,45.000000,0.000000,0.000000,-0.026445,1,2.360902,1.490329,1.247550,1.142471,1.142471,0.923932,0.029009,0.744787,0.744787,0.150136,0.744787,0.884958,0.796958,inf,nan,0.000000,0.796958,0.796958,0.796958,0.161101,0.016322,0.796958,0.161101,0.016322,-0.000000,0.000000,3.210508,10,2
1780645044.594649,nmpc_dc,0.000000,29.539050,0.000000,3.210508,1.570796,0.000000,31.139050,0.000000,45.000000,0.000000,-0.000000,-0.026218,1,2.265088,1.247713,1.030745,0.926279,0.926279,0.947018,0.029009,0.767761,0.767761,0.150136,0.767873,0.878684,0.790684,inf,nan,0.000000,0.790684,0.790684,0.790684,0.152619,0.043074,0.790684,0.152619,0.043074,-0.000000,0.000000,3.210508,10,2
1780645044.692724,nmpc_dc,0.000000,29.860101,0.000000,3.210508,1.570796,0.000000,31.460101,0.000000,45.000000,0.000000,0.000000,-0.025994,1,3.478870,1.077965,0.877318,0.769527,0.769527,0.975931,0.029009,0.760217,0.760217,0.150136,0.796786,0.875910,0.787910,inf,nan,0.000000,0.787910,0.787910,0.787910,0.159708,0.049987,0.787910,0.159708,0.049987,-0.000000,0.000000,3.210508,10,2
1780645044.795489,nmpc_dc,0.000000,30.181152,0.000000,3.210508,1.570796,0.000000,31.781152,0.000000,45.000000,0.000000,-0.000000,-0.025771,1,2.201300,0.935649,0.786839,0.676042,0.676042,1.013527,0.029009,0.675931,0.675931,0.150136,0.834382,0.863956,0.775956,inf,nan,0.000000,0.775956,0.775956,0.775956,0.205888,0.062605,0.775956,0.205888,0.062605,-0.000000,0.000000,3.210508,10,2
1780645044.909171,nmpc_dc,0.000000,30.502203,0.000000,3.210508,1.570796,0.000000,32.102203,0.000000,45.000000,0.000000,0.000000,-0.025550,1,3.562070,0.892989,0.771547,0.653014,0.653014,1.091652,0.029009,0.653011,0.653011,0.150136,0.912507,0.852989,0.764989,inf,nan,0.000000,0.764989,0.764989,0.764989,0.288103,0.060287,0.764989,0.288103,0.060287,-0.000000,0.000000,3.210508,10,2
1780645044.996575,nmpc_dc,0.000000,30.823254,0.000000,3.210508,1.570796,0.000000,32.423254,0.000000,45.000000,0.000000,-0.000000,-0.025331,1,2.328254,0.943763,0.780953,0.666839,0.666839,1.198089,0.029009,0.666839,0.666839,0.150136,1.018944,0.903763,0.815763,inf,nan,0.000000,0.815763,0.815763,0.815763,0.328979,0.065411,0.815763,0.328979,0.065411,-0.000000,0.000000,3.210508,10,2
1780645045.108045,nmpc_dc,0.000000,31.144304,0.000000,3.210508,1.570796,0.000000,32.744304,0.000000,45.000000,0.000000,0.000000,-0.025114,1,3.212124,1.026801,0.864678,0.747999,0.747999,1.322864,0.029009,0.747999,0.747999,0.150136,1.143719,0.986801,0.898801,inf,nan,0.000000,0.898801,0.898801,0.898801,0.344588,0.128103,0.898801,0.344588,0.128103,-0.000000,0.000000,3.210508,10,2
1780645045.196404,nmpc_dc,0.000000,31.465355,0.000000,3.210508,1.570796,0.000000,33.065355,0.000000,45.000000,0.000000,-0.000000,-0.024899,1,2.381011,1.153943,0.952524,0.845035,0.845035,1.456911,0.029009,0.845035,0.845035,0.150136,1.277766,1.113943,1.025943,inf,nan,0.000000,1.025943,1.025943,1.025943,0.423138,0.144262,1.025943,0.423138,0.144262,-0.000000,0.000000,3.210508,10,2
1780645045.291448,nmpc_dc,0.000000,31.786406,0.000000,3.210508,1.570796,0.000000,33.386406,0.000000,45.000000,0.000000,-0.000000,-0.024685,1,1.770325,1.281367,1.089979,0.980787,0.980787,1.598226,0.029009,0.980787,0.980787,0.150136,1.419081,1.241367,1.153367,inf,nan,0.000000,1.153367,1.153367,1.153367,0.517354,0.161096,1.153367,0.517354,0.161096,-0.000000,0.000000,3.210508,10,2
1780645045.394443,nmpc_dc,0.000000,32.107457,0.000000,3.210508,1.570796,0.000000,33.707457,0.000000,45.000000,0.000000,-0.000000,-0.024474,1,2.618394,1.457304,1.233843,1.128684,1.128684,1.743666,0.029009,1.128684,1.128684,0.150136,1.564521,1.417304,1.329304,inf,nan,0.000000,1.329304,1.329304,1.329304,0.610481,0.178292,1.329304,0.610481,0.178292,-0.000000,0.000000,3.210508,10,2
1780645045.508653,nmpc_dc,0.000000,32.428508,0.000000,3.210508,1.570796,0.000000,34.028508,0.000000,45.000000,0.000000,0.000000,-0.024264,1,5.761703,1.663792,1.411492,1.306312,1.306312,1.888191,0.029009,1.306312,1.306312,0.150136,1.709046,1.623792,1.535792,inf,nan,0.000000,1.535792,1.535792,1.535792,0.699682,0.195276,1.535792,0.699682,0.195276,-0.000000,0.000000,3.210508,10,2
1780645045.610295,nmpc_dc,0.000000,32.749558,0.000000,3.210508,1.570796,0.000000,34.349558,0.000000,45.000000,0.000000,0.000000,-0.024056,1,8.015930,1.895703,1.639845,1.534060,1.534060,2.033372,0.029009,1.534060,1.534060,0.150136,1.854227,1.855703,1.767703,inf,nan,0.000000,1.767703,1.767703,1.767703,0.788561,0.096111,1.767703,0.788561,0.096111,-0.000000,0.000000,3.210508,10,2
1780645045.707928,nmpc_dc,0.000000,33.070609,0.000000,3.210508,1.570796,0.000000,34.670609,0.000000,45.000000,0.000000,-0.000000,-0.023850,1,3.157838,2.137736,1.874612,1.767544,1.767544,2.004164,0.029009,1.763957,1.763957,0.150136,1.825019,2.097736,2.009736,inf,nan,0.000000,2.009736,2.009736,2.009736,0.856116,0.040180,2.009736,0.856116,0.040180,-0.000000,0.000000,3.210508,10,2
1780645045.789154,nmpc_dc,0.000000,33.391660,0.000000,3.210508,1.570796,0.000000,34.991660,0.000000,45.000000,0.000000,0.000000,-0.023645,1,2.419777,2.405219,2.137277,2.028415,2.028415,1.944995,0.029009,1.765847,1.765847,0.150136,1.765850,2.365219,2.277219,inf,nan,0.000000,2.277219,2.277219,2.277219,0.822023,0.021749,2.277219,0.822023,0.021749,-0.000000,0.000000,3.210508,10,2
1780645045.903126,nmpc_dc,0.000000,33.712711,0.000000,3.210508,1.570796,0.000000,35.312711,0.000000,45.000000,0.000000,0.000000,-0.023443,1,3.202733,2.657196,2.400936,2.290204,2.290204,1.907772,0.029009,1.728627,1.728627,0.150136,1.728627,2.632002,2.544002,inf,nan,0.000000,2.544002,2.544002,2.544002,0.801047,-0.068824,2.544002,0.801047,-0.068824,-0.000000,0.000000,3.210508,10,2
1780645045.982664,nmpc_dc,0.000000,34.033762,0.000000,3.210508,1.570796,0.000000,35.633762,0.000000,45.000000,0.000000,-0.000000,-0.023242,1,2.804404,2.913312,2.673620,2.561370,2.561370,1.889449,0.029009,1.710304,1.710304,0.150136,1.710304,2.769865,2.681865,inf,nan,0.000000,2.681865,2.681865,2.681865,0.787143,-0.078245,2.681865,0.787143,-0.078245,-0.000000,0.000000,3.210508,10,2
1780645046.102193,nmpc_dc,0.000000,34.354812,0.000000,3.210508,1.570796,0.000000,35.954812,0.000000,45.000000,0.000000,-0.000000,-0.023043,1,3.877529,3.183135,2.940515,2.826074,2.826074,1.878836,0.029009,1.699691,1.699691,0.150136,1.699691,2.741204,2.653204,inf,nan,0.000000,2.653204,2.653204,2.653204,0.772936,0.115074,2.653204,0.772936,0.115074,-0.000000,0.000000,3.210508,10,2
1780645046.186528,nmpc_dc,0.000000,34.675863,0.000000,3.210508,1.570796,0.000000,36.275863,0.000000,45.000000,0.000000,-0.000000,-0.022845,1,2.569254,3.120996,2.929665,2.820709,2.820709,1.872843,0.029009,1.693698,1.693698,0.150136,1.693698,2.729894,2.641894,inf,nan,0.000000,2.641894,2.641894,2.641894,0.759070,0.136998,2.641894,0.759070,0.136998,-0.000000,0.000000,3.210508,10,2
1780645046.304739,nmpc_dc,0.000000,34.996914,0.000000,3.210508,1.570796,0.000000,36.596914,0.000000,45.000000,0.000000,0.000000,-0.022649,1,3.588478,2.991023,2.817792,2.705255,2.705255,1.882503,0.029009,1.703358,1.703358,0.150136,1.703358,2.730776,2.642776,inf,nan,0.000000,2.642776,2.642776,2.642776,0.757347,0.146962,2.642776,0.757347,0.146962,-0.000000,0.000000,3.210508,10,2
1780645046.386841,nmpc_dc,0.000000,35.317965,0.000000,3.210508,1.570796,0.000000,36.917965,0.000000,45.000000,0.000000,0.000000,-0.022455,1,2.939900,2.899027,2.743682,2.627731,2.627731,1.910616,0.029009,1.731471,1.731471,0.150136,1.731471,2.743584,2.655584,inf,nan,0.000000,2.655584,2.655584,2.655584,0.765491,0.158604,2.655584,0.765491,0.158604,-0.000000,0.000000,3.210508,10,2
1780645046.480093,nmpc_dc,0.000000,35.639015,0.000000,3.210508,1.570796,0.000000,37.239015,0.000000,45.000000,0.000000,0.000000,-0.022263,1,1.785985,2.830548,2.688427,2.573331,2.573331,1.950463,0.029009,1.771318,1.771318,0.150136,1.771318,2.753665,2.665665,inf,nan,0.000000,2.665665,2.665665,2.665665,0.781428,0.169274,2.665665,0.781428,0.169274,-0.000000,0.000000,3.210508,10,2
1780645046.577517,nmpc_dc,0.000000,35.960066,0.000000,3.210508,1.570796,0.000000,37.560066,0.000000,45.000000,0.000000,-0.000000,-0.022072,1,1.841410,2.806373,2.670908,2.553390,2.553390,1.958473,0.029009,1.779328,1.779328,0.150136,1.779328,2.758524,2.670524,inf,nan,0.000000,2.670524,2.670524,2.670524,0.795663,0.088883,2.670524,0.795663,0.088883,-0.000000,0.000000,3.210508,10,2
1780645046.719961,nmpc_dc,0.000000,36.281117,0.000000,3.210508,1.570796,0.000000,37.881117,0.000000,45.000000,0.000000,0.000000,-0.021883,1,7.347075,2.793736,2.665137,2.543195,2.543195,1.860634,0.029009,1.681489,1.681489,0.150136,1.681489,2.753736,2.665736,inf,nan,0.000000,2.665736,2.665736,2.665736,0.768080,0.072665,2.665736,0.768080,0.072665,-0.000000,0.000000,3.210508,10,2
1780645046.784265,nmpc_dc,0.000000,36.602168,0.000000,3.210508,1.570796,0.000000,38.202168,0.000000,45.000000,0.000000,0.000000,-0.021695,1,2.315743,2.819001,2.675411,2.560685,2.560685,1.728224,0.029009,1.549079,1.549079,0.150136,1.549079,2.529503,2.441503,inf,nan,0.000000,2.441503,2.441503,2.441503,0.684137,0.012573,2.441503,0.684137,0.012573,-0.000000,0.000000,3.210508,10,2
1780645046.906481,nmpc_dc,0.000000,36.923219,0.000000,3.210508,1.570796,0.000000,38.523219,0.000000,45.000000,0.000000,-0.000000,-0.021509,1,7.332388,2.902194,2.745603,2.630422,2.630422,1.621655,0.029009,1.442510,1.442510,0.150136,1.442510,2.327339,2.239339,inf,nan,0.000000,2.239339,2.239339,2.239339,0.628244,-0.051169,2.239339,0.628244,-0.051169,-0.000000,0.000000,3.210508,10,2
1780645046.986866,nmpc_dc,0.000000,37.244269,0.000000,3.210508,1.570796,0.000000,38.844269,0.000000,45.000000,0.000000,0.000000,-0.021325,1,2.358591,2.982795,2.807545,2.695584,2.695584,1.518837,0.029009,1.339692,1.339692,0.150136,1.339692,2.128487,2.040487,inf,nan,0.000000,2.040487,2.040487,2.040487,0.566505,-0.072256,2.040487,0.566505,-0.072256,-0.000000,0.000000,3.210508,10,2
1780645047.096987,nmpc_dc,0.000000,37.565320,0.000000,3.210508,1.570796,0.000000,39.165320,0.000000,45.000000,0.000000,0.000000,-0.021142,1,3.419153,3.068464,2.829494,2.722448,2.722448,1.392359,0.029009,1.213214,1.213214,0.150136,1.213214,1.884024,1.796024,inf,nan,0.000000,1.796024,1.796024,1.796024,0.491492,0.058983,1.796024,0.491492,0.058983,-0.000000,0.000000,3.210508,10,2
1780645047.193300,nmpc_dc,0.000000,37.886371,0.000000,3.210508,1.570796,0.000000,39.486371,0.000000,45.000000,0.000000,-0.000000,-0.020961,1,2.624600,2.855042,2.602106,2.496599,2.496599,1.234851,0.029009,1.055706,1.055706,0.150136,1.055706,1.581645,1.493645,inf,nan,0.000000,1.493645,1.493645,1.493645,0.384056,0.050020,1.493645,0.384056,0.050020,-0.000000,0.000000,3.210508,10,2
1780645047.307216,nmpc_dc,0.000000,38.207422,0.000000,3.210508,1.570796,0.000000,39.807422,0.000000,45.000000,0.000000,-0.000000,-0.020781,1,2.938072,2.626429,2.382474,2.277615,2.277615,1.087114,0.029009,0.907969,0.907969,0.150136,0.907969,1.288133,1.200133,inf,nan,0.000000,1.200133,1.200133,1.200133,0.298321,0.023052,1.200133,0.298321,0.023052,-0.000000,0.000000,3.210508,10,2
1780645047.389231,nmpc_dc,0.000000,38.528473,0.000000,3.210508,1.570796,0.000000,40.128473,0.000000,45.000000,0.000000,0.000000,-0.020603,1,2.226618,2.406605,2.175106,2.070215,2.070215,0.940580,0.029009,0.761435,0.761435,0.150136,0.761435,1.003065,0.915065,inf,nan,0.000000,0.915065,0.915065,0.915065,0.217257,-0.011556,0.915065,0.217257,-0.011556,-0.000000,0.000000,3.210508,10,2
1780645047.505227,nmpc_dc,0.000000,38.849523,0.000000,3.210508,1.570796,0.000000,40.449523,0.000000,45.000000,0.000000,0.000000,-0.020427,1,2.755869,2.213620,1.965787,1.860399,1.860399,0.819367,0.029009,0.640222,0.640222,0.150136,0.640222,0.777906,0.689906,inf,nan,0.000000,0.689906,0.689906,0.689906,0.156871,-0.048088,0.689906,0.156871,-0.048088,-0.000000,0.000000,3.210508,10,2
1780645047.588394,nmpc_dc,0.000000,39.170574,0.000000,3.210508,1.570796,0.000000,40.770574,0.000000,45.000000,0.000000,-0.000000,-0.020252,1,2.034709,1.980117,1.705027,1.588657,1.588657,0.721147,0.029009,0.542002,0.542002,0.150136,0.542002,0.593557,0.505557,inf,nan,0.000000,0.505557,0.505557,0.505557,0.118825,-0.018538,0.505557,0.118825,-0.018538,-0.000000,0.000000,3.210508,10,2
1780645047.698995,nmpc_dc,0.000000,39.491625,0.000000,3.210508,1.570796,0.000000,41.091625,0.000000,45.000000,0.000000,-0.000000,-0.020078,1,2.374569,1.678213,1.403888,1.290073,1.290073,0.682146,0.029009,0.503001,0.503001,0.150136,0.503001,0.501258,0.413258,inf,nan,0.000000,0.413258,0.413258,0.413258,0.073514,-0.028127,0.413258,0.073514,-0.028127,-0.000000,0.000000,3.210508,10,2
1780645047.783625,nmpc_dc,0.000000,39.812676,0.000000,3.210508,1.570796,0.000000,41.412676,0.000000,45.000000,0.000000,-0.000000,-0.019906,1,1.773983,1.377240,1.106048,0.996064,0.996064,0.685407,0.029009,0.506262,0.506262,0.150136,0.506262,0.497112,0.409112,inf,nan,0.000000,0.409112,0.409112,0.409112,0.045813,-0.026649,0.409112,0.045813,-0.026649,-0.000000,0.000000,3.210508,10,2
1780645047.915727,nmpc_dc,0.000000,40.133727,0.000000,3.210508,1.570796,0.000000,41.733727,0.000000,45.000000,0.000000,-0.000000,-0.019735,1,5.772609,1.087795,0.824945,0.718862,0.718862,0.733345,0.029009,0.554111,0.554111,0.150136,0.554200,0.505357,0.417357,inf,nan,0.000000,0.417357,0.417357,0.417357,0.025957,-0.004621,0.417357,0.025957,-0.004621,-0.000000,0.000000,3.210508,10,2
1780645047.993714,nmpc_dc,0.000000,40.454777,0.000000,3.210508,1.570796,0.000000,42.054777,0.000000,45.000000,0.000000,-0.000000,-0.019566,1,2.395019,0.834262,0.594248,0.490307,0.490307,0.850008,0.029009,0.490256,0.490256,0.150136,0.670863,0.516962,0.428962,inf,nan,0.000000,0.428962,0.428962,0.428962,0.019069,0.054290,0.428962,0.019069,0.054290,-0.000000,0.000000,3.210508,10,2
1780645048.106678,nmpc_dc,0.000000,40.775828,0.000000,3.210508,1.570796,0.000000,42.375828,0.000000,45.000000,0.000000,0.000000,-0.019398,1,1.824743,0.648883,0.466738,0.355074,0.355074,0.989555,0.029009,0.355074,0.355074,0.150136,0.810410,0.523300,0.435300,inf,nan,0.000000,0.435300,0.435300,0.435300,0.070682,0.082778,0.435300,0.070682,0.082778,-0.000000,0.000000,3.210508,10,2
1780645048.183963,nmpc_dc,0.000000,41.096879,0.000000,3.210508,1.570796,0.000000,42.696879,0.000000,45.000000,0.000000,0.000000,-0.019232,1,1.925281,0.553267,0.417677,0.306412,0.306412,1.137040,0.029009,0.306412,0.306412,0.150136,0.957895,0.513267,0.425267,inf,nan,0.000000,0.425267,0.425267,0.425267,0.142929,0.105513,0.425267,0.142929,0.105513,-0.000000,0.000000,3.210508,10,2
1780645048.310080,nmpc_dc,0.000000,41.417930,0.000000,3.210508,1.570796,0.000000,43.017930,0.000000,45.000000,0.000000,-0.000000,-0.019067,1,2.479347,0.573910,0.425972,0.319595,0.319595,0.857347,0.029009,0.319595,0.319595,0.150136,0.678202,0.533910,0.445910,inf,nan,0.000000,0.445910,0.445910,0.445910,0.151084,-0.071884,0.445910,0.151084,-0.071884,-0.000000,0.000000,3.210508,10,2
1780645048.380172,nmpc_dc,0.000000,41.738980,0.000000,3.210508,1.570796,0.000000,43.338980,0.000000,45.000000,0.000000,-0.000000,-0.018904,1,1.933362,0.711577,0.500973,0.394460,0.394460,0.824201,0.029009,0.394456,0.394456,0.150136,0.645056,0.671577,0.583577,inf,nan,0.000000,0.583577,0.583577,0.583577,0.139059,-0.112161,0.583577,0.139059,-0.112161,-0.000000,0.000000,3.210508,10,2
1780645048.506411,nmpc_dc,0.000000,42.060031,0.000000,3.210508,1.570796,0.000000,43.660031,0.000000,45.000000,0.000000,-0.000000,-0.018742,1,3.035802,0.944147,0.690688,0.585674,0.585674,0.858452,0.029009,0.584616,0.584616,0.150136,0.679307,0.688379,0.600379,inf,nan,0.000000,0.600379,0.600379,0.600379,0.130590,-0.010892,0.600379,0.130590,-0.010892,-0.000000,0.000000,3.210508,10,2
1780645048.592686,nmpc_dc,0.000000,42.381082,0.000000,3.210508,1.570796,0.000000,43.981082,0.000000,45.000000,0.000000,0.000000,-0.018581,1,1.878689,0.866782,0.678093,0.568129,0.568129,0.948968,0.029009,0.568104,0.568104,0.150136,0.769823,0.702791,0.614791,inf,nan,0.000000,0.614791,0.614791,0.614791,0.119718,0.073212,0.614791,0.119718,0.073212,-0.000000,0.000000,3.210508,10,2
1780645048.705566,nmpc_dc,0.000000,42.702133,0.000000,3.210508,1.570796,0.000000,44.302133,0.000000,45.000000,0.000000,0.000000,-0.018422,1,2.175423,0.756762,0.614996,0.506665,0.506665,0.967913,0.029009,0.506664,0.506664,0.150136,0.788768,0.707476,0.619476,inf,nan,0.000000,0.619476,0.619476,0.619476,0.179342,0.002318,0.619476,0.179342,0.002318,-0.000000,0.000000,3.210508,10,2
1780645048.793141,nmpc_dc,0.000000,43.023184,0.000000,3.210508,1.570796,0.000000,44.623184,0.000000,45.000000,0.000000,-0.000000,-0.018264,1,1.899248,0.757792,0.616202,0.503054,0.503054,0.936350,0.029009,0.503051,0.503051,0.150136,0.757205,0.717792,0.629792,inf,nan,0.000000,0.629792,0.629792,0.629792,0.241362,-0.041373,0.629792,0.241362,-0.041373,-0.000000,0.000000,3.210508,10,2
1780645048.917822,nmpc_dc,0.000000,43.344234,0.000000,3.210508,1.570796,0.000000,44.944234,0.000000,45.000000,0.000000,-0.000000,-0.018108,1,6.761653,0.849417,0.676044,0.565581,0.565581,0.938361,0.029009,0.565548,0.565548,0.150136,0.759216,0.809417,0.721417,inf,nan,0.000000,0.721417,0.721417,0.721417,0.227435,-0.074869,0.721417,0.227435,-0.074869,-0.000000,0.000000,3.210508,10,2
1780645048.996774,nmpc_dc,0.000000,43.665285,0.000000,3.210508,1.570796,0.000000,45.000000,0.000000,45.000000,0.000000,-2.362916,-0.017952,1,2.065728,0.996894,0.787252,0.680698,0.680698,0.936035,0.023948,0.679082,0.679082,0.150136,0.761951,0.956894,0.868894,inf,nan,0.000000,0.868894,0.868894,0.868894,0.229118,-0.092146,0.868894,0.229118,-0.092146,-0.000000,0.000000,3.210508,10,2
1780645049.093438,nmpc_dc,0.000000,43.974521,0.000000,2.974216,1.570796,0.000000,45.000000,0.000000,45.000000,0.000000,-4.246358,-0.017798,1,2.235025,1.206693,0.965542,0.859412,0.859412,0.941559,0.017451,0.783795,0.783795,0.138212,0.785895,0.994290,0.906290,inf,nan,0.000000,0.906290,0.906290,0.906290,0.229418,0.021978,0.906290,0.229418,0.021978,-0.000000,0.000000,2.974216,10,2
1780645049.186237,nmpc_dc,0.000000,44.250711,0.000000,2.549580,1.570796,0.000000,45.000000,0.000000,45.000000,0.000000,-4.963292,-0.017646,1,2.045612,1.146241,0.963274,0.852424,0.852424,0.941053,0.011450,0.805880,0.805880,0.117486,0.812117,0.990879,0.902879,inf,nan,0.000000,0.902879,0.902879,0.902879,0.227740,0.057205,0.902879,0.227740,0.057205,-0.000000,0.000000,2.549580,10,2
1780645049.312826,nmpc_dc,0.000000,44.480853,0.000000,2.053251,1.570796,0.000000,45.000000,0.000000,45.000000,0.000000,-4.863984,-0.017495,1,3.096670,1.182387,1.114224,1.002914,1.002914,1.043495,0.006811,0.939049,0.939049,0.094403,0.942281,1.195512,1.107512,inf,nan,0.000000,1.107512,1.107512,1.107512,0.315968,0.068205,1.107512,0.315968,0.068205,-0.000000,0.000000,2.053251,10,2
1780645049.396062,nmpc_dc,0.000000,44.661858,0.000000,1.566853,1.570796,0.000000,45.000000,0.000000,45.000000,0.000000,-4.309630,-0.017344,1,1.877988,1.164809,1.114870,0.999671,0.999671,1.048964,0.003689,0.963020,0.963020,0.072977,0.972297,1.202508,1.114508,inf,nan,0.000000,1.114508,1.114508,1.114508,0.331913,0.067969,1.114508,0.331913,0.067969,-0.000000,0.000000,1.566853,10,2
1780645049.518114,nmpc_dc,0.000000,44.796995,0.000000,1.135890,1.570796,0.000000,45.000000,0.000000,45.000000,0.000000,-3.558534,-0.017195,1,5.305937,1.156134,1.105643,0.985374,0.985374,1.043713,0.001816,0.966330,0.966330,0.054982,0.986915,1.189296,1.101296,inf,nan,0.000000,1.101296,1.101296,1.101296,0.336135,0.066949,1.101296,0.336135,0.066949,-0.000000,0.000000,1.135890,10,2
1780645049.596087,nmpc_dc,0.000000,44.892792,0.000000,0.780037,1.570796,0.000000,45.000000,0.000000,45.000000,0.000000,-2.775618,-0.017047,1,1.847841,1.157092,1.088428,0.974419,0.974419,1.036826,0.000805,0.963156,0.963156,0.040822,0.995199,1.181642,1.093642,inf,nan,0.000000,1.093642,1.093642,1.093642,0.332330,0.066041,1.093642,0.332330,0.066041,-0.000000,0.000000,0.780037,10,2
1780645049.715405,nmpc_dc,0.000000,44.956917,0.000000,0.502475,1.570796,0.000000,45.000000,0.000000,45.000000,0.000000,-2.055745,-0.016901,1,3.883522,1.155077,1.084341,0.972339,0.972339,1.034143,0.000315,0.964090,0.964090,0.030218,1.003610,1.183437,1.095437,inf,nan,0.000000,1.095437,1.095437,1.095437,0.330245,0.065720,1.095437,0.330245,0.065720,-0.000000,0.000000,0.502475,10,2
1780645049.796862,nmpc_dc,0.000000,44.996886,0.000000,0.296900,1.570796,0.000000,45.000000,0.000000,45.000000,0.000000,-1.445001,-0.016756,1,2.013519,1.173969,1.096736,0.985362,0.985362,1.039581,0.000106,0.977170,0.977170,0.022612,1.016863,1.200016,1.112016,inf,nan,0.000000,1.112016,1.112016,1.112016,0.333290,0.066403,1.112016,0.333290,0.066403,-0.000000,0.000000,0.296900,10,2
1780645049.898062,nmpc_dc,0.000000,45.019351,0.000000,0.152400,1.570796,0.000000,45.000000,0.000000,45.000000,0.000000,-0.957676,-0.016613,1,1.775810,1.159106,1.095126,0.983891,0.983891,1.037885,0.000030,0.976882,0.976882,0.017392,1.020463,1.197510,1.109510,inf,nan,0.000000,1.109510,1.109510,1.109510,0.332202,0.066229,1.109510,0.332202,0.066229,-0.000000,0.000000,0.152400,10,2
1780645049.993626,nmpc_dc,0.000000,45.029802,0.000000,0.056632,1.217724,0.000000,45.000000,0.000000,45.000000,0.000000,-0.588962,0.021977,1,1.876217,1.170959,1.109746,0.998346,0.998346,1.045332,0.000010,0.990518,0.990518,0.013990,1.031332,1.208337,1.120337,inf,nan,0.000000,1.120337,1.120337,1.120337,0.335581,0.066917,1.120337,0.335581,0.066917,-0.000000,0.000000,0.056632,10,2
1780645050.122477,nmpc_dc,0.000000,45.032521,0.000000,-0.002264,0.865945,0.000000,45.000000,0.000000,45.000000,0.000000,-0.323971,0.069791,1,4.820840,1.084006,0.903403,0.792098,0.792098,0.939900,0.000007,0.791851,0.791851,0.012079,0.927813,1.035409,0.947409,inf,nan,0.000000,0.947409,0.947409,0.947409,0.283621,0.056464,0.947409,0.283621,0.056464,-0.000000,0.000000,0.002264,10,2
1780645050.196393,nmpc_dc,0.000000,45.030675,0.000000,-0.034661,0.515476,0.000000,45.000000,0.000000,45.000000,0.000000,-0.143761,0.119463,1,1.774459,1.169298,0.992991,0.888271,0.888271,0.987557,0.000008,0.886900,0.886900,0.013216,0.974333,1.199815,1.111815,inf,nan,0.000000,1.111815,1.111815,1.111815,0.333259,0.066506,1.111815,0.333259,0.066506,-0.000000,0.000000,0.034661,10,2
1780645050.307543,nmpc_dc,0.000000,45.026490,0.000000,-0.049037,0.165441,0.000000,45.000000,0.000000,45.000000,0.000000,-0.029100,0.169236,1,2.024293,1.195483,0.972678,0.858196,0.858196,0.972044,0.000007,0.857349,0.857349,0.013722,0.958314,1.202695,1.114695,inf,nan,0.000000,1.114695,1.114695,1.114695,0.334212,0.066733,1.114695,0.334212,0.066733,-0.000000,0.000000,0.049037,10,2
1780645050.393403,nmpc_dc,0.000000,45.021441,0.000000,-0.051947,-0.184557,0.000000,45.000000,0.000000,45.000000,0.000000,0.037426,0.218714,1,1.676296,1.181784,0.970751,0.860503,0.860503,0.973418,0.000006,0.859625,0.859625,0.013825,0.959587,1.216871,1.128871,inf,nan,0.000000,1.128871,1.128871,1.128871,0.338535,0.067629,1.128871,0.338535,0.067629,-0.000000,0.000000,0.051947,10,2
1780645050.510256,nmpc_dc,0.000000,45.016433,0.000000,-0.048204,-0.534551,0.000000,45.000000,0.000000,45.000000,0.000000,0.070425,0.267808,1,2.211346,1.189463,0.980866,0.866703,0.866703,0.976782,0.000005,0.865740,0.865740,0.013693,0.963085,1.212610,1.124610,inf,nan,0.000000,1.124610,1.124610,1.124610,0.337309,0.067408,1.124610,0.337309,0.067408,-0.000000,0.000000,0.048204,10,2
1780645050.585874,nmpc_dc,0.000000,45.011965,0.000000,-0.041162,-0.884525,0.000000,45.000000,0.000000,45.000000,0.000000,0.081448,0.316510,1,1.474454,1.068289,0.812357,0.707497,0.707497,0.894290,0.000003,0.707431,0.707431,0.013445,0.880842,1.025551,0.937551,inf,nan,0.000000,0.937551,0.937551,0.937551,0.281197,0.056197,0.937551,0.281197,0.056197,-0.000000,0.000000,0.041162,10,2
1780645050.717217,nmpc_dc,0.000000,45.008256,0.000000,-0.033017,-1.234504,0.000000,45.000000,0.000000,45.000000,0.000000,0.079160,0.364938,1,3.400609,1.187890,1.056560,0.948546,0.948546,1.019560,0.000002,0.945003,0.945003,0.013158,1.006400,1.213827,1.125827,inf,nan,0.000000,1.125827,1.125827,1.125827,0.337686,0.067523,1.125827,0.337686,0.067523,-0.000000,0.000000,0.033017,10,2
1780645050.794816,nmpc_dc,0.000000,45.005350,0.000000,-0.025101,-1.419455,0.000000,45.000000,0.000000,45.000000,0.000000,0.069732,0.401949,1,1.553706,1.187568,1.080421,0.966169,0.966169,1.028888,0.000001,0.961567,0.961567,0.012880,1.016007,1.202134,1.114134,inf,nan,0.000000,1.114134,1.114134,1.114134,0.334171,0.066834,1.114134,0.334171,0.066834,-0.000000,0.000000,0.025101,10,2
1780645050.917322,nmpc_dc,0.000000,45.003188,0.000000,-0.018128,-1.502689,0.000000,45.000000,0.000000,45.000000,0.000000,0.057320,0.570563,1,3.514967,1.178506,1.102180,0.990469,0.990469,1.041732,0.000000,0.983895,0.983895,0.012635,1.029096,1.214280,1.126280,inf,nan,0.000000,1.126280,1.126280,1.126280,0.337812,0.067572,1.126280,0.337812,0.067572,-0.000000,0.000000,0.018128,10,2
1780645050.997546,nmpc_dc,0.000000,45.001662,0.000000,-0.012396,-1.540147,0.000000,45.000000,0.000000,45.000000,0.000000,0.044535,0.569844,1,2.573275,1.169375,1.095589,0.984366,0.984366,1.038736,0.000000,0.978441,0.978441,0.012434,1.026302,1.203036,1.115036,inf,nan,0.000000,1.115036,1.115036,1.115036,0.334449,0.066904,1.115036,0.334449,0.066904,-0.000000,0.000000,0.012396,10,2
1780645051.120288,nmpc_dc,0.000000,45.000645,0.000000,-0.007942,-1.557004,0.000000,45.000000,0.000000,45.000000,0.000000,0.032861,0.471214,1,3.717913,1.179034,1.101881,0.990616,0.990616,1.042087,0.000000,0.984157,0.984157,0.012278,1.029809,1.206809,1.118809,inf,nan,0.000000,1.118809,1.118809,1.118809,0.335597,0.067134,1.118809,0.335597,0.067134,-0.000000,0.000000,0.007942,10,2
1780645051.180854,nmpc_dc,0.000000,45.000015,0.000000,-0.004656,-1.564590,0.000000,45.000000,0.000000,45.000000,0.000000,0.023006,0.426337,1,2.083936,1.188628,1.111598,1.000250,1.000250,1.047162,0.000000,0.992835,0.992835,0.012163,1.034999,1.215888,1.127888,inf,nan,0.000000,1.127888,1.127888,1.127888,0.338335,0.067681,1.127888,0.338335,0.067681,-0.000000,0.000000,0.004656,10,2
1780645051.283255,nmpc_dc,0.000000,44.999665,0.000000,-0.002356,-1.568003,0.000000,45.000000,0.000000,45.000000,0.000000,0.015174,0.411416,1,1.462859,1.188848,1.114168,1.002734,1.002734,1.048471,0.000000,0.995064,0.995064,0.012082,1.036389,1.217574,1.129574,inf,nan,0.000000,1.129574,1.129574,1.129574,0.338856,0.067783,1.129574,0.338856,0.067783,-0.000000,0.000000,0.002356,10,2
1780645051.381406,nmpc_dc,0.000000,44.999505,0.000000,-0.000838,-1.218003,0.000000,45.000000,0.000000,45.000000,0.000000,0.009271,0.366099,1,1.695109,1.179687,1.044678,0.936885,0.936885,1.013734,0.000000,0.934073,0.934073,0.012029,1.001705,1.204949,1.116949,inf,nan,0.000000,1.116949,1.116949,1.116949,0.335081,0.067025,1.116949,0.335081,0.067025,-0.000000,0.000000,0.000838,10,2
1780645051.484878,nmpc_dc,0.000000,44.999468,0.000000,0.000089,-0.868002,0.000000,45.000000,0.000000,45.000000,0.000000,0.005045,0.314264,1,1.445627,1.189144,0.995804,0.891077,0.891077,0.990098,0.000000,0.889750,0.889750,0.012003,0.978095,1.208192,1.120192,inf,nan,0.000000,1.120192,1.120192,1.120192,0.336063,0.067219,1.120192,0.336063,0.067219,-0.000000,0.000000,0.000089,10,2
1780645051.582268,nmpc_dc,0.000000,44.999502,0.000000,0.000593,-0.518002,0.000000,45.000000,0.000000,45.000000,0.000000,0.002183,0.261161,1,1.642516,1.179932,0.973469,0.858962,0.858962,0.973918,0.000000,0.858194,0.858194,0.012021,0.961897,1.208289,1.120289,inf,nan,0.000000,1.120289,1.120289,1.120289,0.336098,0.067224,1.120289,0.336098,0.067224,-0.000000,0.000000,0.000593,10,2
1780645051.705328,nmpc_dc,0.000000,44.999572,0.000000,0.000812,-0.168002,0.000000,45.000000,0.000000,45.000000,0.000000,0.000373,0.208091,1,2.138969,1.070337,0.781265,0.670829,0.670829,0.879022,0.000000,0.670800,0.670800,0.012028,0.866994,1.030337,0.942337,inf,nan,0.000000,0.942337,0.942337,0.942337,0.282721,0.056548,0.942337,0.282721,0.056548,-0.000000,0.000000,0.000812,10,2
1780645051.780507,nmpc_dc,0.000000,44.999655,0.000000,0.000849,0.181998,0.000000,45.000000,0.000000,45.000000,0.000000,-0.000669,0.155373,1,1.435870,1.180050,0.975441,0.860876,0.860876,0.976552,0.000000,0.860127,0.860127,0.012030,0.964523,1.210278,1.122278,inf,nan,0.000000,1.122278,1.122278,1.122278,0.336697,0.067341,1.122278,0.336697,0.067341,-0.000000,0.000000,0.000849,10,2
1780645051.900910,nmpc_dc,0.000000,44.999737,0.000000,0.000782,0.531998,0.000000,45.000000,0.000000,45.000000,0.000000,-0.001177,0.103084,1,1.651415,1.070445,0.826601,0.722419,0.722419,0.908723,0.000000,0.722355,0.722355,0.012027,0.896696,1.030445,0.942445,inf,nan,0.000000,0.942445,0.942445,0.942445,0.282750,0.056551,0.942445,0.282750,0.056551,-0.000000,0.000000,0.000782,10,2
1780645051.987165,nmpc_dc,0.000000,44.999809,0.000000,0.000664,0.881998,0.000000,45.000000,0.000000,45.000000,0.000000,-0.001337,0.051237,1,1.458581,1.189671,1.044589,0.936928,0.936928,1.017874,0.000000,0.934476,0.934476,0.012023,1.005851,1.205762,1.117762,inf,nan,0.000000,1.117762,1.117762,1.117762,0.335338,0.067068,1.117762,0.335338,0.067068,-0.000000,0.000000,0.000664,10,2
1780645052.110108,nmpc_dc,0.000000,44.999869,0.000000,0.000531,1.231998,0.000000,45.000000,0.000000,45.000000,0.000000,-0.001288,-0.000167,1,1.927086,1.070479,0.937357,0.824319,0.824319,0.960786,0.000000,0.823954,0.823954,0.012019,0.948768,1.030479,0.942479,inf,nan,0.000000,0.942479,0.942479,0.942479,0.282754,0.056551,0.942479,0.282754,0.056551,-0.000000,0.000000,0.000531,10,2
1780645052.200083,nmpc_dc,0.000000,44.999915,0.000000,0.000402,1.418337,0.000000,45.000000,0.000000,45.000000,0.000000,-0.001128,-0.033308,1,1.623886,1.070491,0.938611,0.825016,0.825016,0.957738,0.000000,0.824601,0.824601,0.012014,0.945724,1.030491,0.942491,inf,nan,0.000000,0.942491,0.942491,0.942491,0.282754,0.056551,0.942491,0.282754,0.056551,-0.000000,0.000000,0.000402,10,2
1780645052.306792,nmpc_dc,0.000000,44.999950,0.000000,0.000289,1.502190,0.000000,45.000000,0.000000,45.000000,0.000000,-0.000923,-0.050512,1,2.100036,1.180089,1.119398,1.005677,1.005677,1.050478,0.000000,0.997802,0.997802,0.012010,1.038468,1.213702,1.125702,inf,nan,0.000000,1.125702,1.125702,1.125702,0.337713,0.067543,1.125702,0.337713,0.067543,-0.000000,0.000000,0.000289,10,2
1780645052.384605,nmpc_dc,0.000000,44.999974,0.000000,0.000197,1.539923,0.000000,45.000000,0.000000,45.000000,0.000000,-0.000714,-0.058598,1,1.529237,1.070477,0.921294,0.810774,0.810774,0.949188,0.000000,0.810433,0.810433,0.012007,0.937181,1.030477,0.942477,inf,nan,0.000000,0.942477,0.942477,0.942477,0.282745,0.056549,0.942477,0.282745,0.056549,-0.000000,0.000000,0.000197,10,2
1780645052.488663,nmpc_dc,0.000000,44.999990,0.000000,0.000125,1.556903,0.000000,45.000000,0.000000,45.000000,0.000000,-0.000525,-0.062093,1,1.560588,1.189679,1.106904,0.995318,0.995318,1.044714,0.000000,0.988485,0.988485,0.012004,1.032710,1.208806,1.120806,inf,nan,0.000000,1.120806,1.120806,1.120806,0.336242,0.067248,1.120806,0.336242,0.067248,-0.000000,0.000000,0.000125,10,2
1780645052.587271,nmpc_dc,0.000000,45.000000,0.000000,0.000073,1.564545,0.000000,45.000000,0.000000,45.000000,0.000000,-0.000366,-0.063401,1,1.471021,1.180086,1.107746,0.996279,0.996279,1.045164,0.000000,0.989337,0.989337,0.012003,1.033161,1.210603,1.122603,inf,nan,0.000000,1.122603,1.122603,1.122603,0.336781,0.067356,1.122603,0.336781,0.067356,-0.000000,0.000000,0.000073,10,2
1780645052.707784,nmpc_dc,0.000000,45.000006,0.000000,0.000036,1.214545,0.000000,45.000000,0.000000,45.000000,0.000000,-0.000240,-0.025209,1,1.767945,1.070461,0.935365,0.823093,0.823093,0.960461,0.000000,0.822740,0.822740,0.012001,0.948459,1.030460,0.942460,inf,nan,0.000000,0.942460,0.942460,0.942460,0.282738,0.056547,0.942460,0.282738,0.056547,-0.000000,0.000000,0.000036,10,2
1780645052.791639,nmpc_dc,0.000000,45.000008,0.000000,0.000012,0.864545,0.000000,45.000000,0.000000,45.000000,0.000000,-0.000146,0.022614,1,1.494136,1.070457,0.882884,0.772905,0.772905,0.936209,0.000000,0.772763,0.772763,0.012000,0.924208,1.030455,0.942455,inf,nan,0.000000,0.942455,0.942455,0.942455,0.282736,0.056547,0.942455,0.282736,0.056547,-0.000000,0.000000,0.000012,10,2
1780645052.903089,nmpc_dc,0.000000,45.000009,0.000000,-0.000002,0.514545,0.000000,45.000000,0.000000,45.000000,0.000000,-0.000078,0.072539,1,1.739703,1.070455,0.825710,0.721518,0.721518,0.908562,0.000000,0.721455,0.721455,0.012000,0.896562,1.030452,0.942452,inf,nan,0.000000,0.942452,0.942452,0.942452,0.282736,0.056547,0.942452,0.282736,0.056547,-0.000000,0.000000,0.000002,10,2
1780645052.991105,nmpc_dc,0.000000,45.000008,0.000000,-0.000010,0.164545,0.000000,45.000000,0.000000,45.000000,0.000000,-0.000033,0.122669,1,1.493626,1.170707,0.967461,0.851981,0.851981,0.971795,0.000000,0.851332,0.851332,0.012000,0.959795,1.202526,1.114526,inf,nan,0.000000,1.114526,1.114526,1.114526,0.334358,0.066872,1.114526,0.334358,0.066872,-0.000000,0.000000,0.000010,10,2
1780645053.105476,nmpc_dc,0.000000,45.000007,0.000000,-0.000013,-0.185455,0.000000,45.000000,0.000000,45.000000,0.000000,-0.000004,0.172532,1,1.687353,1.180081,0.952940,0.842687,0.842687,0.966087,0.000000,0.842114,0.842114,0.012000,0.954087,1.202887,1.114887,inf,nan,0.000000,1.114887,1.114887,1.114887,0.334466,0.066893,1.114887,0.334466,0.066893,-0.000000,0.000000,0.000013,10,2
1780645053.194624,nmpc_dc,0.000000,45.000006,0.000000,-0.000014,-0.535455,0.000000,45.000000,0.000000,45.000000,0.000000,0.000012,0.222012,1,1.511349,1.170707,0.973411,0.859772,0.859772,0.974251,0.000000,0.858992,0.858992,0.012000,0.962250,1.207898,1.119898,inf,nan,0.000000,1.119898,1.119898,1.119898,0.335969,0.067194,1.119898,0.335969,0.067194,-0.000000,0.000000,0.000014,10,2
1780645053.308029,nmpc_dc,0.000000,45.000004,0.000000,-0.000013,-0.885455,0.000000,45.000000,0.000000,45.000000,0.000000,0.000020,0.271085,1,1.909996,1.070449,0.813033,0.707981,0.707981,0.895675,0.000000,0.707920,0.707920,0.012000,0.883675,1.030448,0.942448,inf,nan,0.000000,0.942448,0.942448,0.942448,0.282734,0.056547,0.942448,0.282734,0.056547,-0.000000,0.000000,0.000013,10,2
1780645053.393209,nmpc_dc,0.000000,45.000003,0.000000,-0.000011,-1.235455,0.000000,45.000000,0.000000,45.000000,0.000000,0.000022,0.319757,1,1.529355,1.070448,0.862063,0.755358,0.755358,0.919847,0.000000,0.755221,0.755221,0.012000,0.907846,1.030448,0.942448,inf,nan,0.000000,0.942448,0.942448,0.942448,0.282734,0.056547,0.942448,0.282734,0.056547,-0.000000,0.000000,0.000011,10,2
1780645053.510783,nmpc_dc,0.000000,45.000002,0.000000,-0.000009,-1.419893,0.000000,45.000000,0.000000,45.000000,0.000000,0.000021,0.349990,1,3.138808,1.070448,0.896838,0.784054,0.784054,0.934779,0.000000,0.783832,0.783832,0.012000,0.922779,1.030447,0.942447,inf,nan,0.000000,0.942447,0.942447,0.942447,0.282734,0.056547,0.942447,0.282734,0.056547,-0.000000,0.000000,0.000009,10,2
1780645053.591213,nmpc_dc,0.000000,45.000001,0.000000,-0.000006,-1.502890,0.000000,45.000000,0.000000,45.000000,0.000000,0.000018,0.364360,1,1.501654,1.070449,0.910072,0.797307,0.797307,0.941765,0.000000,0.797031,0.797031,0.012000,0.929765,1.030449,0.942449,inf,nan,0.000000,0.942449,0.942449,0.942449,0.282735,0.056547,0.942449,0.282735,0.056547,-0.000000,0.000000,0.000006,10,2
1780645053.699905,nmpc_dc,0.000000,45.000001,0.000000,-0.000005,-1.540238,0.000000,45.000000,0.000000,45.000000,0.000000,0.000015,0.369688,1,1.978168,1.070448,0.914265,0.802653,0.802653,0.944661,0.000000,0.802353,0.802353,0.012000,0.932661,1.030448,0.942448,inf,nan,0.000000,0.942448,0.942448,0.942448,0.282734,0.056547,0.942448,0.282734,0.056547,-0.000000,0.000000,0.000005,10,2
1780645053.795933,nmpc_dc,0.000000,45.000000,0.000000,-0.000003,-1.557045,0.000000,45.000000,0.000000,45.000000,0.000000,0.000011,0.370477,1,1.633707,1.170706,1.099389,0.988151,0.988151,1.040840,0.000000,0.981988,0.981988,0.012000,1.028840,1.204950,1.116950,inf,nan,0.000000,1.116950,1.116950,1.116950,0.335085,0.067017,1.116950,0.335085,0.067017,-0.000000,0.000000,0.000003,10,2
1780645053.908267,nmpc_dc,0.000000,45.000000,0.000000,-0.000002,-1.564608,0.000000,45.000000,0.000000,45.000000,0.000000,0.000008,0.369118,1,2.328130,1.170706,1.103114,0.991816,0.991816,1.042783,0.000000,0.985311,0.985311,0.012000,1.030783,1.207705,1.119705,inf,nan,0.000000,1.119705,1.119705,1.119705,0.335912,0.067182,1.119705,0.335912,0.067182,-0.000000,0.000000,0.000002,10,2
1780645053.995559,nmpc_dc,0.000000,45.000000,0.000000,-0.000001,-1.568012,0.000000,45.000000,0.000000,45.000000,0.000000,0.000006,0.366777,1,1.483519,1.170706,1.102946,0.991593,0.991593,1.042679,0.000000,0.985112,0.985112,0.012000,1.030679,1.206747,1.118747,inf,nan,0.000000,1.118747,1.118747,1.118747,0.335624,0.067125,1.118747,0.335624,0.067125,-0.000000,0.000000,0.000001,10,2
1780645054.107435,nmpc_dc,0.000000,45.000000,0.000000,-0.000001,-1.218012,0.000000,45.000000,0.000000,45.000000,0.000000,0.000004,0.325675,1,1.839418,1.170707,1.039169,0.931414,0.931414,1.010882,0.000000,0.928839,0.928839,0.012000,0.998882,1.199710,1.111710,inf,nan,0.000000,1.111710,1.111710,1.111710,0.333513,0.066703,1.111710,0.333513,0.066703,-0.000000,0.000000,0.000001,10,2
1780645054.192376,nmpc_dc,0.000000,45.000000,0.000000,-0.000000,-0.868012,0.000000,45.000000,0.000000,45.000000,0.000000,0.000002,0.275180,1,1.485844,1.180080,0.996193,0.891465,0.891465,0.990276,0.000000,0.890128,0.890128,0.012000,0.978276,1.208597,1.120597,inf,nan,0.000000,1.120597,1.120597,1.120597,0.336179,0.067236,1.120597,0.336179,0.067236,-0.000000,0.000000,0.000000,10,2
1780645054.304610,nmpc_dc,0.000000,45.000000,0.000000,0.000000,-0.518012,0.000000,45.000000,0.000000,45.000000,0.000000,0.000001,0.222671,1,1.430689,1.170706,0.966212,0.851745,0.851745,0.970119,0.000000,0.851063,0.851063,0.012000,0.958119,1.201024,1.113024,inf,nan,0.000000,1.113024,1.113024,1.113024,0.333907,0.066781,1.113024,0.333907,0.066781,-0.000000,0.000000,0.000000,10,2
1780645054.393044,nmpc_dc,0.000000,45.000000,0.000000,0.000000,-0.168012,0.000000,45.000000,0.000000,45.000000,0.000000,0.000000,0.170000,1,1.560521,1.180080,0.958756,0.848519,0.848519,0.969191,0.000000,0.847889,0.847889,0.012000,0.957191,1.208756,1.120756,inf,nan,0.000000,1.120756,1.120756,1.120756,0.336227,0.067245,1.120756,0.336227,0.067245,-0.000000,0.000000,0.000000,10,2
1780645054.489362,nmpc_dc,0.000000,45.000000,0.000000,0.000000,0.181988,0.000000,45.000000,0.000000,45.000000,0.000000,0.000000,0.117628,1,1.453890,1.189666,0.973547,0.859037,0.859037,0.975583,0.000000,0.858311,0.858311,0.012000,0.963583,1.208369,1.120369,inf,nan,0.000000,1.120369,1.120369,1.120369,0.336111,0.067222,1.120369,0.336111,0.067222,-0.000000,0.000000,0.000000,10,2
1780645054.579980,nmpc_dc,0.000000,45.000000,0.000000,0.000000,0.531988,0.000000,45.000000,0.000000,45.000000,0.000000,-0.000000,0.065667,1,1.452010,1.070449,0.826596,0.722413,0.722413,0.908663,0.000000,0.722349,0.722349,0.012000,0.896663,1.030449,0.942449,inf,nan,0.000000,0.942449,0.942449,0.942449,0.282735,0.056547,0.942449,0.282735,0.056547,-0.000000,0.000000,0.000000,10,2
1780645054.687884,nmpc_dc,0.000000,45.000000,0.000000,0.000000,0.881988,0.000000,45.000000,0.000000,45.000000,0.000000,-0.000000,0.014143,1,1.591929,1.180080,1.046671,0.938997,0.938997,1.018931,0.000000,0.936462,0.936462,0.012000,1.006931,1.207749,1.119749,inf,nan,0.000000,1.119749,1.119749,1.119749,0.335925,0.067185,1.119749,0.335925,0.067185,-0.000000,0.000000,0.000000,10,2
1780645054.786979,nmpc_dc,0.000000,45.000000,0.000000,0.000000,1.231988,0.000000,45.000000,0.000000,45.000000,0.000000,-0.000000,-0.036943,1,1.861897,1.070449,0.937306,0.824277,0.824277,0.960741,0.000000,0.823913,0.823913,0.012000,0.948741,1.030449,0.942449,inf,nan,0.000000,0.942449,0.942449,0.942449,0.282735,0.056547,0.942449,0.282735,0.056547,-0.000000,0.000000,0.000000,10,2
1780645054.921299,nmpc_dc,0.000000,45.000000,0.000000,0.000000,1.418333,0.000000,45.000000,0.000000,45.000000,0.000000,-0.000000,-0.069770,1,3.604971,1.170706,1.122415,1.000803,1.000803,1.048821,0.000000,0.993673,0.993673,0.012000,1.036821,1.204688,1.116688,inf,nan,0.000000,1.116688,1.116688,1.116688,0.335006,0.067001,1.116688,0.335006,0.067001,-0.000000,0.000000,0.000000,10,2
1780645055.003277,nmpc_dc,0.000000,45.000000,0.000000,0.000000,1.502188,0.000000,45.000000,0.000000,45.000000,0.000000,-0.000000,-0.086661,1,2.122048,1.180080,1.115731,1.002031,1.002031,1.048595,0.000000,0.994573,0.994573,0.012000,1.036595,1.210037,1.122037,inf,nan,0.000000,1.122037,1.122037,1.122037,0.336611,0.067322,1.122037,0.336611,0.067322,-0.000000,0.000000,0.000000,10,2
1780645055.101438,nmpc_dc,0.000000,45.000000,0.000000,0.000000,1.539922,0.000000,45.000000,0.000000,45.000000,0.000000,-0.000000,-0.094438,1,1.461947,1.170707,1.106044,0.993942,0.993942,1.044100,0.000000,0.987270,0.987270,0.012000,1.032100,1.205171,1.117171,inf,nan,0.000000,1.117171,1.117171,1.117171,0.335151,0.067030,1.117171,0.335151,0.067030,-0.000000,0.000000,0.000000,10,2
1780645055.185558,nmpc_dc,0.000000,45.000000,0.000000,0.000000,1.556903,0.000000,45.000000,0.000000,45.000000,0.000000,-0.000000,-0.097626,1,1.838008,1.170707,1.104687,0.993069,0.993069,1.043541,0.000000,0.986463,0.986463,0.012000,1.031541,1.206301,1.118301,inf,nan,0.000000,1.118301,1.118301,1.118301,0.335490,0.067098,1.118301,0.335490,0.067098,-0.000000,0.000000,0.000000,10,2
1780645055.306471,nmpc_dc,0.000000,45.000000,0.000000,0.000000,1.564544,0.000000,45.000000,0.000000,45.000000,0.000000,-0.000000,-0.098629,1,1.629245,1.170706,1.098841,0.987398,0.987398,1.040550,0.000000,0.981325,0.981325,0.012000,1.028550,1.201566,1.113566,inf,nan,0.000000,1.113566,1.113566,1.113566,0.334070,0.066814,1.113566,0.334070,0.066814,-0.000000,0.000000,0.000000,10,2
1780645055.403100,nmpc_dc,0.000000,45.000000,0.000000,0.000000,1.567983,0.000000,45.000000,0.000000,45.000000,0.000000,-0.000000,-0.098623,1,3.553893,1.070449,0.917727,0.806792,0.806792,0.946980,0.000000,0.806472,0.806472,0.012000,0.934980,1.030449,0.942449,inf,nan,0.000000,0.942449,0.942449,0.942449,0.282735,0.056547,0.942449,0.282735,0.056547,-0.000000,0.000000,0.000000,10,2
1780645055.517842,nmpc_dc,0.000000,45.000000,0.000000,0.000000,1.217983,0.000000,45.000000,0.000000,45.000000,0.000000,-0.000000,-0.059876,1,3.922604,1.070449,0.935348,0.823078,0.823078,0.960347,0.000000,0.822724,0.822724,0.012000,0.948347,1.030449,0.942449,inf,nan,0.000000,0.942449,0.942449,0.942449,0.282735,0.056547,0.942449,0.282735,0.056547,-0.000000,0.000000,0.000000,10,2
1780645055.599141,nmpc_dc,0.000000,45.000000,0.000000,0.000000,0.867983,0.000000,45.000000,0.000000,45.000000,0.000000,-0.000000,-0.011692,1,1.860070,1.170707,1.042306,0.935011,0.935011,1.016819,0.000000,0.932631,0.932631,0.012000,1.004819,1.206059,1.118059,inf,nan,0.000000,1.118059,1.118059,1.118059,0.335418,0.067084,1.118059,0.335418,0.067084,-0.000000,0.000000,0.000000,10,2
1780645055.712613,nmpc_dc,0.000000,45.000000,0.000000,-0.000000,0.517983,0.000000,45.000000,0.000000,45.000000,0.000000,-0.000000,0.038542,1,2.099444,1.070449,0.824821,0.720613,0.720613,0.907671,0.000000,0.720551,0.720551,0.012000,0.895671,1.030449,0.942449,inf,nan,0.000000,0.942449,0.942449,0.942449,0.282735,0.056547,0.942449,0.282735,0.056547,-0.000000,0.000000,0.000000,10,2
1780645055.788895,nmpc_dc,0.000000,45.000000,0.000000,-0.000000,0.167983,0.000000,45.000000,0.000000,45.000000,0.000000,-0.000000,0.088968,1,1.454087,1.170707,0.971181,0.855906,0.855906,0.973865,0.000000,0.855214,0.855214,0.012000,0.961865,1.206204,1.118204,inf,nan,0.000000,1.118204,1.118204,1.118204,0.335461,0.067092,1.118204,0.335461,0.067092,-0.000000,0.000000,0.000000,10,2
1780645055.906440,nmpc_dc,0.000000,45.000000,0.000000,-0.000000,-0.182017,0.000000,45.000000,0.000000,45.000000,0.000000,-0.000000,0.139119,1,1.890676,1.180080,0.966409,0.856147,0.856147,0.973056,0.000000,0.855430,0.855430,0.012000,0.961056,1.216366,1.128366,inf,nan,0.000000,1.128366,1.128366,1.128366,0.338510,0.067702,1.128366,0.338510,0.067702,-0.000000,0.000000,0.000000,10,2
1780645055.992172,nmpc_dc,0.000000,45.000000,0.000000,-0.000000,-0.532017,0.000000,45.000000,0.000000,45.000000,0.000000,0.000000,0.188882,1,1.531186,1.180080,0.975950,0.862148,0.862148,0.975494,0.000000,0.861337,0.861337,0.012000,0.963494,1.210508,1.122508,inf,nan,0.000000,1.122508,1.122508,1.122508,0.336752,0.067350,1.122508,0.336752,0.067350,-0.000000,0.000000,0.000000,10,2
1780645056.105409,nmpc_dc,0.000000,45.000000,0.000000,-0.000000,-0.882017,0.000000,45.000000,0.000000,45.000000,0.000000,0.000000,0.238233,1,3.289115,1.070449,0.811672,0.706420,0.706420,0.895067,0.000000,0.706361,0.706361,0.012000,0.883067,1.030449,0.942449,inf,nan,0.000000,0.942449,0.942449,0.942449,0.282735,0.056547,0.942449,0.282735,0.056547,-0.000000,0.000000,0.000000,10,2
1780645056.195691,nmpc_dc,0.000000,45.000000,0.000000,-0.000000,-1.232017,0.000000,45.000000,0.000000,45.000000,0.000000,0.000000,0.287172,1,1.543407,1.070449,0.860833,0.754287,0.754287,0.919337,0.000000,0.754153,0.754153,0.012000,0.907337,1.030449,0.942449,inf,nan,0.000000,0.942449,0.942449,0.942449,0.282735,0.056547,0.942449,0.282735,0.056547,-0.000000,0.000000,0.000000,10,2
1780645056.308960,nmpc_dc,0.000000,45.000000,0.000000,-0.000000,-1.418346,0.000000,45.000000,0.000000,45.000000,0.000000,0.000000,0.317870,1,1.862097,1.180080,1.090206,0.976000,0.976000,1.034145,0.000000,0.970817,0.970817,0.012000,1.022145,1.212677,1.124677,inf,nan,0.000000,1.124677,1.124677,1.124677,0.337403,0.067481,1.124677,0.337403,0.067481,-0.000000,0.000000,0.000000,10,2
1780645056.391466,nmpc_dc,0.000000,45.000000,0.000000,-0.000000,-1.502194,0.000000,45.000000,0.000000,45.000000,0.000000,0.000000,0.332644,1,1.454867,1.180080,1.095155,0.983499,0.983499,1.038213,0.000000,0.977718,0.977718,0.012000,1.026213,1.207693,1.119693,inf,nan,0.000000,1.119693,1.119693,1.119693,0.335908,0.067182,1.119693,0.335908,0.067182,-0.000000,0.000000,0.000000,10,2
1780645056.510928,nmpc_dc,0.000000,45.000000,0.000000,-0.000000,-1.539925,0.000000,45.000000,0.000000,45.000000,0.000000,0.000000,0.338317,1,3.560285,1.170707,1.097837,0.986611,0.986611,1.039960,0.000000,0.980575,0.980575,0.012000,1.027960,1.205449,1.117449,inf,nan,0.000000,1.117449,1.117449,1.117449,0.335235,0.067047,1.117449,0.335235,0.067047,-0.000000,0.000000,0.000000,10,2
1780645056.592995,nmpc_dc,0.000000,45.000000,0.000000,-0.000000,-1.556904,0.000000,45.000000,0.000000,45.000000,0.000000,0.000000,0.339415,1,1.554386,1.070449,0.915985,0.804741,0.804741,0.945825,0.000000,0.804431,0.804431,0.012000,0.933825,1.030449,0.942449,inf,nan,0.000000,0.942449,0.942449,0.942449,0.282735,0.056547,0.942449,0.282735,0.056547,-0.000000,0.000000,0.000000,10,2
1780645056.725944,nmpc_dc,0.000000,45.000000,0.000000,-0.000000,-1.564545,0.000000,45.000000,0.000000,45.000000,0.000000,0.000000,0.338344,1,3.061134,1.070449,0.916853,0.805772,0.805772,0.946395,0.000000,0.805456,0.805456,0.012000,0.934395,1.030449,0.942449,inf,nan,0.000000,0.942449,0.942449,0.942449,0.282735,0.056547,0.942449,0.282735,0.056547,-0.000000,0.000000,0.000000,10,2
1780645056.795996,nmpc_dc,0.000000,45.000000,0.000000,-0.000000,-1.567983,0.000000,45.000000,0.000000,45.000000,0.000000,0.000000,0.336281,1,1.719068,1.070449,0.917283,0.806275,0.806275,0.946670,0.000000,0.805958,0.805958,0.012000,0.934670,1.030449,0.942449,inf,nan,0.000000,0.942449,0.942449,0.942449,0.282735,0.056547,0.942449,0.282735,0.056547,-0.000000,0.000000,0.000000,10,2
1780645056.913888,nmpc_dc,0.000000,45.000000,0.000000,-0.000000,-1.217983,0.000000,45.000000,0.000000,45.000000,0.000000,0.000000,0.295471,1,1.938044,1.189666,1.044363,0.936623,0.936623,1.013594,0.000000,0.933825,0.933825,0.012000,1.001594,1.204997,1.116997,inf,nan,0.000000,1.116997,1.116997,1.116997,0.335099,0.067020,1.116997,0.335099,0.067020,-0.000000,0.000000,0.000000,10,2
1780645056.995156,nmpc_dc,0.000000,45.000000,0.000000,-0.000000,-0.867983,0.000000,45.000000,0.000000,45.000000,0.000000,0.000000,0.245251,1,1.686651,1.180080,1.002262,0.897539,0.897539,0.993424,0.000000,0.896061,0.896061,0.012000,0.981424,1.214534,1.126534,inf,nan,0.000000,1.126534,1.126534,1.126534,0.337960,0.067592,1.126534,0.337960,0.067592,-0.000000,0.000000,0.000000,10,2
1780645057.109153,nmpc_dc,0.000000,45.000000,0.000000,0.000000,-0.517983,0.000000,45.000000,0.000000,45.000000,0.000000,0.000000,0.193006,1,2.129966,1.170706,0.970147,0.855651,0.855651,0.972157,0.000000,0.854923,0.854923,0.012000,0.960157,1.204966,1.116966,inf,nan,0.000000,1.116966,1.116966,1.116966,0.335090,0.067018,1.116966,0.335090,0.067018,-0.000000,0.000000,0.000000,10,2
1780645057.195952,nmpc_dc,0.000000,45.000000,0.000000,0.000000,-0.167983,0.000000,45.000000,0.000000,45.000000,0.000000,0.000000,0.140592,1,1.597502,1.170707,0.951727,0.841496,0.841496,0.965513,0.000000,0.840935,0.840935,0.012000,0.953513,1.201727,1.113727,inf,nan,0.000000,1.113727,1.113727,1.113727,0.334118,0.066824,1.113727,0.334118,0.066824,-0.000000,0.000000,0.000000,10,2
1780645057.311465,nmpc_dc,0.000000,45.000000,0.000000,0.000000,0.182017,0.000000,45.000000,0.000000,45.000000,0.000000,-0.000000,0.088474,1,1.809578,1.170707,0.968562,0.853963,0.853963,0.972897,0.000000,0.853294,0.853294,0.012000,0.960897,1.203413,1.115413,inf,nan,0.000000,1.115413,1.115413,1.115413,0.334624,0.066925,1.115413,0.334624,0.066925,-0.000000,0.000000,0.000000,10,2
1780645057.391649,nmpc_dc,0.000000,45.000000,0.000000,0.000000,0.532017,0.000000,45.000000,0.000000,45.000000,0.000000,-0.000000,0.036764,1,1.436932,1.070449,0.826596,0.722414,0.722414,0.908662,0.000000,0.722350,0.722350,0.012000,0.896662,1.030449,0.942449,inf,nan,0.000000,0.942449,0.942449,0.942449,0.282735,0.056547,0.942449,0.282735,0.056547,-0.000000,0.000000,0.000000,10,2
1780645057.512510,nmpc_dc,0.000000,45.000000,0.000000,0.000000,0.882017,0.000000,45.000000,0.000000,45.000000,0.000000,-0.000000,-0.014513,1,2.099029,1.070449,0.885611,0.775122,0.775122,0.937233,0.000000,0.774973,0.774973,0.012000,0.925233,1.030449,0.942449,inf,nan,0.000000,0.942449,0.942449,0.942449,0.282735,0.056547,0.942449,0.282735,0.056547,-0.000000,0.000000,0.000000,10,2
1780645057.601288,nmpc_dc,0.000000,45.000000,0.000000,0.000000,1.232017,0.000000,45.000000,0.000000,45.000000,0.000000,-0.000000,-0.065352,1,4.331732,1.189666,1.103320,0.992011,0.992011,1.046063,0.000000,0.986107,0.986107,0.012000,1.034063,1.207746,1.119746,inf,nan,0.000000,1.119746,1.119746,1.119746,0.335924,0.067185,1.119746,0.335924,0.067185,-0.000000,0.000000,0.000000,10,2
1780645057.705927,nmpc_dc,0.000000,45.000000,0.000000,0.000000,1.418346,0.000000,45.000000,0.000000,45.000000,0.000000,-0.000000,-0.097935,1,1.887233,1.170706,1.127204,1.005531,1.005531,1.051272,0.000000,0.997881,0.997881,0.012000,1.039272,1.209452,1.121452,inf,nan,0.000000,1.121452,1.121452,1.121452,0.336436,0.067287,1.121452,0.336436,0.067287,-0.000000,0.000000,0.000000,10,2
1780645057.780284,nmpc_dc,0.000000,45.000000,0.000000,0.000000,1.502193,0.000000,45.000000,0.000000,45.000000,0.000000,-0.000000,-0.114584,1,1.459936,1.180080,1.117914,1.004209,1.004209,1.049707,0.000000,0.996502,0.996502,0.012000,1.037707,1.212236,1.124236,inf,nan,0.000000,1.124236,1.124236,1.124236,0.337271,0.067454,1.124236,0.337271,0.067454,-0.000000,0.000000,0.000000,10,2
1780645057.926457,nmpc_dc,0.000000,45.000000,0.000000,0.000000,1.539925,0.000000,45.000000,0.000000,45.000000,0.000000,-0.000000,-0.122120,1,6.696701,1.180080,1.107127,0.995060,0.995060,1.044683,0.000000,0.988276,0.988276,0.012000,1.032683,1.206429,1.118429,inf,nan,0.000000,1.118429,1.118429,1.118429,0.335529,0.067106,1.118429,0.335529,0.067106,-0.000000,0.000000,0.000000,10,2
1780645057.999358,nmpc_dc,0.000000,45.000000,0.000000,0.000000,1.556904,0.000000,45.000000,0.000000,45.000000,0.000000,-0.000000,-0.125071,1,1.855463,1.180080,1.109343,0.997692,0.997692,1.045941,0.000000,0.990612,0.990612,0.012000,1.033941,1.210878,1.122878,inf,nan,0.000000,1.122878,1.122878,1.122878,0.336864,0.067373,1.122878,0.336864,0.067373,-0.000000,0.000000,0.000000,10,2
1780645058.105037,nmpc_dc,0.000000,45.000000,0.000000,0.000000,1.564545,0.000000,45.000000,0.000000,45.000000,0.000000,-0.000000,-0.125839,1,2.642383,1.070449,0.918607,0.807802,0.807802,0.947490,0.000000,0.807477,0.807477,0.012000,0.935490,1.030449,0.942449,inf,nan,0.000000,0.942449,0.942449,0.942449,0.282735,0.056547,0.942449,0.282735,0.056547,-0.000000,0.000000,0.000000,10,2
1780645058.192266,nmpc_dc,0.000000,45.000000,0.000000,0.000000,1.567983,0.000000,45.000000,0.000000,45.000000,0.000000,-0.000000,-0.125599,1,1.471385,1.070449,0.918607,0.807802,0.807802,0.947448,0.000000,0.807476,0.807476,0.012000,0.935448,1.030449,0.942449,inf,nan,0.000000,0.942449,0.942449,0.942449,0.282735,0.056547,0.942449,0.282735,0.056547,-0.000000,0.000000,0.000000,10,2
1780645058.309592,nmpc_dc,0.000000,45.000000,0.000000,0.000000,1.217983,0.000000,45.000000,0.000000,45.000000,0.000000,-0.000000,-0.086621,1,1.799181,1.070449,0.935348,0.823078,0.823078,0.960347,0.000000,0.822724,0.822724,0.012000,0.948347,1.030449,0.942449,inf,nan,0.000000,0.942449,0.942449,0.942449,0.282735,0.056547,0.942449,0.282735,0.056547,-0.000000,0.000000,0.000000,10,2
1780645058.391049,nmpc_dc,0.000000,45.000000,0.000000,0.000000,0.867983,0.000000,45.000000,0.000000,45.000000,0.000000,-0.000000,-0.038208,1,1.468694,1.170707,1.038387,0.931094,0.931094,1.014786,0.000000,0.928860,0.928860,0.012000,1.002786,1.202161,1.114161,inf,nan,0.000000,1.114161,1.114161,1.114161,0.334248,0.066850,1.114161,0.334248,0.066850,-0.000000,0.000000,0.000000,10,2
1780645058.517559,nmpc_dc,0.000000,45.000000,0.000000,-0.000000,0.517983,0.000000,45.000000,0.000000,45.000000,0.000000,-0.000000,0.012254,1,3.886505,1.170707,0.992848,0.887937,0.887937,0.991557,0.000000,0.886803,0.886803,0.012000,0.979557,1.207226,1.119226,inf,nan,0.000000,1.119226,1.119226,1.119226,0.335768,0.067154,1.119226,0.335768,0.067154,-0.000000,0.000000,0.000000,10,2
1780645058.601308,nmpc_dc,0.000000,45.000000,0.000000,-0.000000,0.167983,0.000000,45.000000,0.000000,45.000000,0.000000,-0.000000,0.062904,1,1.883201,1.170707,0.972630,0.857334,0.857334,0.974596,0.000000,0.856626,0.856626,0.012000,0.962596,1.207658,1.119658,inf,nan,0.000000,1.119658,1.119658,1.119658,0.335897,0.067179,1.119658,0.335897,0.067179,-0.000000,0.000000,0.000000,10,2
1780645058.711784,nmpc_dc,0.000000,45.000000,0.000000,-0.000000,-0.182017,0.000000,45.000000,0.000000,45.000000,0.000000,0.000000,0.113278,1,5.123842,1.180080,0.960193,0.849943,0.849943,0.969885,0.000000,0.849297,0.849297,0.012000,0.957885,1.210163,1.122163,inf,nan,0.000000,1.122163,1.122163,1.122163,0.336649,0.067330,1.122163,0.336649,0.067330,-0.000000,0.000000,0.000000,10,2
1780645058.792991,nmpc_dc,0.000000,45.000000,0.000000,-0.000000,-0.532017,0.000000,45.000000,0.000000,45.000000,0.000000,0.000000,0.163261,1,1.484654,1.170707,0.967055,0.853266,0.853266,0.970875,0.000000,0.852566,0.852566,0.012000,0.958875,1.201614,1.113614,inf,nan,0.000000,1.113614,1.113614,1.113614,0.334084,0.066817,1.113614,0.334084,0.066817,-0.000000,0.000000,0.000000,10,2
1780645058.898736,nmpc_dc,0.000000,45.000000,0.000000,-0.000000,-0.882017,0.000000,45.000000,0.000000,45.000000,0.000000,0.000000,0.212829,1,1.616868,1.070449,0.812346,0.707197,0.707197,0.895339,0.000000,0.707137,0.707137,0.012000,0.883339,1.030449,0.942449,inf,nan,0.000000,0.942449,0.942449,0.942449,0.282735,0.056547,0.942449,0.282735,0.056547,-0.000000,0.000000,0.000000,10,2
1780645058.988599,nmpc_dc,0.000000,45.000000,0.000000,-0.000000,-1.232017,0.000000,45.000000,0.000000,45.000000,0.000000,0.000000,0.261980,1,1.458555,1.170707,1.045503,0.937365,0.937365,1.013976,0.000000,0.934533,0.934533,0.012000,1.001976,1.203493,1.115493,inf,nan,0.000000,1.115493,1.115493,1.115493,0.334648,0.066930,1.115493,0.334648,0.066930,-0.000000,0.000000,0.000000,10,2
1780645059.113472,nmpc_dc,0.000000,45.000000,0.000000,-0.000000,-1.418346,0.000000,45.000000,0.000000,45.000000,0.000000,0.000000,0.292887,1,2.574824,1.170706,1.080786,0.966596,0.966596,1.029258,0.000000,0.962116,0.962116,0.012000,1.017258,1.203304,1.115304,inf,nan,0.000000,1.115304,1.115304,1.115304,0.334591,0.066918,1.115304,0.334591,0.066918,-0.000000,0.000000,0.000000,10,2
1780645059.185795,nmpc_dc,0.000000,45.000000,0.000000,-0.000000,-1.502193,0.000000,45.000000,0.000000,45.000000,0.000000,0.000000,0.307872,1,1.488103,1.070449,0.909252,0.796220,0.796220,0.941259,0.000000,0.795950,0.795950,0.012000,0.929259,1.030449,0.942449,inf,nan,0.000000,0.942449,0.942449,0.942449,0.282735,0.056547,0.942449,0.282735,0.056547,-0.000000,0.000000,0.000000,10,2
1780645059.306293,nmpc_dc,0.000000,45.000000,0.000000,-0.000000,-1.539925,0.000000,45.000000,0.000000,45.000000,0.000000,0.000000,0.313755,1,1.583477,1.070449,0.914266,0.802653,0.802653,0.944657,0.000000,0.802353,0.802353,0.012000,0.932657,1.030449,0.942449,inf,nan,0.000000,0.942449,0.942449,0.942449,0.282735,0.056547,0.942449,0.282735,0.056547,-0.000000,0.000000,0.000000,10,2
1780645059.392391,nmpc_dc,0.000000,45.000000,0.000000,-0.000000,-1.556904,0.000000,45.000000,0.000000,45.000000,0.000000,0.000000,0.315064,1,1.517248,1.180080,1.105526,0.994265,0.994265,1.044017,0.000000,0.987509,0.987509,0.012000,1.032017,1.211186,1.123186,inf,nan,0.000000,1.123186,1.123186,1.123186,0.336956,0.067391,1.123186,0.336956,0.067391,-0.000000,0.000000,0.000000,10,2
1780645059.510041,nmpc_dc,0.000000,45.000000,0.000000,-0.000000,-1.564545,0.000000,45.000000,0.000000,45.000000,0.000000,0.000000,0.314203,1,1.445863,1.180080,1.108093,0.996777,0.996777,1.045355,0.000000,0.989769,0.989769,0.012000,1.033355,1.212727,1.124727,inf,nan,0.000000,1.124727,1.124727,1.124727,0.337418,0.067484,1.124727,0.337418,0.067484,-0.000000,0.000000,0.000000,10,2
1780645059.596859,nmpc_dc,0.000000,45.000000,0.000000,-0.000000,-1.567983,0.000000,45.000000,0.000000,45.000000,0.000000,0.000000,0.312347,1,1.603144,1.189666,1.106515,0.995154,0.995154,1.044532,0.000000,0.988318,0.988318,0.012000,1.032532,1.210415,1.122415,inf,nan,0.000000,1.122415,1.122415,1.122415,0.336724,0.067345,1.122415,0.336724,0.067345,-0.000000,0.000000,0.000000,10,2
1780645059.715034,nmpc_dc,0.000000,45.000000,0.000000,-0.000000,-1.217983,0.000000,45.000000,0.000000,45.000000,0.000000,0.000000,0.271753,1,3.601116,1.189666,1.044363,0.936623,0.936623,1.013594,0.000000,0.933825,0.933825,0.012000,1.001594,1.204997,1.116997,inf,nan,0.000000,1.116997,1.116997,1.116997,0.335099,0.067020,1.116997,0.335099,0.067020,-0.000000,0.000000,0.000000,10,2
1780645059.788271,nmpc_dc,0.000000,45.000000,0.000000,-0.000000,-0.867983,0.000000,45.000000,0.000000,45.000000,0.000000,0.000000,0.221742,1,1.475979,1.180080,0.992862,0.888132,0.888132,0.988547,0.000000,0.886867,0.886867,0.012000,0.976547,1.205319,1.117319,inf,nan,0.000000,1.117319,1.117319,1.117319,0.335196,0.067039,1.117319,0.335196,0.067039,-0.000000,0.000000,0.000000,10,2
1780645059.894238,nmpc_dc,0.000000,45.000000,0.000000,0.000000,-0.517983,0.000000,45.000000,0.000000,45.000000,0.000000,0.000000,0.169701,1,1.505902,1.070449,0.792061,0.677141,0.677141,0.880894,0.000000,0.677106,0.677106,0.012000,0.868894,1.030449,0.942449,inf,nan,0.000000,0.942449,0.942449,0.942449,0.282735,0.056547,0.942449,0.282735,0.056547,-0.000000,0.000000,0.000000,10,2
1780645059.989522,nmpc_dc,0.000000,45.000000,0.000000,0.000000,-0.167983,0.000000,45.000000,0.000000,45.000000,0.000000,-0.000000,0.117488,1,1.474451,1.170707,0.956337,0.846103,0.846103,0.967921,0.000000,0.845497,0.845497,0.012000,0.955921,1.206337,1.118337,inf,nan,0.000000,1.118337,1.118337,1.118337,0.335501,0.067100,1.118337,0.335501,0.067100,-0.000000,0.000000,0.000000,10,2
1780645060.105785,nmpc_dc,0.000000,45.000000,0.000000,0.000000,0.182017,0.000000,45.000000,0.000000,45.000000,0.000000,0.000000,0.065569,1,1.602571,1.170707,0.970379,0.855817,0.855817,0.973881,0.000000,0.855128,0.855128,0.012000,0.961881,1.205218,1.117218,inf,nan,0.000000,1.117218,1.117218,1.117218,0.335165,0.067033,1.117218,0.335165,0.067033,-0.000000,0.000000,0.000000,10,2
1780645060.192093,nmpc_dc,0.000000,45.000000,0.000000,0.000000,0.532017,0.000000,45.000000,0.000000,45.000000,0.000000,-0.000000,0.014055,1,1.561577,1.070449,0.826596,0.722414,0.722414,0.908662,0.000000,0.722350,0.722350,0.012000,0.896662,1.030449,0.942449,inf,nan,0.000000,0.942449,0.942449,0.942449,0.282735,0.056547,0.942449,0.282735,0.056547,-0.000000,0.000000,0.000000,10,2
1780645060.311038,nmpc_dc,0.000000,45.000000,0.000000,0.000000,0.882017,0.000000,45.000000,0.000000,45.000000,0.000000,0.000000,-0.037027,1,3.981698,1.170706,1.038257,0.930586,0.930586,1.014566,0.000000,0.928374,0.928374,0.012000,1.002566,1.199373,1.111373,inf,nan,0.000000,1.111373,1.111373,1.111373,0.333412,0.066682,1.111373,0.333412,0.066682,-0.000000,0.000000,0.000000,10,2
1780645060.390903,nmpc_dc,0.000000,45.000000,0.000000,0.000000,1.232017,0.000000,45.000000,0.000000,45.000000,0.000000,-0.000000,-0.087674,1,1.453910,1.170707,1.098017,0.986730,0.986730,1.043330,0.000000,0.981285,0.981285,0.012000,1.031330,1.202434,1.114434,inf,nan,0.000000,1.114434,1.114434,1.114434,0.334330,0.066866,1.114434,0.334330,0.066866,-0.000000,0.000000,0.000000,10,2
1780645060.505584,nmpc_dc,0.000000,45.000000,0.000000,0.000000,1.418346,0.000000,45.000000,0.000000,45.000000,0.000000,0.000000,-0.120065,1,1.741280,1.070449,0.938291,0.824826,0.824826,0.957636,0.000000,0.824413,0.824413,0.012000,0.945636,1.030449,0.942449,inf,nan,0.000000,0.942449,0.942449,0.942449,0.282735,0.056547,0.942449,0.282735,0.056547,-0.000000,0.000000,0.000000,10,2
1780645060.588701,nmpc_dc,0.000000,45.000000,0.000000,0.000000,1.502193,0.000000,45.000000,0.000000,45.000000,0.000000,-0.000000,-0.136524,1,1.430187,1.070449,0.926771,0.816270,0.816270,0.952266,0.000000,0.815900,0.815900,0.012000,0.940266,1.030449,0.942449,inf,nan,0.000000,0.942449,0.942449,0.942449,0.282735,0.056547,0.942449,0.282735,0.056547,-0.000000,0.000000,0.000000,10,2
1780645060.717241,nmpc_dc,0.000000,45.000000,0.000000,0.000000,1.539925,0.000000,45.000000,0.000000,45.000000,0.000000,0.000000,-0.143873,1,2.305979,1.189666,1.108889,0.996783,0.996783,1.045577,0.000000,0.989822,0.989822,0.012000,1.033577,1.208061,1.120061,inf,nan,0.000000,1.120061,1.120061,1.120061,0.336018,0.067204,1.120061,0.336018,0.067204,-0.000000,0.000000,0.000000,10,2
1780645060.791811,nmpc_dc,0.000000,45.000000,0.000000,0.000000,1.556904,0.000000,45.000000,0.000000,45.000000,0.000000,-0.000000,-0.146637,1,1.475039,1.070449,0.919492,0.808801,0.808801,0.948050,0.000000,0.808470,0.808470,0.012000,0.936050,1.030449,0.942449,inf,nan,0.000000,0.942449,0.942449,0.942449,0.282735,0.056547,0.942449,0.282735,0.056547,-0.000000,0.000000,0.000000,10,2
1780645060.921699,nmpc_dc,0.000000,45.000000,0.000000,0.000000,1.564545,0.000000,45.000000,0.000000,45.000000,0.000000,0.000000,-0.147221,1,2.732538,1.189666,1.102219,0.990777,0.990777,1.042308,0.000000,0.984386,0.984386,0.012000,1.030308,1.205082,1.117082,inf,nan,0.000000,1.117082,1.117082,1.117082,0.335124,0.067025,1.117082,0.335124,0.067025,-0.000000,0.000000,0.000000,10,2
1780645060.993704,nmpc_dc,0.000000,45.000000,0.000000,0.000000,1.567983,0.000000,45.000000,0.000000,45.000000,0.000000,-0.000000,-0.146797,1,1.560979,1.180080,1.107261,0.995830,0.995830,1.044911,0.000000,0.988931,0.988931,0.012000,1.032911,1.210430,1.122430,inf,nan,0.000000,1.122430,1.122430,1.122430,0.336729,0.067346,1.122430,0.336729,0.067346,-0.000000,0.000000,0.000000,10,2
1780645061.107708,nmpc_dc,0.000000,45.000000,0.000000,0.000000,1.569530,0.000000,45.000000,0.000000,45.000000,0.000000,0.000000,-0.145919,1,2.180331,1.189666,1.102548,0.991174,0.991174,1.042487,0.000000,0.984739,0.984739,0.012000,1.030487,1.206095,1.118095,inf,nan,0.000000,1.118095,1.118095,1.118095,0.335429,0.067086,1.118095,0.335429,0.067086,-0.000000,0.000000,0.000000,10,2
1780645061.192335,nmpc_dc,0.000000,45.000000,0.000000,0.000000,1.570227,0.000000,45.000000,0.000000,45.000000,0.000000,-0.000000,-0.144840,1,1.538292,1.070449,0.917727,0.806792,0.806792,0.946952,0.000000,0.806472,0.806472,0.012000,0.934952,1.030449,0.942449,inf,nan,0.000000,0.942449,0.942449,0.942449,0.282735,0.056547,0.942449,0.282735,0.056547,-0.000000,0.000000,0.000000,10,2
1780645061.309827,nmpc_dc,0.000000,45.000000,0.000000,0.000000,1.570540,0.000000,45.000000,0.000000,45.000000,0.000000,0.000000,-0.143676,1,1.890160,1.070449,0.917727,0.806792,0.806792,0.946948,0.000000,0.806472,0.806472,0.012000,0.934948,1.030449,0.942449,inf,nan,0.000000,0.942449,0.942449,0.942449,0.282735,0.056547,0.942449,0.282735,0.056547,-0.000000,0.000000,0.000000,10,2
1780645061.380018,nmpc_dc,0.000000,45.000000,0.000000,0.000000,1.570681,0.000000,45.000000,0.000000,45.000000,0.000000,-0.000000,-0.142480,1,1.444803,1.189666,1.099514,0.988166,0.988166,1.040918,0.000000,0.982016,0.982016,0.012000,1.028918,1.203211,1.115211,inf,nan,0.000000,1.115211,1.115211,1.115211,0.334563,0.066913,1.115211,0.334563,0.066913,-0.000000,0.000000,0.000000,10,2
1780645061.517548,nmpc_dc,0.000000,45.000000,0.000000,0.000000,1.570744,0.000000,45.000000,0.000000,45.000000,0.000000,0.000000,-0.141275,1,4.083233,1.189666,1.100302,0.988951,0.988951,1.041326,0.000000,0.982727,0.982727,0.012000,1.029326,1.204005,1.116005,inf,nan,0.000000,1.116005,1.116005,1.116005,0.334801,0.066960,1.116005,0.334801,0.066960,-0.000000,0.000000,0.000000,10,2
1780645061.595261,nmpc_dc,0.000000,45.000000,0.000000,0.000000,1.570773,0.000000,45.000000,0.000000,45.000000,0.000000,-0.000000,-0.140071,1,1.570816,1.180080,1.109744,0.998335,0.998335,1.046198,0.000000,0.991170,0.991170,0.012000,1.034198,1.213251,1.125251,inf,nan,0.000000,1.125251,1.125251,1.125251,0.337575,0.067515,1.125251,0.337575,0.067515,-0.000000,0.000000,0.000000,10,2
1780645061.703232,nmpc_dc,0.000000,45.000000,0.000000,0.000000,1.570786,0.000000,45.000000,0.000000,45.000000,0.000000,0.000000,-0.138874,1,1.607306,1.170707,1.100878,0.989524,0.989524,1.041623,0.000000,0.983246,0.983246,0.012000,1.029623,1.204576,1.116576,inf,nan,0.000000,1.116576,1.116576,1.116576,0.334973,0.066995,1.116576,0.334973,0.066995,-0.000000,0.000000,0.000000,10,2
1780645061.794142,nmpc_dc,0.000000,45.000000,0.000000,0.000000,1.570792,0.000000,45.000000,0.000000,45.000000,0.000000,0.000000,-0.137685,1,1.575957,1.170707,1.096753,0.985397,0.985397,1.039474,0.000000,0.979498,0.979498,0.012000,1.027474,1.200225,1.112225,inf,nan,0.000000,1.112225,1.112225,1.112225,0.333667,0.066733,1.112225,0.333667,0.066733,-0.000000,0.000000,0.000000,10,2
1780645061.907059,nmpc_dc,0.000000,45.000000,0.000000,0.000000,1.570794,0.000000,45.000000,0.000000,45.000000,0.000000,0.000000,-0.136506,1,2.626854,1.170707,1.096193,0.984857,0.984857,1.039197,0.000000,0.979007,0.979007,0.012000,1.027197,1.199864,1.111864,inf,nan,0.000000,1.111864,1.111864,1.111864,0.333559,0.066712,1.111864,0.333559,0.066712,-0.000000,0.000000,0.000000,10,2
1780645061.996908,nmpc_dc,0.000000,45.000000,0.000000,0.000000,1.570795,0.000000,45.000000,0.000000,45.000000,0.000000,-0.000000,-0.135336,1,1.620717,1.170707,1.101804,0.990443,0.990443,1.042100,0.000000,0.984077,0.984077,0.012000,1.030100,1.205457,1.117457,inf,nan,0.000000,1.117457,1.117457,1.117457,0.335237,0.067047,1.117457,0.335237,0.067047,-0.000000,0.000000,0.000000,10,2
1780645062.109510,nmpc_dc,0.000000,45.000000,0.000000,0.000000,1.570796,0.000000,45.000000,0.000000,45.000000,0.000000,-0.000000,-0.134176,1,1.951501,1.070449,0.917727,0.806792,0.806792,0.946944,0.000000,0.806472,0.806472,0.012000,0.934944,1.030449,0.942449,inf,nan,0.000000,0.942449,0.942449,0.942449,0.282735,0.056547,0.942449,0.282735,0.056547,-0.000000,0.000000,0.000000,10,2
1780645062.196681,nmpc_dc,0.000000,45.000000,0.000000,0.000000,1.220796,0.000000,45.000000,0.000000,45.000000,0.000000,-0.000000,-0.094913,1,1.585891,1.070449,0.936324,0.823693,0.823693,0.960682,0.000000,0.823336,0.823336,0.012000,0.948682,1.030449,0.942449,inf,nan,0.000000,0.942449,0.942449,0.942449,0.282735,0.056547,0.942449,0.282735,0.056547,-0.000000,0.000000,0.000000,10,2
1780645062.322978,nmpc_dc,0.000000,45.000000,0.000000,0.000000,0.870796,0.000000,45.000000,0.000000,45.000000,0.000000,-0.000000,-0.046375,1,2.542006,1.170707,1.037245,0.929907,0.929907,1.014145,0.000000,0.927713,0.927713,0.012000,1.002145,1.200689,1.112689,inf,nan,0.000000,1.112689,1.112689,1.112689,0.333807,0.066761,1.112689,0.333807,0.066761,-0.000000,0.000000,0.000000,10,2
1780645062.395427,nmpc_dc,0.000000,45.000000,0.000000,0.000000,0.520796,0.000000,45.000000,0.000000,45.000000,0.000000,-0.000000,0.004170,1,1.570599,1.070449,0.826476,0.722292,0.722292,0.908983,0.000000,0.722229,0.722229,0.012000,0.896983,1.030449,0.942449,inf,nan,0.000000,0.942449,0.942449,0.942449,0.282735,0.056547,0.942449,0.282735,0.056547,-0.000000,0.000000,0.000000,10,2
1780645062.513080,nmpc_dc,0.000000,45.000000,0.000000,0.000000,0.234358,0.000000,45.000000,0.000000,45.000000,0.000000,-0.000000,0.047971,1,2.124545,1.180080,0.971647,0.859361,0.859361,0.975850,0.000000,0.858633,0.858633,0.012000,0.963850,1.205363,1.117363,inf,nan,0.000000,1.117363,1.117363,1.117363,0.335209,0.067042,1.117363,0.335209,0.067042,-0.000000,0.000000,0.000000,10,2
1780645062.593985,nmpc_dc,0.000000,45.000000,0.000000,0.000000,0.105461,0.000000,45.000000,0.000000,45.000000,0.000000,-0.000000,0.072651,1,1.521234,1.170707,0.959462,0.844619,0.844619,0.967837,0.000000,0.844042,0.844042,0.012000,0.955837,1.198251,1.110251,inf,nan,0.000000,1.110251,1.110251,1.110251,0.333075,0.066615,1.110251,0.333075,0.066615,-0.000000,0.000000,0.000000,10,2
1780645062.710254,nmpc_dc,0.000000,45.000000,0.000000,0.000000,0.047458,0.000000,45.000000,0.000000,45.000000,0.000000,-0.000000,0.084672,1,2.391189,1.070449,0.793889,0.678211,0.678211,0.883811,0.000000,0.678178,0.678178,0.012000,0.871811,1.030449,0.942449,inf,nan,0.000000,0.942449,0.942449,0.942449,0.282735,0.056547,0.942449,0.282735,0.056547,-0.000000,0.000000,0.000000,10,2
1780645062.789443,nmpc_dc,0.000000,45.000000,0.000000,0.000000,0.021356,0.000000,45.000000,0.000000,45.000000,0.000000,-0.000000,0.089977,1,1.436454,1.070449,0.790913,0.676470,0.676470,0.882471,0.000000,0.676438,0.676438,0.012000,0.870471,1.030449,0.942449,inf,nan,0.000000,0.942449,0.942449,0.942449,0.282735,0.056547,0.942449,0.282735,0.056547,-0.000000,0.000000,0.000000,10,2
1780645062.883801,nmpc_dc,0.000000,45.000000,0.000000,0.000000,0.009610,0.000000,45.000000,0.000000,45.000000,0.000000,-0.000000,0.092005,1,1.460714,1.180080,0.967813,0.855624,0.855624,0.973282,0.000000,0.854925,0.854925,0.012000,0.961282,1.213102,1.125102,inf,nan,0.000000,1.125102,1.125102,1.125102,0.337531,0.067506,1.125102,0.337531,0.067506,-0.000000,0.000000,0.000000,10,2
1780645062.979652,nmpc_dc,0.000000,45.000000,0.000000,0.000000,0.004325,0.000000,45.000000,0.000000,45.000000,0.000000,-0.000000,0.092498,1,1.436935,1.180080,0.959746,0.847684,0.847684,0.969137,0.000000,0.847071,0.847071,0.012000,0.957137,1.205327,1.117327,inf,nan,0.000000,1.117327,1.117327,1.117327,0.335198,0.067040,1.117327,0.335198,0.067040,-0.000000,0.000000,0.000000,10,2
1780645063.109471,nmpc_dc,0.000000,45.000000,0.000000,0.000000,0.001946,0.000000,45.000000,0.000000,45.000000,0.000000,-0.000000,0.092288,1,1.994529,1.070449,0.789300,0.675531,0.675531,0.881842,0.000000,0.675499,0.675499,0.012000,0.869842,1.030449,0.942449,inf,nan,0.000000,0.942449,0.942449,0.942449,0.282735,0.056547,0.942449,0.282735,0.056547,-0.000000,0.000000,0.000000,10,2
1780645063.189533,nmpc_dc,0.000000,45.000000,0.000000,0.000000,0.000876,0.000000,45.000000,0.000000,45.000000,0.000000,-0.000000,0.091760,1,1.473256,1.189666,0.956634,0.844587,0.844587,0.967584,0.000000,0.844006,0.844006,0.012000,0.955584,1.202247,1.114247,inf,nan,0.000000,1.114247,1.114247,1.114247,0.334274,0.066855,1.114247,0.334274,0.066855,-0.000000,0.000000,0.000000,10,2
1780645063.315352,nmpc_dc,0.000000,45.000000,0.000000,0.000000,0.000394,0.000000,45.000000,0.000000,45.000000,0.000000,-0.000000,0.091093,1,3.017522,1.189666,0.958526,0.846481,0.846481,0.968575,0.000000,0.845881,0.845881,0.012000,0.956575,1.204147,1.116147,inf,nan,0.000000,1.116147,1.116147,1.116147,0.334844,0.066969,1.116147,0.334844,0.066969,-0.000000,0.000000,0.000000,10,2
1780645063.390126,nmpc_dc,0.000000,45.000000,0.000000,0.000000,0.000177,0.000000,45.000000,0.000000,45.000000,0.000000,-0.000000,0.090366,1,1.452326,1.070449,0.789823,0.675835,0.675835,0.882298,0.000000,0.675804,0.675804,0.012000,0.870298,1.030449,0.942449,inf,nan,0.000000,0.942449,0.942449,0.942449,0.282735,0.056547,0.942449,0.282735,0.056547,-0.000000,0.000000,0.000000,10,2
1780645063.505790,nmpc_dc,0.000000,45.000000,0.000000,0.000000,0.000080,0.000000,45.000000,0.000000,45.000000,0.000000,-0.000000,0.089615,1,2.121690,1.180080,0.964168,0.852175,0.852175,0.971477,0.000000,0.851514,0.851514,0.012000,0.959477,1.209925,1.121925,inf,nan,0.000000,1.121925,1.121925,1.121925,0.336577,0.067315,1.121925,0.336577,0.067315,-0.000000,0.000000,0.000000,10,2
1780645063.592209,nmpc_dc,0.000000,45.000000,0.000000,0.000000,0.000036,0.000000,45.000000,0.000000,45.000000,0.000000,-0.000000,0.088858,1,1.467929,1.180080,0.968702,0.856693,0.856693,0.973838,0.000000,0.855982,0.855982,0.012000,0.961838,1.214430,1.126430,inf,nan,0.000000,1.126430,1.126430,1.126430,0.337929,0.067586,1.126430,0.337929,0.067586,-0.000000,0.000000,0.000000,10,2
1780645063.713198,nmpc_dc,0.000000,45.000000,0.000000,0.000000,0.000016,0.000000,45.000000,0.000000,45.000000,0.000000,-0.000000,0.088102,1,2.087579,1.180080,0.967223,0.855216,0.855216,0.973071,0.000000,0.854522,0.854522,0.012000,0.961071,1.212952,1.124952,inf,nan,0.000000,1.124952,1.124952,1.124952,0.337485,0.067497,1.124952,0.337485,0.067497,-0.000000,0.000000,0.000000,10,2
1780645063.797636,nmpc_dc,0.000000,45.000000,0.000000,0.000000,0.000007,0.000000,45.000000,0.000000,45.000000,0.000000,-0.000000,0.087349,1,3.560093,1.170707,0.959868,0.847886,0.847886,0.969241,0.000000,0.847271,0.847271,0.012000,0.957241,1.205645,1.117645,inf,nan,0.000000,1.117645,1.117645,1.117645,0.335294,0.067059,1.117645,0.335294,0.067059,-0.000000,0.000000,0.000000,10,2
1780645063.902961,nmpc_dc,0.000000,45.000000,0.000000,0.000000,0.000003,0.000000,45.000000,0.000000,45.000000,0.000000,-0.000000,0.086601,1,1.791996,1.070449,0.789823,0.675835,0.675835,0.882303,0.000000,0.675803,0.675803,0.012000,0.870303,1.030449,0.942449,inf,nan,0.000000,0.942449,0.942449,0.942449,0.282735,0.056547,0.942449,0.282735,0.056547,-0.000000,0.000000,0.000000,10,2
1780645063.988454,nmpc_dc,0.000000,45.000000,0.000000,0.000000,0.000001,0.000000,45.000000,0.000000,45.000000,0.000000,-0.000000,0.085860,1,1.490762,1.170707,0.960685,0.848707,0.848707,0.969663,0.000000,0.848083,0.848083,0.012000,0.957663,1.206472,1.118472,inf,nan,0.000000,1.118472,1.118472,1.118472,0.335542,0.067108,1.118472,0.335542,0.067108,-0.000000,0.000000,0.000000,10,2
1780645064.113740,nmpc_dc,0.000000,45.000000,0.000000,0.000000,0.000001,0.000000,45.000000,0.000000,45.000000,0.000000,-0.000000,0.085124,1,1.901630,1.170707,0.958833,0.846854,0.846854,0.968702,0.000000,0.846250,0.846250,0.012000,0.956702,1.204616,1.116616,inf,nan,0.000000,1.116616,1.116616,1.116616,0.334985,0.066997,1.116616,0.334985,0.066997,-0.000000,0.000000,0.000000,10,2
1780645064.190189,nmpc_dc,0.000000,45.000000,0.000000,0.000000,0.000000,0.000000,45.000000,0.000000,45.000000,0.000000,-0.000000,0.084395,1,1.556250,1.189666,0.958865,0.846845,0.846845,0.968744,0.000000,0.846241,0.846241,0.012000,0.956744,1.204546,1.116546,inf,nan,0.000000,1.116546,1.116546,1.116546,0.334964,0.066993,1.116546,0.334964,0.066993,-0.000000,0.000000,0.000000,10,2
1780645064.310839,nmpc_dc,0.000000,45.000000,0.000000,0.000000,0.000000,0.000000,45.000000,0.000000,45.000000,0.000000,-0.000000,0.083671,1,2.427374,1.070449,0.789823,0.675835,0.675835,0.882303,0.000000,0.675803,0.675803,0.012000,0.870303,1.030449,0.942449,inf,nan,0.000000,0.942449,0.942449,0.942449,0.282735,0.056547,0.942449,0.282735,0.056547,-0.000000,0.000000,0.000000,10,2
1780645064.389299,nmpc_dc,0.000000,45.000000,0.000000,0.000000,0.000000,0.000000,45.000000,0.000000,45.000000,0.000000,-0.000000,0.082954,1,1.486572,1.180080,0.965700,0.853714,0.853714,0.972269,0.000000,0.853037,0.853037,0.012000,0.960269,1.211478,1.123478,inf,nan,0.000000,1.123478,1.123478,1.123478,0.337043,0.067409,1.123478,0.337043,0.067409,-0.000000,0.000000,0.000000,10,2
1780645064.506243,nmpc_dc,0.000000,45.000000,0.000000,0.000000,0.000000,0.000000,45.000000,0.000000,45.000000,0.000000,-0.000000,0.082243,1,3.572240,1.180080,0.961024,0.849000,0.849000,0.969866,0.000000,0.848374,0.848374,0.012000,0.957866,1.206700,1.118700,inf,nan,0.000000,1.118700,1.118700,1.118700,0.335610,0.067122,1.118700,0.335610,0.067122,-0.000000,0.000000,0.000000,10,2
1780645064.593868,nmpc_dc,0.000000,45.000000,0.000000,0.000000,0.000000,0.000000,45.000000,0.000000,45.000000,0.000000,-0.000000,0.081539,1,1.558609,1.180080,0.967979,0.855972,0.855972,0.973464,0.000000,0.855268,0.855268,0.012000,0.961464,1.213708,1.125708,inf,nan,0.000000,1.125708,1.125708,1.125708,0.337712,0.067542,1.125708,0.337712,0.067542,-0.000000,0.000000,0.000000,10,2
1780645064.709647,nmpc_dc,0.000000,45.000000,0.000000,0.000000,0.000000,0.000000,45.000000,0.000000,45.000000,0.000000,-0.000000,0.080840,1,2.015496,1.180080,0.966291,0.854282,0.854282,0.972589,0.000000,0.853598,0.853598,0.012000,0.960589,1.212013,1.124013,inf,nan,0.000000,1.124013,1.124013,1.124013,0.337204,0.067441,1.124013,0.337204,0.067441,-0.000000,0.000000,0.000000,10,2
1780645064.788687,nmpc_dc,0.000000,45.000000,0.000000,0.000000,0.000000,0.000000,45.000000,0.000000,45.000000,0.000000,-0.000000,0.080147,1,1.498590,1.180080,0.969709,0.857740,0.857740,0.974338,0.000000,0.857014,0.857014,0.012000,0.962338,1.215534,1.127534,inf,nan,0.000000,1.127534,1.127534,1.127534,0.338260,0.067652,1.127534,0.338260,0.067652,-0.000000,0.000000,0.000000,10,2
1780645064.894121,nmpc_dc,0.000000,45.000000,0.000000,0.000000,0.000000,0.000000,45.000000,0.000000,45.000000,0.000000,-0.000000,0.079460,1,1.838756,1.189666,0.962429,0.850431,0.850431,0.970579,0.000000,0.849789,0.849789,0.012000,0.958579,1.208171,1.120171,inf,nan,0.000000,1.120171,1.120171,1.120171,0.336051,0.067210,1.120171,0.336051,0.067210,-0.000000,0.000000,0.000000,10,2
1780645064.991287,nmpc_dc,0.000000,45.000000,0.000000,0.000000,0.000000,0.000000,45.000000,0.000000,45.000000,0.000000,-0.000000,0.078779,1,1.490919,1.189666,0.958865,0.846845,0.846845,0.968744,0.000000,0.846241,0.846241,0.012000,0.956744,1.204546,1.116546,inf,nan,0.000000,1.116546,1.116546,1.116546,0.334964,0.066993,1.116546,0.334964,0.066993,-0.000000,0.000000,0.000000,10,2
1780645065.109441,nmpc_dc,0.000000,45.000000,0.000000,0.000000,0.000000,0.000000,45.000000,0.000000,45.000000,0.000000,-0.000000,0.078104,1,1.718713,1.180080,0.969202,0.857198,0.857198,0.974095,0.000000,0.856480,0.856480,0.012000,0.962095,1.214942,1.126942,inf,nan,0.000000,1.126942,1.126942,1.126942,0.338083,0.067617,1.126942,0.338083,0.067617,-0.000000,0.000000,0.000000,10,2
1780645065.189071,nmpc_dc,0.000000,45.000000,0.000000,0.000000,0.000000,0.000000,45.000000,0.000000,45.000000,0.000000,-0.000000,0.077435,1,1.450210,1.070449,0.789823,0.675835,0.675835,0.882303,0.000000,0.675803,0.675803,0.012000,0.870303,1.030449,0.942449,inf,nan,0.000000,0.942449,0.942449,0.942449,0.282735,0.056547,0.942449,0.282735,0.056547,-0.000000,0.000000,0.000000,10,2
1780645065.306995,nmpc_dc,0.000000,45.000000,0.000000,0.000000,0.000000,0.000000,45.000000,0.000000,45.000000,0.000000,-0.000000,0.076771,1,2.193831,1.180080,0.961000,0.849022,0.849022,0.969826,0.000000,0.848394,0.848394,0.012000,0.957826,1.206787,1.118787,inf,nan,0.000000,1.118787,1.118787,1.118787,0.335636,0.067127,1.118787,0.335636,0.067127,-0.000000,0.000000,0.000000,10,2
1780645065.393476,nmpc_dc,0.000000,45.000000,0.000000,0.000000,0.000000,0.000000,45.000000,0.000000,45.000000,0.000000,-0.000000,0.076113,1,1.537494,1.180080,0.967223,0.855216,0.855216,0.973071,0.000000,0.854522,0.854522,0.012000,0.961071,1.212952,1.124952,inf,nan,0.000000,1.124952,1.124952,1.124952,0.337485,0.067497,1.124952,0.337485,0.067497,-0.000000,0.000000,0.000000,10,2
1780645065.509872,nmpc_dc,0.000000,45.000000,0.000000,0.000000,0.000000,0.000000,45.000000,0.000000,45.000000,0.000000,-0.000000,0.075461,1,1.842572,1.189666,0.958229,0.846209,0.846209,0.968414,0.000000,0.845612,0.845612,0.012000,0.956414,1.203910,1.115910,inf,nan,0.000000,1.115910,1.115910,1.115910,0.334773,0.066955,1.115910,0.334773,0.066955,-0.000000,0.000000,0.000000,10,2
1780645065.588715,nmpc_dc,0.000000,45.000000,0.000000,0.000000,0.000000,0.000000,45.000000,0.000000,45.000000,0.000000,-0.000000,0.074814,1,1.439788,1.070449,0.789823,0.675835,0.675835,0.882303,0.000000,0.675803,0.675803,0.012000,0.870303,1.030449,0.942449,inf,nan,0.000000,0.942449,0.942449,0.942449,0.282735,0.056547,0.942449,0.282735,0.056547,-0.000000,0.000000,0.000000,10,2
1780645065.711669,nmpc_dc,0.000000,45.000000,0.000000,0.000000,0.000000,0.000000,45.000000,0.000000,45.000000,0.000000,-0.000000,0.074173,1,2.249000,1.180080,0.967130,0.855123,0.855123,0.973023,0.000000,0.854430,0.854430,0.012000,0.961023,1.212858,1.124858,inf,nan,0.000000,1.124858,1.124858,1.124858,0.337458,0.067492,1.124858,0.337458,0.067492,-0.000000,0.000000,0.000000,10,2
1780645065.789148,nmpc_dc,0.000000,45.000000,0.000000,0.000000,0.000000,0.000000,45.000000,0.000000,45.000000,0.000000,-0.000000,0.073537,1,2.025980,1.189666,0.960208,0.848196,0.848196,0.969436,0.000000,0.847578,0.847578,0.012000,0.957436,1.205911,1.117911,inf,nan,0.000000,1.117911,1.117911,1.117911,0.335373,0.067075,1.117911,0.335373,0.067075,-0.000000,0.000000,0.000000,10,2
1780645065.905019,nmpc_dc,0.000000,45.000000,0.000000,0.000000,0.000000,0.000000,45.000000,0.000000,45.000000,0.000000,-0.000000,0.072907,1,1.689729,1.070449,0.789823,0.675835,0.675835,0.882303,0.000000,0.675803,0.675803,0.012000,0.870303,1.030449,0.942449,inf,nan,0.000000,0.942449,0.942449,0.942449,0.282735,0.056547,0.942449,0.282735,0.056547,-0.000000,0.000000,0.000000,10,2
1780645065.986263,nmpc_dc,0.000000,45.000000,0.000000,0.000000,0.000000,0.000000,45.000000,0.000000,45.000000,0.000000,-0.000000,0.072282,1,1.794908,1.070449,0.789823,0.675835,0.675835,0.882303,0.000000,0.675803,0.675803,0.012000,0.870303,1.030449,0.942449,inf,nan,0.000000,0.942449,0.942449,0.942449,0.282735,0.056547,0.942449,0.282735,0.056547,-0.000000,0.000000,0.000000,10,2
1780645066.086506,nmpc_dc,0.000000,45.000000,0.000000,0.000000,0.000000,0.000000,45.000000,0.000000,45.000000,0.000000,-0.000000,0.071663,1,1.446046,1.170707,0.960685,0.848707,0.848707,0.969663,0.000000,0.848083,0.848083,0.012000,0.957663,1.206472,1.118472,inf,nan,0.000000,1.118472,1.118472,1.118472,0.335542,0.067108,1.118472,0.335542,0.067108,-0.000000,0.000000,0.000000,10,2
1780645066.179957,nmpc_dc,0.000000,45.000000,0.000000,0.000000,0.000000,0.000000,45.000000,0.000000,45.000000,0.000000,-0.000000,0.071049,1,1.462363,1.170707,0.960685,0.848707,0.848707,0.969663,0.000000,0.848083,0.848083,0.012000,0.957663,1.206472,1.118472,inf,nan,0.000000,1.118472,1.118472,1.118472,0.335542,0.067108,1.118472,0.335542,0.067108,-0.000000,0.000000,0.000000,10,2
1780645066.299229,nmpc_dc,0.000000,45.000000,0.000000,0.000000,0.000000,0.000000,45.000000,0.000000,45.000000,0.000000,-0.000000,0.070440,1,1.483337,1.170707,0.960685,0.848707,0.848707,0.969663,0.000000,0.848083,0.848083,0.012000,0.957663,1.206472,1.118472,inf,nan,0.000000,1.118472,1.118472,1.118472,0.335542,0.067108,1.118472,0.335542,0.067108,-0.000000,0.000000,0.000000,10,2
