time_s,controller,x,y,vx,vy,yaw,ref_x,ref_y,goal_x,goal_y,ux,uy,alpha,feasible,solve_ms,clearance_m,d_lower_min,c_body,barrier,gamma_ref,recovery_energy,recoverable_margin,h_R,dynamic_reserve,recoverability_delta,pred_min_d_lower,pred_min_c_body,pred_min_gamma,pred_max_recovery_energy,pred_max_dynamic_reserve,pred_min_delta,pred_min_h_R,pred_min_psi0,pred_min_psi1,pred_min_psi2,pred_min_psi0_constraint,pred_min_psi1_constraint,pred_min_psi2_constraint,solver_constraint_margin,max_safety_slack,speed_mps,obstacle_count,guide_points
1780645119.299204,dhocbf_fixed,0.000000,-50.000000,0.000000,0.000000,1.570800,0.000000,-48.400000,0.000000,45.000000,-0.000001,7.999991,-0.171058,1,4.705927,1.223737,1.195793,1.079056,1.079056,1.910707,0.016640,1.079056,1.079056,0.012000,1.882067,1.183330,1.080509,inf,nan,0.000000,1.080509,1.080509,1.080509,0.362724,0.161691,1.079311,0.362196,0.161066,-0.000000,0.000001,0.000000,10,2
1780645119.412911,dhocbf_fixed,0.000000,-50.000000,0.000000,0.000000,1.570800,0.000000,-48.400000,0.000000,45.000000,-0.000001,7.999992,-0.212728,1,6.872037,1.221710,1.193679,1.077575,1.077575,1.916234,0.016640,1.077575,1.077575,0.012000,1.887594,1.181294,1.079515,inf,nan,0.000000,1.079515,1.079515,1.079515,0.362434,0.161649,1.078696,0.362053,0.161135,-0.000000,0.000001,0.000000,10,2
1780645119.506961,dhocbf_fixed,0.000000,-50.000000,0.000000,0.000000,1.570800,0.000000,-48.400000,0.000000,45.000000,-0.000001,7.999992,-0.221782,1,4.852755,1.223228,1.195242,1.078748,1.078748,1.910506,0.016640,1.078748,1.078748,0.012000,1.881866,1.182817,1.080393,inf,nan,0.000000,1.080393,1.080393,1.080393,0.362695,0.161698,1.079121,0.362143,0.161062,-0.000000,0.000001,0.000000,10,2
1780645119.617576,dhocbf_fixed,-0.000000,-49.960000,-0.000000,0.799999,1.570799,0.000000,-48.360000,0.000000,45.000000,-4.653187,6.507523,-0.222604,1,13.870275,1.585458,1.604648,1.499846,1.499846,0.949924,0.017408,0.890916,0.890916,0.041600,0.890916,1.088363,0.983426,inf,nan,0.000000,0.983426,0.983426,0.983426,0.180138,-0.017034,0.990778,0.183386,0.000000,-0.000000,0.013919,0.799999,10,2
1780645119.730963,dhocbf_fixed,-0.023266,-49.847463,-0.465319,1.450751,1.318972,0.000000,-48.247463,0.000000,45.000000,1.869163,7.778575,-0.193962,1,6.711341,1.862600,1.928996,1.818570,1.818570,1.294419,0.019429,1.203862,1.203862,0.071127,1.203862,1.345629,1.244666,inf,nan,0.000000,1.244666,1.244666,1.244666,0.324555,0.032277,1.262778,0.329805,0.033175,-0.000000,0.000000,1.523549,10,0
1780645119.977265,dhocbf_fixed,-0.060452,-49.663494,-0.278403,2.228609,1.524327,-0.059430,-48.063495,0.000000,45.000000,5.935993,-5.363206,-0.207937,1,24.539890,1.812624,1.826265,1.721564,1.721564,0.895225,0.022693,0.769313,0.769313,0.103218,0.769313,0.873343,0.768686,inf,nan,0.000000,0.768686,0.768686,0.768686,0.129203,-0.022063,0.780075,0.130697,0.000000,-0.000000,0.008382,2.245931,10,2
1780645119.998103,dhocbf_fixed,-0.060452,-49.663494,-0.278403,2.228609,1.524327,-0.059430,-48.063495,0.000000,45.000000,5.843964,-5.463340,-0.210081,1,9.746855,1.812624,1.826265,1.721564,1.721564,0.895225,0.022693,0.769313,0.769313,0.103218,0.769313,0.874606,0.769936,inf,nan,0.000000,0.769936,0.769936,0.769936,0.129490,-0.021797,0.781356,0.130992,0.000000,-0.000000,0.008158,2.245931,10,2
1780645120.017952,dhocbf_fixed,-0.058612,-49.467450,0.315197,1.692288,1.315135,-0.059305,-47.867449,0.000000,45.000000,1.132873,1.973388,-0.186492,1,8.439750,1.950905,1.979028,1.853037,1.853037,0.815283,0.020196,0.715430,0.715430,0.079657,0.715430,0.725644,0.610147,inf,nan,0.000000,0.610147,0.610147,0.610147,0.097389,-0.001893,0.618169,0.099326,0.000000,-0.000000,0.005693,1.721392,10,2
1780645120.092114,dhocbf_fixed,-0.021428,-49.288354,0.428484,1.889627,1.475394,-0.059191,-47.688329,0.000000,45.000000,-2.153065,6.012177,-0.196850,1,3.818520,1.940412,1.901749,1.789294,1.789294,2.204113,0.021155,1.789293,1.789293,0.089202,2.093757,1.902331,1.793318,inf,nan,0.000000,1.793318,1.793318,1.793318,0.747942,0.209445,1.782043,0.735819,0.215649,-0.000000,0.000000,1.937599,10,2
1780645120.201725,dhocbf_fixed,0.010655,-49.069330,0.213178,2.490845,1.405058,-0.059051,-47.469285,0.000000,45.000000,-3.341981,4.079474,-0.190534,1,6.478207,2.096728,2.179660,2.065768,2.065768,0.964342,0.024172,0.825047,0.825047,0.115123,0.825047,0.920100,0.817423,inf,nan,0.000000,0.817423,0.817423,0.817423,0.154943,-0.030544,0.826714,0.155924,0.000000,-0.000000,0.005704,2.499951,10,2
1780645120.294729,dhocbf_fixed,0.015263,-48.799848,-0.121020,2.898792,1.393401,-0.058879,-47.199801,0.000000,45.000000,3.051598,-1.919572,-0.186451,1,4.650544,2.064888,2.162199,2.048249,2.048249,0.957817,0.026778,0.796449,0.796449,0.134590,0.796449,0.942657,0.831937,inf,nan,0.000000,0.831937,0.831937,0.831937,0.155857,-0.018554,0.849486,0.160831,0.000000,-0.000000,0.005498,2.901317,10,2
1780645120.407741,dhocbf_fixed,0.018419,-48.519567,0.184139,2.706835,1.464413,-0.058700,-46.919517,0.000000,45.000000,-1.274481,2.091683,-0.191967,1,4.264952,1.530773,1.571660,1.465058,1.465058,1.922410,0.025513,1.465057,1.465057,0.125360,1.771537,1.490580,1.391248,inf,nan,0.000000,1.391248,1.391248,1.391248,0.591700,0.159882,1.410335,0.597352,0.169321,-0.000000,0.000000,2.713091,10,2
1780645120.493349,dhocbf_fixed,0.030460,-48.238425,0.056691,2.916003,1.521579,-0.058520,-46.638368,0.000000,45.000000,-1.140186,1.465326,-0.198356,1,3.554089,2.100527,2.207478,2.093230,2.093230,2.003886,0.026900,1.841637,1.841637,0.135345,1.841641,2.065477,1.961084,inf,nan,0.000000,1.961084,1.961084,1.961084,0.661864,0.185629,1.980415,0.667517,0.186672,-0.000000,0.000000,2.916554,10,2
1780645120.608168,dhocbf_fixed,0.030428,-47.939498,-0.057327,3.062536,1.562111,-0.058329,-46.339441,0.000000,45.000000,0.542793,-0.114952,-0.203097,1,4.366480,2.177831,2.263929,2.149198,2.149198,1.443979,0.027951,1.273364,1.273364,0.142664,1.273364,1.756333,1.656603,inf,nan,0.000000,1.656603,1.656603,1.656603,0.445280,-0.000857,1.674543,0.450962,0.000001,-0.000000,0.000001,3.063072,10,2
1780645120.698880,dhocbf_fixed,0.027410,-47.633819,-0.003048,3.051041,1.596642,-0.058134,-46.033764,0.000000,45.000000,1.592960,-1.433594,-0.206725,1,5.656485,2.140839,2.133306,2.027316,2.027316,1.288211,0.027859,1.118293,1.118293,0.142059,1.118293,1.542029,1.442725,inf,nan,0.000000,1.442725,1.442725,1.442725,0.356863,-0.011286,1.460977,0.362608,0.000000,-0.000000,0.005497,3.051042,10,2
1780645120.817798,dhocbf_fixed,0.035070,-47.335883,0.156248,2.907681,1.588475,-0.057944,-45.735823,0.000000,45.000000,3.738592,-1.724720,-0.205418,1,4.815173,2.403465,2.386013,2.277365,2.277365,1.498676,0.026872,1.336690,1.336690,0.135113,1.336690,1.829834,1.725957,inf,nan,0.000000,1.725957,1.725957,1.725957,0.470110,-0.012373,1.744454,0.475873,0.000000,-0.000000,0.003053,2.911876,10,2
1780645120.898577,dhocbf_fixed,0.069387,-47.053739,0.530107,2.735209,1.548059,-0.057764,-45.453657,0.000000,45.000000,-3.204112,1.980671,-0.199397,1,3.726725,2.539343,2.570186,2.461783,2.461783,1.760751,0.026062,1.605770,1.605770,0.128920,1.605770,2.322555,2.216080,inf,nan,0.000000,2.216080,2.216080,2.216080,0.656775,0.086245,2.235421,0.662823,0.085654,-0.000000,0.000001,2.786105,10,2
1780645121.014925,dhocbf_fixed,0.106377,-46.770314,0.209696,2.933276,1.542451,-0.057583,-45.170209,0.000000,45.000000,-2.429065,1.145365,-0.195981,1,11.826125,2.143221,2.144086,2.039030,2.039030,0.934370,0.027195,0.770629,0.770629,0.136547,0.770629,0.787904,0.684816,inf,nan,0.000000,0.684816,0.684816,0.684816,0.148907,-0.012063,0.678206,0.144896,0.000000,-0.000000,0.000000,2.940762,10,2
1780645121.096761,dhocbf_fixed,0.115202,-46.471260,-0.033211,3.047813,1.584999,-0.057392,-44.871149,0.000000,45.000000,-1.562192,0.800734,-0.198518,1,3.604205,1.934808,1.940775,1.835874,1.835874,0.950706,0.027984,0.780816,0.780816,0.141905,0.780816,0.743816,0.631730,inf,nan,0.000000,0.631730,0.631730,0.631730,0.153032,-0.011280,0.648265,0.157891,0.000040,-0.000000,0.000000,3.047994,10,2
1780645121.226144,dhocbf_fixed,0.104070,-46.162475,-0.189430,3.127886,1.622474,-0.057194,-44.562372,0.000000,45.000000,-0.713141,0.427974,-0.201961,1,9.567918,1.732899,1.749519,1.644767,1.644767,1.109549,0.028595,0.934729,0.934729,0.146225,0.934729,1.015767,0.916046,inf,nan,0.000000,0.916046,0.916046,0.916046,0.230156,0.012074,0.932247,0.237760,0.023982,-0.000000,0.000000,3.133617,10,2
1780645121.292106,dhocbf_fixed,0.081561,-45.847546,-0.260744,3.170684,1.645908,-0.056993,-44.247458,0.000000,45.000000,-0.130370,0.209800,-0.204080,1,3.515813,1.539995,1.561399,1.456627,1.456627,1.129999,0.028912,0.952435,0.952435,0.148652,0.952435,1.054939,0.954474,inf,nan,0.000000,0.954474,0.954474,0.954474,0.223520,0.034553,0.969989,0.231569,0.038733,-0.000000,0.000000,3.181387,10,2
1780645121.413267,dhocbf_fixed,0.054835,-45.529429,-0.273781,3.191664,1.651845,-0.056790,-43.929357,0.000000,45.000000,0.030784,-0.007204,-0.203934,1,5.506815,1.481663,1.535769,1.427373,1.427373,1.046061,0.029036,0.867252,0.867252,0.149773,0.867252,0.974260,0.875542,inf,nan,0.000000,0.875542,0.875542,0.875542,0.224305,-0.005364,0.893466,0.229721,0.000002,-0.000000,0.000000,3.203385,10,2
1780645121.496064,dhocbf_fixed,0.027611,-45.210299,-0.270703,3.190943,1.645573,-0.056586,-43.610245,0.000000,45.000000,-3.420219,-2.216089,-0.201908,1,5.050195,1.518766,1.652422,1.538552,1.538552,0.967373,0.028994,0.788656,0.788656,0.149723,0.788656,0.870157,0.766713,inf,nan,0.000000,0.766713,0.766713,0.766713,0.173205,-0.003908,0.766354,0.174654,0.000000,-0.000000,0.000000,3.202405,10,2
1780645121.601967,dhocbf_fixed,-0.016561,-44.902285,-0.612724,2.969334,1.698581,-0.056390,-43.302259,0.000000,45.000000,0.803764,-0.174398,-0.205879,1,6.921674,1.113928,1.210676,1.098626,1.098626,0.885797,0.027682,0.717018,0.717018,0.141097,0.717018,0.849800,0.751443,inf,nan,0.000000,0.751443,0.751443,0.751443,0.167366,-0.006284,0.769573,0.172656,0.000000,-0.000000,0.001089,3.031893,10,2
1780645121.698849,dhocbf_fixed,-0.073814,-44.606223,-0.532348,2.951894,1.640100,-0.056201,-43.006234,0.000000,45.000000,1.508300,0.439908,-0.199198,1,4.714690,1.535876,1.544073,1.438435,1.438435,0.771826,0.027438,0.604912,0.604912,0.139476,0.604912,0.474589,0.374552,inf,nan,0.000000,0.374552,0.374552,0.374552,0.061161,-0.015919,0.385214,0.064540,0.000000,-0.000000,0.000003,2.999513,10,2
1780645121.816707,dhocbf_fixed,-0.119508,-44.308834,-0.381518,2.995885,1.602135,-0.056011,-42.708875,0.000000,45.000000,1.350107,0.232378,-0.192116,1,11.473153,1.362646,1.371531,1.266988,1.266988,0.702199,0.027610,0.534084,0.534084,0.140505,0.534084,0.391133,0.290549,inf,nan,0.000000,0.290549,0.290549,0.290549,0.040652,-0.024616,0.289513,0.041886,0.000000,-0.000000,0.001707,3.020080,10,2
1780645121.900619,dhocbf_fixed,-0.150909,-44.008084,-0.246507,3.019123,1.566428,-0.055819,-42.408144,0.000000,45.000000,-0.956974,-1.760791,-0.185215,1,6.210954,1.195324,1.221830,1.116634,1.116634,0.629672,0.027709,0.461002,0.461002,0.140961,0.461002,0.325128,0.227514,inf,nan,0.000000,0.227514,0.227514,0.227514,0.026033,-0.027197,0.232817,0.032916,0.000000,-0.000000,0.004363,3.029170,10,2
1780645122.014127,dhocbf_fixed,-0.180345,-43.714976,-0.342205,2.843044,1.552757,-0.055632,-42.115055,0.000000,45.000000,-0.698134,-0.006805,-0.180834,1,7.131928,1.055603,1.067513,0.960798,0.960798,0.620000,0.026579,0.460696,0.460696,0.132725,0.460696,0.268427,0.170333,inf,nan,0.000000,0.170333,0.170333,0.170333,0.019495,-0.009208,0.184017,0.024964,0.000000,-0.000000,0.003804,2.863565,10,2
1780645122.083780,dhocbf_fixed,-0.218056,-43.430705,-0.412018,2.842364,1.520198,-0.055450,-41.830809,0.000000,45.000000,1.262287,1.243272,-0.175016,1,5.123591,0.898845,0.902025,0.797728,0.797728,0.620000,0.026708,0.460147,0.460147,0.133144,0.460147,0.249954,0.139971,inf,nan,0.000000,0.139971,0.139971,0.139971,0.021598,-0.015834,0.152122,0.025547,0.000000,-0.000000,0.001902,2.872071,10,2
1780645122.184936,dhocbf_fixed,-0.252946,-43.140253,-0.285789,2.966691,1.508273,-0.055265,-41.540378,0.000000,45.000000,2.256474,1.308084,-0.171141,1,4.226133,0.739677,0.773955,0.668117,0.668117,0.688263,0.027551,0.522018,0.522018,0.138522,0.522190,0.326393,0.223348,inf,nan,0.000000,0.223348,0.223348,0.223348,0.021585,-0.014846,0.237152,0.034664,0.000000,-0.000000,0.001348,2.980424,10,2
1780645122.283338,dhocbf_fixed,-0.270243,-42.837043,-0.060142,3.097499,1.507056,-0.055071,-41.237180,0.000000,45.000000,0.689750,0.543449,-0.168943,1,4.350996,0.629223,0.678640,0.572407,0.572407,0.817661,0.028456,0.570224,0.570224,0.144428,0.644777,0.353292,0.256012,inf,nan,0.000000,0.256012,0.256012,0.256012,0.024328,-0.009852,0.270537,0.033944,0.000000,-0.000000,0.000089,3.098083,10,2
1780645122.384431,dhocbf_fixed,-0.272808,-42.524576,0.008833,3.151844,1.472579,-0.054871,-40.924715,0.000000,45.000000,1.953873,0.300116,-0.163565,1,3.855081,0.518849,0.602806,0.488324,0.488324,0.959495,0.028867,0.488323,0.488323,0.147150,0.783478,0.366381,0.266735,inf,nan,0.000000,0.266735,0.266735,0.266735,0.037256,0.023654,0.280414,0.039059,0.034207,-0.000000,0.000000,3.151856,10,2
1780645122.482325,dhocbf_fixed,-0.262155,-42.207891,0.204220,3.181856,1.462249,-0.054669,-40.608023,0.000000,45.000000,1.088694,0.148625,-0.160047,1,3.885436,0.448440,0.546429,0.434173,0.434173,1.109461,0.029116,0.434173,0.434173,0.149009,0.931336,0.388980,0.288092,inf,nan,0.000000,0.288092,0.288092,0.288092,0.064465,0.086274,0.300111,0.079382,0.087470,-0.000000,0.000000,3.188403,10,2
1780645122.618221,dhocbf_fixed,-0.236290,-41.888962,0.313090,3.196718,1.454054,-0.054466,-40.289078,0.000000,45.000000,0.311709,0.071385,-0.157249,1,8.266717,0.409691,0.538573,0.426417,0.426417,1.260248,0.029233,0.426417,0.426417,0.150213,1.080802,0.380558,0.278873,inf,nan,0.000000,0.278873,0.278873,0.278873,0.172451,0.104257,0.291699,0.179532,0.105360,-0.000000,0.000000,3.212014,10,2
1780645122.692905,dhocbf_fixed,-0.203422,-41.568933,0.344261,3.203857,1.456357,-0.054261,-39.969028,0.000000,45.000000,-0.176100,0.034064,-0.155793,1,3.934082,0.509196,0.579899,0.467842,0.467842,1.413655,0.029242,0.467842,0.467842,0.150739,1.233674,0.469662,0.372338,inf,nan,0.000000,0.372338,0.372338,0.372338,0.294818,0.122400,0.387503,0.299319,0.123174,-0.000000,0.000000,3.222299,10,2
1780645122.799021,dhocbf_fixed,-0.169877,-41.248377,0.326651,3.207263,1.468140,-0.054056,-39.648451,0.000000,45.000000,-0.431634,0.016320,-0.155713,1,4.487488,0.706754,0.723176,0.618852,0.618852,1.575932,0.029198,0.618852,0.618852,0.150818,1.395917,0.673514,0.569726,inf,nan,0.000000,0.569726,0.569726,0.569726,0.409515,0.137294,0.586169,0.415334,0.136107,-0.000000,0.000000,3.223854,10,2
1780645122.891073,dhocbf_fixed,-0.139370,-40.927570,0.283487,3.208895,1.484948,-0.053852,-39.327624,0.000000,45.000000,-0.529180,0.007910,-0.156526,1,3.707618,0.942339,0.932884,0.827359,0.827359,1.704510,0.029139,0.827359,0.827359,0.150692,1.524678,0.910564,0.804665,inf,nan,0.000000,0.804665,0.804665,0.804665,0.512476,0.121740,0.820127,0.517418,0.127019,-0.000000,0.000000,3.221393,10,2
1780645123.012766,dhocbf_fixed,-0.113667,-40.606641,0.230569,3.209686,1.502949,-0.053647,-39.006679,0.000000,45.000000,-0.528740,0.003906,-0.157686,1,7.195925,1.220969,1.200273,1.091108,1.091108,1.718512,0.029089,1.091108,1.091108,0.150517,1.538906,1.181980,1.081373,inf,nan,0.000000,1.081373,1.081373,1.081373,0.613382,0.071559,1.099712,0.619475,0.080363,-0.000000,0.000000,3.217957,10,2
1780645123.090211,dhocbf_fixed,-0.093254,-40.285652,0.177695,3.210077,1.519769,-0.053442,-38.685677,0.000000,45.000000,-0.473999,0.001985,-0.158797,1,3.873742,1.507565,1.483755,1.370747,1.370747,1.805819,0.029053,1.370744,1.370744,0.150365,1.626401,1.467739,1.368359,inf,nan,0.000000,1.368359,1.368359,1.368359,0.692468,0.064579,1.382512,0.701860,0.079579,-0.000000,0.000000,3.214991,10,2
1780645123.216814,dhocbf_fixed,-0.077854,-39.964635,0.130296,3.210275,1.534227,-0.053237,-38.364650,0.000000,45.000000,-0.394809,0.001048,-0.159632,1,8.232815,1.813343,1.787871,1.671617,1.671617,1.913783,0.029031,1.668617,1.668617,0.150259,1.734493,1.772983,1.673417,inf,nan,0.000000,1.673417,1.673417,1.673417,0.729741,0.086391,1.682527,0.734730,0.098845,-0.000000,0.000000,3.212918,10,2
1780645123.290061,dhocbf_fixed,-0.066799,-39.643602,0.090815,3.210380,1.545914,-0.053032,-38.043611,0.000000,45.000000,-0.310234,0.000575,-0.160090,1,3.842414,2.109183,2.078754,1.963980,1.963980,2.016375,0.029019,1.836826,1.836826,0.150195,1.837161,2.069004,1.965449,inf,nan,0.000000,1.965449,1.965449,1.965449,0.736516,0.160704,1.965791,0.740620,0.165981,-0.000000,0.000000,3.211664,10,2
1780645123.409028,dhocbf_fixed,-0.059268,-39.322561,0.059791,3.210437,1.554881,-0.052827,-37.722565,0.000000,45.000000,1.795423,-7.673939,-0.160155,1,11.443928,2.280880,2.350687,2.237554,2.237554,1.337793,0.029013,1.158619,1.158619,0.150161,1.158619,1.615998,1.503299,inf,nan,0.000000,1.503299,1.503299,1.503299,0.366227,0.011125,1.512882,0.371031,0.000000,-0.000000,0.000934,3.210994,10,2
1780645123.490769,dhocbf_fixed,-0.044312,-39.039887,0.239334,2.443043,1.418742,-0.052646,-37.439882,0.000000,45.000000,-1.001416,2.828908,-0.144316,1,4.263380,1.942369,1.926284,1.818521,1.818521,2.228179,0.023871,1.818519,1.818519,0.112980,2.091327,1.903244,1.802150,inf,nan,0.000000,1.802150,1.802150,1.802150,0.771509,0.198495,1.821491,0.777513,0.207651,-0.000000,0.000000,2.454739,10,2
1780645123.602891,dhocbf_fixed,-0.025386,-38.781438,0.139192,2.725934,1.471730,-0.052481,-37.181421,0.000000,45.000000,-0.934637,2.364174,-0.145205,1,4.217669,2.524319,2.497516,2.380704,2.380704,1.107462,0.025585,0.955719,0.955719,0.126157,0.955719,1.110254,1.000516,inf,nan,0.000000,1.000516,1.000516,1.000516,0.241428,0.009224,0.986799,0.239048,0.012769,-0.000000,0.000000,2.729486,10,2
1780645123.695177,dhocbf_fixed,-0.016140,-38.497024,0.045728,2.962352,1.511117,-0.052299,-36.897001,0.000000,45.000000,-0.595493,1.279743,-0.148786,1,3.782751,2.262573,2.237565,2.123521,2.123521,0.993956,0.027182,0.829135,0.829135,0.137639,0.829135,0.878757,0.767849,inf,nan,0.000000,0.767849,0.767849,0.767849,0.173331,0.005923,0.766364,0.176892,0.004674,-0.000000,0.000000,2.962705,10,2
1780645123.812646,dhocbf_fixed,-0.014544,-38.194390,-0.013821,3.090326,1.548276,-0.052106,-36.594366,0.000000,45.000000,-0.611927,0.278744,-0.152774,1,5.858989,1.994956,1.973913,1.863418,1.863418,0.884526,0.028110,0.712377,0.712377,0.144038,0.712377,0.667061,0.563932,inf,nan,0.000000,0.563932,0.563932,0.563932,0.115439,0.004925,0.573116,0.121793,0.000001,-0.000000,0.000001,3.090357,10,2
1780645123.897326,dhocbf_fixed,-0.018986,-37.883964,-0.075014,3.118200,1.571794,-0.051908,-36.283942,0.000000,45.000000,-0.921912,-0.529318,-0.155349,1,5.047930,1.728552,1.712966,1.605343,1.605343,0.775014,0.028322,0.601201,0.601201,0.145491,0.601201,0.467018,0.369851,inf,nan,0.000000,0.369851,0.369851,0.369851,0.064845,-0.003202,0.385548,0.069961,0.000000,-0.000000,0.000003,3.119103,10,2
1780645124.008586,dhocbf_fixed,-0.031097,-37.574790,-0.167205,3.065269,1.587525,-0.051710,-35.974777,0.000000,45.000000,-1.082831,-0.737221,-0.156715,1,5.449807,1.481251,1.476050,1.370143,1.370143,0.726844,0.027952,0.555889,0.555889,0.143003,0.555889,0.393597,0.289793,inf,nan,0.000000,0.289793,0.289793,0.289793,0.052881,-0.010012,0.304468,0.057228,0.000000,-0.000000,0.001429,3.069826,10,2
1780645124.097237,dhocbf_fixed,-0.053232,-37.271950,-0.275488,2.991547,1.593521,-0.051517,-35.671950,0.000000,45.000000,-1.576521,-1.424222,-0.156700,1,5.051221,1.260097,1.259921,1.151255,1.151255,0.724635,0.027470,0.557454,0.557454,0.139710,0.557454,0.387871,0.286046,inf,nan,0.000000,0.286046,0.286046,0.286046,0.057633,-0.017394,0.300999,0.061487,0.000000,-0.000000,0.002979,3.004204,10,2
1780645124.199838,dhocbf_fixed,-0.088663,-36.979916,-0.433140,2.849124,1.603160,-0.051331,-35.379940,0.000000,45.000000,-0.638003,0.367216,-0.156749,1,3.600795,1.048433,1.036042,0.929856,0.929856,0.751476,0.026615,0.591233,0.591233,0.133628,0.591233,0.461882,0.360961,inf,nan,0.000000,0.360961,0.360961,0.360961,0.061643,0.002372,0.376267,0.072245,0.000000,-0.000000,0.001862,2.881860,10,2
1780645124.292559,dhocbf_fixed,-0.135167,-36.693167,-0.496940,2.885846,1.570095,-0.051147,-35.093221,0.000000,45.000000,2.395897,1.451751,-0.152154,1,4.032787,0.864415,0.864607,0.760202,0.760202,0.830890,0.026975,0.666875,0.666875,0.135929,0.667986,0.462882,0.364312,inf,nan,0.000000,0.364312,0.364312,0.364312,0.039837,0.003732,0.379913,0.044216,0.000001,-0.000000,0.000001,2.928320,10,2
1780645124.384168,dhocbf_fixed,-0.172882,-36.397324,-0.257351,3.031021,1.576838,-0.050959,-34.797402,0.000000,45.000000,2.408743,0.905386,-0.150763,1,4.029197,0.684253,0.721759,0.615419,0.615419,0.961340,0.027839,0.615359,0.615359,0.141601,0.791900,0.465798,0.369042,inf,nan,0.000000,0.369042,0.369042,0.369042,0.039592,0.042287,0.385610,0.043704,0.044913,-0.000000,0.000000,3.041927,10,2
1780645124.483566,dhocbf_fixed,-0.186573,-36.089695,-0.016476,3.121560,1.554979,-0.050762,-34.489782,0.000000,45.000000,1.464196,0.462264,-0.147069,1,4.481884,0.552981,0.640021,0.528003,0.528003,1.090047,0.028451,0.528003,0.528003,0.145617,0.915978,0.459130,0.362371,inf,nan,0.000000,0.362371,0.362371,0.362371,0.070258,0.083479,0.378901,0.076141,0.084812,-0.000000,0.000000,3.121603,10,2
1780645124.583767,dhocbf_fixed,-0.180900,-35.775228,0.129943,3.167786,1.525016,-0.050561,-34.175311,0.000000,45.000000,0.694378,0.223726,-0.141940,1,3.621104,0.496888,0.625504,0.509266,0.509266,1.224590,0.028811,0.509266,0.509266,0.148095,1.047685,0.456888,0.360219,inf,nan,0.000000,0.360219,0.360219,0.360219,0.152489,0.099205,0.376785,0.156432,0.100386,-0.000000,0.000000,3.170450,10,2
1780645124.685807,dhocbf_fixed,-0.164434,-35.457331,0.199381,3.190159,1.507376,-0.050358,-33.857403,0.000000,45.000000,0.183320,0.106541,-0.137827,1,3.540004,0.563975,0.650936,0.538958,0.538958,1.392981,0.028983,0.538958,0.538958,0.149416,1.214582,0.532095,0.427559,inf,nan,0.000000,0.427559,0.427559,0.427559,0.276176,0.119119,0.443385,0.282514,0.120223,-0.000000,0.000000,3.196383,10,2
1780645124.810962,dhocbf_fixed,-0.143579,-35.137782,0.217713,3.200813,1.503325,-0.050154,-33.537841,0.000000,45.000000,-0.120476,0.050539,-0.135474,1,8.493105,0.721116,0.754380,0.648676,0.648676,1.550883,0.029047,0.648676,0.648676,0.150019,1.371817,0.681836,0.583569,inf,nan,0.000000,0.583569,0.583569,0.583569,0.390260,0.137887,0.600969,0.395318,0.138971,-0.000000,0.000000,3.208208,10,2
1780645124.892045,dhocbf_fixed,-0.122410,-34.817448,0.205665,3.205867,1.508300,-0.049950,-33.217494,0.000000,45.000000,-0.276605,0.024006,-0.134560,1,4.438631,0.902949,0.906653,0.802346,0.802346,1.686785,0.029057,0.802346,0.802346,0.150236,1.507492,0.872799,0.765527,inf,nan,0.000000,0.765527,0.765527,0.765527,0.480043,0.154051,0.782814,0.485882,0.155191,-0.000000,0.000000,3.212457,10,2
1780645125.002849,dhocbf_fixed,-0.103226,-34.496741,0.178005,3.208267,1.517754,-0.049745,-32.896775,0.000000,45.000000,-0.334623,0.011459,-0.134498,1,5.522522,1.187046,1.173264,1.066490,1.066490,1.863379,0.029047,1.066490,1.066490,0.150274,1.684058,1.154161,1.048798,inf,nan,0.000000,1.048798,1.048798,1.048798,0.590591,0.174887,1.066573,0.596414,0.175896,-0.000000,0.000000,3.213202,10,2
1780645125.091282,dhocbf_fixed,-0.087099,-34.175857,0.144542,3.209413,1.528559,-0.049540,-32.575881,0.000000,45.000000,-0.332270,0.005513,-0.134797,1,4.336496,1.444587,1.422766,1.312768,1.312768,1.838367,0.029034,1.312768,1.312768,0.150246,1.659086,1.405719,1.304567,inf,nan,0.000000,1.304567,1.304567,1.304567,0.681420,0.095631,1.323076,0.687244,0.099096,-0.000000,0.000000,3.212666,10,2
1780645125.207764,dhocbf_fixed,-0.074306,-33.854889,0.111315,3.209964,1.538898,-0.049335,-32.254904,0.000000,45.000000,-0.296690,0.002669,-0.135134,1,5.716491,1.756164,1.732102,1.618550,1.618550,1.829837,0.029023,1.610496,1.610496,0.150207,1.650606,1.716442,1.616704,inf,nan,0.000000,1.616704,1.616704,1.616704,0.688990,0.010184,1.635282,0.694905,0.020452,-0.000000,0.000000,3.211894,10,2
1780645125.293981,dhocbf_fixed,-0.064658,-33.533879,0.081646,3.210231,1.547872,-0.049130,-31.933888,0.000000,45.000000,-0.246397,0.001336,-0.135330,1,4.675718,2.071876,2.046607,1.930259,1.930259,1.865185,0.029016,1.685988,1.685988,0.150175,1.685994,2.031663,1.931948,inf,nan,0.000000,1.931948,1.931948,1.931948,0.675375,0.001657,1.949629,0.684091,0.009573,-0.000000,0.000000,3.211269,10,2
1780645125.405357,dhocbf_fixed,-0.057725,-33.212849,0.057007,3.210365,1.555149,-0.048925,-31.612854,0.000000,45.000000,-0.193214,0.000690,-0.135304,1,6.247789,2.351389,2.353622,2.237936,2.237936,1.924889,0.029012,1.745723,1.745723,0.150155,1.745723,2.311389,2.200370,inf,nan,0.000000,2.200370,2.200370,2.200370,0.677141,0.160092,2.213775,0.685761,0.159028,-0.000000,0.000000,3.210871,10,2
1780645125.492932,dhocbf_fixed,-0.052991,-32.891809,0.037685,3.210434,1.560732,-0.048720,-31.291811,0.000000,45.000000,-0.143788,0.000361,-0.135038,1,4.467841,2.294255,2.394748,2.280756,2.280756,1.987030,0.029010,1.807876,1.807876,0.150144,1.807876,2.258662,2.154688,inf,nan,0.000000,2.154688,2.154688,2.154688,0.724899,0.170376,2.164490,0.716307,0.170676,-0.000000,0.000000,3.210655,10,2
1780645125.610965,dhocbf_fixed,-0.049941,-32.570764,0.023307,3.210470,1.564800,-0.048515,-30.970764,0.000000,45.000000,-0.101599,0.000189,-0.134549,1,6.218363,2.396609,2.498089,2.383995,2.383995,1.632630,0.029009,1.453482,1.453482,0.150139,1.453482,2.094408,1.989806,inf,nan,0.000000,1.989806,1.989806,1.989806,0.577339,-0.006639,2.004494,0.582792,0.011999,-0.000000,0.000000,3.210555,10,2
1780645125.692637,dhocbf_fixed,-0.048119,-32.249716,0.013147,3.210489,1.567608,-0.048310,-30.649715,0.000000,45.000000,-0.068068,-0.000018,-0.133870,1,4.263908,2.466837,2.552642,2.437722,2.437722,1.617161,0.029009,1.438016,1.438016,0.150137,1.438016,2.055177,1.955050,inf,nan,0.000000,1.955050,1.955050,1.955050,0.559348,-0.018295,1.970101,0.564815,0.001344,-0.000000,0.000000,3.210516,10,2
1780645125.812786,dhocbf_fixed,-0.047144,-31.928667,0.006340,3.210487,1.569427,-0.048105,-30.328666,0.000000,45.000000,-0.041832,0.000099,-0.133041,1,10.577827,2.505823,2.544744,2.436170,2.436170,1.616718,0.029009,1.437573,1.437573,0.150135,1.437573,2.053239,1.953493,inf,nan,0.000000,1.953493,1.953493,1.953493,0.547685,0.098854,1.968877,0.553607,0.099785,-0.000000,0.000000,3.210493,10,2
1780645125.892664,dhocbf_fixed,-0.046719,-31.607618,0.002157,3.210497,1.570510,-0.047900,-30.007617,0.000000,45.000000,-0.023245,0.000066,-0.132099,1,4.524548,2.354415,2.410267,2.301597,2.301597,1.627873,0.029009,1.448728,1.448728,0.150136,1.448728,2.049789,1.950028,inf,nan,0.000000,1.950028,1.950028,1.950028,0.542323,0.110197,1.965722,0.548823,0.111606,-0.000000,0.000000,3.210498,10,2
1780645125.995687,dhocbf_fixed,-0.046620,-31.286568,-0.000168,3.210504,1.571073,-0.047695,-29.686567,0.000000,45.000000,1.810103,-2.589568,-0.131078,1,4.917137,2.226105,2.304141,2.191429,2.191429,1.149086,0.029009,0.969942,0.969942,0.150136,0.969942,1.213289,1.103052,inf,nan,0.000000,1.103052,1.103052,1.103052,0.261207,-0.001284,1.089100,0.256583,0.000000,-0.000000,0.000008,3.210504,10,2
1780645126.094913,dhocbf_fixed,-0.037586,-30.978465,0.180843,2.951547,1.524144,-0.047498,-29.378459,0.000000,45.000000,-0.994822,-1.299257,-0.124873,1,4.677859,2.136662,2.227161,2.111814,2.111814,1.013924,0.027134,0.849431,0.849431,0.137359,0.849431,0.976457,0.874290,inf,nan,0.000000,0.874290,0.874290,0.874290,0.177350,-0.007006,0.870598,0.179772,0.000000,-0.000000,0.004019,2.957082,10,2
1780645126.202011,dhocbf_fixed,-0.024476,-30.689807,0.081360,2.821621,1.566401,-0.047314,-29.089792,0.000000,45.000000,-2.867019,-3.001874,-0.127123,1,5.447630,2.072340,2.132797,2.013901,2.013901,0.891365,0.026205,0.734441,0.734441,0.130718,0.734441,0.737546,0.626898,inf,nan,0.000000,0.626898,0.626898,0.626898,0.102064,-0.006243,0.626442,0.105691,0.000000,-0.000000,0.005141,2.822794,10,2
1780645126.296897,dhocbf_fixed,-0.030675,-30.422654,-0.205342,2.521434,1.658989,-0.047143,-28.822643,0.000000,45.000000,-0.622107,0.975851,-0.136953,1,5.788957,1.911719,1.889360,1.777788,1.777788,0.782948,0.024322,0.642084,0.642084,0.116542,0.642084,0.527238,0.426385,inf,nan,0.000000,0.426385,0.426385,0.426385,0.058437,-0.004468,0.433896,0.063670,0.000000,-0.000000,0.001167,2.529781,10,2
1780645126.413118,dhocbf_fixed,-0.054320,-30.165631,-0.267552,2.619019,1.610136,-0.046979,-28.565636,0.000000,45.000000,-0.624091,0.601971,-0.133212,1,7.122864,1.676550,1.657736,1.548810,1.548810,0.707705,0.024957,0.561278,0.561278,0.121470,0.561278,0.434051,0.336201,inf,nan,0.000000,0.336201,0.336201,0.336201,0.045334,-0.008554,0.349755,0.049865,0.000000,-0.000000,0.002382,2.632650,10,2
1780645126.491683,dhocbf_fixed,-0.084196,-29.900720,-0.329961,2.679216,1.582077,-0.046810,-28.300743,0.000000,45.000000,-0.929321,0.127102,-0.128368,1,5.050198,1.460405,1.444697,1.337138,1.337138,0.676631,0.025393,0.526539,0.526539,0.124699,0.526539,0.359110,0.257247,inf,nan,0.000000,0.257247,0.257247,0.257247,0.033364,-0.013985,0.270824,0.037700,0.000000,-0.000000,0.003523,2.699458,10,2
1780645126.597666,dhocbf_fixed,-0.121838,-29.632163,-0.422894,2.691926,1.561873,-0.046638,-28.032210,0.000000,45.000000,-0.830302,0.220266,-0.124136,1,5.778550,1.256245,1.246857,1.134556,1.134556,0.675382,0.025586,0.523860,0.523860,0.125936,0.523860,0.325021,0.223504,inf,nan,0.000000,0.223504,0.223504,0.223504,0.038469,-0.014040,0.237189,0.043641,0.000000,-0.000000,0.003704,2.724941,10,2
1780645126.690247,dhocbf_fixed,-0.168279,-29.361869,-0.505924,2.713953,1.539259,-0.046466,-27.761946,0.000000,45.000000,-0.013327,0.703089,-0.119816,1,4.361840,1.061620,1.043311,0.935124,0.935124,0.703648,0.025881,0.550089,0.550089,0.127678,0.550089,0.389902,0.285104,inf,nan,0.000000,0.285104,0.285104,0.285104,0.050431,-0.004030,0.299218,0.054977,0.000000,-0.000000,0.002788,2.760706,10,2
1780645126.804533,dhocbf_fixed,-0.218938,-29.086958,-0.507256,2.784262,1.514426,-0.046290,-27.487068,0.000000,45.000000,2.385523,1.841886,-0.115268,1,10.812558,0.833054,0.841905,0.737711,0.737711,0.789568,0.026443,0.631350,0.631350,0.131077,0.632049,0.432982,0.333006,inf,nan,0.000000,0.333006,0.333006,0.333006,0.041524,-0.016862,0.346191,0.050384,0.000000,-0.000000,0.000002,2.830092,10,2
1780645126.893657,dhocbf_fixed,-0.257736,-28.799322,-0.268704,2.968450,1.531085,-0.046107,-27.199457,0.000000,45.000000,3.257358,1.212011,-0.115204,1,3.787800,0.702326,0.730340,0.625803,0.625803,0.898737,0.027589,0.625131,0.625131,0.138530,0.732617,0.434755,0.330547,inf,nan,0.000000,0.330547,0.330547,0.330547,0.032571,0.012652,0.344067,0.040687,0.016694,-0.000000,0.000000,2.980587,10,2
1780645127.016048,dhocbf_fixed,-0.268320,-28.496417,0.057032,3.089651,1.524996,-0.045913,-26.896559,0.000000,45.000000,1.973110,0.626505,-0.113787,1,5.693769,0.534257,0.625641,0.514845,0.514845,1.023769,0.028418,0.514845,0.514845,0.144029,0.851323,0.426999,0.329579,inf,nan,0.000000,0.329579,0.329579,0.329579,0.032570,0.075936,0.342351,0.043983,0.071675,-0.000000,0.000000,3.090178,10,2
1780645127.089889,dhocbf_fixed,-0.252751,-28.184320,0.254343,3.152302,1.489757,-0.045714,-26.584451,0.000000,45.000000,0.863659,0.304393,-0.108865,1,4.019601,0.441155,0.575684,0.467613,0.467613,1.162651,0.028918,0.467613,0.467613,0.147693,0.986040,0.427183,0.329517,inf,nan,0.000000,0.329517,0.329517,0.329517,0.102888,0.092711,0.342576,0.107778,0.093787,-0.000000,0.000000,3.162546,10,2
1780645127.214602,dhocbf_fixed,-0.222999,-27.867567,0.340708,3.182741,1.466921,-0.045511,-26.267680,0.000000,45.000000,0.133537,0.145179,-0.104451,1,10.690675,0.404476,0.576304,0.468267,0.468267,1.305651,0.029138,0.468267,0.468267,0.149647,1.126866,0.440448,0.331812,inf,nan,0.000000,0.331812,0.331812,0.331812,0.206934,0.068212,0.345885,0.213671,0.065104,-0.000000,0.000000,3.200925,10,2
1780645127.289269,dhocbf_fixed,-0.188260,-27.548567,0.354062,3.197259,1.463479,-0.045308,-25.948658,0.000000,45.000000,-0.288302,0.068921,-0.102303,1,3.856580,0.481216,0.627803,0.518164,0.518164,1.337666,0.029188,0.518164,0.518164,0.150458,1.158020,0.528633,0.431536,inf,nan,0.000000,0.431536,0.431536,0.431536,0.320393,0.039356,0.448114,0.325273,0.025324,-0.000000,0.000000,3.216804,10,2
1780645127.402598,dhocbf_fixed,-0.154295,-27.228497,0.325232,3.204151,1.473367,-0.045103,-25.628566,0.000000,45.000000,-0.771583,0.287477,-0.102187,1,5.004582,0.689582,0.769195,0.664993,0.664993,1.314077,0.029163,0.664993,0.664993,0.150652,1.134262,0.724688,0.619544,inf,nan,0.000000,0.619544,0.619544,0.619544,0.382720,-0.014301,0.636104,0.383087,0.000002,-0.000000,0.000001,3.220615,10,2
1780645127.490909,dhocbf_fixed,-0.125630,-26.906644,0.248074,3.232899,1.487640,-0.044898,-25.306696,0.000000,45.000000,6.761687,-2.746638,-0.103057,1,6.685973,0.939231,0.986334,0.880672,0.880672,1.227436,0.029297,0.880586,0.880586,0.151767,1.046372,0.964319,0.858347,inf,nan,0.000000,0.858347,0.858347,0.858347,0.372750,-0.012744,0.875491,0.385554,0.000000,-0.000000,0.003032,3.242403,10,2
1780645127.611088,dhocbf_fixed,-0.067014,-26.597088,0.924242,2.958235,1.395449,-0.044700,-24.997102,0.000000,45.000000,-3.394719,0.912867,-0.092572,1,5.353849,1.206011,1.235884,1.129080,1.129080,1.922691,0.028169,1.129080,1.129080,0.144487,1.750034,1.211005,1.110811,inf,nan,0.000000,1.110811,1.110811,1.110811,0.587175,0.184964,1.129097,0.592902,0.186093,-0.000000,0.000001,3.099255,10,2
1780645127.695884,dhocbf_fixed,0.008436,-26.296700,0.584770,3.049522,1.464488,-0.044508,-24.696666,0.000000,45.000000,-3.322991,0.783667,-0.096879,1,4.403819,1.117186,1.251774,1.128320,1.128320,1.336746,0.028229,1.121055,1.121055,0.144782,1.163736,1.084736,0.984650,inf,nan,0.000000,0.984650,0.984650,0.984650,0.337400,0.101513,1.001525,0.340877,0.106392,-0.000000,0.000000,3.105083,10,2
1780645127.809990,dhocbf_fixed,0.050299,-25.987829,0.252471,3.127888,1.519792,-0.044311,-24.387769,0.000000,45.000000,-2.213642,0.426289,-0.103357,1,5.650412,1.180329,1.287407,1.175117,1.175117,1.281459,0.028516,1.104015,1.104015,0.146451,1.106492,1.140894,1.040843,inf,nan,0.000000,1.040843,1.040843,1.040843,0.347695,0.001297,1.055836,0.353241,0.019897,-0.000000,0.000001,3.138061,10,2
1780645127.896406,dhocbf_fixed,0.064477,-25.672909,0.031107,3.170517,1.570533,-0.044110,-24.072839,0.000000,45.000000,-1.030421,-2.306617,-0.109844,1,4.941759,1.290110,1.379916,1.265811,1.265811,1.262609,0.028782,1.085669,1.085669,0.148106,1.085721,1.261465,1.151227,inf,nan,0.000000,1.151227,1.151227,1.151227,0.347337,-0.018394,1.158158,0.353116,0.000000,-0.000000,0.000001,3.170670,10,2
1780645128.019337,dhocbf_fixed,0.062436,-25.367390,-0.071935,2.939856,1.633929,-0.043915,-23.767322,0.000000,45.000000,-0.029032,-3.505360,-0.117661,1,6.465442,1.391928,1.459290,1.348359,1.348359,1.238354,0.027092,1.074714,1.074714,0.136546,1.074716,1.341052,1.235026,inf,nan,0.000000,1.235026,1.235026,1.235026,0.351698,-0.013936,1.219976,0.338054,0.000000,-0.000000,0.000629,2.940736,10,2
1780645128.100531,dhocbf_fixed,0.055097,-25.090932,-0.074838,2.589320,1.645034,-0.043738,-23.490868,0.000000,45.000000,4.819604,-2.843530,-0.120070,1,7.443846,1.521844,1.563948,1.457105,1.457105,1.241823,0.024757,1.097627,1.097627,0.119439,1.097627,1.321207,1.222084,inf,nan,0.000000,1.222084,1.222084,1.222084,0.334390,-0.016219,1.234916,0.341971,0.000000,-0.000000,0.005013,2.590401,10,2
1780645128.222633,dhocbf_fixed,0.071712,-24.846217,0.407122,2.304967,1.514389,-0.043582,-23.246143,0.000000,45.000000,-2.471174,3.806198,-0.105682,1,8.583569,1.613939,1.680117,1.569646,1.569646,1.273272,0.023302,1.142351,1.142351,0.107619,1.142351,1.371598,1.271689,inf,nan,0.000000,1.271689,1.271689,1.271689,0.354047,0.056807,1.289810,0.360802,0.058008,-0.000000,0.000000,2.340645,10,2
1780645128.296961,dhocbf_fixed,0.100068,-24.596690,0.160005,2.685586,1.494109,-0.043423,-22.996598,0.000000,45.000000,-2.174431,2.617573,-0.099200,1,3.866213,1.592348,1.678844,1.563980,1.563980,1.240676,0.025461,1.090957,1.090957,0.124257,1.090957,1.283073,1.183028,inf,nan,0.000000,1.183028,1.183028,1.183028,0.341511,0.057581,1.180379,0.340448,0.063272,-0.000000,0.000000,2.690349,10,2
1780645128.422861,dhocbf_fixed,0.105196,-24.315043,-0.057438,2.947344,1.529294,-0.043243,-22.714948,0.000000,45.000000,-1.230931,1.366145,-0.100769,1,8.956320,1.511599,1.611098,1.498285,1.498285,1.232674,0.027213,1.068559,1.068559,0.136902,1.068559,1.252843,1.153713,inf,nan,0.000000,1.153713,1.153713,1.153713,0.332053,0.056197,1.151116,0.332074,0.062433,-0.000000,0.000000,2.947903,10,2
1780645128.496843,dhocbf_fixed,0.093298,-24.013478,-0.180531,3.083958,1.585894,-0.043050,-22.413391,0.000000,45.000000,-0.505780,0.665408,-0.106679,1,4.298620,1.437750,1.551017,1.436057,1.436057,1.207150,0.028215,1.034953,1.034953,0.143982,1.034953,1.258253,1.151649,inf,nan,0.000000,1.151649,1.151649,1.151649,0.329123,0.046686,1.163177,0.338531,0.057823,-0.000000,0.000000,3.089238,10,2
1780645128.609135,dhocbf_fixed,0.072716,-23.701755,-0.231109,3.150499,1.620972,-0.042851,-22.101681,0.000000,45.000000,-0.041566,0.317146,-0.111292,1,4.154938,1.406721,1.527989,1.399727,1.399727,1.172114,0.028703,0.995900,0.995900,0.147511,0.995900,1.206153,1.101389,inf,nan,0.000000,1.101389,1.101389,1.101389,0.318440,0.050180,1.118157,0.324691,0.053503,-0.000000,0.000000,3.158964,10,2
1780645128.695832,dhocbf_fixed,0.049397,-23.385120,-0.235266,3.182214,1.632958,-0.042649,-21.785060,0.000000,45.000000,0.221324,0.150004,-0.113038,1,4.025970,1.386013,1.510235,1.384970,1.384970,1.152715,0.028915,0.974665,0.974665,0.149136,0.974665,1.161408,1.062327,inf,nan,0.000000,1.062327,1.062327,1.062327,0.297573,0.025529,1.080250,0.303839,0.027841,-0.000000,0.000000,3.190899,10,2
1780645128.809226,dhocbf_fixed,0.026977,-23.066148,-0.213134,3.197214,1.630701,-0.042445,-21.466104,0.000000,45.000000,0.344358,0.070701,-0.112504,1,4.756281,1.378637,1.498387,1.370395,1.370395,1.153712,0.028993,0.974898,0.974898,0.149820,0.974898,1.155852,1.056851,inf,nan,0.000000,1.056851,1.056851,1.056851,0.272593,0.014188,1.074797,0.279809,0.013678,-0.000000,0.000000,3.204310,10,2
1780645128.896540,dhocbf_fixed,0.007385,-22.746073,-0.178698,3.204284,1.621794,-0.042241,-21.146041,0.000000,45.000000,0.377115,0.033239,-0.110680,1,3.968511,1.387923,1.496842,1.370828,1.370828,1.180175,0.029016,1.001086,1.001086,0.150073,1.001086,1.152134,1.052139,inf,nan,0.000000,1.052139,1.052139,1.052139,0.261476,0.009603,1.065434,0.270208,0.021610,-0.000000,0.000000,3.209263,10,2
1780645129.014684,dhocbf_fixed,-0.008599,-22.425479,-0.140986,3.207608,1.610870,-0.042036,-20.825457,0.000000,45.000000,0.356392,0.015573,-0.108325,1,5.675287,1.334963,1.401699,1.290430,1.290430,1.241426,0.029018,1.062252,1.062252,0.150146,1.062262,1.151739,1.052306,inf,nan,0.000000,1.052306,1.052306,1.052306,0.259370,0.078265,1.064062,0.268668,0.079428,-0.000000,0.000000,3.210705,10,2
1780645129.098110,dhocbf_fixed,-0.020915,-22.104640,-0.105347,3.209165,1.600340,-0.041831,-20.504626,0.000000,45.000000,0.308164,0.007260,-0.105895,1,4.149620,1.230431,1.326125,1.213623,1.213623,1.327853,0.029015,1.145881,1.145881,0.150156,1.148682,1.146545,1.047268,inf,nan,0.000000,1.047268,1.047268,1.047268,0.283466,0.105415,1.056717,0.293105,0.104727,-0.000000,0.000000,3.210894,10,2
1780645129.215238,dhocbf_fixed,-0.029909,-21.783687,-0.074531,3.209891,1.591283,-0.041626,-20.183679,0.000000,45.000000,0.249677,0.003359,-0.103623,1,6.263249,1.187200,1.309058,1.190453,1.190453,1.434527,0.029012,1.187649,1.187649,0.150149,1.255366,1.147200,1.047869,inf,nan,0.000000,1.047869,1.047869,1.047869,0.333304,0.119592,1.060187,0.340005,0.120017,-0.000000,0.000000,3.210756,10,2
1780645129.286841,dhocbf_fixed,-0.036114,-21.462681,-0.049563,3.210227,1.584043,-0.041421,-19.862678,0.000000,45.000000,0.191538,0.001537,-0.101602,1,3.714757,1.209090,1.316613,1.204252,1.204252,1.551583,0.029010,1.204173,1.204173,0.150141,1.372432,1.171647,1.070330,inf,nan,0.000000,1.070330,1.070330,1.070330,0.399938,0.116373,1.085634,0.405648,0.112629,-0.000000,0.000000,3.210610,10,2
1780645129.411659,dhocbf_fixed,-0.040113,-21.141651,-0.030409,3.210381,1.578582,-0.041216,-19.541650,0.000000,45.000000,0.038636,2.195260,-0.099851,1,11.193498,1.279985,1.369152,1.255260,1.255260,1.206626,0.029009,1.027470,1.027470,0.150137,1.027480,1.259765,1.148429,inf,nan,0.000000,1.148429,1.148429,1.148429,0.346086,-0.003380,1.164201,0.351687,0.000000,-0.000000,0.001506,3.210525,10,2
1780645129.513156,dhocbf_fixed,-0.042960,-20.809637,-0.026546,3.429907,1.575757,-0.041004,-19.209637,0.000000,45.000000,-5.302676,-5.990128,-0.098465,1,18.958220,1.404417,1.468982,1.361486,1.361486,1.129312,0.030758,0.937091,0.937091,0.161463,0.937091,1.204908,1.106008,inf,nan,0.000000,1.106008,1.106008,1.106008,0.288837,-0.019838,1.111585,0.288146,0.000000,-0.000000,0.014186,3.430010,10,2
1780645129.608061,dhocbf_fixed,-0.072128,-20.496596,-0.556813,2.830894,1.822715,-0.040804,-18.896616,0.000000,45.000000,2.351351,1.233832,-0.124385,1,5.160094,1.471119,1.585616,1.454214,1.454214,1.722088,0.026635,1.453557,1.453557,0.133790,1.561663,1.444115,1.331361,inf,nan,0.000000,1.331361,1.331361,1.331361,0.466975,0.157720,1.344571,0.466948,0.155775,-0.000000,0.000000,2.885135,10,2
1780645129.695763,dhocbf_fixed,-0.116053,-20.207338,-0.321678,2.954277,1.697206,-0.040620,-18.607386,0.000000,45.000000,2.276865,1.229892,-0.116396,1,3.963909,1.473073,1.547820,1.438152,1.438152,1.150097,0.027273,0.984735,0.984735,0.138089,0.984735,1.168521,1.068943,inf,nan,0.000000,1.068943,1.068943,1.068943,0.275923,0.049546,1.078539,0.279862,0.049900,-0.000000,0.000000,2.971739,10,2
1780645129.803598,dhocbf_fixed,-0.136836,-19.905761,-0.093992,3.077266,1.628207,-0.040427,-18.305822,0.000000,45.000000,1.447403,0.683532,-0.106139,1,3.613884,1.385051,1.476247,1.363245,1.363245,1.200082,0.028073,1.028558,1.028558,0.143451,1.028558,1.204684,1.103845,inf,nan,0.000000,1.103845,1.103845,1.103845,0.281188,0.070922,1.102608,0.283451,0.068273,-0.000000,0.000000,3.078701,10,2
1780645129.895422,dhocbf_fixed,-0.138999,-19.594616,0.050749,3.145620,1.573731,-0.040228,-17.994679,0.000000,45.000000,0.763473,0.338957,-0.096963,1,3.917758,1.355059,1.449064,1.335913,1.335913,1.289440,0.028579,1.113994,1.113994,0.146855,1.114006,1.251346,1.149942,inf,nan,0.000000,1.149942,1.149942,1.149942,0.305445,0.095137,1.145509,0.303556,0.089031,-0.000000,0.000000,3.146029,10,2
1780645129.997352,dhocbf_fixed,-0.130106,-19.278360,0.127096,3.179515,1.541037,-0.040026,-17.678417,0.000000,45.000000,0.295663,0.162596,-0.090487,1,3.849469,1.332879,1.446076,1.331592,1.331592,1.395449,0.028842,1.217391,1.217391,0.148686,1.217921,1.287449,1.185104,inf,nan,0.000000,1.185104,1.185104,1.185104,0.349857,0.097060,1.176858,0.339692,0.111615,-0.000000,0.000000,3.182055,10,2
1780645130.089682,dhocbf_fixed,-0.115919,-18.959595,0.156662,3.195775,1.526998,-0.039823,-17.359643,0.000000,45.000000,0.004632,0.077219,-0.086759,1,3.780002,1.338808,1.456435,1.336041,1.336041,1.531571,0.028962,1.323486,1.323486,0.149580,1.353029,1.298808,1.197528,inf,nan,0.000000,1.197528,1.197528,1.197528,0.392676,0.129672,1.184321,0.395069,0.126317,-0.000000,0.000000,3.199613,10,2
1780645130.214200,dhocbf_fixed,-0.100229,-18.639632,0.157125,3.203497,1.524949,-0.039618,-17.039670,0.000000,45.000000,-0.157266,0.036599,-0.085048,1,5.695988,1.415428,1.510711,1.397616,1.397616,1.641141,0.029008,1.394778,1.394778,0.149975,1.462159,1.386391,1.276292,inf,nan,0.000000,1.276292,1.276292,1.276292,0.484004,0.134292,1.273223,0.478620,0.138267,-0.000000,0.000000,3.207348,10,2
1780645130.291543,dhocbf_fixed,-0.085303,-18.319099,0.141399,3.207157,1.529290,-0.039414,-16.719128,0.000000,45.000000,-0.230773,0.017378,-0.084548,1,3.710914,1.518667,1.585146,1.474539,1.474539,1.751657,0.029020,1.473627,1.473627,0.150124,1.572513,1.482566,1.378934,inf,nan,0.000000,1.378934,1.378934,1.378934,0.561504,0.149073,1.370001,0.551819,0.152941,-0.000000,0.000000,3.210272,10,2
1780645130.414366,dhocbf_fixed,-0.072317,-17.998296,0.118321,3.208895,1.536325,-0.039209,-16.398317,0.000000,45.000000,-0.247712,0.008289,-0.084647,1,10.361713,1.653285,1.692804,1.586330,1.586330,1.870088,0.029020,1.585605,1.585605,0.150165,1.690903,1.613002,1.513389,inf,nan,0.000000,1.513389,1.513389,1.513389,0.637980,0.168005,1.502897,0.623637,0.167261,-0.000000,0.000000,3.211075,10,2
1780645130.495727,dhocbf_fixed,-0.061723,-17.677365,0.093550,3.209723,1.543901,-0.039004,-16.077380,0.000000,45.000000,-0.231561,0.003984,-0.084954,1,3.619913,1.825963,1.842692,1.737919,1.737919,2.000684,0.029016,1.736426,1.736426,0.150166,1.821502,1.787163,1.685820,inf,nan,0.000000,1.685820,1.685820,1.685820,0.703828,0.184965,1.667206,0.694792,0.181363,-0.000000,0.000000,3.211086,10,2
1780645130.607283,dhocbf_fixed,-0.053526,-17.356373,0.070394,3.210122,1.550886,-0.038799,-15.756382,0.000000,45.000000,-0.198743,0.001936,-0.085247,1,4.147219,2.007914,2.012755,1.907960,1.907960,2.120965,0.029013,1.900333,1.900333,0.150156,1.941797,1.971337,1.867540,inf,nan,0.000000,1.867540,1.867540,1.867540,0.781826,0.189621,1.850220,0.767562,0.195310,-0.000000,0.000000,3.210894,10,2
1780645130.690203,dhocbf_fixed,-0.047480,-17.035351,0.050520,3.210315,1.556776,-0.038594,-15.435357,0.000000,45.000000,-0.160073,0.000956,-0.085415,1,3.712247,2.230949,2.232428,2.126439,2.126439,2.245368,0.029011,2.062934,2.062934,0.150147,2.066210,2.192723,2.087112,inf,nan,0.000000,2.087112,2.087112,2.087112,0.837212,0.206711,2.060800,0.839308,0.210558,-0.000000,0.000000,3.210713,10,2
1780645130.806505,dhocbf_fixed,-0.043229,-16.714315,0.034513,3.210411,1.561433,-0.038389,-15.114318,0.000000,45.000000,-0.122149,0.000480,-0.085417,1,4.723427,2.448597,2.459055,2.351991,2.351991,2.370789,0.029010,2.191534,2.191534,0.150141,2.191639,2.409981,2.308044,inf,nan,0.000000,2.308044,2.308044,2.308044,0.915855,0.226259,2.284630,0.913677,0.226199,-0.000000,0.000000,3.210597,10,2
1780645130.896669,dhocbf_fixed,-0.040388,-16.393271,0.022298,3.210459,1.564920,-0.038184,-14.793273,0.000000,45.000000,-0.088640,0.000223,-0.085250,1,8.783404,2.675369,2.676572,2.571446,2.571446,1.890600,0.029009,1.711453,1.711453,0.150138,1.711453,2.571490,2.471491,inf,nan,0.000000,2.471491,2.471491,2.471491,0.706182,0.019124,2.491491,0.714977,0.003982,-0.000000,0.000000,3.210537,10,2
1780645131.003101,dhocbf_fixed,-0.038602,-16.072224,0.013434,3.210481,1.567394,-0.037979,-14.472225,0.000000,45.000000,-0.060766,0.000135,-0.084931,1,4.387237,2.778118,2.857007,2.739727,2.739727,1.879954,0.029009,1.700809,1.700809,0.150136,1.700809,2.534263,2.434278,inf,nan,0.000000,2.434278,2.434278,2.434278,0.695923,0.135804,2.441807,0.697667,0.142247,-0.000000,0.000000,3.210509,10,2
1780645131.096934,dhocbf_fixed,-0.037562,-15.751176,0.007357,3.210495,1.569051,-0.037774,-14.151175,0.000000,45.000000,-0.039128,0.000069,-0.084488,1,4.166912,2.689829,2.786143,2.671477,2.671477,1.616712,0.029009,1.437567,1.437567,0.150136,1.437567,2.068242,1.961159,inf,nan,0.000000,1.961159,1.961159,1.961159,0.570921,0.045411,1.962591,0.570669,0.069372,-0.000000,0.000000,3.210503,10,2
1780645131.199452,dhocbf_fixed,-0.037022,-15.430126,0.003444,3.210502,1.570084,-0.037569,-13.830125,0.000000,45.000000,-0.023090,0.000030,-0.083948,1,4.726816,2.636264,2.702275,2.594223,2.594223,1.319613,0.029009,1.140468,1.140468,0.150136,1.140468,1.525938,1.425371,inf,nan,0.000000,1.425371,1.425371,1.425371,0.380601,0.029128,1.442919,0.386188,0.041396,-0.000000,0.000000,3.210504,10,2
1780645131.289849,dhocbf_fixed,-0.036793,-15.109075,0.001135,3.210505,1.570664,-0.037364,-13.509075,0.000000,45.000000,-0.011809,-0.000009,-0.083338,1,3.808129,2.497502,2.539164,2.430644,2.430644,1.225373,0.029009,1.046228,1.046228,0.150136,1.046228,1.320367,1.221205,inf,nan,0.000000,1.221205,1.221205,1.221205,0.326143,-0.006872,1.239792,0.331761,0.011430,-0.000000,0.000000,3.210505,10,2
1780645131.402838,dhocbf_fixed,-0.036739,-14.788025,-0.000046,3.210504,1.570933,-0.037159,-13.188024,0.000000,45.000000,-0.004374,-0.000021,-0.082680,1,4.611569,2.349952,2.345267,2.234403,2.234403,1.165983,0.029009,0.986839,0.986839,0.150136,0.986839,1.176617,1.072408,inf,nan,0.000000,1.072408,1.072408,1.072408,0.291370,0.008772,1.090540,0.296673,0.005895,-0.000000,0.000000,3.210504,10,2
1780645131.489757,dhocbf_fixed,-0.036765,-14.466975,-0.000483,3.210502,1.571002,-0.036954,-12.866974,0.000000,45.000000,0.000155,0.000020,-0.081994,1,3.732483,2.093040,2.080886,1.974159,1.974159,1.136270,0.029009,0.957126,0.957126,0.150136,0.957126,1.079244,0.973797,inf,nan,0.000000,0.973797,0.973797,0.973797,0.264185,0.020216,0.991790,0.269756,0.019780,-0.000000,0.000000,3.210502,10,2
1780645131.599383,dhocbf_fixed,-0.036813,-14.145925,-0.000467,3.210504,1.570954,-0.036749,-12.545924,0.000000,45.000000,0.002678,0.000017,-0.081291,1,4.414438,1.844975,1.841459,1.736109,1.736109,1.124416,0.029009,0.945271,0.945271,0.150136,0.945271,1.033957,0.935370,inf,nan,0.000000,0.935370,0.935370,0.935370,0.238048,0.022004,0.953912,0.243462,0.022751,-0.000000,0.000000,3.210504,10,2
1780645131.690056,dhocbf_fixed,-0.036846,-13.824874,-0.000200,3.210505,1.570845,-0.036544,-12.224874,0.000000,45.000000,0.003800,0.000013,-0.080583,1,3.737435,1.617458,1.626427,1.521814,1.521814,1.131655,0.029009,0.952510,0.952510,0.150136,0.952510,1.040606,0.941863,inf,nan,0.000000,0.941863,0.941863,0.941863,0.222775,0.031736,0.960392,0.228086,0.032157,-0.000000,0.000000,3.210505,10,2
1780645131.802485,dhocbf_fixed,-0.036847,-13.503823,0.000180,3.210507,1.570715,-0.036339,-11.903823,0.000000,45.000000,0.004029,0.000009,-0.079875,1,4.899363,1.411670,1.439220,1.333895,1.333895,1.148273,0.029009,0.969128,0.969128,0.150136,0.969128,1.035543,0.936503,inf,nan,0.000000,0.936503,0.936503,0.936503,0.214521,0.047870,0.955000,0.219805,0.048703,-0.000000,0.000000,3.210507,10,2
1780645131.889043,dhocbf_fixed,-0.036809,-13.182773,0.000583,3.210508,1.570585,-0.036134,-11.582773,0.000000,45.000000,0.003740,0.000006,-0.079172,1,3.794709,1.236985,1.299408,1.190558,1.190558,1.195156,0.029009,1.015948,1.015948,0.150136,1.016011,1.034059,0.934898,inf,nan,0.000000,0.934898,0.934898,0.934898,0.214840,0.071716,0.952036,0.223692,0.071898,-0.000000,0.000000,3.210508,10,2
1780645132.005493,dhocbf_fixed,-0.036732,-12.861722,0.000957,3.210508,1.570469,-0.035929,-11.261722,0.000000,45.000000,0.003195,0.000003,-0.078476,1,3.897507,1.120887,1.219306,1.106072,1.106072,1.271859,0.029009,1.078815,1.078815,0.150136,1.092714,1.033695,0.934630,inf,nan,0.000000,0.934630,0.934630,0.934630,0.242052,0.101412,0.951119,0.249991,0.100946,-0.000000,0.000000,3.210508,10,2
1780645132.087484,dhocbf_fixed,-0.036620,-12.540671,0.001277,3.210509,1.570373,-0.035724,-10.940671,0.000000,45.000000,0.002560,-0.000000,-0.077789,1,3.651750,1.054851,1.193732,1.077024,1.077024,1.370135,0.029009,1.076500,1.076500,0.150136,1.190990,1.033642,0.934573,inf,nan,0.000000,0.934573,0.934573,0.934573,0.297170,0.082722,0.951237,0.303002,0.088395,-0.000000,0.000000,3.210509,10,2
1780645132.201404,dhocbf_fixed,-0.036479,-12.219620,0.001533,3.210509,1.570298,-0.035519,-10.619621,0.000000,45.000000,0.001944,-0.000004,-0.077110,1,6.683928,1.036249,1.186179,1.074417,1.074417,1.409431,0.029009,1.074295,1.074295,0.150136,1.230286,1.043171,0.941114,inf,nan,0.000000,0.941114,0.941114,0.941114,0.367031,0.058616,0.958809,0.372480,0.070694,-0.000000,0.000000,3.210509,10,2
1780645132.296542,dhocbf_fixed,-0.036316,-11.898569,0.001727,3.210508,1.570242,-0.035314,-10.298570,0.000000,45.000000,0.001401,-0.000005,-0.076440,1,8.791144,1.118882,1.245667,1.132839,1.132839,1.424071,0.029009,1.132279,1.132279,0.150136,1.244926,1.138349,1.029972,inf,nan,0.000000,1.029972,1.029972,1.029972,0.450032,0.026330,1.047709,0.456258,0.037057,-0.000000,0.000000,3.210509,10,2
1780645132.407155,dhocbf_fixed,-0.036137,-11.577519,0.001867,3.210508,1.570202,-0.035109,-9.977519,0.000000,45.000000,0.000961,-0.000002,-0.075779,1,4.122706,1.258202,1.361229,1.254402,1.254402,1.473839,0.029009,1.248162,1.248162,0.150136,1.294694,1.279348,1.179382,inf,nan,0.000000,1.179382,1.179382,1.179382,0.486708,0.017974,1.198058,0.483944,0.031147,-0.000000,0.000000,3.210508,10,2
1780645132.488514,dhocbf_fixed,-0.035945,-11.256468,0.001963,3.210508,1.570175,-0.034904,-9.656468,0.000000,45.000000,0.000616,0.000001,-0.075125,1,3.883154,1.448044,1.519832,1.415076,1.415076,1.541447,0.029009,1.358118,1.358118,0.150136,1.362302,1.461873,1.362085,inf,nan,0.000000,1.362085,1.362085,1.362085,0.488377,0.011955,1.380500,0.493795,0.033494,-0.000000,0.000000,3.210508,10,2
1780645132.609900,dhocbf_fixed,-0.035746,-10.935417,0.002025,3.210508,1.570159,-0.034699,-9.335417,0.000000,45.000000,0.000380,0.000002,-0.074478,1,7.338155,1.652399,1.714301,1.608118,1.608118,1.632828,0.029009,1.453555,1.453555,0.150136,1.453683,1.666657,1.546127,inf,nan,0.000000,1.546127,1.546127,1.546127,0.504781,0.120164,1.543201,0.505105,0.128797,-0.000000,0.000000,3.210508,10,2
1780645132.690732,dhocbf_fixed,-0.035541,-10.614366,0.002063,3.210508,1.570149,-0.034494,-9.014367,0.000000,45.000000,0.000200,0.000001,-0.073838,1,3.872598,1.726286,1.840513,1.722405,1.722405,1.733367,0.029009,1.554142,1.554142,0.150136,1.554222,1.686286,1.585851,inf,nan,0.000000,1.585851,1.585851,1.585851,0.527088,0.152325,1.583531,0.535963,0.152672,-0.000000,0.000000,3.210509,10,2
1780645132.824033,dhocbf_fixed,-0.035334,-10.293316,0.002083,3.210508,1.570145,-0.034288,-8.693316,0.000000,45.000000,2.736414,-1.382993,-0.073216,1,8.419698,1.765508,1.861176,1.747468,1.747468,1.163620,0.029009,0.984474,0.984474,0.150136,0.984474,1.210412,1.098496,inf,nan,0.000000,1.098496,1.098496,1.098496,0.287427,-0.005141,1.108514,0.289336,0.000000,-0.000000,0.002695,3.210509,10,2
1780645132.895187,dhocbf_fixed,-0.021444,-9.979180,0.275724,3.072209,1.533642,-0.034088,-8.379171,0.000000,45.000000,2.128842,-1.339794,-0.068598,1,4.045487,1.854040,1.933470,1.810437,1.810437,1.138342,0.028059,0.966537,0.966537,0.143746,0.966537,1.106715,1.006383,inf,nan,0.000000,1.006383,1.006383,1.006383,0.269121,-0.000127,1.017148,0.271346,0.000000,-0.000000,0.002881,3.084557,10,2
1780645133.011935,dhocbf_fixed,0.016773,-9.678658,0.488609,2.938229,1.530436,-0.033896,-8.078625,0.000000,45.000000,-2.459879,1.108022,-0.066654,1,4.647448,1.772374,1.782830,1.677889,1.677889,1.139924,0.027304,0.974190,0.974190,0.138430,0.974190,1.089708,0.988255,inf,nan,0.000000,0.988255,0.988255,0.988255,0.273061,0.029249,0.982274,0.274221,0.028174,-0.000000,0.000001,2.978578,10,2
1780645133.097695,dhocbf_fixed,0.053334,-9.379295,0.242621,3.049031,1.543390,-0.033705,-7.779239,0.000000,45.000000,-2.037474,0.800729,-0.067159,1,3.955082,1.613010,1.640235,1.534943,1.534943,1.154927,0.027917,0.984568,0.984568,0.142442,0.984568,1.132055,1.031612,inf,nan,0.000000,1.031612,1.031612,1.031612,0.264253,0.038054,1.028849,0.266729,0.037450,-0.000000,0.000000,3.058669,10,2
1780645133.209123,dhocbf_fixed,0.067409,-9.070388,0.038873,3.129104,1.571456,-0.033507,-7.470323,0.000000,45.000000,-1.224848,0.422228,-0.069911,1,4.697729,1.456104,1.502534,1.395273,1.395273,1.179097,0.028459,1.004629,1.004629,0.146009,1.004629,1.148431,1.047677,inf,nan,0.000000,1.047677,1.047677,1.047677,0.260022,0.054979,1.040230,0.261436,0.053029,-0.000000,0.000000,3.129346,10,2
1780645133.296948,dhocbf_fixed,0.065172,-8.755366,-0.083612,3.171327,1.599972,-0.033306,-7.155303,0.000000,45.000000,-0.598233,0.206287,-0.073256,1,4.111800,1.307538,1.382674,1.271057,1.271057,1.239868,0.028782,1.062871,1.062871,0.148196,1.062890,1.138844,1.039988,inf,nan,0.000000,1.039988,1.039988,1.039988,0.257267,0.079737,1.049490,0.259881,0.077868,-0.000000,0.000000,3.172429,10,2
1780645133.408839,dhocbf_fixed,0.053820,-8.437202,-0.143435,3.191956,1.616305,-0.033103,-6.837146,0.000000,45.000000,-0.182568,0.098390,-0.075401,1,5.503826,1.220375,1.319553,1.207380,1.207380,1.313842,0.028941,1.133323,1.133323,0.149354,1.135547,1.143328,1.044402,inf,nan,0.000000,1.044402,1.044402,1.044402,0.287058,0.104063,1.052754,0.286503,0.103103,-0.000000,0.000000,3.195177,10,2
1780645133.496067,dhocbf_fixed,0.038563,-8.117515,-0.161692,3.201795,1.620926,-0.032899,-6.517469,0.000000,45.000000,0.067481,0.046502,-0.075957,1,4.082976,1.173426,1.299898,1.177962,1.177962,1.400082,0.029007,1.172272,1.172272,0.149900,1.221175,1.133426,1.034506,inf,nan,0.000000,1.034506,1.034506,1.034506,0.338929,0.113819,1.038800,0.328812,0.118272,-0.000000,0.000000,3.205875,10,2
1780645133.614075,dhocbf_fixed,0.022732,-7.797103,-0.154944,3.206445,1.617934,-0.032694,-6.197067,0.000000,45.000000,0.199197,0.021830,-0.075284,1,4.963439,1.211697,1.312380,1.198993,1.198993,1.371706,0.029027,1.175792,1.175792,0.150120,1.192559,1.179827,1.072159,inf,nan,0.000000,1.072159,1.072159,1.072159,0.392107,0.008027,1.065579,0.396307,0.018571,-0.000000,0.000000,3.210186,10,2
1780645133.691610,dhocbf_fixed,0.008233,-7.476349,-0.135024,3.208628,1.611082,-0.032490,-5.876323,0.000000,45.000000,0.676675,-2.141303,-0.073900,1,5.865951,1.273089,1.362105,1.247344,1.247344,1.349472,0.029028,1.168397,1.168397,0.150185,1.170260,1.245305,1.134795,inf,nan,0.000000,1.134795,1.134795,1.134795,0.407005,0.001825,1.133012,0.410197,0.000000,-0.000000,0.000001,3.211468,10,2
1780645133.826481,dhocbf_fixed,-0.001886,-7.166193,-0.067356,2.994498,1.589297,-0.032292,-5.566173,0.000000,45.000000,0.079135,0.797769,-0.070694,1,13.000294,1.402328,1.454270,1.346225,1.346225,1.574101,0.027412,1.343053,1.343053,0.139263,1.407425,1.364396,1.263392,inf,nan,0.000000,1.263392,1.263392,1.263392,0.526552,0.042314,1.266587,0.531397,0.035974,-0.000000,0.000001,2.995255,10,2
1780645133.895121,dhocbf_fixed,-0.008226,-6.862754,-0.059443,3.074275,1.590352,-0.032098,-5.262739,0.000000,45.000000,0.112109,0.548105,-0.069555,1,4.890569,1.574545,1.602148,1.496822,1.496822,1.591926,0.027990,1.418757,1.418757,0.143256,1.420679,1.534202,1.434865,inf,nan,0.000000,1.434865,1.434865,1.434865,0.533563,-0.001853,1.440881,0.538994,0.000005,-0.000000,0.000000,3.074849,10,2
1780645134.008625,dhocbf_fixed,-0.013609,-6.552586,-0.048232,3.129085,1.588492,-0.031900,-4.952574,0.000000,45.000000,0.059641,0.402819,-0.068622,1,4.926636,1.679197,1.758761,1.635241,1.635241,1.390257,0.028395,1.215848,1.215848,0.146015,1.215848,1.474866,1.375608,inf,nan,0.000000,1.375608,1.375608,1.375608,0.373281,0.077814,1.382023,0.367759,0.085397,-0.000000,0.000000,3.129457,10,2
1780645134.095789,dhocbf_fixed,-0.018134,-6.237664,-0.042268,3.169367,1.585320,-0.031699,-4.637655,0.000000,45.000000,0.071309,0.213042,-0.067604,1,4.982245,1.577427,1.681649,1.567539,1.567539,1.439573,0.028697,1.262820,1.262820,0.148054,1.262821,1.474654,1.375231,inf,nan,0.000000,1.375231,1.375231,1.375231,0.379970,0.097369,1.379874,0.377441,0.107191,-0.000000,0.000000,3.169649,10,2
1780645134.213653,dhocbf_fixed,-0.022005,-5.919662,-0.035137,3.190671,1.582157,-0.031495,-4.319655,0.000000,45.000000,0.076814,0.104159,-0.066571,1,7.520210,1.530511,1.653442,1.533137,1.533137,1.519172,0.028859,1.341144,1.341144,0.149134,1.341179,1.489329,1.389799,inf,nan,0.000000,1.389799,1.389799,1.389799,0.413768,0.122317,1.387355,0.414348,0.128271,-0.000000,0.000000,3.190865,10,2
1780645134.296615,dhocbf_fixed,-0.025134,-5.600074,-0.027456,3.201087,1.579255,-0.031291,-4.000070,0.000000,45.000000,0.072824,0.049705,-0.065571,1,5.234876,1.499538,1.622415,1.505147,1.505147,1.605386,0.028938,1.425004,1.425004,0.149661,1.426787,1.473412,1.371040,inf,nan,0.000000,1.371040,1.371040,1.371040,0.454104,0.140080,1.363428,0.459572,0.140935,-0.000000,0.000000,3.201205,10,2
1780645134.412166,dhocbf_fixed,-0.027516,-5.279717,-0.020173,3.206058,1.576757,-0.031087,-3.679714,0.000000,45.000000,0.063230,0.023526,-0.064628,1,5.873028,1.547489,1.663646,1.547433,1.547433,1.717674,0.028975,1.522980,1.522980,0.149912,1.538787,1.535101,1.428483,inf,nan,0.000000,1.428483,1.428483,1.428483,0.519476,0.154696,1.422484,0.526080,0.155592,-0.000000,0.000000,3.206121,10,2
1780645134.499500,dhocbf_fixed,-0.029217,-4.958993,-0.013850,3.208410,1.574721,-0.030882,-3.358992,0.000000,45.000000,0.051416,0.011100,-0.063757,1,8.375501,1.626372,1.727820,1.615686,1.615686,1.834647,0.028993,1.609376,1.609376,0.150031,1.655623,1.622499,1.513892,inf,nan,0.000000,1.513892,1.513892,1.513892,0.588515,0.169579,1.515940,0.595632,0.170548,-0.000000,0.000000,3.208440,10,2
1780645134.616256,dhocbf_fixed,-0.030345,-4.638097,-0.008709,3.209520,1.573141,-0.030677,-3.038096,0.000000,45.000000,0.039574,0.005229,-0.062958,1,6.483203,1.773137,1.838887,1.731467,1.731467,1.964673,0.029001,1.727463,1.727463,0.150086,1.785586,1.753208,1.651766,inf,nan,0.000000,1.651766,1.651766,1.651766,0.667262,0.185581,1.652403,0.673901,0.186511,-0.000000,0.000000,3.209532,10,2
1780645134.685976,dhocbf_fixed,-0.031018,-4.317118,-0.004751,3.210043,1.571968,-0.030472,-2.717118,0.000000,45.000000,0.028935,0.002461,-0.062227,1,4.189800,1.877971,1.881829,1.777045,1.777045,2.099233,0.029005,1.776854,1.776854,0.150113,1.920115,1.840653,1.737698,inf,nan,0.000000,1.737698,1.737698,1.737698,0.759395,0.201851,1.749480,0.755710,0.202172,-0.000000,0.000000,3.210047,10,2
1780645134.806535,dhocbf_fixed,-0.031348,-3.996102,-0.001858,3.210289,1.571137,-0.030267,-2.396102,0.000000,45.000000,0.018315,0.726381,-0.061570,1,12.815434,2.065406,2.060714,1.955151,1.955151,1.576643,0.029007,1.397510,1.397510,0.150125,1.397510,2.033683,1.926129,inf,nan,0.000000,1.926129,1.926129,1.926129,0.536089,-0.018934,1.939823,0.541985,0.000000,-0.000000,0.000001,3.210290,10,2
1780645134.920921,dhocbf_fixed,-0.031443,-3.671441,-0.000026,3.282927,1.570715,-0.030060,-2.071442,0.000000,45.000000,5.656850,-5.656859,-0.060950,1,27.524777,2.417244,2.417995,2.312893,2.312893,1.430180,0.029573,1.246761,1.246761,0.153846,1.246761,1.820773,1.716257,inf,nan,0.000000,1.716257,1.716257,1.716257,0.429078,-0.018628,1.729163,0.432032,0.000000,-0.000000,0.017612,3.282927,10,2
1780645134.996505,dhocbf_fixed,-0.003161,-3.371433,0.565659,2.717241,1.325439,-0.029868,-1.771415,0.000000,45.000000,-2.322821,1.763759,-0.033713,1,7.090322,1.739659,1.838685,1.725350,1.725350,1.937359,0.025889,1.721792,1.721792,0.128401,1.783069,1.703515,1.599672,inf,nan,0.000000,1.599672,1.599672,1.599672,0.576860,0.169576,1.616017,0.581219,0.179675,-0.000000,0.000000,2.775495,10,2
1780645135.097383,dhocbf_fixed,0.041791,-3.090890,0.333377,2.893617,1.432575,-0.029689,-1.490844,0.000000,45.000000,-2.291433,1.539896,-0.038336,1,4.036018,2.243810,2.266155,2.161053,2.161053,1.302956,0.026855,1.140944,1.140944,0.135157,1.140944,1.388180,1.287677,inf,nan,0.000000,1.287677,1.287677,1.287677,0.365699,0.043522,1.305611,0.370959,0.044540,-0.000000,0.000000,2.912758,10,2
1780645135.205457,dhocbf_fixed,0.063671,-2.793828,0.104233,3.047607,1.499582,-0.029499,-1.193769,0.000000,45.000000,-1.465113,0.839608,-0.046543,1,4.466320,2.093471,2.121689,2.016294,2.016294,1.312949,0.027856,1.143117,1.143117,0.141976,1.143117,1.408270,1.308692,inf,nan,0.000000,1.308692,1.308692,1.308692,0.365397,0.049879,1.319362,0.370253,0.050570,-0.000000,0.000000,3.049389,10,2
1780645135.294949,dhocbf_fixed,0.066769,-2.484870,-0.042278,3.131568,1.558213,-0.029302,-0.884808,0.000000,45.000000,-0.778364,0.414190,-0.054681,1,4.184715,2.041525,2.077708,1.971597,1.971597,1.354591,0.028471,1.179984,1.179984,0.146136,1.179984,1.499057,1.397922,inf,nan,0.000000,1.397922,1.397922,1.397922,0.390943,0.065332,1.402196,0.392095,0.063837,-0.000000,0.000000,3.131853,10,2
1780645135.412748,dhocbf_fixed,0.058649,-2.169642,-0.120114,3.172987,1.594663,-0.029101,-0.569586,0.000000,45.000000,-0.307023,0.198247,-0.060335,1,6.131851,2.062206,2.093779,1.988101,1.988101,1.259680,0.028790,1.082550,1.082550,0.148340,1.082550,1.380038,1.279781,inf,nan,0.000000,1.279781,1.279781,1.279781,0.322318,0.019361,1.284895,0.325895,0.028316,-0.000000,0.000000,3.175259,10,2
1780645135.496572,dhocbf_fixed,0.045103,-1.851352,-0.150817,3.192812,1.611015,-0.028897,-0.251304,0.000000,45.000000,-0.359435,-0.133551,-0.063141,1,5.414527,1.930484,1.977721,1.870309,1.870309,1.123182,0.028937,0.944831,0.944831,0.149415,0.944831,1.130333,1.027738,inf,nan,0.000000,1.027738,1.027738,1.027738,0.245119,-0.015126,1.039256,0.248949,0.000002,-0.000000,0.000001,3.196372,10,2
1780645135.610085,dhocbf_fixed,0.028224,-1.532739,-0.186760,3.179456,1.614760,-0.028694,0.067298,0.000000,45.000000,-0.557602,-0.499065,-0.063846,1,5.423697,1.806625,1.879387,1.767748,1.767748,1.117702,0.028834,0.940036,0.940036,0.148832,0.940036,1.148387,1.045780,inf,nan,0.000000,1.045780,1.045780,1.045780,0.244864,-0.006011,1.044255,0.245610,0.000001,-0.000000,0.000001,3.184937,10,2
1780645135.706460,dhocbf_fixed,0.006760,-1.217288,-0.242521,3.129550,1.612990,-0.028493,0.382734,0.000000,45.000000,-1.115415,-0.874774,-0.063436,1,6.378989,1.717961,1.813348,1.699602,1.699602,0.994267,0.028472,0.819300,0.819300,0.146495,0.819300,0.968814,0.860095,inf,nan,0.000000,0.860095,0.860095,0.860095,0.182470,-0.007425,0.869026,0.185595,0.000000,-0.000000,0.000437,3.138933,10,2
1780645135.813916,dhocbf_fixed,-0.023069,-0.908707,-0.354062,3.042073,1.611750,-0.028295,0.691296,0.000000,45.000000,-0.929880,-0.431984,-0.062792,1,7.730418,1.636699,1.752372,1.636033,1.636033,0.890087,0.027896,0.719551,0.719551,0.142640,0.719551,0.803711,0.697083,inf,nan,0.000000,0.697083,0.697083,0.697083,0.124341,-0.016037,0.709405,0.128270,0.000000,-0.000000,0.004189,3.062608,10,2
1780645135.899767,dhocbf_fixed,-0.063125,-0.606660,-0.447050,2.998874,1.595022,-0.028103,0.993318,0.000000,45.000000,-3.244272,-3.630507,-0.060408,1,6.175482,1.612905,1.726962,1.610838,1.610838,0.768195,0.027679,0.599412,0.599412,0.141103,0.599412,0.625313,0.527814,inf,nan,0.000000,0.527814,0.527814,0.527814,0.083148,-0.018496,0.540893,0.087426,0.000000,-0.000000,0.006784,3.032012,10,2
1780645136.017197,dhocbf_fixed,-0.124051,-0.324925,-0.771477,2.635823,1.679740,-0.027923,1.275014,0.000000,45.000000,2.244035,0.787266,-0.068649,1,7.350308,1.491890,1.541474,1.434856,1.434856,0.978584,0.025750,0.825853,0.825853,0.126981,0.825853,1.062311,0.956966,inf,nan,0.000000,0.956966,0.956966,0.956966,0.185795,-0.016762,0.974996,0.190964,0.000000,-0.000000,0.004550,2.746405,10,2
1780645136.106499,dhocbf_fixed,-0.189979,-0.057406,-0.547074,2.714550,1.603574,-0.027752,1.542490,0.000000,45.000000,2.236918,1.610793,-0.061976,1,5.704421,1.256845,1.262933,1.158438,1.158438,0.689609,0.026011,0.535509,0.535509,0.128090,0.535509,0.372537,0.262934,inf,nan,0.000000,0.262934,0.262934,0.262934,0.042821,-0.019982,0.262280,0.038791,0.000000,-0.000000,0.001802,2.769128,10,2
1780645136.204520,dhocbf_fixed,-0.233501,0.222103,-0.323382,2.875629,1.566572,-0.027573,1.821971,0.000000,45.000000,0.900664,0.434639,-0.055882,1,5.489974,1.101501,1.123641,1.018806,1.018806,0.690841,0.026961,0.529664,0.529664,0.134216,0.529664,0.314643,0.218284,inf,nan,0.000000,0.218284,0.218284,0.218284,0.033213,-0.016958,0.224720,0.035497,0.000000,-0.000000,0.002319,2.893755,10,2
1780645136.288311,dhocbf_fixed,-0.261336,0.511839,-0.233316,2.919093,1.502955,-0.027388,2.111690,0.000000,45.000000,1.292279,0.962165,-0.047073,1,5.781829,1.029929,1.023233,0.918037,0.918037,0.658399,0.027283,0.495182,0.495182,0.135933,0.495182,0.298607,0.197578,inf,nan,0.000000,0.197578,0.197578,0.197578,0.029614,-0.007489,0.204053,0.034501,0.000000,-0.000000,0.000553,2.928403,10,2
1780645136.388183,dhocbf_fixed,-0.278207,0.808559,-0.104088,3.015310,1.473694,-0.027199,2.408399,0.000000,45.000000,3.054218,0.492970,-0.041366,1,5.169135,0.860051,0.870223,0.765990,0.765990,0.634524,0.027970,0.466197,0.466197,0.140356,0.466198,0.273280,0.159401,inf,nan,0.000000,0.159401,0.159401,0.159401,0.029086,-0.000811,0.161335,0.028264,0.000000,-0.000000,0.000003,3.017106,10,2
1780645136.490343,dhocbf_fixed,-0.273344,1.112555,0.201334,3.064607,1.466466,-0.027005,2.712398,0.000000,45.000000,1.696469,1.410623,-0.038904,1,5.561128,0.706086,0.751719,0.644270,0.644270,0.654180,0.028350,0.482657,0.482657,0.143073,0.482757,0.258304,0.156470,inf,nan,0.000000,0.156470,0.156470,0.156470,0.026975,-0.011936,0.169414,0.037370,0.000000,-0.000000,0.000492,3.071213,10,2
1780645136.587164,dhocbf_fixed,-0.244728,1.426068,0.370981,3.205669,1.464503,-0.026805,3.025930,0.000000,45.000000,0.409783,0.290233,-0.037808,1,3.440570,0.617135,0.692158,0.581128,0.581128,0.685205,0.029443,0.502871,0.502871,0.150982,0.504781,0.255020,0.157285,inf,nan,0.000000,0.157285,0.157285,0.157285,0.017018,-0.005062,0.170919,0.024311,0.000001,-0.000000,0.000001,3.227064,10,2
1780645136.695415,dhocbf_fixed,-0.205581,1.748087,0.411959,3.234692,1.449810,-0.026599,3.347973,0.000000,45.000000,-1.586266,-0.195641,-0.035710,1,3.948967,0.515215,0.608581,0.495040,0.495040,0.794088,0.029605,0.494564,0.494564,0.152711,0.611772,0.290959,0.195450,inf,nan,0.000000,0.195450,0.195450,0.195450,0.020301,-0.013017,0.209504,0.035114,0.000000,-0.000000,0.000009,3.260820,10,2
1780645136.812372,dhocbf_fixed,-0.172317,2.070578,0.253333,3.215128,1.461032,-0.026393,3.670485,0.000000,45.000000,-0.029250,-0.011317,-0.036178,1,10.672428,0.441066,0.525864,0.412337,0.412337,0.923424,0.029258,0.412336,0.412336,0.150881,0.743285,0.286575,0.190544,inf,nan,0.000000,0.190544,0.190544,0.190544,0.016127,-0.013917,0.204058,0.030937,0.000002,-0.000000,0.000000,3.225093,10,2
1780645136.897488,dhocbf_fixed,-0.147130,2.392034,0.250408,3.213996,1.471381,-0.026188,3.991957,0.000000,45.000000,-0.036521,-0.017010,-0.037173,1,3.642828,0.395892,0.485151,0.366355,0.366355,0.963150,0.029204,0.366355,0.366355,0.150812,0.783133,0.305037,0.208133,inf,nan,0.000000,0.208133,0.208133,0.208133,0.032228,0.006408,0.220799,0.044935,0.021519,-0.000000,0.000000,3.223737,10,2
1780645137.008273,dhocbf_fixed,-0.122272,2.713348,0.246756,3.212295,1.484570,-0.025982,4.313287,0.000000,45.000000,-2.954070,5.059927,-0.038619,1,18.930312,0.346363,0.482318,0.362144,0.362144,0.748530,0.029155,0.362123,0.362123,0.150711,0.568664,0.306363,0.209731,inf,nan,0.000000,0.209731,0.209731,0.209731,0.088600,-0.009237,0.221999,0.101106,0.000000,-0.000000,0.009800,3.221759,10,2
1780645137.098281,dhocbf_fixed,-0.112366,3.059878,-0.048651,3.718288,1.350476,-0.025761,4.659823,0.000000,45.000000,-7.816192,1.705033,-0.024150,1,9.923457,0.435889,0.531537,0.422263,0.422263,0.799971,0.033281,0.422183,0.422183,0.176721,0.589969,0.395431,0.293814,inf,nan,0.000000,0.293814,0.293814,0.293814,0.061680,-0.035573,0.307898,0.085424,0.000000,-0.000000,0.011728,3.718606,10,2
1780645137.218932,dhocbf_fixed,-0.156313,3.440232,-0.830271,3.888791,1.407644,-0.025518,5.040148,0.000000,45.000000,4.261905,-2.883200,-0.026603,1,7.382222,0.393617,0.418966,0.314180,0.314180,0.935654,0.035724,0.314180,0.314180,0.190705,0.709225,0.306359,0.205030,inf,nan,0.000000,0.205030,0.205030,0.205030,0.024570,0.058398,0.197854,0.012166,0.059723,-0.000000,0.000000,3.976437,10,2
1780645137.294381,dhocbf_fixed,-0.218030,3.814695,-0.404080,3.600471,1.360499,-0.025279,5.414572,0.000000,45.000000,3.831480,-1.949242,-0.021893,1,3.673562,0.466694,0.550681,0.435924,0.435924,1.141927,0.032631,0.435924,0.435924,0.171624,0.937671,0.426694,0.324166,inf,nan,0.000000,0.324166,0.324166,0.324166,0.140549,0.084901,0.316464,0.153064,0.085456,-0.000000,0.000001,3.623075,10,2
1780645137.416691,dhocbf_fixed,-0.239281,4.164996,-0.020932,3.405547,1.362653,-0.025056,5.764859,0.000000,45.000000,2.289567,-1.013770,-0.020809,1,6.008121,0.505058,0.636900,0.522335,0.522335,1.313804,0.030853,0.522335,0.522335,0.160192,1.122759,0.483694,0.375988,inf,nan,0.000000,0.375988,0.375988,0.375988,0.244798,0.107593,0.372463,0.252318,0.107364,-0.000000,0.000001,3.405612,10,2
1780645137.497914,dhocbf_fixed,-0.229926,4.500481,0.208025,3.304170,1.389179,-0.024841,6.100351,0.000000,45.000000,1.075709,-0.493263,-0.023294,1,3.854598,0.619740,0.694428,0.581587,0.581587,1.461185,0.030064,0.581587,0.581587,0.155277,1.275844,0.579078,0.481661,inf,nan,0.000000,0.481661,0.481661,0.481661,0.341941,0.126505,0.494145,0.345870,0.127002,-0.000000,0.000000,3.310712,10,2
1780645137.602915,dhocbf_fixed,-0.203745,4.828432,0.315596,3.254844,1.415149,-0.024632,6.428318,0.000000,45.000000,0.275464,-0.234961,-0.026594,1,5.386589,0.814618,0.838338,0.733484,0.733484,1.618500,0.029678,0.733484,0.733484,0.153188,1.435634,0.781072,0.677123,inf,nan,0.000000,0.677123,0.677123,0.677123,0.441587,0.145728,0.690361,0.445361,0.146230,-0.000000,0.000000,3.270108,10,2
1780645137.701817,dhocbf_fixed,-0.170808,5.152742,0.343142,3.231348,1.438814,-0.024425,6.752649,0.000000,45.000000,-3.256070,0.449091,-0.029825,1,6.557247,1.048509,1.044203,0.939265,0.939265,1.084074,0.029449,0.895528,0.895528,0.152131,0.902494,1.017177,0.910489,inf,nan,0.000000,0.910489,0.910489,0.910489,0.280947,-0.012137,0.923320,0.286287,0.000000,-0.000000,0.008313,3.249516,10,2
1780645137.825630,dhocbf_fixed,-0.152774,5.478122,0.017535,3.276257,1.458444,-0.024217,7.078040,0.000000,45.000000,-5.656855,-5.656854,-0.032598,1,24.170771,1.343177,1.326576,1.219032,1.219032,0.947324,0.029627,0.764191,0.764191,0.153506,0.764191,0.923426,0.825002,inf,nan,0.000000,0.825002,0.825002,0.825002,0.172173,-0.042545,0.840328,0.177597,-0.000000,-0.000000,0.031604,3.276304,10,2
1780645137.891099,dhocbf_fixed,-0.179305,5.777463,-0.548150,2.710572,1.728230,-0.024026,7.377365,0.000000,45.000000,3.390286,1.792328,-0.062458,1,4.867051,1.485619,1.529265,1.416978,1.416978,0.926567,0.025972,0.772686,0.772686,0.127910,0.772686,0.766037,0.665773,inf,nan,0.000000,0.665773,0.665773,0.665773,0.180042,-0.000447,0.670863,0.182403,0.008502,-0.000000,0.000001,2.765442,10,2
1780645138.006661,dhocbf_fixed,-0.217169,6.057482,-0.209122,2.889804,1.643379,-0.023847,7.657359,0.000000,45.000000,2.905432,1.557450,-0.060268,1,4.797419,1.289939,1.390926,1.278091,1.278091,0.954319,0.026954,0.792971,0.792971,0.134394,0.792971,0.835913,0.731721,inf,nan,0.000000,0.731721,0.731721,0.731721,0.182864,0.004071,0.740201,0.189192,0.004083,-0.000000,0.000000,2.897361,10,2
1780645138.091868,dhocbf_fixed,-0.223554,6.354250,0.081421,3.045549,1.582562,-0.023657,7.954123,0.000000,45.000000,1.637815,0.848401,-0.052711,1,3.616340,1.222977,1.306939,1.191310,1.191310,1.006765,0.028035,0.836892,0.836892,0.141837,0.836892,0.862643,0.762358,inf,nan,0.000000,0.762358,0.762358,0.762358,0.173902,-0.003394,0.771058,0.181949,0.009689,-0.000000,0.000000,3.046638,10,2
1780645138.209818,dhocbf_fixed,-0.207222,6.663047,0.245203,3.130389,1.522966,-0.023460,8.262930,0.000000,45.000000,0.671660,0.418499,-0.043994,1,5.159188,1.122720,1.175961,1.067120,1.067120,1.101619,0.028688,0.926176,0.926176,0.146548,0.926383,0.881779,0.780512,inf,nan,0.000000,0.780512,0.780512,0.780512,0.167069,0.052965,0.790283,0.178769,0.049808,-0.000000,0.000000,3.139978,10,2
1780645138.296313,dhocbf_fixed,-0.179344,6.978178,0.312369,3.172239,1.489489,-0.023259,8.578079,0.000000,45.000000,0.054237,0.200512,-0.037888,1,3.989507,0.987426,1.074706,0.960666,0.960666,1.215658,0.028989,0.958801,0.958801,0.148967,1.037701,0.878335,0.780096,inf,nan,0.000000,0.780096,0.780096,0.780096,0.185690,0.093915,0.791726,0.192071,0.092545,-0.000000,0.000000,3.187582,10,2
1780645138.408780,dhocbf_fixed,-0.147836,7.296405,0.317792,3.192291,1.480796,-0.023056,8.896325,0.000000,45.000000,-0.295166,0.095267,-0.035172,1,4.711030,0.919821,1.035602,0.921982,0.921982,1.337191,0.029090,0.921974,0.921974,0.150012,1.158090,0.879821,0.781551,inf,nan,0.000000,0.781551,0.781551,0.781551,0.241767,0.109847,0.779875,0.250621,0.110617,-0.000000,0.000000,3.208070,10,2
1780645138.493672,dhocbf_fixed,-0.117532,7.616110,0.288276,3.201817,1.487267,-0.022852,9.216050,0.000000,45.000000,-0.458549,0.045223,-0.034972,1,3.729331,0.927497,1.033446,0.922354,0.922354,1.477763,0.029099,0.922354,0.922354,0.150354,1.298311,0.896196,0.789128,inf,nan,0.000000,0.789128,0.789128,0.789128,0.326551,0.126662,0.804114,0.331329,0.127402,-0.000000,0.000000,3.214769,10,2
1780645138.608354,dhocbf_fixed,-0.090998,7.936518,0.242421,3.206340,1.500636,-0.022647,9.536475,0.000000,45.000000,-0.501829,0.021529,-0.036153,1,5.035653,1.023932,1.091464,0.980620,0.980620,1.626306,0.029077,0.980620,0.980620,0.150391,1.446839,0.986613,0.885609,inf,nan,0.000000,0.885609,0.885609,0.885609,0.425480,0.144508,0.897865,0.430245,0.145001,-0.000000,0.000000,3.215491,10,2
1780645138.694471,dhocbf_fixed,-0.069265,8.257260,0.192238,3.208493,1.515774,-0.022442,9.857230,0.000000,45.000000,-0.474080,0.010310,-0.037866,1,3.824288,1.191096,1.219571,1.114260,1.114260,1.777713,0.029051,1.114260,1.114260,0.150327,1.598335,1.151622,1.052353,inf,nan,0.000000,1.052353,1.052353,1.052353,0.525760,0.162667,1.065326,0.528686,0.162978,-0.000000,0.000000,3.214246,10,2
1780645138.819204,dhocbf_fixed,-0.052411,8.578160,0.144830,3.209523,1.529990,-0.022237,10.178141,0.000000,45.000000,-0.409837,0.004983,-0.039599,1,8.547182,1.396392,1.401091,1.296487,1.296487,1.925285,0.029032,1.296487,1.296487,0.150253,1.746000,1.362458,1.257567,inf,nan,0.000000,1.257567,1.257567,1.257567,0.619585,0.180300,1.270974,0.622333,0.180589,-0.000000,0.000000,3.212790,10,2
1780645138.907406,dhocbf_fixed,-0.039977,8.899138,0.103846,3.210022,1.542091,-0.022032,10.499127,0.000000,45.000000,0.287964,-1.233903,-0.041096,1,6.785117,1.654703,1.644655,1.538585,1.538585,1.593594,0.029020,1.414009,1.414009,0.150197,1.414377,1.626908,1.514983,inf,nan,0.000000,1.514983,1.514983,1.514983,0.543092,-0.015559,1.524411,0.548025,0.000001,-0.000000,0.000001,3.211701,10,2
1780645139.018473,dhocbf_fixed,-0.028153,9.213970,0.132643,3.086631,1.547732,-0.021831,10.813967,0.000000,45.000000,1.366292,-3.230923,-0.041840,1,3.944315,1.902225,1.885926,1.777856,1.777856,1.473985,0.028094,1.301897,1.301897,0.143994,1.301897,1.869117,1.763019,inf,nan,0.000000,1.763019,1.763019,1.763019,0.467105,-0.012794,1.773630,0.472083,0.000000,-0.000000,0.000000,3.089480,10,2
1780645139.094280,dhocbf_fixed,-0.008057,9.506479,0.269272,2.763539,1.512157,-0.021644,11.106488,0.000000,45.000000,1.812478,-4.023183,-0.037884,1,5.153722,2.131801,2.113640,2.004820,2.004820,1.367253,0.025893,1.212904,1.212904,0.128456,1.212904,1.711109,1.608299,inf,nan,0.000000,1.608299,1.608299,1.608299,0.393436,-0.005815,1.620291,0.396742,0.000000,-0.000000,0.000007,2.776627,10,2
1780645139.211968,dhocbf_fixed,0.027932,9.762717,0.450520,2.361221,1.473306,-0.021481,11.362749,0.000000,45.000000,1.939015,-4.202457,-0.032422,1,6.800833,2.350883,2.331202,2.221771,2.221771,1.253294,0.023591,1.119124,1.119124,0.110579,1.119124,1.455505,1.355486,inf,nan,0.000000,1.355486,1.355486,1.355486,0.314546,-0.013551,1.374608,0.320260,0.000000,-0.000000,0.001404,2.403816,10,2
1780645139.292640,dhocbf_fixed,0.082679,9.977827,0.644421,1.940975,1.459214,-0.021343,11.577893,0.000000,45.000000,-2.219896,3.630937,-0.029294,1,4.192910,2.535916,2.513869,2.400706,2.400706,1.186867,0.021731,1.071099,1.071099,0.094037,1.071099,1.305489,1.205625,inf,nan,0.000000,1.205625,1.205625,1.205625,0.275552,0.002612,1.206687,0.278395,0.000000,-0.000000,0.000892,2.045156,10,2
1780645139.411861,dhocbf_fixed,0.136022,10.190079,0.422432,2.304069,1.475672,-0.021208,11.790180,0.000000,45.000000,-3.442775,4.297968,-0.030117,1,5.212613,2.519558,2.512513,2.405715,2.405715,1.133741,0.023387,1.002650,1.002650,0.107705,1.002650,1.220999,1.110320,inf,nan,0.000000,1.110320,1.110320,1.110320,0.264919,0.021955,1.113608,0.264242,0.021604,-0.000000,0.000000,2.342473,10,2
1780645139.490068,dhocbf_fixed,0.161051,10.441976,0.078154,2.733866,1.445860,-0.021047,12.042092,0.000000,45.000000,-2.228147,2.440512,-0.026904,1,3.721616,2.333689,2.336741,2.231758,2.231758,1.161999,0.025834,1.009740,1.009740,0.126425,1.009740,1.143230,1.031430,inf,nan,0.000000,1.031430,1.031430,1.031430,0.268764,0.016460,1.043224,0.271454,0.013026,-0.000000,0.000000,2.734982,10,2
1780645139.603545,dhocbf_fixed,0.157726,10.727565,-0.144660,2.977917,1.523141,-0.020865,12.327679,0.000000,45.000000,-1.116354,1.217260,-0.034324,1,4.569938,2.112112,2.114613,2.009662,2.009662,1.092607,0.027516,0.926518,0.926518,0.138572,0.926518,1.061801,0.941651,inf,nan,0.000000,0.941651,0.941651,0.941651,0.251846,0.016628,0.945754,0.251907,0.017389,-0.000000,0.000000,2.981428,10,2
1780645139.692201,dhocbf_fixed,0.137678,11.031443,-0.256296,3.099643,1.596642,-0.020670,12.631544,0.000000,45.000000,-0.356801,0.584690,-0.043962,1,3.955096,1.872752,1.876382,1.771580,1.771580,0.994538,0.028413,0.821083,0.821083,0.145041,0.821083,0.873421,0.775009,inf,nan,0.000000,0.775009,0.775009,0.775009,0.195915,0.021165,0.780696,0.196808,0.021095,-0.000000,0.000000,3.110221,10,2
1780645139.807847,dhocbf_fixed,0.110265,11.344330,-0.291976,3.158112,1.634675,-0.020471,12.944414,0.000000,45.000000,0.104665,0.277347,-0.050232,1,5.620876,1.644667,1.657097,1.552465,1.552465,0.914897,0.028824,0.737921,0.737921,0.148153,0.737921,0.718318,0.613891,inf,nan,0.000000,0.613891,0.613891,0.613891,0.153955,-0.000691,0.610624,0.152484,0.007181,-0.000000,0.000000,3.171580,10,2
1780645139.890779,dhocbf_fixed,0.081590,11.661528,-0.281509,3.185846,1.644729,-0.020268,13.261594,0.000000,45.000000,-0.511019,-0.042701,-0.052572,1,4.058541,1.422601,1.464074,1.358499,1.358499,0.841808,0.028983,0.663314,0.663314,0.149511,0.663314,0.592775,0.483550,inf,nan,0.000000,0.483550,0.483550,0.483550,0.117058,-0.006438,0.493970,0.122463,0.000001,-0.000000,0.000001,3.198260,10,2
1780645140.009460,dhocbf_fixed,0.050884,11.979899,-0.332611,3.181576,1.639073,-0.020065,13.579945,0.000000,45.000000,-1.353883,-0.810623,-0.052204,1,6.376628,1.251711,1.315486,1.202750,1.202750,0.816092,0.028953,0.637594,0.637594,0.149545,0.637594,0.522479,0.425471,inf,nan,0.000000,0.425471,0.425471,0.425471,0.102216,-0.001676,0.441507,0.110003,0.000000,-0.000000,0.000003,3.198915,10,2
1780645140.092128,dhocbf_fixed,0.010854,12.294004,-0.468000,3.100514,1.636365,-0.019864,13.894024,0.000000,45.000000,-0.352293,-0.339665,-0.051501,1,6.472132,1.105808,1.154832,1.044574,1.044574,0.726592,0.028445,0.551819,0.551819,0.146328,0.551819,0.395901,0.298237,inf,nan,0.000000,0.298237,0.298237,0.298237,0.056007,-0.004835,0.310204,0.061447,0.000000,-0.000000,0.000159,3.135636,10,2
1780645140.214122,dhocbf_fixed,-0.037708,12.602357,-0.503229,3.066548,1.612097,-0.019667,14.202346,0.000000,45.000000,2.427558,-0.016817,-0.048353,1,5.967504,0.970049,1.000311,0.894549,0.894549,0.705050,0.028230,0.531913,0.531913,0.144907,0.531913,0.331708,0.219944,inf,nan,0.000000,0.219944,0.219944,0.219944,0.044747,-0.017100,0.231433,0.048061,0.000000,-0.000000,0.000001,3.107564,10,2
1780645140.291805,dhocbf_fixed,-0.075893,12.908928,-0.260473,3.064866,1.582064,-0.019472,14.508892,0.000000,45.000000,3.935622,-0.303234,-0.043967,1,5.661507,0.835687,0.886919,0.779637,0.779637,0.696983,0.028013,0.525656,0.525656,0.143310,0.525660,0.285835,0.187285,inf,nan,0.000000,0.187285,0.187285,0.187285,0.036885,-0.007443,0.200590,0.041549,0.000000,-0.000000,0.000076,3.075914,10,2
1780645140.408615,dhocbf_fixed,-0.082262,13.213898,0.133089,3.034542,1.547762,-0.019277,14.813858,0.000000,45.000000,4.740236,-0.392266,-0.038854,1,6.457979,0.711262,0.772882,0.662514,0.662514,0.681830,0.027736,0.512567,0.512567,0.141376,0.512717,0.268976,0.167864,inf,nan,0.000000,0.167864,0.167864,0.167864,0.030620,0.000567,0.177000,0.033772,0.000000,-0.000000,0.000018,3.037460,10,2
1780645140.501079,dhocbf_fixed,-0.045252,13.515391,0.607113,2.995316,1.529163,-0.019084,15.115375,0.000000,45.000000,2.188715,-0.415096,-0.035321,1,5.080206,0.582809,0.684285,0.564330,0.564330,0.698766,0.027853,0.521401,0.521401,0.142319,0.528594,0.312651,0.216740,inf,nan,0.000000,0.216740,0.216740,0.216740,0.037335,0.002471,0.220942,0.036000,0.000000,-0.000000,0.000384,3.056224,10,2
1780645140.612403,dhocbf_fixed,0.026403,13.812847,0.825984,2.953806,1.535344,-0.018894,15.412876,0.000000,45.000000,-3.905054,1.108506,-0.034864,1,10.678607,0.514756,0.539195,0.432772,0.432772,0.738897,0.027943,0.432523,0.432523,0.142867,0.568087,0.298972,0.203334,inf,nan,0.000000,0.203334,0.203334,0.203334,0.016223,0.015834,0.209484,0.020518,0.012174,-0.000000,0.000000,3.067119,10,2
1780645140.697829,dhocbf_fixed,0.089476,14.113770,0.435479,3.064657,1.531582,-0.018702,15.713840,0.000000,45.000000,-3.190591,0.731606,-0.034117,1,4.474249,0.422907,0.504913,0.392513,0.392513,0.756197,0.028216,0.392477,0.392477,0.144295,0.583687,0.253975,0.158518,inf,nan,0.000000,0.158518,0.158518,0.158518,0.014247,-0.016854,0.170515,0.030097,0.003092,-0.000000,0.000000,3.095442,10,2
1780645140.807564,dhocbf_fixed,0.117071,14.423894,0.116420,3.137817,1.566534,-0.018504,16.023981,0.000000,45.000000,-1.964568,0.378569,-0.037518,1,4.686368,0.379427,0.483757,0.366152,0.366152,0.879452,0.028593,0.366152,0.366152,0.146548,0.704312,0.267558,0.171226,inf,nan,0.000000,0.171226,0.171226,0.171226,0.028868,-0.000896,0.182703,0.035440,0.013438,-0.000000,0.000000,3.139976,10,2
1780645140.894666,dhocbf_fixed,0.118890,14.739569,-0.080037,3.175674,1.606291,-0.018302,16.339656,0.000000,45.000000,-1.014630,0.183935,-0.042457,1,3.781007,0.339142,0.462565,0.341204,0.341204,1.025038,0.028874,0.341204,0.341204,0.148412,0.847752,0.284014,0.187414,inf,nan,0.000000,0.187414,0.187414,0.187414,0.046292,0.081605,0.195769,0.053250,0.082612,-0.000000,0.000000,3.176683,10,2
1780645141.007931,dhocbf_fixed,0.105813,15.058056,-0.181500,3.194068,1.631259,-0.018099,16.658135,0.000000,45.000000,-0.374426,0.087549,-0.046138,1,4.486151,0.346263,0.467725,0.347478,0.347478,1.183652,0.029023,0.347478,0.347478,0.149560,1.005068,0.306263,0.207703,inf,nan,0.000000,0.207703,0.207703,0.207703,0.140184,0.099434,0.209683,0.152089,0.100200,-0.000000,0.000000,3.199220,10,2
1780645141.094084,dhocbf_fixed,0.085791,15.377900,-0.218943,3.202823,1.640079,-0.017895,16.977967,0.000000,45.000000,0.020146,0.041310,-0.047723,1,3.565444,0.440123,0.517115,0.403542,0.403542,1.345847,0.029078,0.403542,0.403542,0.150125,1.166644,0.403035,0.304305,inf,nan,0.000000,0.304305,0.304305,0.304305,0.269242,0.117970,0.314597,0.276564,0.118305,-0.000000,0.000000,3.210297,10,2
1780645141.217260,dhocbf_fixed,0.063998,15.698389,-0.216928,3.206954,1.637574,-0.017690,17.298441,0.000000,45.000000,0.236856,0.019363,-0.047541,1,10.525356,0.624374,0.640857,0.536562,0.536562,1.507971,0.029082,0.536562,0.536562,0.150329,1.328559,0.588507,0.486939,inf,nan,0.000000,0.486939,0.486939,0.486939,0.384916,0.136682,0.500761,0.389975,0.136642,-0.000000,0.000000,3.214282,10,2
1780645141.295244,dhocbf_fixed,0.043489,16.019181,-0.193243,3.208890,1.628915,-0.017485,17.619220,0.000000,45.000000,0.332531,0.008996,-0.046248,1,4.228272,0.859843,0.849691,0.744197,0.744197,1.669560,0.029066,0.744197,0.744197,0.150350,1.490143,0.829492,0.722285,inf,nan,0.000000,0.722285,0.722285,0.722285,0.488537,0.155385,0.737250,0.492972,0.154890,-0.000000,0.000000,3.214703,10,2
1780645141.402329,dhocbf_fixed,0.025827,16.340115,-0.159989,3.209790,1.617876,-0.017280,17.940143,0.000000,45.000000,0.351265,0.004120,-0.044426,1,4.583857,1.126413,1.104944,0.995522,0.995522,1.829735,0.029047,0.995522,0.995522,0.150303,1.650386,1.087583,0.986866,inf,nan,0.000000,0.986866,0.986866,0.986866,0.586385,0.173915,1.002449,0.589680,0.172819,-0.000000,0.000000,3.213774,10,2
1780645141.495561,dhocbf_fixed,0.011585,16.661115,-0.124863,3.210202,1.606765,-0.017075,18.261133,0.000000,45.000000,0.325436,0.001841,-0.042476,1,4.439547,1.403803,1.379621,1.266096,1.266096,1.988186,0.029031,1.266096,1.266096,0.150244,1.808911,1.363979,1.264722,inf,nan,0.000000,1.264722,1.264722,1.264722,0.680540,0.192220,1.280034,0.683182,0.190544,-0.000000,0.000000,3.212629,10,2
1780645141.609248,dhocbf_fixed,0.000726,16.982144,-0.092319,3.210386,1.596811,-0.016870,18.582156,0.000000,45.000000,-0.348616,1.714944,-0.040632,1,6.426120,1.695016,1.668541,1.552412,1.552412,1.625677,0.029020,1.445767,1.445767,0.150198,1.446459,1.654601,1.555109,inf,nan,0.000000,1.555109,1.555109,1.555109,0.563259,-0.001739,1.569427,0.569128,0.000000,-0.000000,0.000001,3.211713,10,2
1780645141.690992,dhocbf_fixed,-0.010249,17.311757,-0.127181,3.381880,1.582857,-0.016660,18.911762,0.000000,45.000000,2.450045,-3.734616,-0.038412,1,4.737282,2.061410,2.030189,1.915717,1.915717,1.590335,0.030384,1.400868,1.400868,0.159083,1.400868,1.964303,1.860944,inf,nan,0.000000,1.860944,1.860944,1.860944,0.538419,-0.029111,1.880330,0.544291,0.000000,-0.000000,0.000001,3.384271,10,2
1780645141.807884,dhocbf_fixed,-0.010717,17.631272,0.117824,3.008418,1.489478,-0.016456,19.231276,0.000000,45.000000,4.641115,-0.939250,-0.027421,1,4.772888,2.180162,2.180310,2.068563,2.068563,1.627868,0.027518,1.460313,1.460313,0.140037,1.460313,2.071181,1.971378,inf,nan,0.000000,1.971378,1.971378,1.971378,0.565176,-0.024806,1.986142,0.570144,0.000000,-0.000000,0.004803,3.010725,10,2
1780645141.889810,dhocbf_fixed,0.024271,17.927418,0.581935,2.914493,1.505350,-0.016267,19.527444,0.000000,45.000000,-2.594748,1.243512,-0.026247,1,4.039757,2.415796,2.476437,2.366475,2.366475,1.631497,0.027251,1.466143,1.466143,0.138103,1.466143,2.055339,1.952895,inf,nan,0.000000,1.952895,1.952895,1.952895,0.575078,0.101950,1.968055,0.580693,0.104102,-0.000000,0.000000,2.972023,10,2
1780645142.005332,dhocbf_fixed,0.069491,18.225085,0.322460,3.038845,1.524719,-0.016077,19.825140,0.000000,45.000000,-2.388935,0.856142,-0.027874,1,4.486603,2.262832,2.307205,2.200207,2.200207,1.487470,0.027895,1.317271,1.317271,0.142303,1.317271,1.760928,1.659456,inf,nan,0.000000,1.659456,1.659456,1.659456,0.477094,0.078147,1.678515,0.483871,0.078318,-0.000000,0.000000,3.055905,10,2
1780645142.085719,dhocbf_fixed,0.089792,18.533250,0.083567,3.124459,1.558921,-0.015880,20.133318,0.000000,45.000000,-1.492071,0.447048,-0.031826,1,3.517338,2.146036,2.203869,2.094885,2.094885,1.510462,0.028437,1.336207,1.336207,0.145818,1.336207,1.806606,1.705892,inf,nan,0.000000,1.705892,1.705892,1.705892,0.474926,0.088621,1.724884,0.482319,0.089014,-0.000000,0.000000,3.125576,10,2
1780645142.213761,dhocbf_fixed,0.090688,18.847931,-0.065640,3.169164,1.594307,-0.015679,20.447999,0.000000,45.000000,-0.768401,0.217802,-0.036464,1,8.796607,2.050815,2.127106,2.014749,2.014749,1.559726,0.028772,1.382889,1.382889,0.148064,1.382889,1.846416,1.746419,inf,nan,0.000000,1.746419,1.746419,1.746419,0.481621,0.105339,1.764820,0.490065,0.105820,-0.000000,0.000000,3.169843,10,2
1780645142.290988,dhocbf_fixed,0.080282,19.165936,-0.142480,3.190944,1.615896,-0.015476,20.765998,0.000000,45.000000,-0.278318,0.103797,-0.039740,1,4.142210,1.983976,2.079472,1.965357,1.965357,1.628524,0.028944,1.450280,1.450280,0.149300,1.450280,1.879081,1.778592,inf,nan,0.000000,1.778592,1.778592,1.778592,0.499403,0.125621,1.796201,0.507364,0.125898,-0.000000,0.000000,3.194123,10,2
1780645142.409547,dhocbf_fixed,0.064643,19.485550,-0.170312,3.201323,1.623632,-0.015272,21.085601,0.000000,45.000000,0.023252,0.049046,-0.041147,1,3.534618,1.949769,2.062034,1.946442,1.946442,1.710839,0.029016,1.531925,1.531925,0.149898,1.531925,1.900878,1.800172,inf,nan,0.000000,1.800172,1.800172,1.800172,0.533271,0.146234,1.816873,0.540260,0.144371,-0.000000,0.000000,3.205851,10,2
1780645142.509391,dhocbf_fixed,0.047728,19.805927,-0.167987,3.206228,1.622032,-0.015067,21.405968,0.000000,45.000000,0.188122,0.023052,-0.041061,1,9.108381,1.971069,2.091024,1.970621,1.970621,1.673377,0.029036,1.494198,1.494198,0.150142,1.494198,1.931224,1.830534,inf,nan,0.000000,1.830534,1.830534,1.830534,0.577100,0.064856,1.843482,0.583172,0.068178,-0.000000,0.000000,3.210626,10,2
1780645142.612148,dhocbf_fixed,0.031870,20.126665,-0.149175,3.208533,1.615455,-0.014862,21.726696,0.000000,45.000000,0.260151,0.010810,-0.040059,1,7.218915,2.027291,2.128839,2.015184,2.015184,1.568874,0.029035,1.389626,1.389626,0.150212,1.389626,1.973166,1.873449,inf,nan,0.000000,1.873449,1.873449,1.873449,0.522429,0.010170,1.893115,0.528301,0.013685,-0.000000,0.000001,3.211999,10,2
1780645142.695284,dhocbf_fixed,0.018253,20.447573,-0.123160,3.209614,1.606956,-0.014657,22.047594,0.000000,45.000000,0.272990,0.004521,-0.038627,1,4.332192,2.118493,2.201205,2.087393,2.087393,1.482051,0.029028,1.302812,1.302812,0.150211,1.302812,1.809742,1.706811,inf,nan,0.000000,1.706811,1.706811,1.706811,0.478215,0.000912,1.699544,0.474450,0.002070,-0.000000,0.000000,3.211976,10,2
1780645142.823034,dhocbf_fixed,0.007302,20.768557,-0.095861,3.210066,1.598371,-0.014452,22.368571,0.000000,45.000000,-1.437109,-2.111475,-0.037108,1,13.796101,2.247596,2.304904,2.195974,2.195974,1.401702,0.029020,1.222496,1.222496,0.150187,1.222496,1.675893,1.571851,inf,nan,0.000000,1.571851,1.571851,1.571851,0.432159,-0.003622,1.572407,0.434363,0.000000,-0.000000,0.000000,3.211497,10,2
1780645142.900287,dhocbf_fixed,-0.009470,21.079006,-0.239572,2.998919,1.622024,-0.014254,22.679010,0.000000,45.000000,-5.409516,-4.205297,-0.039044,1,7.604908,2.172010,2.205706,2.099798,2.099798,1.355569,0.027501,1.188144,1.188144,0.139924,1.188144,1.628156,1.516290,inf,nan,0.000000,1.516290,1.516290,1.516290,0.401432,-0.005424,1.523509,0.405329,0.000000,-0.000000,0.002155,3.008473,10,2
1780645143.018525,dhocbf_fixed,-0.060475,21.357872,-0.780523,2.578389,1.771130,-0.014076,22.957842,0.000000,45.000000,3.470616,2.489004,-0.055510,1,8.609969,1.878609,1.873255,1.763069,1.763069,1.858041,0.025362,1.704335,1.704335,0.124431,1.708248,1.841402,1.724394,inf,nan,0.000000,1.724394,1.724394,1.724394,0.528247,0.162686,1.727978,0.536888,0.162345,-0.000000,0.000001,2.693939,10,2
1780645143.096904,dhocbf_fixed,-0.121174,21.628156,-0.433462,2.827290,1.719053,-0.013904,23.228087,0.000000,45.000000,3.140933,1.887924,-0.053606,1,5.401278,2.196910,2.245439,2.137873,2.137873,1.335962,0.026531,1.176866,1.176866,0.132565,1.176866,1.526983,1.427691,inf,nan,0.000000,1.427691,1.427691,1.427691,0.410625,0.059154,1.431250,0.413539,0.057049,-0.000000,0.000000,2.860324,10,2
1780645143.210622,dhocbf_fixed,-0.148815,21.920324,-0.119368,3.016082,1.654576,-0.013717,23.520238,0.000000,45.000000,1.969725,1.004459,-0.045765,1,4.764732,2.055997,2.118109,2.009378,2.009378,1.328273,0.027690,1.160160,1.160160,0.140423,1.160160,1.528359,1.426133,inf,nan,0.000000,1.426133,1.426133,1.426133,0.401688,0.064169,1.438859,0.405171,0.062741,-0.000000,0.000000,3.018443,10,2
1780645143.297467,dhocbf_fixed,-0.150903,22.226955,0.077604,3.116528,1.582215,-0.013521,23.826867,0.000000,45.000000,1.027517,0.492040,-0.035631,1,4.007284,1.900653,1.981985,1.871749,1.871749,1.356725,0.028423,1.182893,1.182893,0.145409,1.182893,1.562832,1.461724,inf,nan,0.000000,1.461724,1.461724,1.461724,0.400899,0.070385,1.472415,0.400108,0.075160,-0.000000,0.000000,3.117494,10,2
1780645143.447490,dhocbf_fixed,-0.138005,22.541068,0.180356,3.165732,1.534365,-0.013321,24.140988,0.000000,45.000000,0.387361,0.235105,-0.027659,1,6.901892,1.776515,1.874254,1.763109,1.763109,1.362443,0.028805,1.185522,1.185522,0.148116,1.185522,1.573222,1.473229,inf,nan,0.000000,1.473229,1.473229,1.473229,0.395232,0.049536,1.483645,0.397916,0.054531,-0.000000,0.000000,3.170865,10,2
1780645143.494915,dhocbf_fixed,-0.118033,22.858816,0.219092,3.189242,1.512624,-0.013118,24.458750,0.000000,45.000000,-0.294994,0.378857,-0.023120,1,7.473178,1.671051,1.786658,1.671966,1.671966,1.222952,0.028973,1.044544,1.044544,0.149435,1.044544,1.377070,1.265272,inf,nan,0.000000,1.265272,1.265272,1.265272,0.328545,-0.004248,1.281076,0.333380,0.000003,-0.000000,0.000001,3.196759,10,2
1780645143.617182,dhocbf_fixed,-0.097599,23.179635,0.189593,3.227128,1.507414,-0.012913,24.779581,0.000000,45.000000,0.771474,-0.680990,-0.021293,1,13.573798,1.614051,1.753022,1.638769,1.638769,1.108277,0.029226,0.927781,0.927781,0.151270,0.927781,1.190963,1.087540,inf,nan,0.000000,1.087540,1.087540,1.087540,0.269110,-0.001628,1.097692,0.271919,0.000000,-0.000000,0.000001,3.232693,10,2
1780645143.698802,dhocbf_fixed,-0.074782,23.498943,0.266740,3.159029,1.507871,-0.012709,25.098903,0.000000,45.000000,2.206297,-1.599037,-0.020750,1,5.617761,1.607122,1.752950,1.633045,1.633045,1.012076,0.028725,0.835265,0.835265,0.148086,0.835265,1.012449,0.913818,inf,nan,0.000000,0.913818,0.913818,0.913818,0.206340,-0.003127,0.923031,0.208577,0.000000,-0.000000,0.002303,3.170270,10,2
1780645143.805649,dhocbf_fixed,-0.037077,23.806850,0.487370,2.999125,1.487624,-0.012512,25.406835,0.000000,45.000000,3.170791,-3.206488,-0.018246,1,8.001111,1.647412,1.764570,1.651480,1.651480,0.948908,0.027722,0.779759,0.779759,0.141427,0.779759,0.836413,0.734007,inf,nan,0.000000,0.734007,0.734007,0.734007,0.149884,-0.004949,0.732740,0.147209,0.000000,-0.000000,0.004416,3.038467,10,2
1780645143.896109,dhocbf_fixed,0.027514,24.090730,0.804449,2.678477,1.430512,-0.012331,25.690756,0.000000,45.000000,0.416683,-1.528084,-0.011315,1,4.339081,1.670670,1.781074,1.649498,1.649498,0.889077,0.026037,0.733604,0.733604,0.129437,0.733604,0.674328,0.564002,inf,nan,0.000000,0.564002,0.564002,0.564002,0.100411,-0.006698,0.573348,0.104313,0.000000,-0.000000,0.004925,2.796672,10,2
1780645144.014085,dhocbf_fixed,0.110042,24.350938,0.846117,2.525668,1.513674,-0.012165,25.951016,0.000000,45.000000,-4.006604,2.442935,-0.018564,1,4.925319,1.613609,1.607884,1.502299,1.502299,0.910766,0.025253,0.762549,0.762549,0.122964,0.762549,0.650701,0.551788,inf,nan,0.000000,0.551788,0.551788,0.551788,0.125929,0.000755,0.550453,0.129715,0.000000,-0.000000,0.000000,2.663628,10,2
1780645144.093948,dhocbf_fixed,0.174621,24.615719,0.445457,2.769962,1.498264,-0.011996,26.215839,0.000000,45.000000,-3.227113,1.872448,-0.018557,1,3.408850,1.451364,1.460675,1.356120,1.356120,0.911658,0.026314,0.755472,0.755472,0.129872,0.755472,0.663850,0.562810,inf,nan,0.000000,0.562810,0.562810,0.562810,0.150393,0.000857,0.565646,0.147895,0.000000,-0.000000,0.000001,2.805552,10,2
1780645144.234488,dhocbf_fixed,0.203031,24.902078,0.122745,2.957207,1.543192,-0.011813,26.502215,0.000000,45.000000,-2.701412,1.266625,-0.023329,1,11.627294,1.273477,1.295353,1.190491,1.190491,0.925739,0.027455,0.760792,0.760792,0.137492,0.760792,0.718314,0.613624,inf,nan,0.000000,0.613624,0.613624,0.613624,0.138019,0.007493,0.617248,0.135802,0.004248,-0.000000,0.000000,2.959753,10,2
1780645144.295470,dhocbf_fixed,0.201799,25.204131,-0.147396,3.083869,1.595427,-0.011620,26.804268,0.000000,45.000000,-1.450056,0.658757,-0.030061,1,3.794906,1.082406,1.121670,1.015271,1.015271,0.971528,0.028377,0.799247,0.799247,0.143889,0.799262,0.750188,0.646986,inf,nan,0.000000,0.646986,0.646986,0.646986,0.128676,0.032286,0.643652,0.128606,0.028667,-0.000000,0.000000,3.087389,10,2
1780645144.413078,dhocbf_fixed,0.179809,25.515812,-0.292402,3.149745,1.643769,-0.011421,27.115935,0.000000,45.000000,-0.514518,0.320435,-0.036815,1,4.771397,0.922485,0.992331,0.881000,0.881000,1.050107,0.028888,0.857194,0.857194,0.147731,0.873488,0.750450,0.649914,inf,nan,0.000000,0.649914,0.649914,0.649914,0.134085,0.064104,0.644224,0.129288,0.061168,-0.000000,0.000000,3.163288,10,2
1780645144.496288,dhocbf_fixed,0.147996,25.832389,-0.343853,3.181788,1.667210,-0.011219,27.432491,0.000000,45.000000,0.069480,0.152535,-0.040821,1,3.647662,0.820699,0.924454,0.814043,0.814043,1.156799,0.029097,0.813952,0.813952,0.149616,0.978086,0.750637,0.650162,inf,nan,0.000000,0.650162,0.650162,0.650162,0.172381,0.079582,0.645487,0.165799,0.090056,-0.000000,0.000000,3.200314,10,2
1780645144.627376,dhocbf_fixed,0.113958,26.151330,-0.336905,3.197042,1.668856,-0.011015,27.751410,0.000000,45.000000,0.387606,0.071985,-0.041740,1,9.888902,0.784217,0.904191,0.784327,0.784327,1.283810,0.029145,0.784327,0.784327,0.150353,1.104313,0.750438,0.646610,inf,nan,0.000000,0.646610,0.646610,0.646610,0.226854,0.094059,0.640426,0.233865,0.101456,-0.000000,0.000000,3.214744,10,2
1780645144.706002,dhocbf_fixed,0.082206,26.471394,-0.298145,3.204240,1.657949,-0.010811,28.071454,0.000000,45.000000,0.524147,0.033782,-0.040514,1,5.215940,0.799495,0.913490,0.803004,0.803004,1.402334,0.029125,0.803004,0.803004,0.150523,1.222686,0.787237,0.675731,inf,nan,0.000000,0.675731,0.675731,0.675731,0.310821,0.105189,0.679587,0.320070,0.114991,-0.000000,0.000000,3.218081,10,2
1780645144.828521,dhocbf_fixed,0.055012,26.791987,-0.245730,3.207618,1.641933,-0.010606,28.392029,0.000000,45.000000,0.545802,0.015753,-0.038204,1,8.559655,0.924200,0.981832,0.872741,0.872741,1.524520,0.029088,0.872741,0.872741,0.150469,1.344963,0.885057,0.785967,inf,nan,0.000000,0.785967,0.785967,0.785967,0.412533,0.122482,0.789204,0.418777,0.130621,-0.000000,0.000000,3.217017,10,2
1780645144.895693,dhocbf_fixed,0.033168,27.112828,-0.191150,3.209194,1.625271,-0.010401,28.712856,0.000000,45.000000,0.501544,0.007276,-0.035567,1,3.682039,1.100652,1.120697,1.015973,1.015973,1.650145,0.029055,1.015973,1.015973,0.150360,1.470730,1.062346,0.961925,inf,nan,0.000000,0.961925,0.961925,0.961925,0.511977,0.141109,0.971733,0.508405,0.144056,-0.000000,0.000000,3.214881,10,2
1780645145.023017,dhocbf_fixed,0.016561,27.433784,-0.140996,3.209921,1.610218,-0.010196,29.033801,0.000000,45.000000,0.425325,0.003312,-0.033041,1,6.035540,1.318670,1.317243,1.212346,1.212346,1.779913,0.029033,1.212346,1.212346,0.150264,1.600616,1.288606,1.180240,inf,nan,0.000000,1.180240,1.180240,1.180240,0.605759,0.152109,1.182392,0.589079,0.159364,-0.000000,0.000000,3.213016,10,2
1780645145.098150,dhocbf_fixed,0.004588,27.754792,-0.098463,3.210252,1.597696,-0.009991,29.354802,0.000000,45.000000,0.339254,0.001473,-0.030834,1,3.879520,1.568048,1.554275,1.447276,1.447276,1.902598,0.029020,1.447274,1.447274,0.150200,1.723378,1.536963,1.428224,inf,nan,0.000000,1.428224,1.428224,1.428224,0.673513,0.170750,1.414765,0.666576,0.175831,-0.000000,0.000000,3.211762,10,2
1780645145.205186,dhocbf_fixed,-0.003562,28.075825,-0.064538,3.210400,1.587897,-0.009786,29.675829,0.000000,45.000000,0.256597,0.000633,-0.029017,1,3.960813,1.811026,1.814591,1.705549,1.705549,2.035148,0.029013,1.705401,1.705401,0.150164,1.855971,1.774253,1.670110,inf,nan,0.000000,1.670110,1.670110,1.670110,0.738804,0.190908,1.654540,0.741857,0.192055,-0.000000,0.000000,3.211048,10,2
1780645145.291872,dhocbf_fixed,-0.008733,28.396868,-0.038878,3.210463,1.580626,-0.009581,29.996869,0.000000,45.000000,0.884377,-0.757795,-0.027585,1,3.702023,1.938866,1.921628,1.809597,1.809597,0.932195,0.029010,0.753038,0.753038,0.150146,0.753038,0.722138,0.615048,inf,nan,0.000000,0.615048,0.615048,0.615048,0.152984,0.001389,0.630261,0.157055,0.000000,-0.000000,0.000003,3.210698,10,2
1780645145.406717,dhocbf_fixed,-0.008199,28.714125,0.049560,3.134684,1.568579,-0.009378,30.314126,0.000000,45.000000,0.701822,-0.399316,-0.025738,1,4.877882,1.661934,1.647072,1.538484,1.538484,0.915626,0.028434,0.740892,0.740892,0.146299,0.740892,0.640942,0.542324,inf,nan,0.000000,0.542324,0.542324,0.542324,0.133215,-0.001268,0.554995,0.138086,0.000000,-0.000000,0.000004,3.135075,10,2
1780645145.492141,dhocbf_fixed,0.000266,29.025597,0.119742,3.094752,1.567303,-0.009179,30.625603,0.000000,45.000000,0.096006,0.168144,-0.024972,1,3.268596,1.395750,1.390740,1.284564,1.284564,0.913331,0.028151,0.740803,0.740803,0.144377,0.740803,0.649118,0.550339,inf,nan,0.000000,0.550339,0.550339,0.550339,0.113268,-0.001232,0.551703,0.117704,0.000000,-0.000000,0.000001,3.097068,10,2
1780645145.606939,dhocbf_fixed,0.012720,29.335913,0.129343,3.111566,1.572640,-0.008981,30.935927,0.000000,45.000000,-0.760146,0.451981,-0.025203,1,4.499835,1.146764,1.167554,1.062986,1.062986,0.924173,0.028282,0.750645,0.750645,0.145245,0.750646,0.645548,0.548019,inf,nan,0.000000,0.548019,0.548019,0.548019,0.091134,0.008181,0.560759,0.095364,0.008049,-0.000000,0.000000,3.114253,10,2
1780645145.694945,dhocbf_fixed,0.021854,29.649330,0.053328,3.156764,1.575497,-0.008781,31.249349,0.000000,45.000000,-0.566804,0.272783,-0.025410,1,4.116273,0.943298,0.988475,0.883419,0.883419,0.949237,0.028608,0.772609,0.772609,0.147423,0.773207,0.650934,0.552383,inf,nan,0.000000,0.552383,0.552383,0.552383,0.085479,0.033912,0.561780,0.089648,0.037284,-0.000000,0.000000,3.157215,10,2
1780645145.810649,dhocbf_fixed,0.024352,29.966370,-0.003352,3.184043,1.581805,-0.008579,31.566391,0.000000,45.000000,-0.321103,0.138216,-0.025986,1,4.587761,0.791239,0.858240,0.747873,0.747873,0.982685,0.028813,0.744254,0.744254,0.148787,0.805085,0.647998,0.548207,inf,nan,0.000000,0.548207,0.548207,0.548207,0.099095,0.039741,0.556419,0.102887,0.047794,-0.000000,0.000000,3.184045,10,2
1780645145.893614,dhocbf_fixed,0.022412,30.285465,-0.035463,3.197864,1.586593,-0.008375,31.885485,0.000000,45.000000,-0.140966,0.066718,-0.026485,1,3.735763,0.691171,0.796118,0.686460,0.686460,1.032746,0.028920,0.686379,0.686379,0.149501,0.854325,0.642442,0.542520,inf,nan,0.000000,0.542520,0.542520,0.542520,0.154529,0.052030,0.551686,0.152920,0.054384,-0.000000,0.000000,3.198061,10,2
1780645145.995530,dhocbf_fixed,0.018161,30.605585,-0.049559,3.204536,1.588386,-0.008170,32.205602,0.000000,45.000000,-0.025142,0.031694,-0.026635,1,6.612055,0.669169,0.785071,0.673529,0.673529,1.121570,0.028971,0.673527,0.673527,0.149851,0.942749,0.631535,0.531757,inf,nan,0.000000,0.531757,0.531757,0.531757,0.223725,0.058403,0.542306,0.208356,0.063014,-0.000000,0.000000,3.204919,10,2
1780645146.097795,dhocbf_fixed,0.013079,30.926197,-0.052074,3.207706,1.587754,-0.007966,32.526211,0.000000,45.000000,0.041822,0.014958,-0.026433,1,4.144671,0.738989,0.816087,0.701535,0.701535,1.233391,0.028994,0.701535,0.701535,0.150015,1.054383,0.701743,0.590968,inf,nan,0.000000,0.590968,0.590968,0.590968,0.247659,0.080954,0.583366,0.238784,0.091110,-0.000000,0.000000,3.208128,10,2
1780645146.213009,dhocbf_fixed,0.008081,31.247043,-0.047891,3.209201,1.585667,-0.007761,32.847053,0.000000,45.000000,0.074642,0.007027,-0.025986,1,5.461036,0.819365,0.896349,0.782973,0.782973,1.361355,0.029003,0.782973,0.782973,0.150088,1.182264,0.787068,0.681249,inf,nan,0.000000,0.681249,0.681249,0.681249,0.307358,0.116667,0.670826,0.311266,0.118074,-0.000000,0.000000,3.209559,10,2
1780645146.295365,dhocbf_fixed,0.003665,31.567998,-0.040427,3.209904,1.582938,-0.007556,33.168006,0.000000,45.000000,0.085137,0.003283,-0.025410,1,4.294163,0.937765,1.001130,0.894256,0.894256,1.500349,0.029007,0.894256,0.894256,0.150118,1.321223,0.911371,0.799206,inf,nan,0.000000,0.799206,0.799206,0.799206,0.373012,0.133767,0.785334,0.388104,0.134808,-0.000000,0.000000,3.210159,10,2
1780645146.411850,dhocbf_fixed,0.000048,31.889005,-0.031913,3.210232,1.580119,-0.007351,33.489010,0.000000,45.000000,0.082177,0.001521,-0.024796,1,5.072057,1.081559,1.129550,1.022027,1.022027,1.643359,0.029008,1.022027,1.022027,0.150130,1.464220,1.042941,0.943112,inf,nan,0.000000,0.943112,0.943112,0.943112,0.467023,0.150756,0.947145,0.476588,0.151861,-0.000000,0.000000,3.210391,10,2
1780645146.494823,dhocbf_fixed,-0.002733,32.210036,-0.023696,3.210384,1.577536,-0.007146,33.810039,0.000000,45.000000,0.072067,0.000696,-0.024203,1,4.315515,1.262226,1.268403,1.163912,1.163912,1.787513,0.029009,1.163912,1.163912,0.150134,1.608370,1.224772,1.121707,inf,nan,0.000000,1.121707,1.121707,1.121707,0.563103,0.167756,1.113026,0.564316,0.168368,-0.000000,0.000000,3.210472,10,2
1780645146.610317,dhocbf_fixed,-0.004742,32.531078,-0.016489,3.210454,1.575346,-0.006941,34.131079,0.000000,45.000000,0.059037,0.000312,-0.023661,1,10.264086,1.479896,1.481201,1.374678,1.374678,1.932868,0.029009,1.374678,1.374678,0.150136,1.753724,1.444873,1.340370,inf,nan,0.000000,1.340370,1.340370,1.340370,0.648041,0.184821,1.334165,0.652688,0.185521,-0.000000,0.000000,3.210496,10,2
1780645146.696088,dhocbf_fixed,-0.006096,32.852125,-0.010585,3.210485,1.573600,-0.006736,34.452125,0.000000,45.000000,0.045734,0.000132,-0.023183,1,4.848550,1.719919,1.708704,1.600899,1.600899,2.039645,0.029009,1.600896,1.600896,0.150136,1.860500,1.691380,1.579253,inf,nan,0.000000,1.579253,1.579253,1.579253,0.737562,0.091267,1.572369,0.740029,0.090927,-0.000000,0.000000,3.210503,10,2
1780645146.815812,dhocbf_fixed,-0.006926,33.173174,-0.006012,3.210498,1.572278,-0.006531,34.773174,0.000000,45.000000,0.033658,0.000026,-0.022772,1,6.947148,1.975745,1.960169,1.852435,1.852435,1.979014,0.029009,1.795657,1.795657,0.150136,1.799869,1.944758,1.836209,inf,nan,0.000000,1.836209,1.836209,1.836209,0.763263,0.032067,1.838139,0.763994,0.025207,-0.000000,0.000000,3.210504,10,2
1780645146.906912,dhocbf_fixed,-0.007358,33.494224,-0.002646,3.210501,1.571327,-0.006326,35.094223,0.000000,45.000000,0.511734,-1.322736,-0.022418,1,7.945086,2.234661,2.215467,2.105965,2.105965,1.930640,0.029009,1.751495,1.751495,0.150136,1.751495,2.200131,2.095165,inf,nan,0.000000,2.095165,2.095165,2.095165,0.738971,0.000827,2.103005,0.739586,0.000000,-0.000000,0.000002,3.210502,10,2
1780645147.015696,dhocbf_fixed,-0.005064,33.808660,0.048527,3.078227,1.563650,-0.006125,35.408661,0.000000,45.000000,-0.029357,0.044873,-0.021350,1,9.672184,2.337757,2.320693,2.212218,2.212218,1.903289,0.028013,1.731829,1.731829,0.143446,1.731829,2.305850,2.198110,inf,nan,0.000000,2.198110,2.198110,2.198110,0.718631,0.015767,2.215684,0.719064,0.000005,-0.000000,0.000001,3.078610,10,2
1780645147.098121,dhocbf_fixed,-0.000358,34.116707,0.045591,3.082715,1.567931,-0.005928,35.716711,0.000000,45.000000,5.081470,-3.204493,-0.021413,1,8.158479,2.749266,2.749078,2.636293,2.636293,1.878779,0.028047,1.707063,1.707063,0.143670,1.707063,2.559930,2.457376,inf,nan,0.000000,2.457376,2.457376,2.457376,0.698843,-0.010747,2.463617,0.701828,0.000000,-0.000000,0.004794,3.083052,10,2
1780645147.211088,dhocbf_fixed,0.029608,34.408956,0.553738,2.762265,1.438485,-0.005742,36.008979,0.000000,45.000000,-2.390217,1.748629,-0.007221,1,8.775617,1.985936,2.098759,1.982840,1.982840,1.958555,0.026173,1.801887,1.801887,0.130445,1.801938,1.952730,1.846304,inf,nan,0.000000,1.846304,1.846304,1.846304,0.593216,0.183671,1.850368,0.597821,0.184527,-0.000000,0.000000,2.817221,10,2
1780645147.292112,dhocbf_fixed,0.073031,34.693926,0.314717,2.937128,1.483921,-0.005560,36.293976,0.000000,45.000000,-2.277020,1.345651,-0.008549,1,4.021306,2.928999,3.000515,2.889610,2.889610,1.565534,0.027152,1.401180,1.401180,0.137202,1.401180,1.948100,1.843396,inf,nan,0.000000,1.843396,1.843396,1.843396,0.511099,0.048661,1.839832,0.508253,0.059376,-0.000000,0.000000,2.953941,10,2
1780645147.414694,dhocbf_fixed,0.093117,34.994367,0.087015,3.071693,1.528868,-0.005368,36.594430,0.000000,45.000000,-1.434943,0.718088,-0.013721,1,5.562823,2.832044,2.908736,2.796173,2.796173,1.582245,0.028036,1.411049,1.411049,0.143160,1.411049,2.022584,1.922434,inf,nan,0.000000,1.922434,1.922434,1.922434,0.524038,0.060465,1.936209,0.529774,0.062127,-0.000000,0.000000,3.072926,10,2
1780645147.488765,dhocbf_fixed,0.094644,35.305127,-0.056479,3.143502,1.575002,-0.005169,36.905191,0.000000,45.000000,-0.746392,0.352085,-0.019950,1,4.074872,2.748479,2.842342,2.725910,2.725910,1.907482,0.028568,1.732162,1.732162,0.146752,1.732162,2.544919,2.444101,inf,nan,0.000000,2.444101,2.444101,2.444101,0.703803,0.137639,2.452784,0.705938,0.144108,-0.000000,0.000000,3.144010,10,2
1780645147.628380,dhocbf_fixed,0.085264,35.621237,-0.131119,3.178711,1.604078,-0.004967,37.221295,0.000000,45.000000,-0.277874,0.168179,-0.024545,1,11.214157,2.667588,2.770392,2.655947,2.655947,1.946276,0.028840,1.768783,1.768783,0.148653,1.768783,2.556469,2.456438,inf,nan,0.000000,2.456438,2.456438,2.456438,0.712973,0.148508,2.455220,0.708187,0.156804,-0.000000,0.000000,3.181414,10,2
1780645147.694916,dhocbf_fixed,0.070763,35.939949,-0.158906,3.195529,1.616249,-0.004764,37.539998,0.000000,45.000000,0.011729,0.079590,-0.026862,1,4.865732,2.619236,2.726307,2.611094,2.611094,1.967911,0.028962,1.789376,1.789376,0.149573,1.789376,2.553364,2.453293,inf,nan,0.000000,2.453293,2.453293,2.453293,0.718433,0.116945,2.454983,0.723837,0.124084,-0.000000,0.000000,3.199477,10,2
1780645147.824964,dhocbf_fixed,0.054931,36.259900,-0.157733,3.203488,1.617205,-0.004560,37.859939,0.000000,45.000000,0.171168,0.037498,-0.027373,1,11.041879,2.605370,2.727306,2.604770,2.604770,1.870038,0.029008,1.691054,1.691054,0.149976,1.691054,2.552008,2.451997,inf,nan,0.000000,2.451997,2.451997,2.451997,0.694959,0.069025,2.463018,0.700920,0.074630,-0.000000,0.000000,3.207368,10,2
1780645147.896155,dhocbf_fixed,0.040014,36.580436,-0.140616,3.207237,1.612175,-0.004355,38.180465,0.000000,45.000000,0.241822,0.017551,-0.026778,1,6.082272,2.605636,2.718676,2.601743,2.601743,1.745581,0.029021,1.566434,1.566434,0.150127,1.566434,2.312360,2.210297,inf,nan,0.000000,2.210297,2.210297,2.210297,0.615553,0.020265,2.221933,0.621440,0.015697,-0.000000,0.000000,3.210319,10,2
1780645147.998086,dhocbf_fixed,0.027161,36.901248,-0.116434,3.208993,1.604688,-0.004150,38.501268,0.000000,45.000000,-1.199541,-1.001052,-0.025641,1,5.088390,2.668624,2.766435,2.651977,2.651977,1.635167,0.029020,1.455980,1.455980,0.150167,1.455980,2.123960,2.023958,inf,nan,0.000000,2.023958,2.023958,2.023958,0.555127,0.005945,2.041225,0.561140,0.000001,-0.000000,0.000001,3.211104,10,2
1780645148.098297,dhocbf_fixed,0.009520,37.217142,-0.236388,3.108887,1.608986,-0.003948,38.817151,0.000000,45.000000,-2.071132,-1.939031,-0.025685,1,5.956124,2.742587,2.826436,2.712367,2.712367,1.525048,0.028307,1.351313,1.351313,0.145428,1.351313,1.919024,1.818781,inf,nan,0.000000,1.818781,1.818781,1.818781,0.484582,0.010219,1.820989,0.487778,0.000000,-0.000000,0.000002,3.117861,10,2
1780645148.204056,dhocbf_fixed,-0.024475,37.518336,-0.443501,2.914984,1.632396,-0.003756,39.118323,0.000000,45.000000,1.997247,1.165676,-0.028057,1,5.246719,2.819538,2.865969,2.745051,2.745051,1.442650,0.027075,1.278642,1.278642,0.136933,1.278642,1.739968,1.639375,inf,nan,0.000000,1.639375,1.639375,1.639375,0.444332,0.028393,1.646986,0.448534,0.048698,-0.000000,0.000000,2.948530,10,2
1780645148.289062,dhocbf_fixed,-0.058838,37.815662,-0.243777,3.031552,1.614082,-0.003566,39.415627,0.000000,45.000000,1.724828,0.881845,-0.026476,1,3.821117,2.704632,2.715158,2.609993,2.609993,1.316733,0.027759,1.147403,1.147403,0.141571,1.147403,1.491904,1.392652,inf,nan,0.000000,1.392652,1.392652,1.392652,0.367671,0.047193,1.409213,0.373443,0.048063,-0.000000,0.000000,3.041338,10,2
1780645148.411595,dhocbf_fixed,-0.074592,38.123227,-0.071294,3.119736,1.586632,-0.003370,39.723182,0.000000,45.000000,1.080742,0.468928,-0.022922,1,5.194489,2.498617,2.505216,2.400374,2.400374,1.123608,0.028357,0.949687,0.949687,0.145564,0.949687,1.114655,1.013210,inf,nan,0.000000,1.013210,1.013210,1.013210,0.237698,0.012274,1.029761,0.242949,0.026682,-0.000000,0.000000,3.120551,10,2
1780645148.487933,dhocbf_fixed,-0.076318,38.437545,0.036780,3.166629,1.558835,-0.003169,40.037499,0.000000,45.000000,0.618593,0.189627,-0.018859,1,3.996026,2.274616,2.289872,2.185009,2.185009,0.986225,0.028708,0.809605,0.809605,0.147912,0.809605,0.854860,0.747055,inf,nan,0.000000,0.747055,0.747055,0.747055,0.161914,-0.010262,0.756768,0.164443,0.000004,-0.000000,0.000001,3.166843,10,2
1780645148.633506,dhocbf_fixed,-0.069547,38.755156,0.098640,3.185592,1.541610,-0.002966,40.355114,0.000000,45.000000,-0.370579,-2.188380,-0.015846,1,14.112437,2.078844,2.079522,1.973213,1.973213,0.856050,0.028857,0.678249,0.678249,0.148943,0.678249,0.638147,0.533442,inf,nan,0.000000,0.533442,0.533442,0.533442,0.092046,-0.013046,0.540357,0.093470,0.000000,-0.000000,0.001652,3.187119,10,2
1780645148.694390,dhocbf_fixed,-0.061536,39.062773,0.061582,2.966754,1.541462,-0.002770,40.662736,0.000000,45.000000,-1.515781,-2.318302,-0.014974,1,5.517262,1.857238,1.830675,1.714733,1.714733,0.746332,0.027228,0.581232,0.581232,0.137872,0.581232,0.496950,0.400019,inf,nan,0.000000,0.400019,0.400019,0.400019,0.060511,-0.000616,0.397469,0.057617,0.000000,-0.000000,0.003477,2.967393,10,2
1780645148.818864,dhocbf_fixed,-0.062956,39.347857,-0.089996,2.734924,1.572082,-0.002588,40.947819,0.000000,45.000000,-1.624582,-0.630178,-0.017980,1,9.241315,1.588283,1.563918,1.450225,1.450225,0.691617,0.025648,0.539475,0.539475,0.126494,0.539475,0.419164,0.307002,inf,nan,0.000000,0.307002,0.307002,0.307002,0.046471,-0.003178,0.299478,0.041101,0.000000,-0.000000,0.003549,2.736404,10,2
1780645148.912158,dhocbf_fixed,-0.080079,39.618199,-0.252455,2.671906,1.561461,-0.002415,41.218150,0.000000,45.000000,-1.551960,0.015050,-0.017459,1,15.115763,1.345679,1.322534,1.211335,1.211335,0.686958,0.025322,0.537697,0.537697,0.123940,0.537697,0.339516,0.242424,inf,nan,0.000000,0.242424,0.242424,0.242424,0.035990,-0.003605,0.238233,0.037582,0.000000,-0.000000,0.003901,2.683806,10,2
1780645149.026744,dhocbf_fixed,-0.113084,39.885465,-0.407651,2.673411,1.540437,-0.002244,41.485394,0.000000,45.000000,-0.536052,0.769363,-0.014923,1,15.592072,1.123100,1.105001,0.996847,0.996847,0.690996,0.025494,0.540567,0.540567,0.124934,0.540567,0.357383,0.248575,inf,nan,0.000000,0.248575,0.248575,0.248575,0.046356,-0.001968,0.255113,0.049745,0.000000,-0.000000,0.002806,2.704312,10,2
1780645149.091556,dhocbf_fixed,-0.156529,40.156653,-0.461256,2.750347,1.514673,-0.002071,41.756554,0.000000,45.000000,1.178496,1.669601,-0.011435,1,4.094241,0.934058,0.925423,0.820030,0.820030,0.739241,0.026126,0.584058,0.584058,0.129049,0.584065,0.426905,0.325620,inf,nan,0.000000,0.325620,0.325620,0.325620,0.058587,0.004580,0.332554,0.055231,0.000000,-0.000000,0.000752,2.788757,10,2
1780645149.212234,dhocbf_fixed,-0.196763,40.440035,-0.343406,2.917307,1.511493,-0.001890,42.039911,0.000000,45.000000,3.348783,1.426153,-0.010118,1,10.482737,0.754474,0.770622,0.666282,0.666282,0.852047,0.027239,0.655456,0.655456,0.136382,0.688426,0.446892,0.349655,inf,nan,0.000000,0.349655,0.349655,0.349655,0.044935,0.016976,0.346790,0.042514,0.010704,-0.000000,0.000000,2.937450,10,2
1780645149.300119,dhocbf_fixed,-0.214359,40.738897,-0.008528,3.059923,1.529567,-0.001699,42.338761,0.000000,45.000000,2.084240,0.856310,-0.011691,1,9.138664,0.630276,0.692650,0.582296,0.582296,0.883816,0.028167,0.582004,0.582004,0.142506,0.713144,0.461542,0.362494,inf,nan,0.000000,0.362494,0.362494,0.362494,0.050758,-0.007187,0.361313,0.042761,0.000002,-0.000000,0.000001,3.059935,10,2
1780645149.423087,dhocbf_fixed,-0.204791,41.049171,0.199896,3.145554,1.500379,-0.001501,42.649041,0.000000,45.000000,2.182983,-0.692631,-0.008857,1,6.889786,0.525893,0.622007,0.510609,0.510609,0.861509,0.028827,0.510547,0.510547,0.147153,0.685529,0.447191,0.347874,inf,nan,0.000000,0.347874,0.347874,0.347874,0.078138,-0.007827,0.347868,0.083466,0.000000,-0.000000,0.000002,3.151899,10,2
1780645149.495966,dhocbf_fixed,-0.173886,41.360263,0.418194,3.076291,1.459202,-0.001303,42.960153,0.000000,45.000000,2.537434,-1.949269,-0.003609,1,6.122696,0.490021,0.621063,0.502725,0.502725,0.798789,0.028397,0.502340,0.502340,0.144757,0.625635,0.452927,0.353698,inf,nan,0.000000,0.353698,0.353698,0.353698,0.110292,-0.010401,0.351468,0.116482,0.000000,-0.000000,0.002193,3.104585,10,2
1780645149.621465,dhocbf_fixed,-0.119380,41.658146,0.671938,2.881364,1.417628,-0.001112,43.258070,0.000000,45.000000,3.367036,-2.675352,0.002253,1,5.538274,0.523461,0.612455,0.501421,0.501421,0.800172,0.027234,0.501161,0.501161,0.137438,0.635501,0.486952,0.386973,inf,nan,0.000000,0.386973,0.386973,0.386973,0.122529,-0.012386,0.392902,0.128086,0.000000,-0.000000,0.002603,2.958675,10,2
1780645149.698871,dhocbf_fixed,-0.035351,41.932905,1.008641,2.613829,1.385132,-0.000937,43.532883,0.000000,45.000000,2.343656,-1.457745,0.007282,1,5.072290,0.625797,0.668531,0.561511,0.561511,0.809459,0.026067,0.560399,0.560399,0.129683,0.653709,0.588122,0.488260,inf,nan,0.000000,0.488260,0.488260,0.488260,0.144631,-0.017378,0.500447,0.151184,0.000000,-0.000000,0.002685,2.801688,10,2
1780645149.815058,dhocbf_fixed,0.077232,42.186999,1.243007,2.468054,1.445715,-0.000775,43.787049,0.000000,45.000000,-4.968226,3.237741,0.001857,1,5.042641,0.754891,0.751554,0.645259,0.645259,0.873656,0.025844,0.643244,0.643244,0.127810,0.720002,0.667269,0.565500,inf,nan,0.000000,0.565500,0.565500,0.565500,0.151446,0.007531,0.577299,0.155866,0.000000,-0.000000,0.000000,2.763396,10,2
1780645149.886374,dhocbf_fixed,0.176691,42.449993,0.746184,2.791828,1.413454,-0.000607,44.050107,0.000000,45.000000,-5.265607,2.103346,0.004028,1,3.563601,0.763048,0.865428,0.749715,0.749715,0.975329,0.026868,0.746894,0.746894,0.134022,0.814439,0.695154,0.597106,inf,nan,0.000000,0.597106,0.597106,0.597106,0.167403,0.023820,0.595923,0.160346,0.023561,-0.000000,0.000000,2.889826,10,2
1780645150.009543,dhocbf_fixed,0.224982,42.739693,0.219624,3.002163,1.473500,-0.000422,44.339837,0.000000,45.000000,-3.428115,1.049521,-0.002020,1,7.365198,0.735981,0.865064,0.741962,0.741962,0.947798,0.027847,0.735253,0.735253,0.140010,0.779941,0.685431,0.587575,inf,nan,0.000000,0.587575,0.587575,0.587575,0.169090,-0.003737,0.586607,0.169022,0.000001,-0.000000,0.000000,3.010185,10,2
1780645150.087935,dhocbf_fixed,0.229803,43.045157,-0.123188,3.107115,1.567332,-0.000227,44.645304,0.000000,45.000000,-3.063697,-0.420219,-0.013710,1,4.065410,0.733086,0.853983,0.733516,0.733516,0.938187,0.028590,0.725217,0.725217,0.145008,0.764589,0.693086,0.593423,inf,nan,0.000000,0.593423,0.593423,0.593423,0.192820,-0.003467,0.590267,0.198681,0.000001,-0.000000,0.000002,3.109556,10,2
1780645150.214129,dhocbf_fixed,0.202166,43.353767,-0.429558,3.065093,1.653128,-0.000029,44.953897,0.000000,45.000000,-3.661587,-1.864403,-0.025888,1,5.935943,0.784739,0.888346,0.776569,0.776569,0.932159,0.028404,0.746962,0.746962,0.144275,0.759481,0.755473,0.646801,inf,nan,0.000000,0.646801,0.646801,0.646801,0.200730,-0.001101,0.647205,0.198177,0.000000,-0.000000,0.000004,3.095047,10,2
1780645150.287295,dhocbf_fixed,0.140902,43.650954,-0.795716,2.878653,1.727729,0.000000,45.000000,0.000000,45.000000,-1.158843,-2.912544,-0.036913,1,4.441591,0.857465,0.939730,0.825628,0.825628,0.924141,0.022662,0.759657,0.759657,0.138831,0.762648,0.792917,0.691913,inf,nan,0.000000,0.691913,0.691913,0.691913,0.200969,0.004486,0.686044,0.200024,0.000000,-0.000000,0.000001,2.986604,10,2
1780645150.406623,dhocbf_fixed,0.055537,43.924257,-0.911601,2.587398,1.741011,0.000000,45.000000,0.000000,45.000000,3.464604,-2.122964,-0.040880,1,4.161396,0.964690,1.008232,0.896929,0.896929,0.928228,0.016573,0.784267,0.784267,0.126829,0.784826,0.791491,0.689561,inf,nan,0.000000,0.689561,0.689561,0.689561,0.197663,0.009097,0.682281,0.195789,0.007498,-0.000000,0.000000,2.743291,10,2
1780645150.487777,dhocbf_fixed,-0.018301,44.172382,-0.565140,2.375102,1.600970,0.000000,45.000000,0.000000,45.000000,2.932543,-3.331196,-0.026361,1,3.578156,1.053129,1.098419,0.991729,0.991729,1.044666,0.011607,0.918423,0.918423,0.112351,0.920708,0.994769,0.889907,inf,nan,0.000000,0.889907,0.889907,0.889907,0.261461,0.036878,0.894047,0.261293,0.032942,-0.000000,0.000000,2.441412,10,2
1780645150.605228,dhocbf_fixed,-0.060152,44.393236,-0.271886,2.041982,1.479137,0.000000,45.000000,0.000000,45.000000,1.963505,-3.910646,-0.009297,1,3.986640,1.007288,1.168249,1.050492,1.050492,1.049601,0.007509,0.946619,0.946619,0.094709,0.947382,0.980888,0.876446,inf,nan,0.000000,0.876446,0.876446,0.876446,0.256830,0.049207,0.882669,0.258012,0.049298,-0.000000,0.000000,2.060003,10,2
1780645150.688007,dhocbf_fixed,-0.077523,44.577881,-0.075535,1.650918,1.390393,0.000000,45.000000,0.000000,45.000000,1.173662,-3.863010,0.004691,1,3.554094,0.878347,0.964317,0.850033,0.850033,0.953811,0.004475,0.839360,0.839360,0.076671,0.872665,0.785520,0.680262,inf,nan,0.000000,0.680262,0.680262,0.680262,0.198437,0.037759,0.696907,0.203384,0.038743,-0.000000,0.000000,1.652645,10,2
1780645150.824927,dhocbf_fixed,-0.079208,44.723658,0.041831,1.264617,1.323067,0.000000,45.000000,0.000000,45.000000,0.608208,-3.443093,0.015489,1,6.008718,0.987100,1.146180,1.033317,1.033317,1.049017,0.002458,0.981236,0.981236,0.060288,0.986271,0.964819,0.861118,inf,nan,0.000000,0.861118,0.861118,0.861118,0.253301,0.049105,0.870625,0.256117,0.049721,-0.000000,0.000000,1.265308,10,2
1780645150.887305,dhocbf_fixed,-0.071984,44.832904,0.102652,0.920307,1.257889,0.000000,45.000000,0.000000,45.000000,0.231297,-2.856160,0.025186,1,3.542915,0.859419,0.951671,0.839532,0.839532,0.949557,0.001244,0.836466,0.836466,0.046554,0.901759,0.772077,0.668914,inf,nan,0.000000,0.668914,0.668914,0.668914,0.196603,0.038161,0.685691,0.201628,0.039168,-0.000000,0.000000,0.926015,10,2
1780645150.997829,dhocbf_fixed,-0.060562,44.910654,0.125781,0.634691,1.173560,0.000000,45.000000,0.000000,45.000000,-0.001493,-2.236646,0.036632,1,4.129969,0.855853,0.947381,0.835190,0.835190,0.948624,0.000578,0.833333,0.833333,0.035693,0.912353,0.775774,0.671844,inf,nan,0.000000,0.671844,0.671844,0.671844,0.198393,0.038845,0.688444,0.203374,0.039845,-0.000000,0.000000,0.647035,10,2
1780645151.089251,dhocbf_fixed,-0.047992,44.962940,0.125632,0.411027,1.042601,0.000000,45.000000,0.000000,45.000000,-0.130328,-1.662870,0.053518,1,3.630199,0.968378,1.115000,1.003113,1.003113,1.033298,0.000246,0.984500,0.984500,0.027505,1.005547,0.963523,0.861040,inf,nan,0.000000,0.861040,0.861040,0.861040,0.256108,0.050627,0.870859,0.259191,0.051132,-0.000000,0.000000,0.429798,10,2
1780645151.202020,dhocbf_fixed,-0.036080,44.995728,0.112599,0.244740,0.816943,0.000000,45.000000,0.000000,45.000000,-0.188276,-1.173567,0.081967,1,5.955992,0.956879,1.059091,0.953082,0.953082,1.008727,0.000096,0.945479,0.945479,0.021610,0.987021,0.951269,0.848880,inf,nan,0.000000,0.848880,0.848880,0.848880,0.253168,0.049969,0.860001,0.256607,0.050640,-0.000000,0.000000,0.269400,10,2
1780645151.298879,dhocbf_fixed,-0.025761,45.014334,0.093772,0.127383,0.460026,0.000000,45.000000,0.000000,45.000000,-0.200973,-0.781504,0.127417,1,3.891076,0.970203,1.013214,0.907555,0.907555,0.986755,0.000036,0.904421,0.904421,0.017599,0.969121,0.957802,0.855543,inf,nan,0.000000,0.855543,0.855543,0.855543,0.255721,0.050557,0.866338,0.259062,0.051246,-0.000000,0.000000,0.158176,10,2
1780645151.415935,dhocbf_fixed,-0.017389,45.023165,0.073675,0.049233,0.107795,0.000000,45.000000,0.000000,45.000000,-0.187291,-0.483729,0.176317,1,8.315855,0.954710,0.985853,0.870364,0.870364,0.969910,0.000015,0.868913,0.868913,0.015121,0.954774,0.954970,0.852620,inf,nan,0.000000,0.852620,0.852620,0.852620,0.255237,0.050592,0.863351,0.258536,0.051282,-0.000000,0.000000,0.088610,10,2
1780645151.487332,dhocbf_fixed,-0.010958,45.025670,0.054945,0.000860,-0.242556,0.000000,45.000000,0.000000,45.000000,-0.160406,-0.268887,0.225562,1,3.411804,0.821836,0.782101,0.671913,0.671913,0.869455,0.000009,0.671867,0.671867,0.013931,0.855516,0.770066,0.667766,inf,nan,0.000000,0.667766,0.667766,0.667766,0.199889,0.039680,0.684539,0.204915,0.040689,-0.000000,0.000000,0.054952,10,2
1780645151.605822,dhocbf_fixed,-0.006266,45.024411,0.038905,-0.026029,-0.592501,0.000000,45.000000,0.000000,45.000000,-0.128973,-0.122141,0.274536,1,3.922685,0.944677,0.989856,0.878077,0.878077,0.978916,0.000007,0.876757,0.876757,0.013644,0.965265,0.965963,0.863955,inf,nan,0.000000,0.863955,0.863955,0.863955,0.258657,0.051621,0.873510,0.261430,0.052230,-0.000000,0.000000,0.046809,10,2
1780645151.689219,dhocbf_fixed,-0.003020,45.021198,0.026008,-0.038243,-0.942459,0.000000,45.000000,0.000000,45.000000,-0.098264,-0.028249,0.323135,1,3.541055,0.926946,1.007480,0.903106,0.903106,0.993842,0.000006,0.901245,0.901245,0.013624,0.980212,0.959896,0.857708,inf,nan,0.000000,0.857708,0.857708,0.857708,0.256736,0.051352,0.867500,0.259605,0.051969,-0.000000,0.000000,0.046249,10,2
1780645151.816373,dhocbf_fixed,-0.000911,45.017232,0.016181,-0.041068,-1.210220,0.000000,45.000000,0.000000,45.000000,-0.071122,0.026683,0.362394,1,5.150850,0.937636,1.054212,0.946980,0.946980,1.017985,0.000004,0.943390,0.943390,0.013550,1.004431,0.968112,0.865883,inf,nan,0.000000,0.865883,0.865883,0.865883,0.259184,0.051923,0.873748,0.261526,0.052424,-0.000000,0.000000,0.044141,10,2
1780645151.887044,dhocbf_fixed,0.000352,45.013259,0.009069,-0.038400,-1.379529,0.000000,45.000000,0.000000,45.000000,-0.048752,0.054367,0.388406,1,3.425512,0.929876,1.077319,0.964163,0.964163,1.027761,0.000003,0.959616,0.959616,0.013385,1.014373,0.960358,0.858052,inf,nan,0.000000,0.858052,0.858052,0.858052,0.256925,0.051506,0.867887,0.259888,0.052115,-0.000000,0.000000,0.039456,10,2
1780645152.005345,dhocbf_fixed,0.001015,45.009691,0.004194,-0.032963,-1.499349,0.000000,45.000000,0.000000,45.000000,-0.031334,0.064100,0.501876,1,3.936779,0.822765,0.910497,0.797364,0.797364,0.941746,0.000002,0.797076,0.797076,0.013166,0.928578,0.788926,0.682885,inf,nan,0.000000,0.682885,0.682885,0.682885,0.204472,0.041002,0.699328,0.209405,0.041991,-0.000000,0.000000,0.033229,10,2
1780645152.087940,dhocbf_fixed,0.001278,45.006715,0.001060,-0.026553,-1.596070,0.000000,45.000000,0.000000,45.000000,-0.018452,0.062885,0.723799,1,3.389529,0.924062,1.104947,0.993257,0.993257,1.044063,0.000001,0.986526,0.986526,0.012932,1.031130,0.959903,0.857536,inf,nan,0.000000,0.857536,0.857536,0.857536,0.257026,0.051523,0.867152,0.259943,0.052110,-0.000000,0.000000,0.026574,10,2
1780645152.207223,dhocbf_fixed,0.001292,45.004374,-0.000785,-0.020264,-1.685610,0.000000,45.000000,0.000000,45.000000,-0.009414,0.055729,0.874581,1,4.098806,0.935062,1.125964,1.008981,1.008981,1.052997,0.000001,1.000740,1.000740,0.012711,1.040286,0.968306,0.866020,inf,nan,0.000000,0.866020,0.866020,0.866020,0.259690,0.052037,0.873992,0.262124,0.052520,-0.000000,0.000000,0.020280,10,2
1780645152.287504,dhocbf_fixed,0.001166,45.002626,-0.001726,-0.014692,-1.780391,0.000000,45.000000,0.000000,45.000000,-0.003437,0.046021,0.989226,1,3.390751,0.827235,0.950916,0.833334,0.833334,0.963297,0.000000,0.832870,0.832870,0.012518,0.950779,0.796002,0.688993,inf,nan,0.000000,0.688993,0.688993,0.688993,0.206611,0.041402,0.705307,0.211508,0.042381,-0.000000,0.000000,0.014793,10,2
1780645152.408200,dhocbf_fixed,0.000976,45.001387,-0.002070,-0.010089,-1.894934,0.000000,45.000000,0.000000,45.000000,0.000230,0.035897,1.135971,1,9.872451,0.928162,1.106434,0.994873,0.994873,1.047801,0.000000,0.988687,0.988687,0.012361,1.035440,0.962860,0.860517,inf,nan,0.000000,0.860517,0.860517,0.860517,0.258216,0.051692,0.869595,0.260971,0.052240,-0.000000,0.000000,0.010300,10,2
1780645152.487798,dhocbf_fixed,0.000770,45.000558,-0.002047,-0.006500,-2.053932,0.000000,45.000000,0.000000,45.000000,0.002227,0.026589,1.405623,1,3.386449,0.938232,1.091944,0.977722,0.977722,1.039319,0.000000,0.973049,0.973049,0.012239,1.027080,0.968561,0.866429,inf,nan,0.000000,0.866429,0.866429,0.866429,0.260033,0.052038,0.875537,0.262785,0.052586,-0.000000,0.000000,0.006814,10,2
1780645152.615921,dhocbf_fixed,0.000577,45.000041,-0.001824,-0.003841,-2.307481,0.000000,45.000000,0.000000,45.000000,0.003113,0.018691,1.957584,1,10.278301,0.938797,1.042241,0.935682,0.935682,1.017451,0.000000,0.933287,0.933287,0.012149,1.005302,0.965938,0.863616,inf,nan,0.000000,0.863616,0.863616,0.863616,0.259199,0.051859,0.872199,0.261786,0.052374,-0.000000,0.000000,0.004252,10,2
1780645152.702897,dhocbf_fixed,0.000410,44.999750,-0.001513,-0.001972,-2.657482,0.000000,45.000000,0.000000,45.000000,0.003281,0.012390,2.744446,1,5.092008,0.820717,0.820750,0.716419,0.716419,0.905753,0.000000,0.716361,0.716361,0.012087,0.893666,0.789074,0.682887,inf,nan,0.000000,0.682887,0.682887,0.682887,0.204964,0.041007,0.699344,0.209903,0.041995,-0.000000,0.000000,0.002485,10,2
1780645152.793924,dhocbf_fixed,0.000275,44.999615,-0.001185,-0.000733,-3.007483,0.000000,45.000000,0.000000,45.000000,0.003052,0.007616,4.557775,1,5.712093,0.920714,0.969278,0.853471,0.853471,0.972677,0.000000,0.852807,0.852807,0.012049,0.960628,0.959884,0.857715,inf,nan,0.000000,0.857715,0.857715,0.857715,0.257410,0.051486,0.867176,0.260250,0.052052,-0.000000,0.000000,0.001393,10,2
1780645152.888677,dhocbf_fixed,0.000172,44.999580,-0.000880,0.000029,2.925702,0.000000,45.000000,0.000000,45.000000,0.002589,0.004191,0.870409,1,3.456611,0.930206,0.974792,0.864286,0.864286,0.977096,0.000000,0.863459,0.863459,0.012031,0.965065,0.977717,0.876093,inf,nan,0.000000,0.876093,0.876093,0.876093,0.262906,0.052581,0.881929,0.264653,0.052930,-0.000000,0.000001,0.000880,10,2
1780645153.006132,dhocbf_fixed,0.000097,44.999604,-0.000621,0.000448,2.575702,0.000000,45.000000,0.000000,45.000000,0.002084,0.001859,-0.018849,1,3.850157,0.920890,0.970889,0.858574,0.858574,0.973653,0.000000,0.857809,0.857809,0.012027,0.961626,0.958849,0.856647,inf,nan,0.000000,0.856647,0.856647,0.856647,0.257048,0.051409,0.866554,0.260016,0.052002,-0.000000,0.000000,0.000765,10,2
1780645153.087744,dhocbf_fixed,0.000045,44.999658,-0.000412,0.000634,2.225702,0.000000,45.000000,0.000000,45.000000,0.001580,0.000377,-0.202941,1,3.445481,0.821403,0.815353,0.710566,0.710566,0.897177,0.000000,0.710503,0.710503,0.012026,0.885150,0.790062,0.683467,inf,nan,0.000000,0.683467,0.683467,0.683467,0.205083,0.041016,0.699834,0.209993,0.041998,-0.000000,0.000000,0.000756,10,2
1780645153.206752,dhocbf_fixed,0.000012,44.999723,-0.000254,0.000672,1.937639,0.000000,45.000000,0.000000,45.000000,0.001137,-0.000483,-0.216298,1,4.632090,0.821454,0.854990,0.749158,0.749158,0.916809,0.000000,0.749035,0.749035,0.012025,0.904784,0.790221,0.683478,inf,nan,0.000000,0.683478,0.683478,0.683478,0.205070,0.041013,0.699903,0.209997,0.041999,-0.000000,0.000000,0.000718,10,2
1780645153.287604,dhocbf_fixed,-0.000008,44.999788,-0.000141,0.000623,1.759339,0.000000,45.000000,0.000000,45.000000,0.000775,-0.000910,-0.198838,1,3.375809,0.821368,0.888517,0.777495,0.777495,0.931413,0.000000,0.777296,0.777296,0.012022,0.919390,0.789968,0.683453,inf,nan,0.000000,0.683453,0.683453,0.683453,0.205050,0.041009,0.699906,0.209986,0.041997,-0.000000,0.000000,0.000639,10,2
1780645153.399072,dhocbf_fixed,-0.000018,44.999845,-0.000063,0.000532,1.635136,0.000000,45.000000,0.000000,45.000000,0.000494,-0.001053,-0.179674,1,3.817555,0.821315,0.910187,0.797418,0.797418,0.941865,0.000000,0.797142,0.797142,0.012019,0.929847,0.789840,0.683427,inf,nan,0.000000,0.683427,0.683427,0.683427,0.205034,0.041006,0.699879,0.209970,0.041993,-0.000000,0.000000,0.000536,10,2
1780645153.487695,dhocbf_fixed,-0.000022,44.999893,-0.000014,0.000427,1.535622,0.000000,45.000000,0.000000,45.000000,0.000288,-0.001023,-0.162896,1,3.392479,0.821329,0.922267,0.811804,0.811804,0.949723,0.000000,0.811457,0.811457,0.012015,0.937708,0.789951,0.683407,inf,nan,0.000000,0.683407,0.683407,0.683407,0.205023,0.041004,0.699843,0.209954,0.041990,-0.000000,0.000000,0.000427,10,2
1780645153.592044,dhocbf_fixed,-0.000022,44.999931,0.000015,0.000325,1.443339,0.000000,45.000000,0.000000,45.000000,0.000145,-0.000902,-0.147610,1,3.569508,0.920777,1.119279,1.000517,1.000517,1.048380,0.000000,0.993350,0.993350,0.012011,1.036368,0.959097,0.856951,inf,nan,0.000000,0.856951,0.856951,0.856951,0.257084,0.051416,0.866658,0.259996,0.051999,-0.000000,0.000000,0.000325,10,2
1780645153.689086,dhocbf_fixed,-0.000020,44.999959,0.000030,0.000234,1.344754,0.000000,45.000000,0.000000,45.000000,0.000050,-0.000742,-0.132108,1,3.450965,0.920756,1.122028,1.005717,1.005717,1.052185,0.000000,0.998235,0.998235,0.012008,1.040176,0.965367,0.863272,inf,nan,0.000000,0.863272,0.863272,0.863272,0.258981,0.051796,0.871766,0.261529,0.052305,-0.000000,0.000000,0.000236,10,2
1780645153.801975,dhocbf_fixed,-0.000016,44.999979,0.000035,0.000160,1.224043,0.000000,45.000000,0.000000,45.000000,-0.000008,-0.000576,-0.114242,1,3.872970,0.920741,1.095432,0.984206,0.984206,1.042067,0.000000,0.978975,0.978975,0.012006,1.030061,0.955066,0.852883,inf,nan,0.000000,0.852883,0.852883,0.852883,0.255864,0.051173,0.863190,0.258956,0.051791,-0.000000,0.000000,0.000164,10,2
1780645153.887053,dhocbf_fixed,-0.000013,44.999992,0.000034,0.000103,1.054567,0.000000,45.000000,0.000000,45.000000,-0.000039,-0.000425,-0.090590,1,3.459295,0.920725,1.079500,0.965459,0.965459,1.032755,0.000000,0.961605,0.961605,0.012004,1.020752,0.961213,0.859002,inf,nan,0.000000,0.859002,0.859002,0.859002,0.257700,0.051540,0.867964,0.260389,0.052078,-0.000000,0.000000,0.000108,10,2
1780645154.015908,dhocbf_fixed,-0.000010,45.000000,0.000030,0.000060,0.785237,0.000000,45.000000,0.000000,45.000000,-0.000053,-0.000297,-0.054771,1,7.331782,0.930092,1.033059,0.927479,0.927479,1.012713,0.000000,0.925358,0.925358,0.012002,1.000710,0.965426,0.863266,inf,nan,0.000000,0.863266,0.863266,0.863266,0.258979,0.051796,0.872043,0.261613,0.052322,-0.000000,0.000000,0.000067,10,2
1780645154.097732,dhocbf_fixed,-0.000007,45.000004,0.000025,0.000030,0.435237,0.000000,45.000000,0.000000,45.000000,-0.000055,-0.000196,-0.007356,1,3.711482,0.920711,0.983142,0.876968,0.876968,0.985602,0.000000,0.876013,0.876013,0.012001,0.973600,0.959610,0.857409,inf,nan,0.000000,0.857409,0.857409,0.857409,0.257223,0.051444,0.866934,0.260080,0.052016,-0.000000,0.000000,0.000039,10,2
1780645154.211503,dhocbf_fixed,-0.000005,45.000006,0.000019,0.000011,0.085237,0.000000,45.000000,0.000000,45.000000,-0.000050,-0.000120,0.042655,1,5.286419,0.930086,0.970278,0.856042,0.856042,0.973738,0.000000,0.855344,0.855344,0.012001,0.961737,0.964856,0.862575,inf,nan,0.000000,0.862575,0.862575,0.862575,0.258772,0.051754,0.871097,0.261329,0.052266,-0.000000,0.000000,0.000022,10,2
1780645154.296589,dhocbf_fixed,-0.000003,45.000007,0.000014,-0.000001,-0.264763,0.000000,45.000000,0.000000,45.000000,-0.000042,-0.000065,0.092994,1,3.903615,0.939664,0.953593,0.842755,0.842755,0.965940,0.000000,0.842178,0.842178,0.012000,0.953939,0.956385,0.854155,inf,nan,0.000000,0.854155,0.854155,0.854155,0.256246,0.051249,0.865603,0.259681,0.051936,-0.000000,0.000000,0.000014,10,2
1780645154.405536,dhocbf_fixed,-0.000002,45.000007,0.000010,-0.000008,-0.614763,0.000000,45.000000,0.000000,45.000000,-0.000035,-0.000027,0.143093,1,5.163139,0.821228,0.796001,0.682795,0.682795,0.883485,0.000000,0.682756,0.682756,0.012000,0.871485,0.789849,0.683303,inf,nan,0.000000,0.683303,0.683303,0.683303,0.204991,0.040998,0.699735,0.209920,0.041984,-0.000000,0.000000,0.000013,10,2
1780645154.497840,dhocbf_fixed,-0.000001,45.000006,0.000006,-0.000010,-0.964763,0.000000,45.000000,0.000000,45.000000,-0.000025,-0.000005,0.192812,1,3.718762,0.930078,1.008268,0.903943,0.903943,0.996700,0.000000,0.902299,0.902299,0.012000,0.984699,0.963349,0.861127,inf,nan,0.000000,0.861127,0.861127,0.861127,0.258338,0.051668,0.870679,0.261204,0.052241,-0.000000,0.000000,0.000012,10,2
1780645154.613063,dhocbf_fixed,-0.000001,45.000005,0.000004,-0.000011,-1.182928,0.000000,45.000000,0.000000,45.000000,-0.000019,0.000009,0.227762,1,5.361372,0.821135,0.852469,0.746888,0.746888,0.915524,0.000000,0.746769,0.746769,0.012000,0.903524,0.789526,0.683291,inf,nan,0.000000,0.683291,0.683291,0.683291,0.204987,0.040997,0.699777,0.209933,0.041987,-0.000000,0.000000,0.000012,10,2
1780645154.695531,dhocbf_fixed,-0.000000,45.000003,0.000002,-0.000010,-1.315830,0.000000,45.000000,0.000000,45.000000,-0.000012,0.000015,0.249512,1,4.097711,0.920706,1.061259,0.950327,0.950327,1.020725,0.000000,0.946847,0.946847,0.012000,1.008725,0.957434,0.855228,inf,nan,0.000000,0.855228,0.855228,0.855228,0.256568,0.051314,0.865292,0.259587,0.051918,-0.000000,0.000000,0.000010,10,2
1780645154.811755,dhocbf_fixed,-0.000000,45.000003,0.000001,-0.000009,-1.398804,0.000000,45.000000,0.000000,45.000000,-0.000007,0.000017,0.262387,1,5.636481,0.930079,1.082680,0.968002,0.968002,1.029961,0.000000,0.963418,0.963418,0.012000,1.017961,0.961709,0.859555,inf,nan,0.000000,0.859555,0.859555,0.859555,0.257866,0.051573,0.868880,0.260664,0.052133,-0.000000,0.000000,0.000009,10,2
1780645154.895477,dhocbf_fixed,-0.000000,45.000002,0.000000,-0.000007,-1.447580,0.000000,45.000000,0.000000,45.000000,-0.000004,0.000016,0.269235,1,4.079099,0.920706,1.082459,0.969461,0.969461,1.030781,0.000000,0.964782,0.964782,0.012000,1.018781,0.955429,0.853314,inf,nan,0.000000,0.853314,0.853314,0.853314,0.255994,0.051199,0.863619,0.259086,0.051817,-0.000000,0.000000,0.000007,10,2
1780645155.010760,dhocbf_fixed,-0.000000,45.000001,-0.000000,-0.000005,-1.466715,0.000000,45.000000,0.000000,45.000000,-0.000002,0.000015,0.271306,1,6.362833,0.920706,1.085861,0.973357,0.973357,1.032854,0.000000,0.968395,0.968395,0.012000,1.020854,0.957108,0.854836,inf,nan,0.000000,0.854836,0.854836,0.854836,0.256451,0.051290,0.864955,0.259487,0.051897,-0.000000,0.000000,0.000005,10,2
1780645155.084815,dhocbf_fixed,-0.000000,45.000001,-0.000000,-0.000004,-1.449352,0.000000,45.000000,0.000000,45.000000,-0.000001,0.000012,0.268195,1,3.747056,0.920709,1.088655,0.975657,0.975657,1.034010,0.000000,0.970509,0.970509,0.012000,1.022010,0.961586,0.859418,inf,nan,0.000000,0.859418,0.859418,0.859418,0.257825,0.051565,0.868439,0.260532,0.052106,-0.000000,0.000000,0.000004,10,2
1780645155.202250,dhocbf_fixed,-0.000000,45.000000,-0.000001,-0.000003,-1.372071,0.000000,45.000000,0.000000,45.000000,-0.000001,0.000010,0.257283,1,3.918869,0.821151,0.886990,0.776236,0.776236,0.930710,0.000000,0.776042,0.776042,0.012000,0.918710,0.789577,0.683296,inf,nan,0.000000,0.683296,0.683296,0.683296,0.204989,0.040998,0.699730,0.209919,0.041984,-0.000000,0.000000,0.000003,10,2
1780645155.285174,dhocbf_fixed,-0.000000,45.000000,-0.000001,-0.000002,-1.187128,0.000000,45.000000,0.000000,45.000000,0.000000,0.000007,0.232768,1,3.824545,0.821227,0.852472,0.746890,0.746890,0.915579,0.000000,0.746772,0.746772,0.012000,0.903579,0.789846,0.683307,inf,nan,0.000000,0.683307,0.683307,0.683307,0.204992,0.040998,0.699750,0.209925,0.041985,-0.000000,0.000000,0.000002,10,2
1780645155.400347,dhocbf_fixed,-0.000000,45.000000,-0.000001,-0.000001,-0.862376,0.000000,45.000000,0.000000,45.000000,0.000002,0.000004,0.189787,1,3.640301,0.920709,0.991042,0.886259,0.886259,0.987580,0.000000,0.885032,0.885032,0.012000,0.975580,0.958324,0.856147,inf,nan,0.000000,0.856147,0.856147,0.856147,0.256844,0.051369,0.865741,0.259722,0.051945,-0.000000,0.000000,0.000001,10,2
1780645155.488288,dhocbf_fixed,-0.000000,45.000000,-0.000000,-0.000000,-0.512376,0.000000,45.000000,0.000000,45.000000,0.000001,0.000003,0.139715,1,3.446624,0.821283,0.791480,0.676801,0.676801,0.880773,0.000000,0.676767,0.676767,0.012000,0.868773,0.790033,0.683315,inf,nan,0.000000,0.683315,0.683315,0.683315,0.204995,0.040999,0.699722,0.209917,0.041983,-0.000000,0.000000,0.000001,10,2
1780645155.599447,dhocbf_fixed,-0.000000,45.000000,-0.000000,-0.000000,-0.253251,0.000000,45.000000,0.000000,45.000000,0.000002,0.000001,0.098087,1,3.797610,0.920707,0.956553,0.845814,0.845814,0.967501,0.000000,0.845206,0.845206,0.012000,0.955501,0.959440,0.857343,inf,nan,0.000000,0.857343,0.857343,0.857343,0.257203,0.051441,0.867210,0.260163,0.052033,-0.000000,0.000000,0.000000,10,2
1780645155.688813,dhocbf_fixed,-0.000000,45.000000,-0.000000,0.000000,-0.102168,0.000000,45.000000,0.000000,45.000000,0.000001,0.000001,0.070601,1,3.493039,0.930084,0.965218,0.854718,0.854718,0.972517,0.000000,0.854023,0.854023,0.012000,0.960517,0.968791,0.866590,inf,nan,0.000000,0.866590,0.866590,0.866590,0.259977,0.051995,0.874812,0.262444,0.052489,-0.000000,0.000000,0.000000,10,2
1780645155.801794,dhocbf_fixed,-0.000001,45.000000,-0.000000,0.000000,-0.031671,0.000000,45.000000,0.000000,45.000000,0.000001,0.000000,0.055600,1,3.786399,0.930083,0.960489,0.849122,0.849122,0.969777,0.000000,0.848491,0.848491,0.012000,0.957777,0.961930,0.859766,inf,nan,0.000000,0.859766,0.859766,0.859766,0.257930,0.051586,0.869144,0.260743,0.052149,-0.000000,0.000000,0.000000,10,2
1780645155.890707,dhocbf_fixed,-0.000001,45.000000,-0.000000,0.000000,-0.007938,0.000000,45.000000,0.000000,45.000000,-0.000000,0.000001,0.048910,1,4.385023,0.821243,0.789300,0.675531,0.675531,0.882142,0.000000,0.675499,0.675499,0.012000,0.870142,0.789896,0.683310,inf,nan,0.000000,0.683310,0.683310,0.683310,0.204993,0.040999,0.699702,0.209911,0.041982,-0.000000,0.000000,0.000000,10,2
1780645156.019214,dhocbf_fixed,-0.000001,45.000000,-0.000000,0.000000,-0.009171,0.000000,45.000000,0.000000,45.000000,-0.000000,0.000000,0.047058,1,10.358949,0.821270,0.789300,0.675530,0.675530,0.882180,0.000000,0.675499,0.675499,0.012000,0.870180,0.789990,0.683313,inf,nan,0.000000,0.683313,0.683313,0.683313,0.204994,0.040999,0.699700,0.209910,0.041982,-0.000000,0.000000,0.000000,10,2
1780645156.098589,dhocbf_fixed,-0.000001,45.000000,-0.000000,0.000000,-0.026462,0.000000,45.000000,0.000000,45.000000,0.000001,-0.000001,0.048176,1,3.753522,0.930085,0.962849,0.851386,0.851386,0.970973,0.000000,0.850732,0.850732,0.012000,0.958973,0.964076,0.861894,inf,nan,0.000000,0.861894,0.861894,0.861894,0.258568,0.051714,0.870658,0.261198,0.052240,-0.000000,0.000000,0.000000,10,2
1780645156.218880,dhocbf_fixed,-0.000001,45.000000,-0.000000,0.000000,-0.055707,0.000000,45.000000,0.000000,45.000000,0.000001,-0.000001,0.051331,1,7.393612,0.930081,0.955258,0.844245,0.844245,0.967212,0.000000,0.843663,0.843663,0.012000,0.955212,0.957616,0.855398,inf,nan,0.000000,0.855398,0.855398,0.855398,0.256619,0.051324,0.866039,0.259812,0.051962,-0.000000,0.000000,0.000000,10,2
1780645156.295624,dhocbf_fixed,-0.000001,45.000000,0.000000,0.000000,-0.087333,0.000000,45.000000,0.000000,45.000000,0.000000,-0.000000,0.055235,1,3.567381,0.920709,0.949166,0.838545,0.838545,0.964155,0.000000,0.838014,0.838014,0.012000,0.952155,0.952427,0.850253,inf,nan,0.000000,0.850253,0.850253,0.850253,0.255076,0.051015,0.860950,0.258285,0.051657,-0.000000,0.000000,0.000000,10,2
1780645156.423479,dhocbf_fixed,-0.000001,45.000000,0.000000,0.000000,-0.113253,0.000000,45.000000,0.000000,45.000000,-0.000001,0.000000,0.058679,1,10.914876,0.821106,0.782947,0.671847,0.671847,0.879537,0.000000,0.671817,0.671817,0.012000,0.867537,0.789416,0.683290,inf,nan,0.000000,0.683290,0.683290,0.683290,0.204987,0.040997,0.699738,0.209921,0.041984,-0.000000,0.000000,0.000000,10,2
1780645156.497530,dhocbf_fixed,-0.000001,45.000000,-0.000000,0.000000,-0.131690,0.000000,45.000000,0.000000,45.000000,-0.000001,0.000000,0.061172,1,3.674477,0.821056,0.782185,0.671407,0.671407,0.879147,0.000000,0.671377,0.671377,0.012000,0.867147,0.789230,0.683282,inf,nan,0.000000,0.683282,0.683282,0.683282,0.204984,0.040997,0.699716,0.209915,0.041983,-0.000000,0.000000,0.000000,10,2
1780645156.628447,dhocbf_fixed,-0.000001,45.000000,-0.000000,0.000000,-0.146062,0.000000,45.000000,0.000000,45.000000,-0.000000,0.000000,0.062968,1,6.807161,0.821064,0.781754,0.671159,0.671159,0.878970,0.000000,0.671128,0.671128,0.012000,0.866970,0.789260,0.683283,inf,nan,0.000000,0.683283,0.683283,0.683283,0.204985,0.040997,0.699764,0.209929,0.041986,-0.000000,0.000000,0.000000,10,2
1780645156.696058,dhocbf_fixed,-0.000001,45.000000,-0.000000,0.000000,-0.160405,0.000000,45.000000,0.000000,45.000000,0.000001,-0.000001,0.064575,1,3.561734,0.939667,0.954275,0.844040,0.844040,0.966854,0.000000,0.843455,0.843455,0.012000,0.954854,0.958534,0.856292,inf,nan,0.000000,0.856292,0.856292,0.856292,0.256888,0.051378,0.866748,0.260025,0.052005,-0.000000,0.000000,0.000000,10,2
1780645156.822877,dhocbf_fixed,-0.000001,45.000000,-0.000000,0.000000,-0.174984,0.000000,45.000000,0.000000,45.000000,0.000001,-0.000001,0.066151,1,7.847243,0.930080,0.966381,0.856131,0.856131,0.973062,0.000000,0.855414,0.855414,0.012000,0.961062,0.970524,0.868352,inf,nan,0.000000,0.868352,0.868352,0.868352,0.260506,0.052101,0.876269,0.262881,0.052576,-0.000000,0.000000,0.000000,10,2
1780645156.898242,dhocbf_fixed,-0.000001,45.000000,0.000000,-0.000000,-0.186558,0.000000,45.000000,0.000000,45.000000,0.000000,-0.000000,0.067381,1,3.735443,0.920708,0.954576,0.844318,0.844318,0.966931,0.000000,0.843730,0.843730,0.012000,0.954931,0.958769,0.856539,inf,nan,0.000000,0.856539,0.856539,0.856539,0.256962,0.051392,0.866377,0.259913,0.051983,-0.000000,0.000000,0.000000,10,2
1780645157.024977,dhocbf_fixed,-0.000001,45.000000,0.000000,-0.000000,-0.191819,0.000000,45.000000,0.000000,45.000000,0.000000,-0.000000,0.067830,1,6.988684,0.920708,0.953663,0.843387,0.843387,0.966408,0.000000,0.842806,0.842806,0.012000,0.954408,0.957743,0.855577,inf,nan,0.000000,0.855577,0.855577,0.855577,0.256673,0.051335,0.865572,0.259672,0.051934,-0.000000,0.000000,0.000000,10,2
1780645157.095718,dhocbf_fixed,-0.000001,45.000000,0.000000,-0.000000,-0.191019,0.000000,45.000000,0.000000,45.000000,-0.000000,0.000000,0.067420,1,3.633792,0.920708,0.949188,0.838920,0.838920,0.964098,0.000000,0.838381,0.838381,0.012000,0.952097,0.953302,0.851124,inf,nan,0.000000,0.851124,0.851124,0.851124,0.255337,0.051067,0.861516,0.258455,0.051691,-0.000000,0.000000,0.000000,10,2
1780645157.215278,dhocbf_fixed,-0.000001,45.000000,0.000000,-0.000000,-0.186006,0.000000,45.000000,0.000000,45.000000,-0.000001,0.000001,0.066340,1,6.921376,0.821167,0.780943,0.670691,0.670691,0.878718,0.000000,0.670661,0.670661,0.012000,0.866718,0.789635,0.683299,inf,nan,0.000000,0.683299,0.683299,0.683299,0.204990,0.040998,0.699774,0.209932,0.041987,-0.000000,0.000000,0.000000,10,2
1780645157.291315,dhocbf_fixed,-0.000001,45.000000,-0.000000,0.000000,-0.178684,0.000000,45.000000,0.000000,45.000000,-0.000001,0.000001,0.064848,1,3.586700,0.821160,0.781075,0.670767,0.670767,0.878778,0.000000,0.670737,0.670737,0.012000,0.866778,0.789609,0.683298,inf,nan,0.000000,0.683298,0.683298,0.683298,0.204989,0.040998,0.699725,0.209918,0.041984,-0.000000,0.000000,0.000000,10,2
1780645157.428309,dhocbf_fixed,-0.000001,45.000000,-0.000000,0.000000,-0.173373,0.000000,45.000000,0.000000,45.000000,0.000001,-0.000000,0.063481,1,9.026122,0.939667,0.959303,0.849063,0.849063,0.969424,0.000000,0.848426,0.848426,0.012000,0.957424,0.963535,0.861306,inf,nan,0.000000,0.861306,0.861306,0.861306,0.258392,0.051678,0.871539,0.261462,0.052292,-0.000000,0.000000,0.000000,10,2
1780645157.494535,dhocbf_fixed,-0.000001,45.000000,-0.000000,0.000000,-0.174026,0.000000,45.000000,0.000000,45.000000,0.000001,-0.000000,0.062803,1,3.474235,0.920707,0.958391,0.848153,0.848153,0.968969,0.000000,0.847526,0.847526,0.012000,0.956969,0.962674,0.860401,inf,nan,0.000000,0.860401,0.860401,0.860401,0.258120,0.051624,0.869747,0.260924,0.052185,-0.000000,0.000000,0.000000,10,2
1780645157.609525,dhocbf_fixed,-0.000001,45.000000,0.000000,-0.000000,-0.177442,0.000000,45.000000,0.000000,45.000000,0.000000,-0.000000,0.062604,1,7.063678,0.930082,0.959424,0.849178,0.849178,0.969454,0.000000,0.848539,0.848539,0.012000,0.957454,0.963592,0.861408,inf,nan,0.000000,0.861408,0.861408,0.861408,0.258422,0.051684,0.870745,0.261224,0.052245,-0.000000,0.000000,0.000000,10,2
1780645157.697244,dhocbf_fixed,-0.000001,45.000000,0.000000,-0.000000,-0.178847,0.000000,45.000000,0.000000,45.000000,0.000000,-0.000000,0.062306,1,3.667213,0.930083,0.958401,0.848155,0.848155,0.968936,0.000000,0.847528,0.847528,0.012000,0.956936,0.962610,0.860389,inf,nan,0.000000,0.860389,0.860389,0.860389,0.258117,0.051623,0.869858,0.260957,0.052192,-0.000000,0.000000,0.000000,10,2
1780645157.816365,dhocbf_fixed,-0.000001,45.000000,0.000000,-0.000000,-0.177050,0.000000,45.000000,0.000000,45.000000,-0.000000,0.000000,0.061636,1,4.435030,0.930081,0.956947,0.846705,0.846705,0.968195,0.000000,0.846093,0.846093,0.012000,0.956195,0.961184,0.858948,inf,nan,0.000000,0.858948,0.858948,0.858948,0.257684,0.051537,0.868218,0.260466,0.052093,-0.000000,0.000000,0.000000,10,2
1780645157.897493,dhocbf_fixed,-0.000001,45.000000,0.000000,-0.000000,-0.172633,0.000000,45.000000,0.000000,45.000000,-0.000001,0.000001,0.060593,1,3.553333,0.821038,0.781075,0.670767,0.670767,0.878612,0.000000,0.670737,0.670737,0.012000,0.866612,0.789161,0.683278,inf,nan,0.000000,0.683278,0.683278,0.683278,0.204984,0.040997,0.699769,0.209931,0.041986,-0.000000,0.000000,0.000000,10,2
1780645158.024030,dhocbf_fixed,-0.000001,45.000000,-0.000000,0.000000,-0.166707,0.000000,45.000000,0.000000,45.000000,-0.000001,0.000000,0.059299,1,6.025644,0.821058,0.781221,0.670852,0.670852,0.878714,0.000000,0.670821,0.670821,0.012000,0.866714,0.789238,0.683282,inf,nan,0.000000,0.683282,0.683282,0.683282,0.204985,0.040997,0.699777,0.209933,0.041987,-0.000000,0.000000,0.000000,10,2
1780645158.096512,dhocbf_fixed,-0.000001,45.000000,-0.000000,0.000000,-0.163057,0.000000,45.000000,0.000000,45.000000,-0.000000,0.000000,0.058198,1,3.559000,0.821058,0.781304,0.670899,0.670899,0.878754,0.000000,0.670869,0.670869,0.012000,0.866754,0.789238,0.683282,inf,nan,0.000000,0.683282,0.683282,0.683282,0.204985,0.040997,0.699755,0.209927,0.041985,-0.000000,0.000000,0.000000,10,2
1780645158.224043,dhocbf_fixed,-0.000001,45.000000,-0.000000,0.000000,-0.165308,0.000000,45.000000,0.000000,45.000000,0.000001,-0.000001,0.057795,1,7.298792,0.920710,0.952161,0.841930,0.841930,0.965721,0.000000,0.841365,0.841365,0.012000,0.953721,0.956364,0.854185,inf,nan,0.000000,0.854185,0.854185,0.854185,0.256256,0.051251,0.864150,0.259245,0.051849,-0.000000,0.000000,0.000000,10,2
1780645158.296342,dhocbf_fixed,-0.000001,45.000000,-0.000000,0.000000,-0.172697,0.000000,45.000000,0.000000,45.000000,0.000001,-0.000000,0.058128,1,3.604090,0.920708,0.955035,0.844799,0.844799,0.967204,0.000000,0.844206,0.844206,0.012000,0.955204,0.959255,0.857048,inf,nan,0.000000,0.857048,0.857048,0.857048,0.257114,0.051423,0.866942,0.260083,0.052017,-0.000000,0.000000,0.000000,10,2
1780645158.412088,dhocbf_fixed,-0.000001,45.000000,0.000000,-0.000000,-0.180475,0.000000,45.000000,0.000000,45.000000,0.000000,-0.000000,0.058686,1,4.792013,0.920707,0.954167,0.843922,0.843922,0.966740,0.000000,0.843338,0.843338,0.012000,0.954740,0.958390,0.856162,inf,nan,0.000000,0.856162,0.856162,0.856162,0.256848,0.051370,0.866324,0.259897,0.051980,-0.000000,0.000000,0.000000,10,2
1780645158.493040,dhocbf_fixed,-0.000001,45.000000,0.000000,-0.000000,-0.184241,0.000000,45.000000,0.000000,45.000000,0.000000,-0.000000,0.058859,1,3.375344,0.930082,0.956713,0.846458,0.846458,0.968034,0.000000,0.845847,0.845847,0.012000,0.956034,0.960879,0.858678,inf,nan,0.000000,0.858678,0.858678,0.858678,0.257603,0.051521,0.868233,0.260470,0.052094,-0.000000,0.000000,0.000000,10,2
1780645158.609746,dhocbf_fixed,-0.000001,45.000000,0.000000,-0.000000,-0.183527,0.000000,45.000000,0.000000,45.000000,-0.000000,0.000000,0.058448,1,4.108752,0.920708,0.950842,0.840594,0.840594,0.964997,0.000000,0.840041,0.840041,0.012000,0.952997,0.955037,0.852828,inf,nan,0.000000,0.852828,0.852828,0.852828,0.255849,0.051170,0.863113,0.258934,0.051787,-0.000000,0.000000,0.000000,10,2
1780645158.695688,dhocbf_fixed,-0.000001,45.000000,0.000000,-0.000000,-0.179376,0.000000,45.000000,0.000000,45.000000,-0.000001,0.000001,0.057519,1,3.605011,0.821175,0.781075,0.670767,0.670767,0.878797,0.000000,0.670737,0.670737,0.012000,0.866797,0.789662,0.683300,inf,nan,0.000000,0.683300,0.683300,0.683300,0.204990,0.040998,0.699745,0.209923,0.041985,-0.000000,0.000000,0.000000,10,2
1780645158.805209,dhocbf_fixed,-0.000001,45.000000,-0.000000,0.000000,-0.173180,0.000000,45.000000,0.000000,45.000000,0.000000,-0.000000,0.056243,1,4.084756,0.920707,0.954937,0.844700,0.844700,0.967138,0.000000,0.844108,0.844108,0.012000,0.955138,0.959122,0.856945,inf,nan,0.000000,0.856945,0.856945,0.856945,0.257084,0.051417,0.866870,0.260061,0.052012,-0.000000,0.000000,0.000000,10,2
1780645158.896714,dhocbf_fixed,-0.000001,45.000000,0.000000,-0.000000,-0.169071,0.000000,45.000000,0.000000,45.000000,0.000000,-0.000000,0.055117,1,3.626268,0.920708,0.953458,0.843226,0.843226,0.966421,0.000000,0.842648,0.842648,0.012000,0.954421,0.957749,0.855485,inf,nan,0.000000,0.855485,0.855485,0.855485,0.256646,0.051329,0.865197,0.259559,0.051912,-0.000000,0.000000,0.000000,10,2
1780645159.021481,dhocbf_fixed,-0.000001,45.000000,0.000000,-0.000000,-0.168099,0.000000,45.000000,0.000000,45.000000,-0.000001,0.000001,0.054376,1,4.650688,0.821234,0.781384,0.670945,0.670945,0.879025,0.000000,0.670916,0.670916,0.012000,0.867025,0.789865,0.683309,inf,nan,0.000000,0.683309,0.683309,0.683309,0.204993,0.040999,0.699718,0.209916,0.041983,-0.000000,0.000000,0.000000,10,2
1780645159.096484,dhocbf_fixed,-0.000001,45.000000,-0.000000,0.000000,-0.166919,0.000000,45.000000,0.000000,45.000000,-0.000001,0.000000,0.053714,1,5.771886,0.821062,0.781221,0.670852,0.670852,0.878719,0.000000,0.670822,0.670822,0.012000,0.866719,0.789254,0.683282,inf,nan,0.000000,0.683282,0.683282,0.683282,0.204985,0.040997,0.699786,0.209936,0.041987,-0.000000,0.000000,0.000000,10,2
1780645159.225754,dhocbf_fixed,-0.000001,45.000000,-0.000000,0.000000,-0.167356,0.000000,45.000000,0.000000,45.000000,0.000001,-0.000001,0.053252,1,5.087400,0.930080,0.961397,0.851158,0.851158,0.970550,0.000000,0.850500,0.850500,0.012000,0.958550,0.965692,0.863406,inf,nan,0.000000,0.863406,0.863406,0.863406,0.259022,0.051804,0.872293,0.261688,0.052338,-0.000000,0.000000,0.000000,10,2
1780645159.296471,dhocbf_fixed,-0.000001,45.000000,-0.000000,0.000000,-0.172266,0.000000,45.000000,0.000000,45.000000,0.000001,-0.000000,0.053330,1,3.668253,0.930080,0.959897,0.849658,0.849658,0.969758,0.000000,0.849016,0.849016,0.012000,0.957758,0.964189,0.861907,inf,nan,0.000000,0.861907,0.861907,0.861907,0.258572,0.051714,0.870959,0.261288,0.052258,-0.000000,0.000000,0.000000,10,2
1780645159.412265,dhocbf_fixed,-0.000001,45.000000,0.000000,-0.000000,-0.178162,0.000000,45.000000,0.000000,45.000000,0.000000,-0.000000,0.053649,1,4.371259,0.939668,0.960150,0.849903,0.849903,0.969833,0.000000,0.849256,0.849256,0.012000,0.957833,0.964327,0.862132,inf,nan,0.000000,0.862132,0.862132,0.862132,0.258639,0.051728,0.872046,0.261614,0.052323,-0.000000,0.000000,0.000000,10,2
1780645159.493501,dhocbf_fixed,-0.000001,45.000000,0.000000,-0.000000,-0.180718,0.000000,45.000000,0.000000,45.000000,0.000000,-0.000000,0.053664,1,3.417893,0.939666,0.954313,0.844069,0.844069,0.966826,0.000000,0.843483,0.843483,0.012000,0.954826,0.958564,0.856311,inf,nan,0.000000,0.856311,0.856311,0.856311,0.256893,0.051379,0.866483,0.259945,0.051989,-0.000000,0.000000,0.000000,10,2
1780645159.615653,dhocbf_fixed,-0.000001,45.000000,0.000000,-0.000000,-0.179340,0.000000,45.000000,0.000000,45.000000,-0.000000,-0.000000,0.053174,1,5.603697,0.930084,0.960412,0.850165,0.850165,0.970003,0.000000,0.849517,0.849517,0.012000,0.958003,0.964681,0.862402,inf,nan,0.000000,0.862402,0.862402,0.862402,0.258721,0.051744,0.871872,0.261562,0.052312,-0.000000,0.000000,0.000000,10,2
1780645159.700373,dhocbf_fixed,-0.000001,45.000000,0.000000,-0.000000,-0.175071,0.000000,45.000000,0.000000,45.000000,-0.000001,0.000001,0.052246,1,4.231888,0.821233,0.781221,0.670852,0.670852,0.878946,0.000000,0.670822,0.670822,0.012000,0.866946,0.789864,0.683308,inf,nan,0.000000,0.683308,0.683308,0.683308,0.204993,0.040999,0.699793,0.209938,0.041988,-0.000000,0.000000,0.000000,10,2
1780645159.836329,dhocbf_fixed,-0.000001,45.000000,-0.000000,0.000000,-0.169165,0.000000,45.000000,0.000000,45.000000,0.000000,-0.000000,0.051036,1,5.488454,0.920707,0.956933,0.846698,0.846698,0.968219,0.000000,0.846086,0.846086,0.012000,0.956219,0.961207,0.858951,inf,nan,0.000000,0.858951,0.858951,0.858951,0.257685,0.051537,0.868297,0.260489,0.052098,-0.000000,0.000000,0.000000,10,2
1780645159.895378,dhocbf_fixed,-0.000001,45.000000,-0.000000,0.000000,-0.165624,0.000000,45.000000,0.000000,45.000000,0.000000,-0.000000,0.050021,1,3.514959,0.920707,0.955011,0.844778,0.844778,0.967230,0.000000,0.844185,0.844185,0.012000,0.955230,0.959289,0.857034,inf,nan,0.000000,0.857034,0.857034,0.857034,0.257110,0.051422,0.867021,0.260106,0.052021,-0.000000,0.000000,0.000000,10,2
1780645160.013710,dhocbf_fixed,-0.000001,45.000000,0.000000,-0.000000,-0.165413,0.000000,45.000000,0.000000,45.000000,-0.000001,0.000001,0.049424,1,10.893459,0.821175,0.781384,0.670945,0.670945,0.878949,0.000000,0.670915,0.670915,0.012000,0.866949,0.789662,0.683300,inf,nan,0.000000,0.683300,0.683300,0.683300,0.204990,0.040998,0.699699,0.209910,0.041982,-0.000000,0.000000,0.000000,10,2
1780645160.099841,dhocbf_fixed,-0.000001,45.000000,-0.000000,0.000000,-0.164962,0.000000,45.000000,0.000000,45.000000,0.000000,-0.000000,0.048908,1,3.801130,0.920709,0.953331,0.843099,0.843099,0.966320,0.000000,0.842523,0.842523,0.012000,0.954320,0.957511,0.855351,inf,nan,0.000000,0.855351,0.855351,0.855351,0.256605,0.051321,0.865415,0.259624,0.051925,-0.000000,0.000000,0.000000,10,2
1780645160.206069,dhocbf_fixed,-0.000001,45.000000,-0.000000,0.000000,-0.165960,0.000000,45.000000,0.000000,45.000000,0.000000,-0.000000,0.048575,1,4.411732,0.920707,0.953335,0.843104,0.843104,0.966358,0.000000,0.842528,0.842528,0.012000,0.954358,0.957610,0.855362,inf,nan,0.000000,0.855362,0.855362,0.855362,0.256609,0.051322,0.865439,0.259632,0.051926,-0.000000,0.000000,0.000000,10,2
1780645160.319700,dhocbf_fixed,-0.000001,45.000000,0.000000,-0.000000,-0.168628,0.000000,45.000000,0.000000,45.000000,-0.000001,0.000001,0.048471,1,10.206339,0.821245,0.781383,0.670945,0.670945,0.879040,0.000000,0.670915,0.670915,0.012000,0.867040,0.789905,0.683310,inf,nan,0.000000,0.683310,0.683310,0.683310,0.204993,0.040999,0.699748,0.209924,0.041985,-0.000000,0.000000,0.000000,10,2
1780645160.413051,dhocbf_fixed,-0.000001,45.000000,-0.000000,0.000000,-0.169657,0.000000,45.000000,0.000000,45.000000,-0.000000,0.000000,0.048246,1,6.738712,0.821118,0.781222,0.670852,0.670852,0.878795,0.000000,0.670822,0.670822,0.012000,0.866795,0.789457,0.683292,inf,nan,0.000000,0.683292,0.683292,0.683292,0.204987,0.040998,0.699751,0.209925,0.041985,-0.000000,0.000000,0.000000,10,2
1780645160.495799,dhocbf_fixed,-0.000001,45.000000,-0.000000,0.000000,-0.171155,0.000000,45.000000,0.000000,45.000000,0.000001,-0.000001,0.048044,1,3.591512,0.939668,0.956963,0.846726,0.846726,0.968197,0.000000,0.846114,0.846114,0.012000,0.956197,0.961156,0.858971,inf,nan,0.000000,0.858971,0.858971,0.858971,0.257691,0.051538,0.869628,0.260889,0.052178,-0.000000,0.000000,0.000000,10,2
1780645160.620473,dhocbf_fixed,-0.000001,45.000000,-0.000000,0.000000,-0.176344,0.000000,45.000000,0.000000,45.000000,-0.000000,0.000000,0.048251,1,7.182510,0.821262,0.781222,0.670852,0.670852,0.878982,0.000000,0.670822,0.670822,0.012000,0.866982,0.789962,0.683313,inf,nan,0.000000,0.683313,0.683313,0.683313,0.204994,0.040999,0.699790,0.209937,0.041988,-0.000000,0.000000,0.000000,10,2
1780645160.696968,dhocbf_fixed,-0.000001,45.000000,-0.000000,0.000000,-0.182183,0.000000,45.000000,0.000000,45.000000,0.000001,-0.000001,0.048629,1,3.617019,0.939673,0.954949,0.844701,0.844701,0.967142,0.000000,0.844108,0.844108,0.012000,0.955142,0.959170,0.856935,inf,nan,0.000000,0.856935,0.856935,0.856935,0.257081,0.051416,0.867531,0.260259,0.052052,-0.000000,0.000000,0.000000,10,2
1780645160.813737,dhocbf_fixed,-0.000001,45.000000,0.000000,-0.000000,-0.187280,0.000000,45.000000,0.000000,45.000000,0.000001,-0.000000,0.048967,1,4.636164,0.930086,0.965220,0.854953,0.854953,0.972465,0.000000,0.854250,0.854250,0.012000,0.960465,0.969428,0.867157,inf,nan,0.000000,0.867157,0.867157,0.867157,0.260147,0.052029,0.874977,0.262493,0.052499,-0.000000,0.000000,0.000000,10,2
1780645160.899579,dhocbf_fixed,-0.000001,45.000000,0.000000,-0.000000,-0.191251,0.000000,45.000000,0.000000,45.000000,0.000000,-0.000000,0.049170,1,5.196907,0.939668,0.954258,0.843985,0.843985,0.966726,0.000000,0.843399,0.843399,0.012000,0.954726,0.958359,0.856179,inf,nan,0.000000,0.856179,0.856179,0.856179,0.256854,0.051371,0.866968,0.260091,0.052018,-0.000000,0.000000,0.000000,10,2
1780645161.020289,dhocbf_fixed,-0.000001,45.000000,0.000000,-0.000000,-0.191328,0.000000,45.000000,0.000000,45.000000,-0.000001,0.000001,0.048914,1,10.380381,0.821132,0.780828,0.670625,0.670625,0.878608,0.000000,0.670595,0.670595,0.012000,0.866608,0.789511,0.683294,inf,nan,0.000000,0.683294,0.683294,0.683294,0.204988,0.040998,0.699756,0.209927,0.041985,-0.000000,0.000000,0.000000,10,2
1780645161.096222,dhocbf_fixed,-0.000001,45.000000,-0.000000,0.000000,-0.187478,0.000000,45.000000,0.000000,45.000000,-0.000001,0.000000,0.048118,1,3.538545,0.821055,0.780828,0.670625,0.670625,0.878504,0.000000,0.670595,0.670595,0.012000,0.866504,0.789225,0.683281,inf,nan,0.000000,0.683281,0.683281,0.683281,0.204984,0.040997,0.699762,0.209929,0.041986,-0.000000,0.000000,0.000000,10,2
1780645161.213325,dhocbf_fixed,-0.000001,45.000000,-0.000000,0.000000,-0.183670,0.000000,45.000000,0.000000,45.000000,0.000001,-0.000000,0.047196,1,4.376244,0.939667,0.957252,0.846998,0.846998,0.968326,0.000000,0.846382,0.846382,0.012000,0.956326,0.961445,0.859222,inf,nan,0.000000,0.859222,0.859222,0.859222,0.257767,0.051553,0.868916,0.260675,0.052135,-0.000000,0.000000,0.000000,10,2
1780645161.292949,dhocbf_fixed,-0.000001,45.000000,-0.000000,0.000000,-0.183963,0.000000,45.000000,0.000000,45.000000,0.000000,-0.000000,0.046695,1,3.514125,0.939667,0.952211,0.841959,0.841959,0.965688,0.000000,0.841393,0.841393,0.012000,0.953688,0.956355,0.854184,inf,nan,0.000000,0.854184,0.854184,0.854184,0.256255,0.051251,0.865033,0.259510,0.051902,-0.000000,0.000000,0.000000,10,2
1780645161.411162,dhocbf_fixed,-0.000001,45.000000,0.000000,-0.000000,-0.185891,0.000000,45.000000,0.000000,45.000000,0.000000,-0.000000,0.046480,1,4.319496,0.930083,0.964957,0.854686,0.854686,0.972281,0.000000,0.853986,0.853986,0.012000,0.960281,0.969034,0.866878,inf,nan,0.000000,0.866878,0.866878,0.866878,0.260063,0.052013,0.874092,0.262228,0.052446,-0.000000,0.000000,0.000000,10,2
1780645161.493301,dhocbf_fixed,-0.000001,45.000000,0.000000,-0.000000,-0.185568,0.000000,45.000000,0.000000,45.000000,0.000000,-0.000000,0.046094,1,3.495511,0.920708,0.957231,0.846973,0.846973,0.968304,0.000000,0.846357,0.846357,0.012000,0.956304,0.961403,0.859189,inf,nan,0.000000,0.859189,0.859189,0.859189,0.257757,0.051551,0.868282,0.260485,0.052097,-0.000000,0.000000,0.000000,10,2
1780645161.614986,dhocbf_fixed,-0.000001,45.000000,0.000000,-0.000000,-0.182096,0.000000,45.000000,0.000000,45.000000,-0.000000,0.000000,0.045324,1,6.490611,0.920707,0.953551,0.843306,0.843306,0.966430,0.000000,0.842727,0.842727,0.012000,0.954430,0.957807,0.855546,inf,nan,0.000000,0.855546,0.855546,0.855546,0.256664,0.051333,0.865683,0.259705,0.051941,-0.000000,0.000000,0.000000,10,2
1780645161.689299,dhocbf_fixed,-0.000001,45.000000,0.000000,-0.000000,-0.176075,0.000000,45.000000,0.000000,45.000000,-0.000000,0.000000,0.044185,1,3.520091,0.920708,0.953468,0.843232,0.843232,0.966407,0.000000,0.842654,0.842654,0.012000,0.954407,0.957750,0.855485,inf,nan,0.000000,0.855485,0.855485,0.855485,0.256646,0.051329,0.865195,0.259558,0.051912,-0.000000,0.000000,0.000000,10,2
1780645161.824669,dhocbf_fixed,-0.000000,45.000000,0.000000,-0.000000,-0.168898,0.000000,45.000000,0.000000,45.000000,-0.000000,0.000000,0.042836,1,11.390307,0.920707,0.953068,0.842836,0.842836,0.966226,0.000000,0.842263,0.842263,0.012000,0.954226,0.957377,0.855098,inf,nan,0.000000,0.855098,0.855098,0.855098,0.256529,0.051306,0.865655,0.259697,0.051939,-0.000000,0.000000,0.000000,10,2
1780645161.888658,dhocbf_fixed,-0.000000,45.000000,0.000000,-0.000000,-0.161725,0.000000,45.000000,0.000000,45.000000,-0.000001,0.000001,0.041443,1,3.915376,0.821247,0.781561,0.671048,0.671048,0.879126,0.000000,0.671018,0.671018,0.012000,0.867126,0.789912,0.683311,inf,nan,0.000000,0.683311,0.683311,0.683311,0.204993,0.040999,0.699797,0.209939,0.041988,-0.000000,0.000000,0.000000,10,2
1780645162.005899,dhocbf_fixed,-0.000000,45.000000,-0.000000,0.000000,-0.155288,0.000000,45.000000,0.000000,45.000000,-0.000001,0.000000,0.040129,1,4.100379,0.821259,0.781753,0.671158,0.671158,0.879229,0.000000,0.671128,0.671128,0.012000,0.867229,0.789952,0.683312,inf,nan,0.000000,0.683312,0.683312,0.683312,0.204994,0.040999,0.699769,0.209931,0.041986,-0.000000,0.000000,0.000000,10,2
1780645162.093389,dhocbf_fixed,-0.000001,45.000000,-0.000000,0.000000,-0.153036,0.000000,45.000000,0.000000,45.000000,0.000001,-0.000001,0.039298,1,3.609394,0.920706,0.954532,0.844287,0.844287,0.966997,0.000000,0.843700,0.843700,0.012000,0.954997,0.958759,0.856525,inf,nan,0.000000,0.856525,0.856525,0.856525,0.256958,0.051392,0.866680,0.260004,0.052001,-0.000000,0.000000,0.000000,10,2
1780645162.207836,dhocbf_fixed,-0.000001,45.000000,-0.000000,0.000000,-0.158066,0.000000,45.000000,0.000000,45.000000,-0.000000,0.000000,0.039386,1,4.223090,0.821167,0.781561,0.671048,0.671048,0.879022,0.000000,0.671018,0.671018,0.012000,0.867022,0.789634,0.683299,inf,nan,0.000000,0.683299,0.683299,0.683299,0.204990,0.040998,0.699738,0.209921,0.041984,-0.000000,0.000000,0.000000,10,2
1780645162.294733,dhocbf_fixed,-0.000001,45.000000,-0.000000,0.000000,-0.165995,0.000000,45.000000,0.000000,45.000000,0.000001,-0.000001,0.040019,1,3.625259,0.930085,0.957853,0.847617,0.847617,0.968703,0.000000,0.846996,0.846996,0.012000,0.956703,0.962125,0.859868,inf,nan,0.000000,0.859868,0.859868,0.859868,0.257960,0.051592,0.869807,0.260942,0.052189,-0.000000,0.000000,0.000000,10,2
1780645162.424462,dhocbf_fixed,-0.000001,45.000000,-0.000000,0.000000,-0.173956,0.000000,45.000000,0.000000,45.000000,0.000001,-0.000000,0.040787,1,4.188480,0.920707,0.954510,0.844274,0.844274,0.966940,0.000000,0.843686,0.843686,0.012000,0.954940,0.958758,0.856525,inf,nan,0.000000,0.856525,0.856525,0.856525,0.256958,0.051392,0.866713,0.260014,0.052003,-0.000000,0.000000,0.000000,10,2
1780645162.496914,dhocbf_fixed,-0.000001,45.000000,0.000000,-0.000000,-0.180685,0.000000,45.000000,0.000000,45.000000,-0.000001,0.000000,0.041451,1,3.516208,0.821064,0.780948,0.670695,0.670695,0.878582,0.000000,0.670665,0.670665,0.012000,0.866582,0.789258,0.683283,inf,nan,0.000000,0.683283,0.683283,0.683283,0.204985,0.040997,0.699748,0.209925,0.041985,-0.000000,0.000000,0.000000,10,2
1780645162.620977,dhocbf_fixed,-0.000001,45.000000,-0.000000,0.000000,-0.183306,0.000000,45.000000,0.000000,45.000000,-0.000000,0.000000,0.041637,1,8.440648,0.821111,0.780944,0.670692,0.670692,0.878644,0.000000,0.670662,0.670662,0.012000,0.866644,0.789433,0.683290,inf,nan,0.000000,0.683290,0.683290,0.683290,0.204987,0.040997,0.699758,0.209928,0.041986,-0.000000,0.000000,0.000000,10,2
1780645162.700785,dhocbf_fixed,-0.000001,45.000000,-0.000000,0.000000,-0.184299,0.000000,45.000000,0.000000,45.000000,0.000001,-0.000001,0.041524,1,3.890958,0.930082,0.959124,0.848864,0.848864,0.969267,0.000000,0.848228,0.848228,0.012000,0.957267,0.963239,0.861073,inf,nan,0.000000,0.861073,0.861073,0.861073,0.258322,0.051664,0.869573,0.260872,0.052174,-0.000000,0.000000,0.000000,10,2
1780645162.841167,dhocbf_fixed,-0.000001,45.000000,-0.000000,-0.000000,-0.187456,0.000000,45.000000,0.000000,45.000000,0.000001,-0.000000,0.041574,1,5.822216,0.930086,0.961865,0.851599,0.851599,0.970716,0.000000,0.850934,0.850934,0.012000,0.958716,0.966057,0.863806,inf,nan,0.000000,0.863806,0.863806,0.863806,0.259142,0.051828,0.872452,0.261736,0.052347,-0.000000,0.000000,0.000000,10,2
1780645162.920240,dhocbf_fixed,-0.000001,45.000000,0.000000,-0.000000,-0.190677,0.000000,45.000000,0.000000,45.000000,-0.000001,0.000000,0.041671,1,12.144471,0.821055,0.780780,0.670597,0.670597,0.878475,0.000000,0.670567,0.670567,0.012000,0.866475,0.789224,0.683281,inf,nan,0.000000,0.683281,0.683281,0.683281,0.204984,0.040997,0.699757,0.209927,0.041986,-0.000000,0.000000,0.000000,10,2
1780645163.014701,dhocbf_fixed,-0.000001,45.000000,-0.000000,0.000000,-0.190387,0.000000,45.000000,0.000000,45.000000,0.000000,-0.000000,0.041396,1,4.711788,0.939667,0.952935,0.842666,0.842666,0.966041,0.000000,0.842092,0.842092,0.012000,0.954041,0.957039,0.854865,inf,nan,0.000000,0.854865,0.854865,0.854865,0.256459,0.051292,0.865583,0.259675,0.051935,-0.000000,0.000000,0.000000,10,2
1780645163.107535,dhocbf_fixed,-0.000001,45.000000,0.000000,-0.000000,-0.188844,0.000000,45.000000,0.000000,45.000000,0.000000,-0.000000,0.040895,1,5.332347,0.939674,0.954998,0.844735,0.844735,0.967146,0.000000,0.844142,0.844142,0.012000,0.955146,0.959186,0.856947,inf,nan,0.000000,0.856947,0.856947,0.856947,0.257084,0.051417,0.867635,0.260291,0.052058,-0.000000,0.000000,0.000000,10,2
1780645163.228160,dhocbf_fixed,-0.000001,45.000000,0.000000,-0.000000,-0.187513,0.000000,45.000000,0.000000,45.000000,-0.000001,0.000001,0.040362,1,5.955609,0.821055,0.780828,0.670625,0.670625,0.878504,0.000000,0.670595,0.670595,0.012000,0.866504,0.789228,0.683281,inf,nan,0.000000,0.683281,0.683281,0.683281,0.204984,0.040997,0.699770,0.209931,0.041986,-0.000000,0.000000,0.000000,10,2
1780645163.295056,dhocbf_fixed,-0.000001,45.000000,-0.000000,0.000000,-0.184452,0.000000,45.000000,0.000000,45.000000,0.000000,-0.000000,0.039637,1,3.930433,0.930086,0.962919,0.852660,0.852660,0.971273,0.000000,0.851983,0.851983,0.012000,0.959273,0.967126,0.864875,inf,nan,0.000000,0.864875,0.864875,0.864875,0.259462,0.051892,0.873215,0.261965,0.052393,-0.000000,0.000000,0.000000,10,2
1780645163.416909,dhocbf_fixed,-0.000001,45.000000,0.000000,-0.000000,-0.181954,0.000000,45.000000,0.000000,45.000000,0.000000,-0.000000,0.038930,1,5.267134,0.930081,0.959477,0.849227,0.849227,0.969518,0.000000,0.848589,0.848589,0.012000,0.957518,0.963759,0.861462,inf,nan,0.000000,0.861462,0.861462,0.861462,0.258439,0.051688,0.870945,0.261284,0.052257,-0.000000,0.000000,0.000000,10,2
1780645163.494752,dhocbf_fixed,-0.000001,45.000000,0.000000,-0.000000,-0.180669,0.000000,45.000000,0.000000,45.000000,0.000000,-0.000000,0.038364,1,3.631038,0.930087,0.960299,0.850049,0.850049,0.969928,0.000000,0.849402,0.849402,0.012000,0.957928,0.964531,0.862280,inf,nan,0.000000,0.862280,0.862280,0.862280,0.258684,0.051737,0.871044,0.261313,0.052263,-0.000000,0.000000,0.000000,10,2
1780645163.624779,dhocbf_fixed,-0.000001,45.000000,0.000000,-0.000000,-0.177928,0.000000,45.000000,0.000000,45.000000,-0.000000,0.000000,0.037678,1,11.121774,0.920709,0.950437,0.840199,0.840199,0.964791,0.000000,0.839649,0.839649,0.012000,0.952791,0.954620,0.852444,inf,nan,0.000000,0.852444,0.852444,0.852444,0.255733,0.051147,0.862756,0.258827,0.051765,-0.000000,0.000000,0.000000,10,2
1780645163.689921,dhocbf_fixed,-0.000001,45.000000,0.000000,-0.000000,-0.173268,0.000000,45.000000,0.000000,45.000000,-0.000001,0.000001,0.036758,1,3.458847,0.821050,0.781075,0.670767,0.670767,0.878629,0.000000,0.670737,0.670737,0.012000,0.866629,0.789207,0.683280,inf,nan,0.000000,0.683280,0.683280,0.683280,0.204984,0.040997,0.699791,0.209937,0.041988,-0.000000,0.000000,0.000000,10,2
1780645163.810386,dhocbf_fixed,-0.000001,45.000000,-0.000000,0.000000,-0.167331,0.000000,45.000000,0.000000,45.000000,0.000000,-0.000000,0.035646,1,5.166470,0.920714,0.952869,0.842638,0.842638,0.966107,0.000000,0.842066,0.842066,0.012000,0.954107,0.957130,0.854896,inf,nan,0.000000,0.854896,0.854896,0.854896,0.256469,0.051294,0.865596,0.259679,0.051936,-0.000000,0.000000,0.000000,10,2
1780645163.896271,dhocbf_fixed,-0.000001,45.000000,-0.000000,0.000000,-0.163774,0.000000,45.000000,0.000000,45.000000,0.000000,-0.000000,0.034752,1,3.555904,0.920709,0.954049,0.843817,0.843817,0.966697,0.000000,0.843233,0.843233,0.012000,0.954697,0.958233,0.856067,inf,nan,0.000000,0.856067,0.856067,0.856067,0.256820,0.051364,0.866059,0.259818,0.051964,-0.000000,0.000000,0.000000,10,2
1780645164.020564,dhocbf_fixed,-0.000001,45.000000,0.000000,-0.000000,-0.163491,0.000000,45.000000,0.000000,45.000000,0.000000,-0.000000,0.034275,1,7.194899,0.939668,0.957032,0.846797,0.846797,0.968229,0.000000,0.846183,0.846183,0.012000,0.956229,0.961171,0.859039,inf,nan,0.000000,0.859039,0.859039,0.859039,0.257712,0.051542,0.868933,0.260680,0.052136,-0.000000,0.000000,0.000000,10,2
1780645164.095407,dhocbf_fixed,-0.000001,45.000000,0.000000,-0.000000,-0.163117,0.000000,45.000000,0.000000,45.000000,-0.000001,0.000001,0.033896,1,3.611409,0.821127,0.781384,0.670945,0.670945,0.878885,0.000000,0.670915,0.670915,0.012000,0.866885,0.789490,0.683293,inf,nan,0.000000,0.683293,0.683293,0.683293,0.204988,0.040998,0.699700,0.209910,0.041982,-0.000000,0.000000,0.000000,10,2
1780645164.213435,dhocbf_fixed,-0.000001,45.000000,-0.000000,0.000000,-0.161373,0.000000,45.000000,0.000000,45.000000,0.000000,-0.000000,0.033394,1,7.550229,0.930080,0.959115,0.848876,0.848876,0.969358,0.000000,0.848242,0.848242,0.012000,0.957358,0.963357,0.861121,inf,nan,0.000000,0.861121,0.861121,0.861121,0.258336,0.051667,0.870670,0.261201,0.052240,-0.000000,0.000000,0.000000,10,2
1780645164.297276,dhocbf_fixed,-0.000001,45.000000,-0.000000,0.000000,-0.161195,0.000000,45.000000,0.000000,45.000000,0.000000,-0.000000,0.033035,1,3.626565,0.930080,0.957665,0.847427,0.847427,0.968622,0.000000,0.846809,0.846809,0.012000,0.956622,0.961947,0.859676,inf,nan,0.000000,0.859676,0.859676,0.859676,0.257903,0.051581,0.869258,0.260778,0.052156,-0.000000,0.000000,0.000000,10,2
1780645164.417639,dhocbf_fixed,-0.000001,45.000000,0.000000,-0.000000,-0.163220,0.000000,45.000000,0.000000,45.000000,0.000000,-0.000000,0.032954,1,5.612063,0.930082,0.959768,0.849530,0.849530,0.969683,0.000000,0.848888,0.848888,0.012000,0.957683,0.963987,0.861773,inf,nan,0.000000,0.861773,0.861773,0.861773,0.258532,0.051706,0.870481,0.261144,0.052229,-0.000000,0.000000,0.000000,10,2
1780645164.497040,dhocbf_fixed,-0.000001,45.000000,0.000000,-0.000000,-0.164111,0.000000,45.000000,0.000000,45.000000,0.000000,-0.000000,0.032820,1,3.627534,0.930082,0.962085,0.851845,0.851845,0.970876,0.000000,0.851178,0.851178,0.012000,0.958876,0.966284,0.864084,inf,nan,0.000000,0.864084,0.864084,0.864084,0.259225,0.051845,0.872887,0.261866,0.052373,-0.000000,0.000000,0.000000,10,2
1780645164.609636,dhocbf_fixed,-0.000000,45.000000,0.000000,-0.000000,-0.162883,0.000000,45.000000,0.000000,45.000000,-0.000000,-0.000000,0.032442,1,4.019296,0.930081,0.963217,0.852976,0.852976,0.971439,0.000000,0.852296,0.852296,0.012000,0.959439,0.967346,0.865208,inf,nan,0.000000,0.865208,0.865208,0.865208,0.259562,0.051912,0.872724,0.261817,0.052364,-0.000000,0.000000,0.000000,10,2
1780645164.694332,dhocbf_fixed,-0.000000,45.000000,0.000000,-0.000000,-0.159744,0.000000,45.000000,0.000000,45.000000,-0.000000,0.000000,0.031798,1,3.653261,0.939667,0.954697,0.844460,0.844460,0.967077,0.000000,0.843871,0.843871,0.012000,0.955077,0.958960,0.856711,inf,nan,0.000000,0.856711,0.856711,0.856711,0.257013,0.051403,0.867266,0.260180,0.052036,-0.000000,0.000000,0.000000,10,2
1780645164.829882,dhocbf_fixed,-0.000000,45.000000,0.000000,-0.000000,-0.155318,0.000000,45.000000,0.000000,45.000000,-0.000000,0.000000,0.030951,1,5.840234,0.939667,0.954019,0.843778,0.843778,0.966729,0.000000,0.843195,0.843195,0.012000,0.954729,0.958260,0.856022,inf,nan,0.000000,0.856022,0.856022,0.856022,0.256807,0.051361,0.866278,0.259883,0.051977,-0.000000,0.000000,0.000000,10,2
1780645164.894149,dhocbf_fixed,-0.000000,45.000000,0.000000,-0.000000,-0.150553,0.000000,45.000000,0.000000,45.000000,-0.000000,0.000000,0.030022,1,3.528380,0.930084,0.962058,0.851805,0.851805,0.970866,0.000000,0.851139,0.851139,0.012000,0.958866,0.966173,0.864022,inf,nan,0.000000,0.864022,0.864022,0.864022,0.259206,0.051841,0.871579,0.261474,0.052295,-0.000000,0.000000,0.000000,10,2
1780645165.031809,dhocbf_fixed,-0.000000,45.000000,0.000000,-0.000000,-0.146335,0.000000,45.000000,0.000000,45.000000,-0.000001,0.000001,0.029139,1,11.138102,0.821069,0.781753,0.671158,0.671158,0.878977,0.000000,0.671128,0.671128,0.012000,0.866977,0.789280,0.683284,inf,nan,0.000000,0.683284,0.683284,0.683284,0.204985,0.040997,0.699717,0.209915,0.041983,-0.000000,0.000000,0.000000,10,2
1780645165.096514,dhocbf_fixed,-0.000000,45.000000,-0.000000,0.000000,-0.142733,0.000000,45.000000,0.000000,45.000000,0.000000,-0.000000,0.028339,1,5.191226,0.930088,0.954655,0.844383,0.844383,0.967088,0.000000,0.843796,0.843796,0.012000,0.955088,0.958857,0.856585,inf,nan,0.000000,0.856585,0.856585,0.856585,0.256976,0.051395,0.866892,0.260068,0.052014,-0.000000,0.000000,0.000000,10,2
1780645165.207243,dhocbf_fixed,-0.000000,45.000000,-0.000000,0.000000,-0.142686,0.000000,45.000000,0.000000,45.000000,0.000000,-0.000000,0.027952,1,4.533116,0.930082,0.958327,0.848055,0.848055,0.968965,0.000000,0.847430,0.847430,0.012000,0.956965,0.962459,0.860252,inf,nan,0.000000,0.860252,0.860252,0.860252,0.258076,0.051615,0.868864,0.260659,0.052132,-0.000000,0.000000,0.000000,10,2
1780645165.292863,dhocbf_fixed,-0.000000,45.000000,-0.000000,0.000000,-0.146468,0.000000,45.000000,0.000000,45.000000,0.000000,-0.000000,0.028088,1,3.537982,0.939666,0.953691,0.843431,0.843431,0.966581,0.000000,0.842852,0.842852,0.012000,0.954581,0.957913,0.855650,inf,nan,0.000000,0.855650,0.855650,0.855650,0.256695,0.051339,0.866422,0.259927,0.051985,-0.000000,0.000000,0.000000,10,2
1780645165.413062,dhocbf_fixed,-0.000000,45.000000,0.000000,-0.000000,-0.149874,0.000000,45.000000,0.000000,45.000000,-0.000001,0.000001,0.028313,1,4.585615,0.821142,0.781754,0.671158,0.671158,0.879076,0.000000,0.671128,0.671128,0.012000,0.867076,0.789543,0.683295,inf,nan,0.000000,0.683295,0.683295,0.683295,0.204989,0.040998,0.699705,0.209912,0.041982,-0.000000,0.000000,0.000000,10,2
1780645165.491639,dhocbf_fixed,-0.000000,45.000000,-0.000000,0.000000,-0.151460,0.000000,45.000000,0.000000,45.000000,0.000000,-0.000000,0.028361,1,3.553127,0.930084,0.960432,0.850177,0.850177,0.970077,0.000000,0.849530,0.849530,0.012000,0.958077,0.964683,0.862402,inf,nan,0.000000,0.862402,0.862402,0.862402,0.258721,0.051744,0.871874,0.261562,0.052313,-0.000000,0.000000,0.000000,10,2
1780645165.610878,dhocbf_fixed,-0.000001,45.000000,-0.000000,0.000000,-0.154291,0.000000,45.000000,0.000000,45.000000,0.000000,-0.000000,0.028499,1,5.131004,0.939673,0.957533,0.847287,0.847287,0.968564,0.000000,0.846670,0.846670,0.012000,0.956564,0.961790,0.859524,inf,nan,0.000000,0.859524,0.859524,0.859524,0.257857,0.051571,0.869906,0.260972,0.052194,-0.000000,0.000000,0.000000,10,2
1780645165.691995,dhocbf_fixed,-0.000001,45.000000,0.000000,-0.000000,-0.158814,0.000000,45.000000,0.000000,45.000000,-0.000001,0.000001,0.028843,1,3.600359,0.821040,0.781384,0.670945,0.670945,0.878767,0.000000,0.670915,0.670915,0.012000,0.866767,0.789171,0.683279,inf,nan,0.000000,0.683279,0.683279,0.683279,0.204984,0.040997,0.699723,0.209917,0.041984,-0.000000,0.000000,0.000000,10,2
1780645165.815748,dhocbf_fixed,-0.000001,45.000000,-0.000000,0.000000,-0.161650,0.000000,45.000000,0.000000,45.000000,-0.000000,0.000000,0.029054,1,5.205113,0.821245,0.781561,0.671047,0.671047,0.879123,0.000000,0.671017,0.671017,0.012000,0.867123,0.789905,0.683310,inf,nan,0.000000,0.683310,0.683310,0.683310,0.204993,0.040999,0.699771,0.209931,0.041986,-0.000000,0.000000,0.000000,10,2
1780645165.893657,dhocbf_fixed,-0.000001,45.000000,-0.000000,0.000000,-0.164645,0.000000,45.000000,0.000000,45.000000,0.000001,-0.000001,0.029246,1,3.741848,0.920708,0.956874,0.846639,0.846639,0.968181,0.000000,0.846028,0.846028,0.012000,0.956181,0.961105,0.858889,inf,nan,0.000000,0.858889,0.858889,0.858889,0.257667,0.051533,0.868510,0.260553,0.052111,-0.000000,0.000000,0.000000,10,2
1780645166.006898,dhocbf_fixed,-0.000001,45.000000,-0.000000,0.000000,-0.171098,0.000000,45.000000,0.000000,45.000000,0.000001,-0.000000,0.029809,1,4.435524,0.920709,0.951577,0.841346,0.841346,0.965413,0.000000,0.840786,0.840786,0.012000,0.953413,0.955803,0.853602,inf,nan,0.000000,0.853602,0.853602,0.853602,0.256080,0.051216,0.864116,0.259235,0.051847,-0.000000,0.000000,0.000000,10,2
1780645166.097493,dhocbf_fixed,-0.000001,45.000000,0.000000,-0.000000,-0.178160,0.000000,45.000000,0.000000,45.000000,0.000000,-0.000000,0.030528,1,3.745467,0.920709,0.959687,0.849439,0.849439,0.969576,0.000000,0.848797,0.848797,0.012000,0.957576,0.963820,0.861664,inf,nan,0.000000,0.861664,0.861664,0.861664,0.258499,0.051700,0.870605,0.261181,0.052236,-0.000000,0.000000,0.000000,10,2
