time_s,controller,x,y,vx,vy,yaw,ref_x,ref_y,goal_x,goal_y,ux,uy,alpha,feasible,solve_ms,clearance_m,d_lower_min,c_body,barrier,gamma_ref,recovery_energy,recoverable_margin,h_R,dynamic_reserve,recoverability_delta,pred_min_d_lower,pred_min_c_body,pred_min_gamma,pred_max_recovery_energy,pred_max_dynamic_reserve,pred_min_delta,pred_min_h_R,pred_min_psi0,pred_min_psi1,pred_min_psi2,pred_min_psi0_constraint,pred_min_psi1_constraint,pred_min_psi2_constraint,solver_constraint_margin,max_safety_slack,speed_mps,obstacle_count,guide_points
1780630902.780815,nominal,0.000000,-50.000000,0.000000,0.000000,1.570800,0.000000,-48.400000,0.000000,45.000000,0.000000,7.999991,-0.171058,1,10.496118,inf,inf,inf,inf,inf,0.016640,inf,inf,0.012000,inf,inf,inf,inf,nan,0.000000,inf,inf,inf,inf,inf,inf,inf,inf,-0.000000,0.000000,0.000000,0,2
1780630902.876966,nominal,0.000000,-50.000000,0.000000,0.000000,1.570800,0.000000,-48.400000,0.000000,45.000000,0.000000,7.999992,-0.212728,1,8.546348,inf,inf,inf,inf,inf,0.016640,inf,inf,0.012000,inf,inf,inf,inf,nan,0.000000,inf,inf,inf,inf,inf,inf,inf,inf,-0.000000,0.000000,0.000000,0,2
1780630902.974880,nominal,0.000000,-50.000000,0.000000,0.000000,1.570800,0.000000,-48.400000,0.000000,45.000000,0.000000,7.999992,-0.221782,1,5.263311,inf,inf,inf,inf,inf,0.016640,inf,inf,0.012000,inf,inf,inf,inf,nan,0.000000,inf,inf,inf,inf,inf,inf,inf,inf,-0.000000,0.000000,0.000000,0,2
1780630903.083780,nominal,0.000000,-49.960000,0.000000,0.799999,1.570799,0.000000,-48.360000,0.000000,45.000000,0.000000,7.999979,-0.222624,1,10.201684,inf,inf,inf,inf,inf,0.017408,inf,inf,0.041600,inf,inf,inf,inf,nan,0.000000,inf,inf,inf,inf,inf,inf,inf,inf,-0.000000,0.000000,0.799999,0,2
1780630903.173963,nominal,0.000000,-49.840000,0.000000,1.599997,1.570798,0.000000,-48.240000,0.000000,45.000000,0.000000,7.750965,-0.221408,1,3.265225,inf,inf,inf,inf,inf,0.019712,inf,inf,0.074400,inf,inf,inf,inf,nan,0.000000,inf,inf,inf,inf,inf,inf,inf,inf,-0.000000,0.000000,1.599997,0,2
1780630903.544794,nominal,0.000000,-49.641246,0.000000,2.375094,1.570798,-0.304189,-48.070428,0.000000,45.000000,-2.709432,4.032146,-0.219684,1,2.794203,1.391749,1.255044,1.141556,1.141556,1.237885,0.023409,1.098179,1.098179,0.109231,1.105245,1.351749,1.263749,inf,nan,0.000000,1.263749,1.263749,1.263749,0.395049,0.059938,1.263749,0.395049,0.059938,-0.000000,0.000000,2.375094,10,4
1780630903.559709,nominal,0.000000,-49.641246,0.000000,2.375094,1.570798,-0.304189,-48.070428,0.000000,45.000000,-2.913471,3.752093,-0.217845,1,2.532642,1.391749,1.255044,1.141556,1.141556,1.237885,0.023409,1.098179,1.098179,0.109231,1.105245,1.351749,1.263749,inf,nan,0.000000,1.263749,1.263749,1.263749,0.395952,0.061796,1.263749,0.395952,0.061796,-0.000000,0.000000,2.375094,10,4
1780630903.574480,nominal,-0.013547,-49.383576,-0.270943,2.778308,1.579927,-0.352773,-47.819542,0.000000,45.000000,-2.038206,1.880718,-0.216984,1,2.420643,1.454534,1.295525,1.171632,1.171632,0.620000,0.025999,0.464818,0.464818,0.129183,0.464818,0.221264,0.133264,inf,nan,0.000000,0.133264,0.133264,0.133264,-0.029284,-0.108716,0.133264,-0.029284,-0.108716,-0.000000,0.000000,2.791488,10,4
1780630903.589329,nominal,-0.014567,-49.384976,-0.291347,2.750303,1.577533,-0.352548,-47.820702,0.000000,45.000000,-1.870634,1.866251,-0.215117,1,2.446797,1.455138,1.296532,1.172682,1.172682,0.620000,0.025827,0.466252,0.466252,0.127922,0.466252,0.223744,0.135744,inf,nan,0.000000,0.135744,0.135744,0.135744,-0.029391,-0.105706,0.135744,-0.029391,-0.105706,-0.000000,0.000000,2.765692,10,4
1780630903.698031,nominal,-0.053055,-49.100614,-0.478410,2.936928,1.656504,-0.407016,-47.539435,0.000000,45.000000,-1.169978,1.009177,-0.221872,1,2.313141,1.452281,1.298444,1.178663,1.178663,0.620000,0.027282,0.454435,0.454435,0.138283,0.454435,-0.053441,-0.141441,inf,nan,0.000000,-0.141441,-0.141441,-0.141441,-0.107037,-0.121993,-0.141441,-0.107037,-0.121993,-0.000000,0.000000,2.975638,10,4
1780630903.789909,nominal,-0.106746,-48.801876,-0.595408,3.037846,1.719878,-0.464716,-47.241472,0.000000,45.000000,-0.633578,0.489748,-0.229041,1,2.002991,1.242511,0.996696,0.886147,0.886147,0.620000,0.028159,0.447536,0.447536,0.144305,0.447536,-0.102786,-0.190786,inf,nan,0.000000,-0.190786,-0.190786,-0.190786,-0.153955,-0.073452,-0.190786,-0.153955,-0.073452,-0.000000,0.000000,3.095645,10,4
1780630903.896660,nominal,-0.169455,-48.495642,-0.658766,3.086821,1.758610,-0.524141,-46.934603,0.000000,45.000000,-0.282694,0.238897,-0.233583,1,2.411445,0.931415,0.689452,0.578190,0.578190,0.620000,0.028612,0.443751,0.443751,0.147378,0.444010,-0.111323,-0.199323,inf,nan,0.000000,-0.199323,-0.199323,-0.199323,-0.193535,-0.099848,-0.199323,-0.193535,-0.099848,-0.000000,0.000000,3.156332,10,4
1780630903.990050,nominal,-0.236745,-48.185766,-0.687036,3.110710,1.777501,-0.584412,-46.623367,0.000000,45.000000,-0.068262,0.126068,-0.235279,1,2.012447,0.620839,0.384596,0.271159,0.271159,0.620000,0.028831,0.271087,0.271087,0.148870,0.442299,-0.072129,-0.160129,inf,nan,0.000000,-0.160129,-0.160129,-0.160129,-0.197864,-0.092246,-0.160129,-0.197864,-0.092246,-0.000000,0.000000,3.185677,10,4
1780630904.097541,nominal,-0.305790,-47.874064,-0.693862,3.123317,1.784181,-0.645087,-46.310045,0.000000,45.000000,0.052740,0.076047,-0.234923,1,2.619631,0.565806,0.278328,0.168398,0.168398,0.663090,0.028932,0.168398,0.168398,0.149573,0.484585,-0.060075,-0.148075,inf,nan,0.000000,-0.148075,-0.148075,-0.148075,-0.233259,-0.085442,-0.148075,-0.233259,-0.085442,-0.000000,0.000000,3.199462,10,4
1780630904.189513,nominal,-0.374912,-47.561352,-0.688588,3.130922,1.784360,-0.705953,-45.995734,0.000000,45.000000,0.111980,0.052764,-0.233347,1,2.106862,0.589085,0.340551,0.229241,0.229241,0.745120,0.028977,0.229240,0.229240,0.149893,0.566249,0.055016,-0.032984,inf,nan,0.000000,-0.032984,-0.032984,-0.032984,-0.180101,-0.092801,-0.032984,-0.180101,-0.092801,-0.000000,0.000000,3.205749,10,4
1780630904.297947,nominal,-0.443211,-47.247996,-0.677390,3.136198,1.781541,-0.766910,-45.680956,0.000000,45.000000,0.132131,0.040253,-0.231151,1,2.676063,0.560766,0.391154,0.273495,0.273495,0.757478,0.028996,0.273494,0.273494,0.150035,0.578447,0.450348,0.362348,inf,nan,0.000000,0.362348,0.362348,0.362348,0.059411,-0.050846,0.362348,0.059411,-0.050846,-0.000000,0.000000,3.208519,10,4
1780630904.389778,nominal,-0.510290,-46.934175,-0.664177,3.140224,1.777685,-0.827909,-45.365958,0.000000,45.000000,0.129141,0.031928,-0.228700,1,3.983972,0.519559,0.243085,0.127254,0.127254,0.878168,0.029004,0.127254,0.127254,0.150095,0.699070,0.479559,0.391559,inf,nan,0.000000,0.391559,0.391559,0.391559,0.158998,-0.068951,0.391559,0.158998,-0.068951,-0.000000,0.000000,3.209694,10,4
1780630904.496499,nominal,-0.576061,-46.619993,-0.651263,3.143416,1.773811,-0.888929,-45.050856,0.000000,45.000000,0.113921,0.025326,-0.226200,1,2.442646,0.533276,0.362798,0.248027,0.248027,0.999804,0.029007,0.248027,0.248027,0.150119,0.820678,0.493276,0.405276,inf,nan,0.000000,0.405276,0.405276,0.405276,0.179133,0.012434,0.405276,0.179133,0.012434,-0.000000,0.000000,3.210173,10,4
1780630904.588443,nominal,-0.640618,-46.305525,-0.639870,3.145949,1.770400,-0.949958,-44.735704,0.000000,45.000000,0.093626,0.019671,-0.223753,1,1.808801,0.576758,0.364470,0.241414,0.241414,0.668364,0.029008,0.241409,0.241409,0.150129,0.489228,0.154717,0.066717,inf,nan,0.000000,0.066717,0.066717,0.066717,-0.105677,-0.223575,0.066717,-0.105677,-0.223575,-0.000000,0.000000,3.210363,10,4
1780630904.698037,nominal,-0.704137,-45.990832,-0.630508,3.147916,1.767628,-1.010991,-44.420530,0.000000,45.000000,0.072675,0.014800,-0.221405,1,2.147525,0.570039,0.297474,0.179097,0.179097,0.822632,0.029008,0.179097,0.179097,0.150133,0.643491,0.146224,0.058224,inf,nan,0.000000,0.058224,0.058224,0.058224,-0.102565,-0.004527,0.058224,-0.102565,-0.004527,-0.000000,0.000000,3.210439,10,4
1780630904.790657,nominal,-0.766824,-45.675966,-0.623240,3.149396,1.765509,-1.072027,-44.105344,0.000000,45.000000,0.053549,0.010713,-0.219169,1,1.794244,0.510445,0.350877,0.243120,0.243120,0.983571,0.029009,0.243120,0.243120,0.150134,0.804428,0.443631,0.355631,inf,nan,0.000000,0.355631,0.355631,0.355631,0.087919,0.030070,0.355631,0.087919,0.030070,-0.000000,0.000000,3.210471,10,4
1780630904.898057,nominal,-0.828881,-45.360973,-0.617885,3.150467,1.763978,-1.133064,-43.790154,0.000000,45.000000,0.037421,0.007408,-0.217038,1,2.200513,0.622034,0.576999,0.466769,0.466769,0.620000,0.029009,0.431166,0.431166,0.150135,0.440856,0.136027,0.048027,inf,nan,0.000000,0.048027,0.048027,0.048027,-0.108733,-0.238419,0.048027,-0.108733,-0.238419,-0.000000,0.000000,3.210487,10,4
1780630904.990288,nominal,-0.890482,-45.045889,-0.614143,3.151208,1.762931,-1.194101,-43.474961,0.000000,45.000000,0.024622,0.004844,-0.215000,1,1.743721,0.571753,0.349878,0.242992,0.242992,0.757166,0.029009,0.242992,0.242992,0.150136,0.578022,0.156656,0.068656,inf,nan,0.000000,0.068656,0.068656,0.068656,-0.127254,-0.126142,0.068656,-0.127254,-0.126142,-0.000000,0.000000,3.210496,10,4
1780630905.097364,nominal,-0.951773,-44.730744,-0.611681,3.151693,1.762263,-1.255138,-43.159767,0.000000,45.000000,0.014990,0.002939,-0.213040,1,2.137813,0.585340,0.313671,0.205684,0.205684,0.902863,0.029009,0.205684,0.205684,0.150136,0.723718,0.495841,0.407841,inf,nan,0.000000,0.407841,0.407841,0.407841,0.091646,-0.013608,0.407841,0.091646,-0.013608,-0.000000,0.000000,3.210502,10,4
1780630905.191291,nominal,-1.012867,-44.415560,-0.610182,3.151987,1.761873,-1.316176,-42.844572,0.000000,45.000000,0.008107,0.001587,-0.211142,1,1.692296,0.646887,0.487612,0.376101,0.376101,1.037278,0.029009,0.376101,0.376101,0.150136,0.858133,0.564666,0.476666,inf,nan,0.000000,0.476666,0.476666,0.476666,0.110801,0.094833,0.476666,0.110801,0.094833,-0.000000,0.000000,3.210505,10,4
1780630905.298911,nominal,-1.073844,-44.100354,-0.609372,3.152145,1.761678,-1.377213,-42.529377,0.000000,45.000000,0.003457,0.000677,-0.209293,1,1.705774,0.622442,0.496917,0.385086,0.385086,0.660575,0.029009,0.384122,0.384122,0.150136,0.481430,0.411494,0.323494,inf,nan,0.000000,0.323494,0.323494,0.323494,0.001292,-0.138881,0.323494,0.001292,-0.138881,-0.000000,0.000000,3.210507,10,4
1780630905.392306,nominal,-1.134764,-43.785136,-0.609026,3.152213,1.761611,-1.438251,-42.214182,0.000000,45.000000,0.000524,0.000105,-0.207482,1,3.812443,0.652463,0.458387,0.349057,0.349057,0.768836,0.029009,0.349051,0.349051,0.150136,0.589691,0.404420,0.316420,inf,nan,0.000000,0.316420,0.316420,0.316420,-0.014666,-0.168343,0.316420,-0.014666,-0.168343,-0.000000,0.000000,3.210508,10,4
1780630905.498527,nominal,-1.195664,-43.469914,-0.608973,3.152223,1.761622,-1.499288,-41.898986,0.000000,45.000000,-0.001155,-0.000222,-0.205700,1,1.944465,3.008871,2.812357,2.701177,2.701177,2.786769,0.029009,2.606563,2.606563,0.150136,2.607624,3.061618,2.973618,inf,nan,0.000000,2.973618,2.973618,2.973618,1.212340,0.298186,2.973618,1.212340,0.298186,-0.000000,0.000000,3.210508,7,4
1780630905.590640,nominal,-1.256567,-43.154693,-0.609089,3.152201,1.761676,-1.560326,-41.583791,0.000000,45.000000,-0.001966,-0.000380,-0.203942,1,1.810492,3.329282,3.132479,3.021311,3.021311,2.953264,0.029009,2.774114,2.774114,0.150136,2.774119,3.381873,3.293873,inf,nan,0.000000,3.293873,3.293873,3.293873,1.308550,0.317430,3.293873,1.308550,0.317430,-0.000000,0.000000,3.210508,7,4
1780630905.699189,nominal,-1.317486,-42.839474,-0.609285,3.152163,1.761747,-1.621363,-41.268596,0.000000,45.000000,-0.002213,-0.000428,-0.202203,1,1.823090,3.649807,3.452766,3.341605,3.341605,3.119815,0.029009,2.940670,2.940670,0.150136,2.940670,3.702261,3.614261,inf,nan,0.000000,3.614261,3.614261,3.614261,1.404770,0.336676,3.614261,1.404770,0.336676,-0.000000,0.000000,3.210508,7,4
1780630905.791203,nominal,-1.378425,-42.524260,-0.609507,3.152120,1.761820,-1.682401,-40.953401,0.000000,45.000000,-0.002121,-0.000411,-0.200481,1,1.756831,3.970417,3.773180,3.662021,3.662021,3.286412,0.029009,3.107267,3.107267,0.150136,3.107267,4.022753,3.934753,inf,nan,0.000000,3.934753,3.934753,3.934753,1.500998,0.355923,3.934753,1.500998,0.355923,-0.000000,0.000000,3.210508,7,4
1780630905.901426,nominal,-1.439387,-42.209050,-0.609719,3.152079,1.761888,-1.743438,-40.638206,0.000000,45.000000,-0.001852,-0.000359,-0.198772,1,1.981346,4.291095,4.093691,3.982532,3.982532,3.453047,0.029009,3.273901,3.273901,0.150136,3.273901,4.343325,4.255325,inf,nan,0.000000,4.255325,4.255325,4.255325,1.597235,0.375173,4.255325,1.597235,0.375173,-0.000000,0.000000,3.210508,7,4
1780630905.990362,nominal,-1.500368,-41.893844,-0.609904,3.152044,1.761945,-1.804476,-40.323010,0.000000,45.000000,-0.001512,-0.000293,-0.197077,1,1.743585,4.611825,4.414279,4.303119,4.303119,3.619714,0.029009,3.440569,3.440569,0.150136,3.440569,4.663962,4.575962,inf,nan,0.000000,4.575962,4.575962,4.575962,1.693478,0.394424,4.575962,1.693478,0.394424,-0.000000,0.000000,3.210508,7,4
1780630906.106219,nominal,-1.561366,-41.578641,-0.610055,3.152014,1.761990,-1.865513,-40.007815,0.000000,45.000000,-0.001168,-0.000226,-0.195396,1,5.067843,4.932598,4.734929,4.623767,4.623767,3.786408,0.029009,3.607263,3.607263,0.150136,3.607263,4.984652,4.896652,inf,nan,0.000000,4.896652,4.896652,4.896652,1.789728,0.413675,4.896652,1.789728,0.413675,-0.000000,0.000000,3.210508,7,4
1780630906.190459,nominal,-1.622377,-41.263441,-0.610172,3.151992,1.762024,-1.926551,-39.692620,0.000000,45.000000,-0.000857,-0.000166,-0.193726,1,1.753686,5.253405,5.055629,4.944464,4.944464,3.953127,0.029009,3.773982,3.773982,0.150136,3.773982,5.305385,5.217385,inf,nan,0.000000,5.217385,5.217385,5.217385,1.885984,0.432928,5.217385,1.885984,0.432928,-0.000000,0.000000,3.210508,7,4
1780630906.300632,nominal,-1.683399,-40.948243,-0.610258,3.151975,1.762049,-1.987588,-39.377425,0.000000,45.000000,-0.000596,-0.000115,-0.192070,1,1.806514,5.574240,5.376370,5.265202,5.265202,4.119866,0.029009,3.940721,3.940721,0.150136,3.940721,5.626153,5.538153,inf,nan,0.000000,5.538153,5.538153,5.538153,1.982245,0.452182,5.538153,1.982245,0.452182,-0.000000,0.000000,3.210508,7,4
1780630906.389395,nominal,-1.744427,-40.633046,-0.610317,3.151964,1.762066,-2.048626,-39.062229,0.000000,45.000000,-0.000390,-0.000076,-0.190427,1,3.450182,2.071539,5.697146,5.585974,5.585974,4.286623,0.029009,4.107478,4.107478,0.150136,4.107478,5.946952,5.858952,inf,nan,0.000000,5.858952,5.858952,5.858952,2.078510,0.471436,5.858952,2.078510,0.471436,-0.000000,0.000000,3.210508,6,4
1780630906.501006,nominal,-1.805461,-40.317850,-0.610356,3.151956,1.762076,-2.109664,-38.747034,0.000000,45.000000,-0.000236,-0.000046,-0.188797,1,2.589309,2.276886,2.005030,1.893842,1.893842,2.320605,0.029009,1.893837,1.893837,0.150136,2.141460,2.236886,2.148886,inf,nan,0.000000,2.148886,2.148886,2.148886,0.936348,0.242246,2.148886,0.936348,0.242246,-0.000000,0.000000,3.210508,10,4
1780630906.589482,nominal,-1.866498,-40.002654,-0.610380,3.151951,1.762082,-2.170701,-38.431839,0.000000,45.000000,-0.000126,-0.000024,-0.187180,1,2.176670,2.568568,2.294846,2.181526,2.181526,2.480698,0.029009,2.181101,2.181101,0.150136,2.301553,2.528568,2.440568,inf,nan,0.000000,2.440568,2.440568,2.440568,1.029906,0.260912,2.440568,1.029906,0.260912,-0.000000,0.000000,3.210508,10,4
1780630906.695161,nominal,-1.927537,-39.687459,-0.610392,3.151949,1.762085,-2.231739,-38.116644,0.000000,45.000000,-0.000052,-0.000010,-0.185576,1,2.466675,2.866304,2.591631,2.476421,2.476421,2.641665,0.029009,2.448829,2.448829,0.150136,2.462520,2.826304,2.738304,inf,nan,0.000000,2.738304,2.738304,2.738304,1.123630,0.279661,2.738304,1.123630,0.279661,-0.000000,0.000000,3.210508,10,4
1780630906.784559,nominal,-1.988576,-39.372264,-0.610398,3.151948,1.762086,-2.292776,-37.801449,0.000000,45.000000,-0.000006,-0.000001,-0.183986,1,2.758708,3.168443,2.892835,2.776479,2.776479,2.803360,0.029009,2.624077,2.624077,0.150136,2.624215,3.128443,3.040443,inf,nan,0.000000,3.040443,3.040443,3.040443,1.217562,0.298477,3.040443,1.217562,0.298477,-0.000000,0.000000,3.210508,10,4
1780630906.899358,nominal,-2.049616,-39.057070,-0.610398,3.151948,1.762086,-2.353814,-37.486253,0.000000,45.000000,0.000020,0.000004,-0.182409,1,2.214618,3.473872,3.195784,3.080343,3.080343,2.965668,0.029009,2.786522,2.786522,0.150136,2.786523,3.433872,3.345872,inf,nan,0.000000,3.345872,3.345872,3.345872,1.311706,0.317347,3.345872,1.311706,0.317347,-0.000000,0.000000,3.210508,10,4
1780630906.990307,nominal,-2.110656,-38.741875,-0.610396,3.151948,1.762085,-2.414851,-37.171058,0.000000,45.000000,0.000033,0.000006,-0.180846,1,2.280689,3.781817,3.501828,3.387083,3.387083,3.128492,0.029009,2.949347,2.949347,0.150136,2.949347,3.741817,3.653817,inf,nan,0.000000,3.653817,3.653817,3.653817,1.406052,0.336263,3.653817,1.406052,0.336263,-0.000000,0.000000,3.210508,10,4
1780630907.099359,nominal,-2.171695,-38.426680,-0.610393,3.151949,1.762084,-2.475889,-36.855863,0.000000,45.000000,0.000036,0.000007,-0.179296,1,5.800054,4.091724,3.810249,3.696044,3.696044,3.291754,0.029009,3.112609,3.112609,0.150136,3.112609,4.051724,3.963724,inf,nan,0.000000,3.963724,3.963724,3.963724,1.500582,0.355215,3.963724,1.500582,0.355215,-0.000000,0.000000,3.210508,10,4
1780630907.188920,nominal,-2.232734,-38.111485,-0.610389,3.151950,1.762083,-2.536926,-36.540668,0.000000,45.000000,0.000034,0.000007,-0.177759,1,2.102683,4.403189,4.120531,4.006755,4.006755,3.455392,0.029009,3.276247,3.276247,0.150136,3.276247,4.363189,4.275189,inf,nan,0.000000,4.275189,4.275189,4.275189,1.595278,0.374199,4.275189,1.595278,0.374199,-0.000000,0.000000,3.210508,10,4
1780630907.292376,nominal,-2.293773,-37.796290,-0.610386,3.151950,1.762082,-2.597964,-36.225472,0.000000,45.000000,0.000030,0.000006,-0.176235,1,2.916732,4.715911,4.432297,4.318864,4.318864,3.619353,0.029009,3.440208,3.440208,0.150136,3.440208,4.675911,4.587911,inf,nan,0.000000,4.587911,4.587911,4.587911,1.690122,0.393211,4.587911,1.690122,0.393211,-0.000000,0.000000,3.210508,10,4
1780630907.397148,nominal,-2.354811,-37.481095,-0.610383,3.151951,1.762081,-2.659001,-35.910277,0.000000,45.000000,0.000024,0.000005,-0.174725,1,4.177950,5.029660,4.745264,4.632110,4.632110,3.783593,0.029009,3.604448,3.604448,0.150136,3.604448,4.989660,4.901660,inf,nan,0.000000,4.901660,4.901660,4.901660,1.785096,0.412245,4.901660,1.785096,0.412245,-0.000000,0.000000,3.210508,10,4
1780630907.496943,nominal,-2.415850,-37.165900,-0.610380,3.151951,1.762080,-2.720039,-35.595082,0.000000,45.000000,0.000019,0.000004,-0.173227,1,2.312269,1.096907,0.811011,0.696718,0.696718,0.929723,0.029009,0.692680,0.692680,0.150136,0.750578,0.912149,0.824149,inf,nan,0.000000,0.824149,0.824149,0.824149,0.201285,-0.092649,0.824149,0.201285,-0.092649,-0.000000,0.000000,3.210508,10,4
1780630907.587919,nominal,-2.476888,-36.850705,-0.610379,3.151952,1.762079,-2.781076,-35.279887,0.000000,45.000000,0.000014,0.000003,-0.171742,1,2.396154,1.213877,1.044832,0.931113,0.931113,0.959518,0.029009,0.780228,0.780228,0.150136,0.780373,0.915020,0.827020,inf,nan,0.000000,0.827020,0.827020,0.827020,0.187679,0.004210,0.827020,0.187679,0.004210,-0.000000,0.000000,3.210508,10,4
1780630907.698942,nominal,-2.537925,-36.535509,-0.610377,3.151952,1.762079,-2.842114,-34.964691,0.000000,45.000000,0.000009,0.000002,-0.170270,1,2.639209,1.117450,0.933119,0.825310,0.825310,0.639011,0.029009,0.459866,0.459866,0.150136,0.459866,0.339993,0.251993,inf,nan,0.000000,0.251993,0.251993,0.251993,0.036574,-0.133578,0.251993,0.036574,-0.133578,-0.000000,0.000000,3.210508,10,4
1780630907.789276,nominal,-2.598963,-36.220314,-0.610376,3.151952,1.762079,-2.903152,-34.649496,0.000000,45.000000,0.000006,0.000001,-0.168811,1,2.605021,0.583618,0.308455,0.194731,0.194731,0.627008,0.029009,0.194727,0.194727,0.150136,0.447863,0.315338,0.227338,inf,nan,0.000000,0.227338,0.227338,0.227338,-0.006620,-0.177806,0.227338,-0.006620,-0.177806,-0.000000,0.000000,3.210508,10,4
1780630907.895250,nominal,-2.660001,-35.905119,-0.610376,3.151952,1.762079,-2.964189,-34.334301,0.000000,45.000000,0.000004,0.000001,-0.167364,1,7.860149,0.792919,0.508908,0.396698,0.396698,0.630910,0.029009,0.392816,0.392816,0.150136,0.451765,0.315690,0.227690,inf,nan,0.000000,0.227690,0.227690,0.227690,-0.034894,-0.254754,0.227690,-0.034894,-0.254754,-0.000000,0.000000,3.210508,10,4
1780630907.975636,nominal,-2.721038,-35.589924,-0.610375,3.151952,1.762079,-3.025227,-34.019106,0.000000,45.000000,0.000002,0.000000,-0.165930,1,1.537285,0.869727,0.600252,0.492266,0.492266,0.728951,0.029009,0.488686,0.488686,0.150136,0.549806,0.313262,0.225262,inf,nan,0.000000,0.225262,0.225262,0.225262,-0.051796,-0.016307,0.225262,-0.051796,-0.016307,-0.000000,0.000000,3.210508,10,4
1780630908.098354,nominal,-2.782076,-35.274729,-0.610375,3.151952,1.762079,-3.086264,-33.703911,0.000000,45.000000,0.000001,0.000000,-0.164508,1,4.443600,0.602848,0.355519,0.252154,0.252154,0.872283,0.029009,0.252154,0.252154,0.150136,0.693138,0.319688,0.231688,inf,nan,0.000000,0.231688,0.231688,0.231688,-0.057962,0.080729,0.231688,-0.057962,0.080729,-0.000000,0.000000,3.210508,10,4
1780630908.175571,nominal,-2.843113,-34.959533,-0.610375,3.151952,1.762079,-3.147302,-33.388715,0.000000,45.000000,0.000000,0.000000,-0.163098,1,1.574001,0.565511,0.403466,0.294167,0.294167,1.053549,0.029009,0.294167,0.294167,0.150136,0.874404,0.487910,0.399910,inf,nan,0.000000,0.399910,0.399910,0.399910,0.093653,0.100152,0.399910,0.093653,0.100152,-0.000000,0.000000,3.210508,10,4
1780630908.296072,nominal,-2.904151,-34.644338,-0.610375,3.151952,1.762079,-3.208339,-33.073520,0.000000,45.000000,-0.000000,-0.000000,-0.161700,1,3.888333,0.569950,0.440882,0.332322,0.332322,1.212485,0.029009,0.332322,0.332322,0.150136,1.033340,0.529950,0.441950,inf,nan,0.000000,0.441950,0.441950,0.441950,0.237099,0.117961,0.441950,0.237099,0.117961,-0.000000,0.000000,3.210508,10,4
1780630908.376706,nominal,-2.965188,-34.329143,-0.610375,3.151952,1.762079,-3.269377,-32.758325,0.000000,45.000000,-0.000001,-0.000000,-0.160314,1,1.608405,0.557363,0.343297,0.237187,0.237187,1.354126,0.029009,0.237187,0.237187,0.150136,1.174981,0.517363,0.429363,inf,nan,0.000000,0.429363,0.429363,0.429363,0.362708,0.134176,0.429363,0.362708,0.134176,-0.000000,0.000000,3.210508,10,4
1780630908.506264,nominal,-3.026226,-34.013948,-0.610375,3.151952,1.762079,-3.330414,-32.443130,0.000000,45.000000,-0.000001,-0.000000,-0.158940,1,4.941588,0.882921,0.638523,0.534564,0.534564,1.510745,0.029009,0.534564,0.534564,0.150136,1.331600,0.842921,0.754921,inf,nan,0.000000,0.754921,0.754921,0.754921,0.480154,0.137120,0.754921,0.480154,0.137120,-0.000000,0.000000,3.210508,10,4
1780630908.573627,nominal,-3.087263,-33.698752,-0.610375,3.151952,1.762079,-3.391452,-32.127934,0.000000,45.000000,-0.000001,-0.000000,-0.157578,1,1.833396,1.136599,0.872496,0.766009,0.766009,1.651565,0.029009,0.766009,0.766009,0.150136,1.472420,1.096599,1.008599,inf,nan,0.000000,1.008599,1.008599,1.008599,0.581848,0.154994,1.008599,0.581848,0.154994,-0.000000,0.000000,3.210508,10,4
1780630908.699950,nominal,-3.148301,-33.383557,-0.610375,3.151952,1.762079,-3.452489,-31.812739,0.000000,45.000000,-0.000000,-0.000000,-0.156228,1,2.210827,1.415867,1.144363,1.034099,1.034099,1.798317,0.029009,1.034099,1.034099,0.150136,1.619172,1.375867,1.287867,inf,nan,0.000000,1.287867,1.287867,1.287867,0.679471,0.171412,1.287867,0.679471,0.171412,-0.000000,0.000000,3.210508,10,4
1780630908.790594,nominal,-3.209338,-33.068362,-0.610375,3.151952,1.762079,-3.513527,-31.497544,0.000000,45.000000,-0.000000,-0.000000,-0.154889,1,2.101178,1.708978,1.434740,1.321065,1.321065,1.949272,0.029009,1.321065,1.321065,0.150136,1.770127,1.668978,1.580978,inf,nan,0.000000,1.580978,1.580978,1.580978,0.772575,0.196321,1.580978,0.772575,0.196321,-0.000000,0.000000,3.210508,10,4
1780630908.898159,nominal,-3.270376,-32.753167,-0.610375,3.151952,1.762079,-3.574565,-31.182349,0.000000,45.000000,-0.000000,-0.000000,-0.153561,1,2.634403,2.007259,1.735076,1.618261,1.618261,2.103283,0.029009,1.618260,1.618260,0.150136,1.924138,1.967259,1.879259,inf,nan,0.000000,1.879259,1.879259,1.879259,0.826025,0.219873,1.879259,0.826025,0.219873,-0.000000,0.000000,3.210508,10,4
1780630908.977249,nominal,-3.331413,-32.437971,-0.610375,3.151952,1.762079,-3.635602,-30.867153,0.000000,45.000000,-0.000000,-0.000000,-0.152245,1,1.571417,2.269506,2.004228,1.896364,1.896364,2.259573,0.029009,1.896318,1.896318,0.150136,2.080428,2.229506,2.141506,inf,nan,0.000000,2.141506,2.141506,2.141506,0.917651,0.238035,2.141506,0.917651,0.238035,-0.000000,0.000000,3.210508,10,4
1780630909.097517,nominal,-3.392451,-32.122776,-0.610375,3.151952,1.762079,-3.696640,-30.551958,0.000000,45.000000,-0.000000,-0.000000,-0.150941,1,2.624507,2.544706,2.275226,2.165540,2.165540,2.417602,0.029009,2.163396,2.163396,0.150136,2.238457,2.504706,2.416706,inf,nan,0.000000,2.416706,2.416706,2.416706,1.009527,0.256364,2.416706,1.009527,0.256364,-0.000000,0.000000,3.210508,10,4
1780630909.190385,nominal,-3.453488,-31.807581,-0.610375,3.151952,1.762079,-3.757677,-30.236763,0.000000,45.000000,-0.000000,-0.000000,-0.149647,1,2.229567,2.829221,2.557193,2.445653,2.445653,2.576984,0.029009,2.392927,2.392927,0.150136,2.397839,2.789221,2.701221,inf,nan,0.000000,2.701221,2.701221,2.701221,1.101737,0.274823,2.701221,1.101737,0.274823,-0.000000,0.000000,3.210508,10,4
1780630909.298440,nominal,-3.514526,-31.492386,-0.610375,3.151952,1.762079,-3.818715,-29.921568,0.000000,45.000000,-0.000000,-0.000000,-0.148364,1,2.279482,3.120592,2.847034,2.733776,2.733776,2.737438,0.029009,2.558231,2.558231,0.150136,2.558293,3.080592,2.992592,inf,nan,0.000000,2.992592,2.992592,2.992592,1.194306,0.293388,2.992592,1.194306,0.293388,-0.000000,0.000000,3.210508,10,4
1780630909.391121,nominal,-3.575563,-31.177191,-0.610375,3.151952,1.762079,-3.879752,-29.606373,0.000000,45.000000,-0.000000,-0.000000,-0.147093,1,3.159463,3.417120,3.142671,3.027852,3.027852,2.898753,0.029009,2.719607,2.719607,0.150136,2.719608,3.377120,3.289120,inf,nan,0.000000,3.289120,3.289120,3.289120,1.287223,0.312038,3.289120,1.287223,0.312038,-0.000000,0.000000,3.210508,10,4
1780630909.499617,nominal,-3.636601,-30.861995,-0.610375,3.151952,1.762079,-3.940790,-29.291177,0.000000,45.000000,-0.000000,-0.000000,-0.145832,1,1.832726,1.464487,1.174498,1.064089,1.064089,1.934855,0.029009,1.064089,1.064089,0.150136,1.755710,1.424487,1.336487,inf,nan,0.000000,1.336487,1.336487,1.336487,0.721987,0.200153,1.336487,0.721987,0.200153,-0.000000,0.000000,3.210508,10,4
1780630909.586740,nominal,-3.697639,-30.546800,-0.610375,3.151952,1.762079,-4.001827,-28.975982,0.000000,45.000000,-0.000000,-0.000000,-0.144582,1,1.750724,1.785527,1.495535,1.384956,1.384956,2.101621,0.029009,1.384956,1.384956,0.150136,1.922476,1.745527,1.657527,inf,nan,0.000000,1.657527,1.657527,1.657527,0.818302,0.219416,1.657527,0.818302,0.219416,-0.000000,0.000000,3.210508,10,4
1780630909.700480,nominal,-3.758676,-30.231605,-0.610375,3.151952,1.762079,-4.032000,-28.657826,0.000000,45.000000,0.274916,0.026374,-0.143343,1,1.875223,2.106571,1.816576,1.705882,1.705882,2.266416,0.028953,1.705882,1.705882,0.150136,2.087326,2.066571,1.978571,inf,nan,0.000000,1.978571,1.978571,1.978571,0.914478,0.238420,1.978571,0.914478,0.238420,-0.000000,0.000000,3.210508,10,4
1780630909.790814,nominal,-3.818339,-29.916278,-0.582884,3.154590,1.751383,-4.032000,-28.336907,0.000000,45.000000,0.705007,0.066460,-0.140950,1,1.866201,2.427478,2.137511,2.026721,2.026721,2.429703,0.028860,2.026710,2.026710,0.150008,2.250836,2.387478,2.299478,inf,nan,0.000000,2.299478,2.299478,2.299478,1.010263,0.257256,2.299478,1.010263,0.257256,-0.000000,0.000000,3.207988,10,4
1780630909.896476,nominal,-3.873102,-29.600487,-0.512383,3.161236,1.725700,-4.032000,-28.016464,0.000000,45.000000,0.912227,0.081412,-0.136651,1,2.026683,2.747897,2.458100,2.347180,2.347180,2.593301,0.028781,2.344618,2.344618,0.149727,2.414793,2.707897,2.619897,inf,nan,0.000000,2.619897,2.619897,2.619897,1.105605,0.276160,2.619897,1.105605,0.276160,-0.000000,0.000000,3.202491,10,4
1780630909.990829,nominal,-3.919780,-29.283956,-0.421160,3.169377,1.695182,-4.032000,-27.696832,0.000000,45.000000,0.938656,0.074021,-0.131378,1,1.894554,3.067534,2.778094,2.666987,2.666987,2.756933,0.028722,2.577478,2.577478,0.149459,2.578752,3.027534,2.939534,inf,nan,0.000000,2.939534,2.939534,2.939534,1.200630,0.295071,2.939534,1.200630,0.295071,-0.000000,0.000000,3.197237,10,4
1780630910.091935,nominal,-3.957202,-28.966648,-0.327295,3.176779,1.665447,-4.032000,-27.378197,0.000000,45.000000,0.857308,0.052430,-0.125979,1,1.929996,3.386304,3.097334,2.986008,2.986008,2.920421,0.028676,2.742466,2.742466,0.149273,2.742472,3.346304,3.258304,inf,nan,0.000000,3.258304,3.258304,3.258304,1.295439,0.313952,3.258304,1.295439,0.313952,-0.000000,0.000000,3.193594,10,4
1780630910.191006,nominal,-3.985645,-28.648708,-0.241564,3.182022,1.639212,-4.032000,-27.048708,0.000000,45.000000,0.723970,0.130397,-0.120965,1,1.962611,3.704251,3.415752,3.304216,3.304216,3.089774,0.028874,2.911749,2.911749,0.149150,2.911749,3.664251,3.576251,inf,nan,0.000000,3.576251,3.576251,3.576251,1.390606,0.333840,3.576251,1.390606,0.333840,-0.000000,0.000000,3.191178,10,4
1780630910.303856,nominal,-4.006182,-28.329854,-0.169167,3.195062,1.618242,-4.032000,-26.729854,0.000000,45.000000,0.575482,0.078386,-0.116653,1,2.406087,4.021982,3.733846,3.622147,3.622147,3.253886,0.028929,3.075381,3.075381,0.149576,3.075381,3.981982,3.893982,inf,nan,0.000000,3.893982,3.893982,3.893982,1.486190,0.352731,3.893982,1.486190,0.352731,-0.000000,0.000000,3.199537,10,4
1780630910.391973,nominal,-4.020221,-28.009956,-0.111619,3.202900,1.601386,-4.032000,-26.409956,0.000000,45.000000,0.433895,0.039674,-0.112991,1,3.706702,2.807016,4.052094,3.940279,3.940279,3.418711,0.028966,3.239898,3.239898,0.149847,3.239898,4.299977,4.211977,inf,nan,0.000000,4.211977,4.211977,4.211977,1.581719,0.371754,4.211977,1.581719,0.371754,-0.000000,0.000000,3.204844,10,4
1780630910.500340,nominal,-4.029214,-27.689467,-0.068229,3.206867,1.588755,-4.032000,-26.089467,0.000000,45.000000,0.310724,0.019147,-0.109976,1,2.048873,3.019345,2.769273,2.664010,2.664010,2.585801,0.028986,2.406824,2.406824,0.149987,2.406828,2.979345,2.891345,inf,nan,0.000000,2.891345,2.891345,2.891345,1.110148,0.274762,2.891345,1.110148,0.274762,-0.000000,0.000000,3.207593,10,4
1780630910.589965,nominal,-4.034483,-27.368685,-0.037157,3.208782,1.579888,-4.032000,-25.768685,0.000000,45.000000,0.210454,0.009102,-0.107552,1,1.975895,3.262089,3.004483,2.898277,2.898277,2.732903,0.028997,2.553846,2.553846,0.150059,2.553846,3.222089,3.134089,inf,nan,0.000000,3.134089,3.134089,3.134089,1.196731,0.292096,3.134089,1.196731,0.292096,-0.000000,0.000000,3.208997,10,4
1780630910.700390,nominal,-4.037146,-27.047761,-0.016112,3.209692,1.574053,-4.032000,-25.447761,0.000000,45.000000,0.133206,0.004305,-0.105621,1,1.973051,3.518593,3.255728,3.148354,3.148354,2.882721,0.029003,2.703621,2.703621,0.150097,2.703621,3.478593,3.390593,inf,nan,0.000000,3.390593,3.390593,3.390593,1.284218,0.309668,3.390593,1.284218,0.309668,-0.000000,0.000000,3.209733,10,4
1780630910.790817,nominal,-4.038091,-26.726770,-0.002791,3.210123,1.570499,-4.032000,-25.126770,0.000000,45.000000,0.076678,0.002033,-0.104075,1,1.905570,3.785633,3.519083,3.410470,3.410470,3.034734,0.029006,2.855612,2.855612,0.150117,2.855612,3.745633,3.657633,inf,nan,0.000000,3.657633,3.657633,3.657633,1.372495,0.327437,3.657633,1.372495,0.327437,-0.000000,0.000000,3.210124,10,4
1780630910.902137,nominal,-4.037987,-26.405748,0.004877,3.210326,1.568570,-4.032000,-24.805748,0.000000,45.000000,0.037455,0.000959,-0.102811,1,2.106770,4.060838,3.791687,3.681843,3.681843,3.188545,0.029008,3.009410,3.009410,0.150127,3.009410,4.020838,3.932838,inf,nan,0.000000,3.932838,3.932838,3.932838,1.461475,0.345372,3.932838,1.461475,0.345372,-0.000000,0.000000,3.210330,10,4
1780630910.990215,nominal,-4.037312,-26.084711,0.008622,3.210422,1.567737,-4.032000,-24.484711,0.000000,45.000000,0.011863,0.000453,-0.101745,1,1.928062,4.342462,4.071461,3.960437,3.960437,3.343845,0.029008,3.164704,3.164704,0.150132,3.164704,4.302462,4.214462,inf,nan,0.000000,4.214462,4.214462,4.214462,1.551092,0.363446,4.214462,1.551092,0.363446,-0.000000,0.000000,3.210434,10,4
1780630911.092046,nominal,-4.036391,-25.763666,0.009809,3.210467,1.567594,-4.032000,-24.163666,0.000000,45.000000,-0.003538,0.000214,-0.100811,1,3.366824,4.629215,4.356889,4.244751,4.244751,3.500393,0.029009,3.321249,3.321249,0.150135,3.321249,4.589215,4.501215,inf,nan,0.000000,4.501215,4.501215,4.501215,1.641284,0.381639,4.501215,1.641284,0.381639,-0.000000,0.000000,3.210482,10,4
1780630911.190868,nominal,-4.035428,-25.442618,0.009455,3.210489,1.567846,-4.032000,-23.842618,0.000000,45.000000,-0.011706,0.000101,-0.099959,1,2.072635,4.920134,4.646857,4.533675,4.533675,3.657998,0.029009,3.478853,3.478853,0.150136,3.478853,4.880134,4.792134,inf,nan,0.000000,4.792134,4.792134,4.792134,1.731995,0.399934,4.792134,1.731995,0.399934,-0.000000,0.000000,3.210503,10,4
1780630911.295904,nominal,-4.034541,-25.121569,0.008284,3.210499,1.568290,-4.032000,-23.521569,0.000000,45.000000,-0.015025,0.000048,-0.099154,1,2.201076,5.214489,4.940531,4.826374,4.826374,3.816506,0.029009,3.637360,3.637360,0.150136,3.637360,5.174489,5.086489,inf,nan,0.000000,5.086489,5.086489,5.086489,1.823176,0.418318,5.086489,1.823176,0.418318,-0.000000,0.000000,3.210510,10,4
1780630911.390133,nominal,-4.033787,-24.800519,0.006782,3.210504,1.568795,-4.032000,-23.200519,0.000000,45.000000,-0.015315,0.000022,-0.098372,1,2.564017,5.511718,5.237278,5.122210,5.122210,3.975791,0.029009,3.796646,3.796646,0.150136,3.796646,5.471718,5.383718,inf,nan,0.000000,5.383718,5.383718,5.383718,1.914779,0.436778,5.383718,1.914779,0.436778,-0.000000,0.000000,3.210511,8,4
1780630911.496517,nominal,-4.033186,-24.479468,0.005250,3.210506,1.569281,-4.032000,-22.879468,0.000000,45.000000,-0.013897,0.000011,-0.097599,1,2.500548,1.134815,0.863731,0.754195,0.754195,0.700719,0.029009,0.521566,0.521566,0.150136,0.521574,0.409864,0.321864,inf,nan,0.000000,0.321864,0.321864,0.321864,-0.009813,-0.030744,0.321864,-0.009813,-0.030744,-0.000000,0.000000,3.210510,10,4
1780630911.589215,nominal,-4.032730,-24.158418,0.003860,3.210507,1.569707,-4.032000,-22.558418,0.000000,45.000000,-0.011679,0.000005,-0.096827,1,2.233278,0.858934,0.599165,0.494170,0.494170,0.792454,0.029009,0.493732,0.493732,0.150136,0.613309,0.420084,0.332084,inf,nan,0.000000,0.332084,0.332084,0.332084,-0.018828,0.014965,0.332084,-0.018828,0.014965,-0.000000,0.000000,3.210509,10,4
1780630911.699697,nominal,-4.032403,-23.837367,0.002693,3.210507,1.570055,-4.032000,-22.237367,0.000000,45.000000,-0.009246,0.000002,-0.096051,1,2.348617,0.620826,0.398494,0.293474,0.293474,0.925610,0.029009,0.293474,0.293474,0.150136,0.746464,0.429146,0.341146,inf,nan,0.000000,0.341146,0.341146,0.341146,-0.003832,0.051210,0.341146,-0.003832,0.051210,-0.000000,0.000000,3.210509,10,4
1780630911.789672,nominal,-4.032180,-23.516316,0.001768,3.210508,1.570324,-4.032000,-21.916316,0.000000,45.000000,-0.006945,0.000001,-0.095271,1,2.199832,0.581275,0.438056,0.331800,0.331800,0.884175,0.029009,0.331799,0.331799,0.150136,0.705030,0.541275,0.453275,inf,nan,0.000000,0.453275,0.453275,0.453275,0.142917,-0.103820,0.453275,0.142917,-0.103820,-0.000000,0.000000,3.210508,10,4
1780630911.892924,nominal,-4.032037,-23.195265,0.001073,3.210508,1.570522,-4.032000,-21.595265,0.000000,45.000000,-0.004954,0.000001,-0.094486,1,1.587756,0.588210,0.439173,0.332500,0.332500,0.840024,0.029009,0.332500,0.332500,0.150136,0.660879,0.548210,0.460210,inf,nan,0.000000,0.460210,0.460210,0.460210,0.170588,-0.128138,0.460210,0.170588,-0.128138,-0.000000,0.000000,3.210508,10,4
1780630911.995377,nominal,-4.031955,-22.874215,0.000578,3.210508,1.570660,-4.032000,-21.274215,0.000000,45.000000,-0.003341,0.000000,-0.093700,1,3.211959,0.635796,0.409140,0.304574,0.304574,0.828480,0.029009,0.304574,0.304574,0.150136,0.649335,0.595796,0.507796,inf,nan,0.000000,0.507796,0.507796,0.507796,0.136521,-0.202263,0.507796,0.136521,-0.202263,-0.000000,0.000000,3.210508,10,4
1780630912.087163,nominal,-4.031914,-22.553164,0.000244,3.210508,1.570751,-4.032000,-20.953164,0.000000,45.000000,-0.002102,0.000000,-0.092912,1,2.758111,0.877802,0.616686,0.511406,0.511406,0.835923,0.029009,0.511230,0.511230,0.150136,0.656778,0.709692,0.621692,inf,nan,0.000000,0.621692,0.621692,0.621692,0.113061,-0.252802,0.621692,0.113061,-0.252802,-0.000000,0.000000,3.210508,10,4
1780630912.177755,nominal,-4.031900,-22.232113,0.000034,3.210508,1.570805,-4.032000,-20.632113,0.000000,45.000000,-0.001199,0.000000,-0.092126,1,1.623541,1.155469,0.883966,0.771295,0.771295,0.865847,0.029009,0.685259,0.685259,0.150136,0.686702,0.715819,0.627819,inf,nan,0.000000,0.627819,0.627819,0.627819,0.098206,-0.014267,0.627819,0.098206,-0.014267,-0.000000,0.000000,3.210508,10,4
1780630912.299006,nominal,-4.031903,-21.911062,-0.000086,3.210508,1.570835,-4.032000,-20.311062,0.000000,45.000000,-0.000576,0.000000,-0.091342,1,2.482122,0.987819,0.763657,0.658680,0.658680,0.946470,0.029009,0.658049,0.658049,0.150136,0.767325,0.711254,0.623254,inf,nan,0.000000,0.623254,0.623254,0.623254,0.092730,0.062848,0.623254,0.092730,0.062848,-0.000000,0.000000,3.210508,10,4
1780630912.382526,nominal,-4.031914,-21.590011,-0.000144,3.210508,1.570847,-4.032000,-19.990011,0.000000,45.000000,-0.000171,0.000000,-0.090562,1,2.494821,0.822603,0.652304,0.538445,0.538445,1.062582,0.029009,0.538445,0.538445,0.150136,0.883437,0.710483,0.622483,inf,nan,0.000000,0.622483,0.622483,0.622483,0.136261,0.100011,0.622483,0.136261,0.100011,-0.000000,0.000000,3.210508,10,4
1780630912.500577,nominal,-4.031929,-21.268961,-0.000161,3.210508,1.570849,-4.032000,-19.668961,0.000000,45.000000,0.000071,0.000000,-0.089787,1,1.747036,3.370760,3.080963,2.969954,2.969954,2.916228,0.029009,2.737075,2.737075,0.150136,2.737083,3.330760,3.242760,inf,nan,0.000000,3.242760,3.242760,3.242760,1.293657,0.314475,3.242760,1.293657,0.314475,-0.000000,0.000000,3.210508,2,4
1780630912.589421,nominal,-4.031945,-20.947910,-0.000154,3.210508,1.570844,-4.032000,-19.347910,0.000000,45.000000,0.000198,0.000000,-0.089017,1,1.820107,3.691589,3.401758,3.290729,3.290729,3.082994,0.029009,2.903849,2.903849,0.150136,2.903849,3.651589,3.563589,inf,nan,0.000000,3.563589,3.563589,3.563589,1.389941,0.333732,3.563589,1.389941,0.333732,-0.000000,0.000000,3.210508,2,4
1780630912.696015,nominal,-4.031959,-20.626859,-0.000134,3.210508,1.570837,-4.032000,-19.026859,0.000000,45.000000,0.000248,0.000000,-0.088254,1,2.148262,4.012453,3.722596,3.611549,3.611549,3.249782,0.029009,3.070637,3.070637,0.150136,3.070637,3.972453,3.884453,inf,nan,0.000000,3.884453,3.884453,3.884453,1.486227,0.352990,3.884453,1.486227,0.352990,-0.000000,0.000000,3.210508,2,4
1780630912.791037,nominal,-4.031972,-20.305808,-0.000109,3.210508,1.570828,-4.032000,-18.705808,0.000000,45.000000,0.000250,0.000000,-0.087496,1,1.807166,4.333344,4.043466,3.932403,3.932403,3.416587,0.029009,3.237442,3.237442,0.150136,3.237442,4.293344,4.205344,inf,nan,0.000000,4.205344,4.205344,4.205344,1.582515,0.372248,4.205344,1.582515,0.372248,-0.000000,0.000000,3.210508,2,4
1780630912.901217,nominal,-4.031981,-19.984758,-0.000084,3.210508,1.570821,-4.032000,-18.384758,0.000000,45.000000,0.000225,0.000000,-0.086745,1,1.746139,4.654256,4.364362,4.253285,4.253285,3.583407,0.029009,3.404262,3.404262,0.150136,3.404262,4.614256,4.526256,inf,nan,0.000000,4.526256,4.526256,4.526256,1.678807,0.391507,4.526256,1.678807,0.391507,-0.000000,0.000000,3.210508,2,4
1780630912.988845,nominal,-4.031989,-19.663707,-0.000062,3.210508,1.570814,-4.032000,-18.063707,0.000000,45.000000,0.000188,0.000000,-0.086001,1,1.700974,4.975186,4.685279,4.574188,4.574188,3.750240,0.029009,3.571095,3.571095,0.150136,3.571095,4.935186,4.847186,inf,nan,0.000000,4.847186,4.847186,4.847186,1.775100,0.410767,4.847186,1.775100,0.410767,-0.000000,0.000000,3.210508,2,4
1780630913.104272,nominal,-4.031994,-19.342656,-0.000043,3.210508,1.570808,-4.032000,-17.742656,0.000000,45.000000,0.000149,0.000000,-0.085263,1,5.192663,5.296130,5.006212,4.895110,4.895110,3.917084,0.029009,3.737938,3.737938,0.150136,3.737938,5.256130,5.168130,inf,nan,0.000000,5.168130,5.168130,5.168130,1.871395,0.430026,5.168130,1.871395,0.430026,-0.000000,0.000000,3.210508,2,4
1780630913.194363,nominal,-4.031997,-19.021605,-0.000028,3.210508,1.570804,-4.032000,-17.421605,0.000000,45.000000,0.000111,0.000000,-0.084531,1,2.003782,5.617086,5.327159,5.216046,5.216046,4.083937,0.029009,3.904792,3.904792,0.150136,3.904792,5.577086,5.489086,inf,nan,0.000000,5.489086,5.489086,5.489086,1.967692,0.449286,5.489086,1.967692,0.449286,-0.000000,0.000000,3.210508,2,4
1780630913.297516,nominal,-4.032000,-18.700554,-0.000017,3.210508,1.570801,-4.032000,-17.100554,0.000000,45.000000,0.000079,0.000000,-0.083806,1,2.169084,5.938052,5.648117,5.536995,5.536995,4.250798,0.029009,4.071653,4.071653,0.150136,4.071653,5.898052,5.810052,inf,nan,0.000000,5.810052,5.810052,5.810052,2.063990,0.468546,5.810052,2.063990,0.468546,-0.000000,0.000000,3.210508,2,4
1780630913.393370,nominal,-4.032001,-18.379504,-0.000009,3.210508,1.570798,-4.032000,-16.779504,0.000000,45.000000,0.000053,0.000000,-0.083088,1,3.573652,1.204487,5.969085,5.857955,5.857955,4.417666,0.029009,4.238521,4.238521,0.150136,4.238521,6.219027,6.131027,inf,nan,0.000000,6.131027,6.131027,6.131027,2.160290,0.487807,6.131027,2.160290,0.487807,-0.000000,0.000000,3.210508,2,4
1780630913.499260,nominal,-4.032001,-18.058453,-0.000004,3.210508,1.570797,-4.032000,-16.458453,0.000000,45.000000,0.000033,0.000000,-0.082375,1,1.623328,1.389372,1.114733,1.000532,1.000532,1.870294,0.029009,1.000532,1.000532,0.150136,1.691149,1.349372,1.261372,inf,nan,0.000000,1.261372,1.261372,1.261372,0.682256,0.192398,1.261372,0.682256,0.192398,-0.000000,0.000000,3.210508,10,4
1780630913.589282,nominal,-4.032002,-17.737402,-0.000000,3.210508,1.570796,-4.032000,-16.137402,0.000000,45.000000,0.000019,0.000000,-0.081669,1,2.101299,1.693217,1.416023,1.300408,1.300408,2.033491,0.029009,1.300408,1.300408,0.150136,1.854346,1.653217,1.565217,inf,nan,0.000000,1.565217,1.565217,1.565217,0.778506,0.211419,1.565217,0.778506,0.211419,-0.000000,0.000000,3.210508,10,4
1780630913.715119,nominal,-4.032002,-17.416351,0.000002,3.210508,1.570796,-4.032000,-15.816351,0.000000,45.000000,0.000009,0.000000,-0.080969,1,6.285516,2.002158,1.721236,1.607017,1.607017,2.197380,0.029009,1.607017,1.607017,0.150136,2.018235,1.962158,1.874158,inf,nan,0.000000,1.874158,1.874158,1.874158,0.874338,0.230483,1.874158,0.874338,0.230483,-0.000000,0.000000,3.210508,10,4
1780630913.790251,nominal,-4.032001,-17.095300,0.000002,3.210508,1.570795,-4.032000,-15.495300,0.000000,45.000000,0.000002,0.000000,-0.080275,1,2.160902,2.314248,2.031002,1.917628,1.917628,2.361787,0.029009,1.917625,1.917625,0.150136,2.182642,2.274248,2.186248,inf,nan,0.000000,2.186248,2.186248,2.186248,0.970037,0.249581,2.186248,0.970037,0.249581,-0.000000,0.000000,3.210508,10,4
1780630913.900745,nominal,-4.032001,-16.774250,0.000003,3.210508,1.570795,-4.032000,-15.174250,0.000000,45.000000,-0.000001,0.000000,-0.079587,1,2.434164,2.628411,2.343624,2.230794,2.230794,2.526592,0.029009,2.230316,2.230316,0.150136,2.347447,2.588411,2.500411,inf,nan,0.000000,2.500411,2.500411,2.500411,1.065719,0.268703,2.500411,1.065719,0.268703,-0.000000,0.000000,3.210508,10,4
1780630913.990561,nominal,-4.032001,-16.453199,0.000002,3.210508,1.570796,-4.032000,-14.853199,0.000000,45.000000,-0.000003,0.000000,-0.078905,1,2.250262,2.944007,2.658148,2.545687,2.545687,2.691709,0.029009,2.504768,2.504768,0.150136,2.512564,2.904007,2.816007,inf,nan,0.000000,2.816007,2.816007,2.816007,1.161428,0.287845,2.816007,1.161428,0.287845,-0.000000,0.000000,3.210508,10,4
1780630914.100052,nominal,-4.032001,-16.132148,0.000002,3.210508,1.570796,-4.032000,-14.532148,0.000000,45.000000,-0.000004,0.000000,-0.078229,1,2.741580,3.260633,2.974001,2.861799,2.861799,2.857075,0.029009,2.677884,2.677884,0.150136,2.677930,3.220633,3.132633,inf,nan,0.000000,3.132633,3.132633,3.132633,1.257181,0.307002,3.132633,1.257181,0.307002,-0.000000,0.000000,3.210508,10,4
1780630914.181364,nominal,-4.032000,-15.811097,0.000002,3.210508,1.570796,-4.032000,-14.211097,0.000000,45.000000,-0.000004,0.000000,-0.077559,1,3.431059,3.578025,3.290816,3.178802,3.178802,3.022643,0.029009,2.843498,2.843498,0.150136,2.843498,3.538025,3.450025,inf,nan,0.000000,3.450025,3.450025,3.450025,1.352982,0.326172,3.450025,1.352982,0.326172,-0.000000,0.000000,3.210508,10,4
1780630914.301118,nominal,-4.032000,-15.490046,0.000001,3.210508,1.570796,-4.032000,-13.890046,0.000000,45.000000,-0.000004,-0.000000,-0.076894,1,2.996086,3.895999,3.608349,3.496477,3.496477,3.188376,0.029009,3.009231,3.009231,0.150136,3.009231,3.855999,3.767999,inf,nan,0.000000,3.767999,3.767999,3.767999,1.448829,0.345352,3.767999,1.448829,0.345352,-0.000000,0.000000,3.210508,10,4
1780630914.388248,nominal,-4.032000,-15.168996,0.000001,3.210508,1.570796,-4.032000,-13.568996,0.000000,45.000000,-0.000003,0.000000,-0.076235,1,2.647034,4.214428,3.926434,3.814669,3.814669,3.354247,0.029009,3.175102,3.175102,0.150136,3.175102,4.174428,4.086428,inf,nan,0.000000,4.086428,4.086428,4.086428,1.544719,0.364541,4.086428,1.544719,0.364541,-0.000000,0.000000,3.210508,10,4
1780630914.504517,nominal,-4.032000,-14.847945,0.000001,3.210508,1.570796,-4.032000,-13.247945,0.000000,45.000000,-0.000002,0.000000,-0.075582,1,2.091345,3.424991,3.134991,3.024054,3.024054,2.943511,0.029009,2.764363,2.764363,0.150136,2.764366,3.384991,3.296991,inf,nan,0.000000,3.296991,3.296991,3.296991,1.310148,0.317785,3.296991,1.310148,0.317785,-0.000000,0.000000,3.210508,1,4
1780630914.589964,nominal,-4.032000,-14.526894,0.000000,3.210508,1.570796,-4.032000,-12.926894,0.000000,45.000000,-0.000002,-0.000000,-0.074934,1,1.943609,3.746042,3.456042,3.345072,3.345072,3.110421,0.029009,2.931276,2.931276,0.150136,2.931276,3.706042,3.618042,inf,nan,0.000000,3.618042,3.618042,3.618042,1.406463,0.337048,3.618042,1.406463,0.337048,-0.000000,0.000000,3.210508,1,4
1780630914.691875,nominal,-4.032000,-14.205843,0.000000,3.210508,1.570796,-4.032000,-12.605843,0.000000,45.000000,-0.000001,0.000000,-0.074292,1,2.288143,4.067093,3.777093,3.666096,3.666096,3.277336,0.029009,3.098191,3.098191,0.150136,3.098191,4.027093,3.939093,inf,nan,0.000000,3.939093,3.939093,3.939093,1.502779,0.356311,3.939093,1.502779,0.356311,-0.000000,0.000000,3.210508,1,4
1780630914.779322,nominal,-4.032000,-13.884793,0.000000,3.210508,1.570796,-4.032000,-12.284793,0.000000,45.000000,-0.000001,0.000000,-0.073655,1,1.589877,4.388144,4.098144,3.987123,3.987123,3.444254,0.029009,3.265109,3.265109,0.150136,3.265109,4.348144,4.260144,inf,nan,0.000000,4.260144,4.260144,4.260144,1.599094,0.375574,4.260144,1.599094,0.375574,-0.000000,0.000000,3.210508,1,4
1780630914.907428,nominal,-4.032000,-13.563742,0.000000,3.210508,1.570796,-4.032000,-11.963742,0.000000,45.000000,-0.000001,0.000000,-0.073024,1,2.972732,4.709194,4.419194,4.308154,4.308154,3.611175,0.029009,3.432030,3.432030,0.150136,3.432030,4.669194,4.581194,inf,nan,0.000000,4.581194,4.581194,4.581194,1.695409,0.394837,4.581194,1.695409,0.394837,-0.000000,0.000000,3.210508,1,4
1780630914.990317,nominal,-4.032000,-13.242691,0.000000,3.210508,1.570796,-4.032000,-11.642691,0.000000,45.000000,-0.000000,-0.000000,-0.072398,1,1.804225,5.030245,4.740245,4.629187,4.629187,3.778099,0.029009,3.598953,3.598953,0.150136,3.598953,4.990245,4.902245,inf,nan,0.000000,4.902245,4.902245,4.902245,1.791724,0.414100,4.902245,1.791724,0.414100,-0.000000,0.000000,3.210508,1,4
1780630915.102490,nominal,-4.032000,-12.921640,-0.000000,3.210508,1.570796,-4.032000,-11.321640,0.000000,45.000000,-0.000000,-0.000000,-0.071777,1,1.980755,5.351296,5.061296,4.950222,4.950222,3.945024,0.029009,3.765879,3.765879,0.150136,3.765879,5.311296,5.223296,inf,nan,0.000000,5.223296,5.223296,5.223296,1.888040,0.433363,5.223296,1.888040,0.433363,-0.000000,0.000000,3.210508,1,4
1780630915.190580,nominal,-4.032000,-12.600589,-0.000000,3.210508,1.570796,-4.032000,-11.000589,0.000000,45.000000,-0.000000,0.000000,-0.071162,1,1.806969,5.672347,5.382347,5.271259,5.271259,4.111952,0.029009,3.932807,3.932807,0.150136,3.932807,5.632347,5.544347,inf,nan,0.000000,5.544347,5.544347,5.544347,1.984355,0.452626,5.544347,1.984355,0.452626,-0.000000,0.000000,3.210508,1,4
1780630915.295521,nominal,-4.032000,-12.279539,-0.000000,3.210508,1.570796,-4.032000,-10.679539,0.000000,45.000000,0.000000,0.000000,-0.070552,1,3.473273,5.993398,5.703398,5.592298,5.592298,4.278881,0.029009,4.099736,4.099736,0.150136,4.099736,5.953398,5.865398,inf,nan,0.000000,5.865398,5.865398,5.865398,2.080670,0.471889,5.865398,2.080670,0.471889,-0.000000,0.000000,3.210508,1,4
1780630915.411315,nominal,-4.032000,-11.958488,-0.000000,3.210508,1.570796,-4.032000,-10.358488,0.000000,45.000000,0.000000,-0.000000,-0.069948,1,8.137755,2.128929,6.024448,5.913338,5.913338,4.445812,0.029009,4.266667,4.266667,0.150136,4.266667,6.274448,6.186448,inf,nan,0.000000,6.186448,6.186448,6.186448,2.176985,0.491152,6.186448,2.176985,0.491152,-0.000000,0.000000,3.210508,1,4
1780630915.509016,nominal,-4.032000,-11.637437,-0.000000,3.210508,1.570796,-4.032000,-10.037437,0.000000,45.000000,0.000000,0.000000,-0.069348,1,4.257848,2.449804,2.299317,2.188491,2.188491,2.508504,0.029009,2.188286,2.188286,0.150136,2.329359,2.549281,2.461281,inf,nan,0.000000,2.461281,2.461281,2.461281,1.059397,0.267633,2.461281,1.059397,0.267633,-0.000000,0.000000,3.210508,10,4
1780630915.589680,nominal,-4.032000,-11.316386,-0.000000,3.210508,1.570796,-4.032000,-9.716386,0.000000,45.000000,0.000000,-0.000000,-0.068754,1,2.007355,2.770719,2.620322,2.509443,2.509443,2.675427,0.029009,2.482307,2.482307,0.150136,2.496282,2.870294,2.782294,inf,nan,0.000000,2.782294,2.782294,2.782294,1.155708,0.286896,2.782294,1.155708,0.286896,-0.000000,0.000000,3.210508,10,4
1780630915.705228,nominal,-4.032000,-10.995335,-0.000000,3.210508,1.570796,-4.032000,-9.395335,0.000000,45.000000,0.000000,0.000000,-0.068165,1,2.484409,3.091662,2.941337,2.830414,2.830414,2.842352,0.029009,2.663125,2.663125,0.150136,2.663207,3.191314,3.103314,inf,nan,0.000000,3.103314,3.103314,3.103314,1.252019,0.306158,3.103314,1.252019,0.306158,-0.000000,0.000000,3.210508,10,4
1780630915.790106,nominal,-4.032000,-10.674285,-0.000000,3.210508,1.570796,-4.032000,-9.074285,0.000000,45.000000,0.000000,0.000000,-0.067580,1,1.971906,3.412626,3.262358,3.151400,3.151400,3.009280,0.029009,2.830135,2.830135,0.150136,2.830135,3.512339,3.424339,inf,nan,0.000000,3.424339,3.424339,3.424339,1.348331,0.325420,3.424339,1.348331,0.325420,-0.000000,0.000000,3.210508,10,4
1780630915.914140,nominal,-4.032000,-10.353234,-0.000000,3.210508,1.570796,-4.032000,-8.753234,0.000000,45.000000,0.000000,0.000000,-0.067001,1,3.656709,3.733604,3.583385,3.472397,3.472397,3.176211,0.029009,2.997065,2.997065,0.150136,2.997065,3.833368,3.745368,inf,nan,0.000000,3.745368,3.745368,3.745368,1.444643,0.344683,3.745368,1.444643,0.344683,-0.000000,0.000000,3.210508,10,4
1780630915.989801,nominal,-4.032000,-10.032183,-0.000000,3.210508,1.570796,-4.032000,-8.432183,0.000000,45.000000,0.000000,0.000000,-0.066427,1,1.942345,4.054594,3.904415,3.793403,3.793403,3.343143,0.029009,3.163998,3.163998,0.150136,3.163998,4.154401,4.066401,inf,nan,0.000000,4.066401,4.066401,4.066401,1.540956,0.363945,4.066401,1.540956,0.363945,-0.000000,0.000000,3.210508,10,4
1780630916.103374,nominal,-4.032000,-9.711132,-0.000000,3.210508,1.570796,-4.032000,-8.111132,0.000000,45.000000,0.000000,0.000000,-0.065858,1,1.607554,4.375593,4.225448,4.114415,4.114415,3.510076,0.029009,3.330931,3.330931,0.150136,3.330931,4.475436,4.387436,inf,nan,0.000000,4.387436,4.387436,4.387436,1.637268,0.383208,4.387436,1.637268,0.383208,-0.000000,0.000000,3.210508,10,4
1780630916.190838,nominal,-4.032000,-9.390082,-0.000000,3.210508,1.570796,-4.032000,-7.790082,0.000000,45.000000,0.000000,-0.000000,-0.065293,1,2.125317,4.696599,4.546484,4.435432,4.435432,3.677011,0.029009,3.497866,3.497866,0.150136,3.497866,4.796474,4.708474,inf,nan,0.000000,4.708474,4.708474,4.708474,1.733581,0.402471,4.708474,1.733581,0.402471,-0.000000,0.000000,3.210508,10,4
1780630916.312567,nominal,-4.032000,-9.069031,-0.000000,3.210508,1.570796,-4.032000,-7.469031,0.000000,45.000000,0.000000,0.000000,-0.064734,1,4.007271,5.017611,4.867522,4.756453,4.756453,3.843948,0.029009,3.664803,3.664803,0.150136,3.664803,5.117512,5.029512,inf,nan,0.000000,5.029512,5.029512,5.029512,1.829894,0.421733,5.029512,1.829894,0.421733,-0.000000,0.000000,3.210508,10,4
1780630916.383866,nominal,-4.032000,-8.747980,-0.000000,3.210508,1.570796,-4.032000,-7.147980,0.000000,45.000000,0.000000,-0.000000,-0.064179,1,1.794514,5.338627,5.188561,5.077478,5.077478,4.010885,0.029009,3.831740,3.831740,0.150136,3.831740,5.438553,5.350553,inf,nan,0.000000,5.350553,5.350553,5.350553,1.926207,0.440996,5.350553,1.926207,0.440996,-0.000000,0.000000,3.210508,10,4
1780630916.499954,nominal,-4.032000,-8.426929,0.000000,3.210508,1.570796,-4.032000,-6.826929,0.000000,45.000000,0.000000,0.000000,-0.063629,1,2.168358,1.633920,1.539552,1.425103,1.425103,1.715264,0.029009,1.424522,1.424522,0.150136,1.536119,1.655956,1.567956,inf,nan,0.000000,1.567956,1.567956,1.567956,0.577154,0.168119,1.567956,0.577154,0.168119,-0.000000,0.000000,3.210508,10,4
1780630916.576312,nominal,-4.032000,-8.105878,0.000000,3.210508,1.570796,-4.032000,-6.505878,0.000000,45.000000,0.000000,-0.000000,-0.063084,1,1.760484,1.738890,1.617054,1.507011,1.507011,1.845845,0.029009,1.506904,1.506904,0.150136,1.666700,1.762724,1.674724,inf,nan,0.000000,1.674724,1.674724,1.674724,0.654080,0.183767,1.674724,0.654080,0.183767,-0.000000,0.000000,3.210508,10,4
1780630916.707972,nominal,-4.032000,-7.784828,0.000000,3.210508,1.570796,-4.032000,-6.184828,0.000000,45.000000,-0.000000,0.000000,-0.062543,1,4.683674,1.893127,1.742426,1.636173,1.636173,1.982285,0.029009,1.636091,1.636091,0.150136,1.803140,1.914387,1.826387,inf,nan,0.000000,1.826387,1.826387,1.826387,0.735422,0.200045,1.826387,0.735422,0.200045,-0.000000,0.000000,3.210508,10,4
1780630916.790226,nominal,-4.032000,-7.463777,0.000000,3.210508,1.570796,-4.032000,-5.863777,0.000000,45.000000,-0.000000,0.000000,-0.062007,1,2.065529,2.085730,1.910635,1.805793,1.805793,2.123114,0.029009,1.805567,1.805567,0.150136,1.943969,2.101893,2.013893,inf,nan,0.000000,2.013893,2.013893,2.013893,0.819358,0.216817,2.013893,0.819358,0.216817,-0.000000,0.000000,3.210508,10,4
1780630916.899801,nominal,-4.032000,-7.142726,0.000000,3.210508,1.570796,-4.032000,-5.542726,0.000000,45.000000,-0.000000,0.000000,-0.061476,1,2.911108,2.307110,2.112147,2.007311,2.007311,2.267435,0.029009,2.005680,2.005680,0.150136,2.088290,2.317083,2.229083,inf,nan,0.000000,2.229083,2.229083,2.229083,0.904996,0.233977,2.229083,0.904996,0.233977,-0.000000,0.000000,3.210508,10,4
1780630916.990850,nominal,-4.032000,-6.821675,0.000000,3.210508,1.570796,-4.032000,-5.221675,0.000000,45.000000,-0.000000,0.000000,-0.060949,1,2.360500,2.549782,2.338885,2.233270,2.233270,2.414658,0.029009,2.214565,2.214565,0.150136,2.235513,2.553353,2.465353,inf,nan,0.000000,2.465353,2.465353,2.465353,0.991906,0.251446,2.465353,0.991906,0.251446,-0.000000,0.000000,3.210508,10,4
1780630917.098326,nominal,-4.032000,-6.500624,0.000000,3.210508,1.570796,-4.032000,-4.900624,0.000000,45.000000,-0.000000,0.000000,-0.060426,1,1.650427,2.808233,2.584581,2.477784,2.477784,2.564339,0.029009,2.384097,2.384097,0.150136,2.385194,2.805654,2.717654,inf,nan,0.000000,2.717654,2.717654,2.717654,1.079861,0.269162,2.717654,1.079861,0.269162,-0.000000,0.000000,3.210508,10,4
1780630917.189300,nominal,-4.032000,-6.179574,0.000000,3.210508,1.570796,-4.032000,-4.579574,0.000000,45.000000,-0.000000,0.000000,-0.059908,1,2.726278,3.078490,2.844572,2.736419,2.736419,2.716114,0.029009,2.536942,2.536942,0.150136,2.536969,3.070219,2.982219,inf,nan,0.000000,2.982219,2.982219,2.982219,1.168710,0.287079,2.982219,1.168710,0.287079,-0.000000,0.000000,3.210508,10,4
1780630917.303113,nominal,-4.032000,-5.858523,0.000000,3.210508,1.570796,-4.032000,-4.258523,0.000000,45.000000,-0.000000,-0.000000,-0.059395,1,3.412739,3.357704,3.115447,3.005891,3.005891,2.869674,0.029009,2.690528,2.690528,0.150136,2.690529,3.344263,3.256263,inf,nan,0.000000,3.256263,3.256263,3.256263,1.258339,0.305160,3.256263,1.258339,0.305160,-0.000000,0.000000,3.210508,10,4
1780630917.386817,nominal,-4.032000,-5.537472,0.000000,3.210508,1.570796,-4.032000,-3.937472,0.000000,45.000000,-0.000000,0.000000,-0.058886,1,2.999749,3.643816,3.394710,3.283778,3.283778,3.024755,0.029009,2.845610,2.845610,0.150136,2.845610,3.625723,3.537723,inf,nan,0.000000,3.537723,3.537723,3.537723,1.348652,0.323378,3.537723,1.348652,0.323378,-0.000000,0.000000,3.210508,10,4
1780630917.500103,nominal,-4.032000,-5.216421,0.000000,3.210508,1.570796,-4.032000,-3.616421,0.000000,45.000000,-0.000000,-0.000000,-0.058381,1,2.982115,0.534281,0.279049,0.172948,0.172948,1.387545,0.029009,0.172948,0.172948,0.150136,1.208400,0.494281,0.406281,inf,nan,0.000000,0.406281,0.406281,0.406281,0.400659,0.138799,0.406281,0.400659,0.138799,-0.000000,0.000000,3.210508,10,4
1780630917.589658,nominal,-4.032000,-4.895370,0.000000,3.210508,1.570796,-4.032000,-3.295370,0.000000,45.000000,-0.000000,-0.000000,-0.057881,1,2.216489,0.627754,0.402008,0.287630,0.287630,1.512378,0.029009,0.287630,0.287630,0.150136,1.333233,0.646776,0.558776,inf,nan,0.000000,0.558776,0.558776,0.558776,0.485377,0.152030,0.558776,0.485377,0.152030,-0.000000,0.000000,3.210508,10,4
1780630917.697887,nominal,-4.032000,-4.574320,0.000000,3.210508,1.570796,-4.032000,-2.974320,0.000000,45.000000,-0.000000,-0.000000,-0.057385,1,2.605270,0.560674,0.270674,0.161988,0.161988,1.330866,0.029009,0.161988,0.161988,0.150136,1.151721,0.520674,0.432674,inf,nan,0.000000,0.432674,0.432674,0.432674,0.450853,0.033438,0.432674,0.450853,0.033438,-0.000000,0.000000,3.210508,10,4
1780630917.789858,nominal,-4.032000,-4.253269,-0.000000,3.210508,1.570796,-4.032000,-2.653269,0.000000,45.000000,-0.000000,0.000000,-0.056893,1,2.261111,0.871160,0.581160,0.471439,0.471439,0.930920,0.029009,0.471437,0.471437,0.150136,0.751775,0.831160,0.743160,inf,nan,0.000000,0.743160,0.743160,0.743160,0.148673,-0.231406,0.743160,0.148673,-0.231406,-0.000000,0.000000,3.210508,10,4
1780630917.904780,nominal,-4.032000,-3.932218,-0.000000,3.210508,1.570796,-4.032000,-2.332218,0.000000,45.000000,-0.000000,0.000000,-0.056406,1,2.888073,1.123310,0.902211,0.772779,0.772779,0.997016,0.029009,0.767419,0.767419,0.150136,0.817871,0.856181,0.768181,inf,nan,0.000000,0.768181,0.768181,0.768181,0.143471,0.065272,0.768181,0.143471,0.065272,-0.000000,0.000000,3.210508,10,4
1780630917.990120,nominal,-4.032000,-3.611167,-0.000000,3.210508,1.570796,-4.032000,-2.011167,0.000000,45.000000,-0.000000,0.000000,-0.055922,1,2.319522,0.945092,0.798989,0.685099,0.685099,1.099530,0.029009,0.685092,0.685092,0.150136,0.920385,0.855024,0.767024,inf,nan,0.000000,0.767024,0.767024,0.767024,0.178892,0.102477,0.767024,0.178892,0.102477,-0.000000,0.000000,3.210508,10,4
1780630918.100386,nominal,-4.032000,-3.290117,-0.000000,3.210508,1.570796,-4.032000,-1.690117,0.000000,45.000000,0.000000,0.000000,-0.055443,1,2.964931,0.837678,0.766420,0.652787,0.652787,1.224645,0.029009,0.652787,0.652787,0.150136,1.045500,0.855024,0.767024,inf,nan,0.000000,0.767024,0.767024,0.767024,0.256491,0.118052,0.767024,0.256491,0.118052,-0.000000,0.000000,3.210508,10,4
1780630918.188045,nominal,-4.032000,-2.969066,-0.000000,3.210508,1.570796,-4.032000,-1.369066,0.000000,45.000000,0.000000,-0.000000,-0.054968,1,3.217682,0.846379,0.770347,0.660468,0.660468,1.363156,0.029009,0.660468,0.660468,0.150136,1.184011,0.881408,0.793408,inf,nan,0.000000,0.793408,0.793408,0.793408,0.357127,0.134540,0.793408,0.357127,0.134540,-0.000000,0.000000,3.210508,10,4
1780630918.300017,nominal,-4.032000,-2.648015,-0.000000,3.210508,1.570796,-4.032000,-1.048015,0.000000,45.000000,0.000000,-0.000000,-0.054497,1,1.592880,0.968069,0.843230,0.734899,0.734899,1.509834,0.029009,0.734899,0.734899,0.150136,1.330689,1.000512,0.912512,inf,nan,0.000000,0.912512,0.912512,0.912512,0.461039,0.151812,0.912512,0.461039,0.151812,-0.000000,0.000000,3.210508,10,4
1780630918.375611,nominal,-4.032000,-2.326964,-0.000000,3.210508,1.570796,-4.032000,-0.726964,0.000000,45.000000,0.000000,-0.000000,-0.054030,1,1.629984,1.167949,0.993741,0.889278,0.889278,1.661729,0.029009,0.889278,0.889278,0.150136,1.482584,1.187798,1.099798,inf,nan,0.000000,1.099798,1.099798,1.099798,0.561178,0.169589,1.099798,0.561178,0.169589,-0.000000,0.000000,3.210508,10,4
1780630918.502396,nominal,-4.032000,-2.005913,-0.000000,3.210508,1.570796,-4.032000,-0.405913,0.000000,45.000000,0.000000,0.000000,-0.053566,1,2.096683,3.348475,3.110906,2.999897,2.999897,2.931790,0.029009,2.752640,2.752640,0.150136,2.752645,3.360710,3.272710,inf,nan,0.000000,3.272710,3.272710,3.272710,1.302649,0.316274,3.272710,1.302649,0.316274,-0.000000,0.000000,3.210508,2,4
1780630918.591021,nominal,-4.032000,-1.684863,-0.000000,3.210508,1.570796,-4.032000,-0.084863,0.000000,45.000000,0.000000,0.000000,-0.053107,1,1.987746,3.669470,3.431710,3.320681,3.320681,3.098560,0.029009,2.919415,2.919415,0.150136,2.919415,3.681547,3.593547,inf,nan,0.000000,3.593547,3.593547,3.593547,1.398934,0.335531,3.593547,1.398934,0.335531,-0.000000,0.000000,3.210508,2,4
1780630918.697294,nominal,-4.032000,-1.363812,-0.000000,3.210508,1.570796,-4.032000,0.236188,0.000000,45.000000,0.000000,0.000000,-0.052652,1,3.222857,3.990474,3.752555,3.641507,3.641507,3.265351,0.029009,3.086206,3.086206,0.150136,3.086206,4.002416,3.914416,inf,nan,0.000000,3.914416,3.914416,3.914416,1.495220,0.354789,3.914416,1.495220,0.354789,-0.000000,0.000000,3.210508,2,4
1780630918.796656,nominal,-4.032000,-1.042761,-0.000000,3.210508,1.570796,-4.032000,0.557239,0.000000,45.000000,0.000000,0.000000,-0.052201,1,2.298805,4.311485,4.073431,3.962367,3.962367,3.432159,0.029009,3.253014,3.253014,0.150136,3.253014,4.323312,4.235312,inf,nan,0.000000,4.235312,4.235312,4.235312,1.591510,0.374048,4.235312,1.591510,0.374048,-0.000000,0.000000,3.210508,2,4
1780630918.902697,nominal,-4.032000,-0.721710,-0.000000,3.210508,1.570796,-4.032000,0.878290,0.000000,45.000000,0.000000,-0.000000,-0.051754,1,2.039025,4.632501,4.394331,4.283253,4.283253,3.598982,0.029009,3.419837,3.419837,0.150136,3.419837,4.644228,4.556228,inf,nan,0.000000,4.556228,4.556228,4.556228,1.687802,0.393307,4.556228,1.687802,0.393307,-0.000000,0.000000,3.210508,2,4
1780630918.992343,nominal,-4.032000,-0.400659,-0.000000,3.210508,1.570796,-4.032000,1.199341,0.000000,45.000000,0.000000,-0.000000,-0.051310,1,2.237500,4.953522,4.715252,4.604161,4.604161,3.765817,0.029009,3.586672,3.586672,0.150136,3.586672,4.965161,4.877161,inf,nan,0.000000,4.877161,4.877161,4.877161,1.784096,0.412566,4.877161,1.784096,0.412566,-0.000000,0.000000,3.210508,2,4
1780630919.089067,nominal,-4.032000,-0.079609,-0.000000,3.210508,1.570796,-4.032000,1.520391,0.000000,45.000000,0.000000,0.000000,-0.050870,1,2.908194,5.274546,5.036188,4.925086,4.925086,3.932663,0.029009,3.753518,3.753518,0.150136,3.753518,5.286108,5.198108,inf,nan,0.000000,5.198108,5.198108,5.198108,1.880391,0.431826,5.198108,1.880391,0.431826,-0.000000,0.000000,3.210508,2,4
1780630919.191493,nominal,-4.032000,0.241442,0.000000,3.210508,1.570796,-4.032000,1.841442,0.000000,45.000000,0.000000,0.000000,-0.050434,1,1.810839,5.595574,5.357138,5.246025,5.246025,4.099517,0.029009,3.920372,3.920372,0.150136,3.920372,5.607067,5.519067,inf,nan,0.000000,5.519067,5.519067,5.519067,1.976689,0.451086,5.519067,1.976689,0.451086,-0.000000,0.000000,3.210508,2,4
1780630919.298899,nominal,-4.032000,0.562493,0.000000,3.210508,1.570796,-4.032000,2.162493,0.000000,45.000000,0.000000,0.000000,-0.050002,1,2.206625,5.916604,5.678099,5.566977,5.566977,4.266380,0.029009,4.087235,4.087235,0.150136,4.087235,5.928036,5.840036,inf,nan,0.000000,5.840036,5.840036,5.840036,2.072987,0.470346,5.840036,2.072987,0.470346,-0.000000,0.000000,3.210508,2,4
1780630919.396052,nominal,-4.032000,0.883544,0.000000,3.210508,1.570796,-4.032000,2.483544,0.000000,45.000000,0.000000,-0.000000,-0.049574,1,3.226319,0.837556,5.999069,5.887938,5.887938,4.433250,0.029009,4.254105,4.254105,0.150136,4.254105,6.249012,6.161012,inf,nan,0.000000,6.161012,6.161012,6.161012,2.169287,0.489606,6.161012,2.169287,0.489606,-0.000000,0.000000,3.210508,2,4
1780630919.490209,nominal,-4.032000,1.204595,0.000000,3.210508,1.570796,-4.032000,2.804595,0.000000,45.000000,-0.000000,0.000000,-0.049149,1,2.642095,0.859590,0.658357,0.550541,0.550541,0.620000,0.029009,0.440247,0.440247,0.150136,0.440855,0.230735,0.142735,inf,nan,0.000000,0.142735,0.142735,0.142735,0.002309,-0.233142,0.142735,0.002309,-0.233142,-0.000000,0.000000,3.210508,10,4
1780630919.590866,nominal,-4.032000,1.525645,0.000000,3.210508,1.570796,-4.032000,3.125645,0.000000,45.000000,-0.000000,-0.000000,-0.048727,1,2.013705,1.059866,0.818266,0.714094,0.714094,0.620000,0.029009,0.440853,0.440853,0.150136,0.440855,0.203420,0.115420,inf,nan,0.000000,0.115420,0.115420,0.115420,-0.046242,-0.259280,0.115420,-0.046242,-0.259280,-0.000000,0.000000,3.210508,10,4
1780630919.702254,nominal,-4.032000,1.846696,0.000000,3.210508,1.570796,-4.032000,3.446696,0.000000,45.000000,-0.000000,-0.000000,-0.048310,1,1.582571,1.110320,0.833526,0.717882,0.717882,0.620000,0.029009,0.440853,0.440853,0.150136,0.440855,0.203753,0.115753,inf,nan,0.000000,0.115753,0.115753,0.115753,-0.080231,-0.062625,0.115753,-0.080231,-0.062625,-0.000000,0.000000,3.210508,10,4
1780630919.791040,nominal,-4.032000,2.167747,0.000000,3.210508,1.570796,-4.032000,3.767747,0.000000,45.000000,-0.000000,0.000000,-0.047896,1,1.580930,0.807508,0.533721,0.422444,0.422444,0.703014,0.029009,0.421634,0.421634,0.150136,0.523869,0.204957,0.116957,inf,nan,0.000000,0.116957,0.116957,0.116957,-0.100394,-0.035819,0.116957,-0.100394,-0.035819,-0.000000,0.000000,3.210508,10,4
1780630919.904964,nominal,-4.032000,2.488798,0.000000,3.210508,1.570796,-4.032000,4.088798,0.000000,45.000000,-0.000000,0.000000,-0.047485,1,2.363649,0.522937,0.263094,0.159420,0.159420,0.854683,0.029009,0.159420,0.159420,0.150136,0.675538,0.215529,0.127529,inf,nan,0.000000,0.127529,0.127529,0.127529,-0.107584,0.078924,0.127529,-0.107584,0.078924,-0.000000,0.000000,3.210508,10,4
1780630919.990412,nominal,-4.032000,2.809848,0.000000,3.210508,1.570796,-4.032000,4.409848,0.000000,45.000000,-0.000000,0.000000,-0.047078,1,2.033347,0.597501,0.457599,0.350981,0.350981,1.115082,0.029009,0.350981,0.350981,0.150136,0.935937,0.557501,0.469501,inf,nan,0.000000,0.469501,0.469501,0.469501,0.154234,0.107200,0.469501,0.154234,0.107200,-0.000000,0.000000,3.210508,10,4
1780630920.100343,nominal,-4.032000,3.130899,0.000000,3.210508,1.570796,-4.032000,4.730899,0.000000,45.000000,-0.000000,-0.000000,-0.046675,1,2.644926,0.610885,0.459708,0.352479,0.352479,1.266424,0.029009,0.352479,0.352479,0.150136,1.087279,0.570885,0.482885,inf,nan,0.000000,0.482885,0.482885,0.482885,0.287079,0.124563,0.482885,0.287079,0.124563,-0.000000,0.000000,3.210508,10,4
1780630920.184765,nominal,-4.032000,3.451950,0.000000,3.210508,1.570796,-4.032000,5.051950,0.000000,45.000000,-0.000000,0.000000,-0.046275,1,2.593618,0.630034,0.441541,0.336756,0.336756,1.402842,0.029009,0.336756,0.336756,0.150136,1.223697,0.626217,0.538217,inf,nan,0.000000,0.538217,0.538217,0.538217,0.399543,0.140467,0.538217,0.399543,0.140467,-0.000000,0.000000,3.210508,10,4
1780630920.303729,nominal,-4.032000,3.773001,0.000000,3.210508,1.570796,-4.032000,5.373001,0.000000,45.000000,-0.000000,-0.000000,-0.045878,1,2.359987,0.725005,0.452821,0.343661,0.343661,1.507814,0.029009,0.343661,0.343661,0.150136,1.328669,0.685005,0.597005,inf,nan,0.000000,0.597005,0.597005,0.597005,0.478450,0.152595,0.597005,0.478450,0.152595,-0.000000,0.000000,3.210508,10,4
1780630920.415512,nominal,-4.032000,4.094052,0.000000,3.210508,1.570796,-4.032000,5.694052,0.000000,45.000000,-0.000000,-0.000000,-0.045485,1,5.422499,0.621448,0.749184,0.633407,0.633407,1.673539,0.029009,0.633407,0.633407,0.150136,1.494394,0.984353,0.896353,inf,nan,0.000000,0.896353,0.896353,0.896353,0.577615,0.171675,0.896353,0.577615,0.171675,-0.000000,0.000000,3.210508,10,4
1780630920.503753,nominal,-4.032000,4.415102,0.000000,3.210508,1.570796,-4.032000,6.015102,0.000000,45.000000,-0.000000,0.000000,-0.045095,1,2.447021,0.620543,0.589386,0.478388,0.478388,0.878061,0.029009,0.478376,0.478376,0.150136,0.698916,0.678727,0.590727,inf,nan,0.000000,0.590727,0.590727,0.590727,0.207730,-0.031173,0.590727,0.207730,-0.031173,-0.000000,0.000000,3.210508,10,4
1780630920.589885,nominal,-4.032000,4.736153,-0.000000,3.210508,1.570796,-4.032000,6.336153,0.000000,45.000000,-0.000000,-0.000000,-0.044709,1,2.177764,0.521136,0.345302,0.231732,0.231732,0.936422,0.029009,0.231732,0.231732,0.150136,0.757277,0.481136,0.393136,inf,nan,0.000000,0.393136,0.393136,0.393136,0.238989,-0.034556,0.393136,0.238989,-0.034556,-0.000000,0.000000,3.210508,10,4
1780630920.701063,nominal,-4.032000,5.057204,-0.000000,3.210508,1.570796,-4.032000,6.657204,0.000000,45.000000,-0.000000,0.000000,-0.044326,1,2.800249,0.617063,0.361057,0.257302,0.257302,1.036860,0.029009,0.257302,0.257302,0.150136,0.857715,0.577063,0.489063,inf,nan,0.000000,0.489063,0.489063,0.489063,0.235759,-0.097215,0.489063,0.235759,-0.097215,-0.000000,0.000000,3.210508,10,4
1780630920.778198,nominal,-4.032000,5.378255,-0.000000,3.210508,1.570796,-4.032000,6.978255,0.000000,45.000000,-0.000000,0.000000,-0.043946,1,1.612717,0.818906,0.606715,0.496724,0.496724,1.003564,0.029009,0.496723,0.496723,0.150136,0.824419,0.838969,0.750969,inf,nan,0.000000,0.750969,0.750969,0.750969,0.241072,-0.053876,0.750969,0.241072,-0.053876,-0.000000,0.000000,3.210508,10,4
1780630920.904095,nominal,-4.032000,5.699306,-0.000000,3.210508,1.570796,-4.032000,7.299306,0.000000,45.000000,0.000000,-0.000000,-0.043569,1,2.557503,0.894751,0.776424,0.653277,0.653277,1.013505,0.029009,0.653227,0.653227,0.150136,0.834360,0.854751,0.766751,inf,nan,0.000000,0.766751,0.766751,0.766751,0.260210,-0.016969,0.766751,0.260210,-0.016969,-0.000000,0.000000,3.210508,10,4
1780630920.995402,nominal,-4.032000,6.020356,-0.000000,3.210508,1.570796,-4.032000,7.620356,0.000000,45.000000,-0.000000,0.000000,-0.043196,1,3.018225,0.946887,0.786223,0.674004,0.674004,1.046117,0.029009,0.673971,0.673971,0.150136,0.866972,0.906887,0.818887,inf,nan,0.000000,0.818887,0.818887,0.818887,0.263317,0.000658,0.818887,0.263317,0.000658,-0.000000,0.000000,3.210508,10,4
1780630921.112989,nominal,-4.032000,6.341407,-0.000000,3.210508,1.570796,-4.032000,7.941407,0.000000,45.000000,0.000000,-0.000000,-0.042825,1,4.457545,1.086095,0.877353,0.770462,0.770462,1.115428,0.029009,0.770376,0.770376,0.150136,0.936283,1.046095,0.958095,inf,nan,0.000000,0.958095,0.958095,0.958095,0.265500,0.005468,0.958095,0.265500,0.005468,-0.000000,0.000000,3.210508,10,4
1780630921.189653,nominal,-4.032000,6.662458,-0.000000,3.210508,1.570796,-4.032000,8.262458,0.000000,45.000000,0.000000,-0.000000,-0.042458,1,2.214449,1.123706,0.972089,0.858376,0.858376,0.996180,0.029009,0.810998,0.810998,0.150136,0.817035,1.038279,0.950279,inf,nan,0.000000,0.950279,0.950279,0.950279,0.256414,-0.026913,0.950279,0.256414,-0.026913,-0.000000,0.000000,3.210508,10,4
1780630921.303111,nominal,-4.032000,6.983509,-0.000000,3.210508,1.570796,-4.032000,8.583509,0.000000,45.000000,-0.000000,-0.000000,-0.042094,1,3.081529,1.090829,0.967290,0.848158,0.848158,0.991712,0.029009,0.805342,0.805342,0.150136,0.812567,1.028486,0.940486,inf,nan,0.000000,0.940486,0.940486,0.940486,0.238818,-0.047229,0.940486,0.238818,-0.047229,-0.000000,0.000000,3.210508,10,4
1780630921.386209,nominal,-4.032000,7.304560,-0.000000,3.210508,1.570796,-4.032000,8.904560,0.000000,45.000000,-0.000000,0.000000,-0.041734,1,2.974922,1.142236,0.983670,0.871130,0.871130,1.002317,0.029009,0.818283,0.818283,0.150136,0.823172,1.028621,0.940621,inf,nan,0.000000,0.940621,0.940621,0.940621,0.228433,-0.079303,0.940621,0.228433,-0.079303,-0.000000,0.000000,3.210508,10,4
1780630921.505112,nominal,-4.032000,7.625610,-0.000000,3.210508,1.570796,-4.032000,9.225610,0.000000,45.000000,-0.000000,-0.000000,-0.041376,1,2.569364,1.550054,1.409159,1.300747,1.300747,1.755091,0.029009,1.300745,1.300745,0.150136,1.575946,1.575099,1.487099,inf,nan,0.000000,1.487099,1.487099,1.487099,0.629887,0.173847,1.487099,0.629887,0.173847,-0.000000,0.000000,3.210508,10,4
1780630921.589816,nominal,-4.032000,7.946661,-0.000000,3.210508,1.570796,-4.032000,9.546661,0.000000,45.000000,-0.000000,-0.000000,-0.041021,1,2.074478,1.728011,1.568824,1.456760,1.456760,1.893183,0.029009,1.456756,1.456756,0.150136,1.714038,1.758856,1.670856,inf,nan,0.000000,1.670856,1.670856,1.670856,0.693375,0.190028,1.670856,0.693375,0.190028,-0.000000,0.000000,3.210508,10,4
1780630921.697821,nominal,-4.032000,8.267712,-0.000000,3.210508,1.570796,-4.032000,9.867712,0.000000,45.000000,0.000000,0.000000,-0.040670,1,2.777584,1.943070,1.765203,1.642955,1.642955,2.034692,0.029009,1.642939,1.642939,0.150136,1.855547,1.950975,1.862975,inf,nan,0.000000,1.862975,1.862975,1.862975,0.766883,0.206744,1.862975,0.766883,0.206744,-0.000000,0.000000,3.210508,10,4
1780630921.790820,nominal,-4.032000,8.588763,-0.000000,3.210508,1.570796,-4.032000,10.188763,0.000000,45.000000,0.000000,-0.000000,-0.040321,1,2.110667,2.179468,1.957331,1.847129,1.847129,2.179434,0.029009,1.846995,1.846995,0.150136,2.000289,2.158965,2.070965,inf,nan,0.000000,2.070965,2.070965,2.070965,0.852933,0.223878,2.070965,0.852933,0.223878,-0.000000,0.000000,3.210508,10,4
1780630921.906779,nominal,-4.032000,8.909813,-0.000000,3.210508,1.570796,-4.032000,10.509813,0.000000,45.000000,0.000000,0.000000,-0.039976,1,2.641778,2.407992,2.178054,2.071262,2.071262,2.326903,0.029009,2.069362,2.069362,0.150136,2.147758,2.390609,2.302609,inf,nan,0.000000,2.302609,2.302609,2.302609,0.940194,0.241338,2.302609,0.940194,0.241338,-0.000000,0.000000,3.210508,10,4
1780630921.990160,nominal,-4.032000,9.230864,-0.000000,3.210508,1.570796,-4.032000,10.830864,0.000000,45.000000,0.000000,-0.000000,-0.039633,1,2.010870,2.655733,2.420014,2.313463,2.313463,2.476521,0.029009,2.284498,2.284498,0.150136,2.297376,2.640021,2.552021,inf,nan,0.000000,2.552021,2.552021,2.552021,1.028434,0.259058,2.552021,1.028434,0.259058,-0.000000,0.000000,3.210508,10,4
1780630922.100326,nominal,-4.032000,9.551915,-0.000000,3.210508,1.570796,-4.032000,11.151915,0.000000,45.000000,0.000000,0.000000,-0.039293,1,2.552787,2.917801,2.677765,2.569843,2.569843,2.628308,0.029009,2.448747,2.448747,0.150136,2.449163,2.902849,2.814849,inf,nan,0.000000,2.814849,2.814849,2.814849,1.117519,0.276987,2.814849,1.117519,0.276987,-0.000000,0.000000,3.210508,10,4
1780630922.189910,nominal,-4.032000,9.872966,-0.000000,3.210508,1.570796,-4.032000,11.472966,0.000000,45.000000,0.000000,-0.000000,-0.038957,1,2.286601,3.190666,2.947367,2.837982,2.837982,2.781939,0.029009,2.602786,2.602786,0.150136,2.602794,3.175913,3.087913,inf,nan,0.000000,3.087913,3.087913,3.087913,1.207352,0.295084,3.087913,1.207352,0.295084,-0.000000,0.000000,3.210508,10,4
1780630922.308938,nominal,-4.032000,10.194017,-0.000000,3.210508,1.570796,-4.032000,11.794017,0.000000,45.000000,0.000000,0.000000,-0.038623,1,3.997429,3.471784,3.225983,3.115156,3.115156,2.937135,0.029009,2.757990,2.757990,0.150136,2.757990,3.456891,3.368891,inf,nan,0.000000,3.368891,3.368891,3.368891,1.297845,0.313322,3.368891,1.297845,0.313322,-0.000000,0.000000,3.210508,10,4
1780630922.387875,nominal,-4.032000,10.515067,-0.000000,3.210508,1.570796,-4.032000,12.115067,0.000000,45.000000,0.000000,0.000000,-0.038292,1,2.673203,3.759304,3.511555,3.399353,3.399353,3.093661,0.029009,2.914516,2.914516,0.150136,2.914516,3.744069,3.656069,inf,nan,0.000000,3.656069,3.656069,3.656069,1.388923,0.331675,3.656069,1.388923,0.331675,-0.000000,0.000000,3.210508,10,4
1780630922.503645,nominal,-4.032000,10.836118,-0.000000,3.210508,1.570796,-4.032000,12.436118,0.000000,45.000000,0.000000,0.000000,-0.037964,1,2.364678,0.626075,0.443332,0.329191,0.329191,0.696777,0.029009,0.329152,0.329152,0.150136,0.517632,0.211626,0.123626,inf,nan,0.000000,0.123626,0.123626,0.123626,-0.082328,-0.118221,0.123626,-0.082328,-0.118221,-0.000000,0.000000,3.210508,10,4
1780630922.588793,nominal,-4.032000,11.157169,-0.000000,3.210508,1.570796,-4.032000,12.757169,0.000000,45.000000,0.000000,-0.000000,-0.037638,1,2.255634,0.545376,0.299547,0.196338,0.196338,0.837789,0.029009,0.196338,0.196338,0.150136,0.658644,0.206009,0.118009,inf,nan,0.000000,0.118009,0.118009,0.118009,-0.068814,0.016716,0.118009,-0.068814,0.016716,-0.000000,0.000000,3.210508,10,4
1780630922.703879,nominal,-4.032000,11.478220,-0.000000,3.210508,1.570796,-4.032000,13.078220,0.000000,45.000000,0.000000,0.000000,-0.037316,1,2.330126,0.564860,0.427024,0.320676,0.320676,0.659595,0.029009,0.320570,0.320570,0.150136,0.480450,0.333381,0.245381,inf,nan,0.000000,0.245381,0.245381,0.245381,-0.024145,-0.138830,0.245381,-0.024145,-0.138830,-0.000000,0.000000,3.210508,10,4
1780630922.789685,nominal,-4.032000,11.799271,-0.000000,3.210508,1.570796,-4.032000,13.399271,0.000000,45.000000,0.000000,-0.000000,-0.036996,1,2.693332,0.554720,0.399875,0.292535,0.292535,0.756810,0.029009,0.292534,0.292534,0.150136,0.577665,0.340630,0.252630,inf,nan,0.000000,0.252630,0.252630,0.252630,-0.037018,-0.160489,0.252630,-0.037018,-0.160489,-0.000000,0.000000,3.210508,10,4
1780630922.905261,nominal,-4.032000,12.120321,-0.000000,3.210508,1.570796,-4.032000,13.720321,0.000000,45.000000,0.000000,0.000000,-0.036679,1,3.441275,0.518477,0.306877,0.191605,0.191605,0.896935,0.029009,0.191605,0.191605,0.150136,0.717790,0.351572,0.263572,inf,nan,0.000000,0.263572,0.263572,0.263572,0.001935,0.069336,0.263572,0.001935,0.069336,-0.000000,0.000000,3.210508,10,4
1780630922.989451,nominal,-4.032000,12.441372,-0.000000,3.210508,1.570796,-4.032000,14.041372,0.000000,45.000000,0.000000,0.000000,-0.036364,1,2.699219,0.622304,0.354604,0.248512,0.248512,1.463862,0.029009,0.248512,0.248512,0.150136,1.284717,0.582304,0.494304,inf,nan,0.000000,0.494304,0.494304,0.494304,0.440866,0.145670,0.494304,0.440866,0.145670,-0.000000,0.000000,3.210508,10,4
1780630923.105546,nominal,-4.032000,12.762423,-0.000000,3.210508,1.570796,-4.032000,14.362423,0.000000,45.000000,0.000000,-0.000000,-0.036053,1,3.969593,0.914879,0.640156,0.526693,0.526693,1.627178,0.029009,0.526693,0.526693,0.150136,1.448033,0.874879,0.786879,inf,nan,0.000000,0.786879,0.786879,0.786879,0.541836,0.164723,0.786879,0.541836,0.164723,-0.000000,0.000000,3.210508,10,4
1780630923.188142,nominal,-4.032000,13.083474,-0.000000,3.210508,1.570796,-4.032000,14.683474,0.000000,45.000000,0.000000,0.000000,-0.035744,1,3.232676,0.563569,0.330955,0.227015,0.227015,1.371931,0.029009,0.227015,0.227015,0.150136,1.192786,0.523569,0.435569,inf,nan,0.000000,0.435569,0.435569,0.435569,0.383407,0.136989,0.435569,0.383407,0.136989,-0.000000,0.000000,3.210508,10,4
1780630923.292910,nominal,-4.032000,13.404525,-0.000000,3.210508,1.570796,-4.032000,15.004525,0.000000,45.000000,0.000000,0.000000,-0.035437,1,3.896373,0.816305,0.550913,0.444772,0.444772,1.535374,0.029009,0.444772,0.444772,0.150136,1.356229,0.776305,0.688305,inf,nan,0.000000,0.688305,0.688305,0.688305,0.492018,0.155796,0.688305,0.492018,0.155796,-0.000000,0.000000,3.210508,10,4
1780630923.386567,nominal,-4.032000,13.725575,-0.000000,3.210508,1.570796,-4.032000,15.325575,0.000000,45.000000,0.000000,-0.000000,-0.035134,1,3.860429,1.101831,0.828462,0.716899,0.716899,1.699732,0.029009,0.716899,0.716899,0.150136,1.520587,1.061831,0.973831,inf,nan,0.000000,0.973831,0.973831,0.973831,0.591998,0.174731,0.973831,0.591998,0.174731,-0.000000,0.000000,3.210508,10,4
1780630923.503837,nominal,-4.032000,14.046626,-0.000000,3.210508,1.570796,-4.032000,15.646626,0.000000,45.000000,0.000000,-0.000000,-0.034833,1,2.516376,1.239124,0.950388,0.839635,0.839635,1.803818,0.029009,0.839635,0.839635,0.150136,1.624673,1.199124,1.111124,inf,nan,0.000000,1.111124,1.111124,1.111124,0.653319,0.186440,1.111124,0.653319,0.186440,-0.000000,0.000000,3.210508,10,4
1780630923.589145,nominal,-4.032000,14.367677,-0.000000,3.210508,1.570796,-4.032000,15.967677,0.000000,45.000000,0.000000,-0.000000,-0.034534,1,2.190977,1.559106,1.269897,1.159115,1.159115,1.970719,0.029009,1.159115,1.159115,0.150136,1.791574,1.519106,1.431106,inf,nan,0.000000,1.431106,1.431106,1.431106,0.749658,0.205690,1.431106,0.749658,0.205690,-0.000000,0.000000,3.210508,10,4
1780630923.710384,nominal,-4.032000,14.688728,-0.000000,3.210508,1.570796,-4.032000,16.288728,0.000000,45.000000,0.000000,0.000000,-0.034238,1,7.775123,1.879433,1.589974,1.479145,1.479145,2.137629,0.029009,1.479145,1.479145,0.150136,1.958484,1.839433,1.751433,inf,nan,0.000000,1.751433,1.751433,1.751433,0.845958,0.224941,1.751433,0.845958,0.224941,-0.000000,0.000000,3.210508,10,4
1780630923.790873,nominal,-4.032000,15.009778,-0.000000,3.210508,1.570796,-4.032000,16.609778,0.000000,45.000000,0.000000,0.000000,-0.033945,1,2.345336,2.199961,1.910354,1.799480,1.799480,2.304546,0.029009,1.799479,1.799479,0.150136,2.125401,2.159961,2.071961,inf,nan,0.000000,2.071961,2.071961,2.071961,0.942243,0.244195,2.071961,0.942243,0.244195,-0.000000,0.000000,3.210508,10,4
1780630923.893445,nominal,-4.032000,15.330829,-0.000000,3.210508,1.570796,-4.032000,16.930829,0.000000,45.000000,0.000000,-0.000000,-0.033654,1,3.569773,2.520616,2.230915,2.120001,2.120001,2.471467,0.029009,2.119932,2.119932,0.150136,2.292322,2.480616,2.392616,inf,nan,0.000000,2.392616,2.392616,2.392616,1.038526,0.263451,2.392616,1.038526,0.263451,-0.000000,0.000000,3.210508,10,4
1780630923.990162,nominal,-4.032000,15.651880,-0.000000,3.210508,1.570796,-4.032000,17.251880,0.000000,45.000000,0.000000,-0.000000,-0.033365,1,2.193734,2.841357,2.551592,2.440644,2.440644,2.638392,0.029009,2.428653,2.428653,0.150136,2.459247,2.801357,2.713357,inf,nan,0.000000,2.713357,2.713357,2.713357,1.134809,0.282707,2.713357,1.134809,0.282707,-0.000000,0.000000,3.210508,10,4
1780630924.103842,nominal,-4.032000,15.972931,-0.000000,3.210508,1.570796,-4.032000,17.572931,0.000000,45.000000,0.000000,0.000000,-0.033079,1,2.596420,3.162159,2.872348,2.761371,2.761371,2.805320,0.029009,2.625924,2.625924,0.150136,2.626175,3.122159,3.034159,inf,nan,0.000000,3.034159,3.034159,3.034159,1.231094,0.301964,3.034159,1.231094,0.301964,-0.000000,0.000000,3.210508,10,4
1780630924.189958,nominal,-4.032000,16.293982,-0.000000,3.210508,1.570796,-4.032000,17.893982,0.000000,45.000000,0.000000,-0.000000,-0.032796,1,2.327619,3.483005,3.193161,3.082159,3.082159,2.972250,0.029009,2.793104,2.793104,0.150136,2.793105,3.443005,3.355005,inf,nan,0.000000,3.355005,3.355005,3.355005,1.327382,0.321222,3.355005,1.327382,0.321222,-0.000000,0.000000,3.210508,10,4
1780630924.306462,nominal,-4.032000,16.615032,-0.000000,3.210508,1.570796,-4.032000,18.215032,0.000000,45.000000,0.000000,0.000000,-0.032515,1,2.939025,3.803885,3.514016,3.402991,3.402991,3.139183,0.029009,2.960038,2.960038,0.150136,2.960038,3.763885,3.675885,inf,nan,0.000000,3.675885,3.675885,3.675885,1.423671,0.340481,3.675885,1.423671,0.340481,-0.000000,0.000000,3.210508,10,4
1780630924.390549,nominal,-4.032000,16.936083,-0.000000,3.210508,1.570796,-4.032000,18.536083,0.000000,45.000000,0.000000,-0.000000,-0.032236,1,2.816530,4.124791,3.834902,3.723858,3.723858,3.306117,0.029009,3.126972,3.126972,0.150136,3.126972,4.084791,3.996791,inf,nan,0.000000,3.996791,3.996791,3.996791,1.519964,0.359740,3.996791,1.519964,0.359740,-0.000000,0.000000,3.210508,10,4
1780630924.501556,nominal,-4.032000,17.257134,-0.000000,3.210508,1.570796,-4.032000,18.857134,0.000000,45.000000,0.000000,0.000000,-0.031960,1,2.850585,1.530018,1.331321,1.217033,1.217033,1.338413,0.029009,1.155715,1.155715,0.150136,1.159268,1.571829,1.483829,inf,nan,0.000000,1.483829,1.483829,1.483829,0.465093,-0.044483,1.483829,0.465093,-0.044483,-0.000000,0.000000,3.210508,10,4
1780630924.587718,nominal,-4.032000,17.578185,-0.000000,3.210508,1.570796,-4.032000,19.178185,0.000000,45.000000,0.000000,0.000000,-0.031686,1,2.145517,1.849160,1.640656,1.527391,1.527391,1.360268,0.029009,1.181123,1.181123,0.150136,1.181123,1.762801,1.674801,inf,nan,0.000000,1.674801,1.674801,1.674801,0.456260,0.010666,1.674801,0.456260,0.010666,-0.000000,0.000000,3.210508,10,4
1780630924.701812,nominal,-4.032000,17.899236,-0.000000,3.210508,1.570796,-4.032000,19.499236,0.000000,45.000000,0.000000,-0.000000,-0.031414,1,3.086785,1.942227,1.768261,1.656388,1.656388,1.408005,0.029009,1.228860,1.228860,0.150136,1.228860,1.766472,1.678472,inf,nan,0.000000,1.678472,1.678472,1.678472,0.453131,0.109804,1.678472,0.453131,0.109804,-0.000000,0.000000,3.210508,10,4
1780630924.790222,nominal,-4.032000,18.220286,-0.000000,3.210508,1.570796,-4.032000,19.820286,0.000000,45.000000,0.000000,-0.000000,-0.031145,1,2.422707,1.851090,1.698313,1.585040,1.585040,1.480171,0.029009,1.301024,1.301024,0.150136,1.301026,1.765594,1.677594,inf,nan,0.000000,1.677594,1.677594,1.677594,0.471431,0.132445,1.677594,0.471431,0.132445,-0.000000,0.000000,3.210508,10,4
1780630924.902497,nominal,-4.032000,18.541337,-0.000000,3.210508,1.570796,-4.032000,20.141337,0.000000,45.000000,0.000000,0.000000,-0.030878,1,3.069788,1.805594,1.674588,1.556743,1.556743,1.572379,0.029009,1.393141,1.393141,0.150136,1.393234,1.765594,1.677594,inf,nan,0.000000,1.677594,1.677594,1.677594,0.511034,0.149139,1.677594,0.511034,0.149139,-0.000000,0.000000,3.210508,10,4
1780630924.987987,nominal,-4.032000,18.862388,-0.000000,3.210508,1.570796,-4.032000,20.462388,0.000000,45.000000,0.000000,-0.000000,-0.030613,1,2.349685,1.813349,1.675683,1.561075,1.561075,1.680056,0.029009,1.497628,1.497628,0.150136,1.500911,1.773349,1.685349,inf,nan,0.000000,1.685349,1.685349,1.685349,0.565988,0.162744,1.685349,0.565988,0.162744,-0.000000,0.000000,3.210508,10,4
1780630925.104175,nominal,-4.032000,19.183439,-0.000000,3.210508,1.570796,-4.032000,20.783439,0.000000,45.000000,0.000000,0.000000,-0.030351,1,3.493437,1.873732,1.715423,1.601006,1.601006,1.799269,0.029009,1.589191,1.589191,0.150136,1.620124,1.833732,1.745732,inf,nan,0.000000,1.745732,1.745732,1.745732,0.632178,0.177317,1.745732,0.632178,0.177317,-0.000000,0.000000,3.210508,10,4
1780630925.189375,nominal,-4.032000,19.504490,-0.000000,3.210508,1.570796,-4.032000,21.104490,0.000000,45.000000,0.000000,0.000000,-0.030091,1,2.766500,1.982190,1.795992,1.686075,1.686075,1.926936,0.029009,1.682957,1.682957,0.150136,1.747791,1.942190,1.854190,inf,nan,0.000000,1.854190,1.854190,1.854190,0.705824,0.192682,1.854190,0.705824,0.192682,-0.000000,0.000000,3.210508,10,4
1780630925.302918,nominal,-4.032000,19.825540,-0.000000,3.210508,1.570796,-4.032000,21.425540,0.000000,45.000000,0.000000,-0.000000,-0.029833,1,4.394607,2.131757,1.921404,1.814976,1.814976,2.060809,0.029009,1.812334,1.812334,0.150136,1.881664,2.091757,2.003757,inf,nan,0.000000,2.003757,2.003757,2.003757,0.784207,0.208683,2.003757,0.784207,0.208683,-0.000000,0.000000,3.210508,10,4
1780630925.391334,nominal,-4.032000,20.146591,-0.000000,3.210508,1.570796,-4.032000,21.746591,0.000000,45.000000,0.000000,0.000000,-0.029577,1,3.968331,2.314837,2.086223,1.981242,1.981242,2.199366,0.029009,1.974740,1.974740,0.150136,2.020221,2.274837,2.186837,inf,nan,0.000000,2.186837,2.186837,2.186837,0.865667,0.225192,2.186837,0.865667,0.225192,-0.000000,0.000000,3.210508,10,4
1780630925.503999,nominal,-4.032000,20.467642,-0.000000,3.210508,1.570796,-4.032000,22.067642,0.000000,45.000000,0.000000,-0.000000,-0.029324,1,3.009246,0.524121,0.368677,0.261783,0.261783,0.817968,0.029009,0.261783,0.261783,0.150136,0.638823,0.466464,0.378464,inf,nan,0.000000,0.378464,0.378464,0.378464,0.101179,-0.040744,0.378464,0.101179,-0.040744,-0.000000,0.000000,3.210508,10,4
1780630925.588962,nominal,-4.032000,20.788693,-0.000000,3.210508,1.570796,-4.014069,22.387114,0.000000,45.000000,0.159713,-0.014066,-0.029073,1,2.581624,0.534226,0.388059,0.282373,0.282373,0.784537,0.028978,0.282372,0.282372,0.150136,0.605423,0.494226,0.406226,inf,nan,0.000000,0.406226,0.406226,0.406226,0.122480,-0.134431,0.406226,0.122480,-0.134431,-0.000000,0.000000,3.210508,10,4
1780630925.704893,nominal,-4.031201,21.109673,0.015971,3.209101,1.564605,-3.957968,22.703153,0.000000,45.000000,0.593427,-0.052888,-0.028149,1,3.260021,0.569976,0.349256,0.244054,0.244054,0.825394,0.028898,0.244054,0.244054,0.150066,0.646430,0.529976,0.441976,inf,nan,0.000000,0.441976,0.441976,0.441976,0.128850,-0.093006,0.441976,0.128850,-0.093006,-0.000000,0.000000,3.209141,10,4
1780630925.789500,nominal,-4.026637,21.430319,0.075314,3.203813,1.542528,-3.901926,23.018863,0.000000,45.000000,0.821189,-0.076296,-0.025334,1,2.515102,0.597807,0.323188,0.211544,0.211544,0.896130,0.028828,0.211544,0.211544,0.149840,0.717462,0.557807,0.469807,inf,nan,0.000000,0.469807,0.469807,0.469807,0.124092,-0.155331,0.469807,0.124092,-0.155331,-0.000000,0.000000,3.204698,10,4
1780630925.905192,nominal,-4.015000,21.750319,0.157433,3.196183,1.514726,-3.845996,23.333938,0.000000,45.000000,0.868333,-0.088064,-0.021440,1,3.282543,0.806144,0.595015,0.472580,0.472580,1.006310,0.028775,0.472580,0.472580,0.149603,0.827932,0.672017,0.584017,inf,nan,0.000000,0.584017,0.584017,0.584017,0.122104,0.068570,0.584017,0.122104,0.068570,-0.000000,0.000000,3.200058,10,4
1780630925.973925,nominal,-3.994915,22.069497,0.244266,3.187376,1.486953,-3.790210,23.648203,0.000000,45.000000,0.804425,-0.093619,-0.017305,1,2.990254,0.724805,0.577130,0.463951,0.463951,1.138824,0.028735,0.463951,0.463951,0.149433,0.960656,0.675328,0.587328,inf,nan,0.000000,0.587328,0.587328,0.587328,0.169565,0.109211,0.587328,0.169565,0.109211,-0.000000,0.000000,3.196723,10,4
1780630926.106191,nominal,-3.966466,22.387766,0.324709,3.178015,1.462097,-3.732854,23.971310,0.000000,45.000000,0.700007,-0.009388,-0.013454,1,4.105682,0.715328,0.573720,0.463677,0.463677,1.287656,0.028900,0.463677,0.463677,0.149323,1.109433,0.675328,0.587328,inf,nan,0.000000,0.587328,0.587328,0.587328,0.290082,0.126958,0.587328,0.290082,0.126958,-0.000000,0.000000,3.194560,10,4
1780630926.187644,nominal,-3.930495,22.705521,0.394709,3.177076,1.441908,-3.677073,24.285548,0.000000,45.000000,0.557865,-0.030200,-0.010206,1,3.811151,0.829212,0.629455,0.521314,0.521314,1.439271,0.028944,0.521314,0.521314,0.149677,1.260651,0.789212,0.701212,inf,nan,0.000000,0.701212,0.701212,0.701212,0.410719,0.144617,0.701212,0.410719,0.144617,-0.000000,0.000000,3.201501,10,4
1780630926.301940,nominal,-3.888235,23.023077,0.450496,3.174056,1.425621,-3.621134,24.600677,0.000000,45.000000,0.421366,-0.039990,-0.007555,1,5.724792,1.029567,0.785848,0.681709,0.681709,1.595383,0.028974,0.681709,0.681709,0.149899,1.416510,0.989567,0.901567,inf,nan,0.000000,0.901567,0.901567,0.901567,0.519757,0.162780,0.901567,0.519757,0.162780,-0.000000,0.000000,3.205866,10,4
1780630926.388653,nominal,-3.841079,23.340283,0.492632,3.170057,1.413340,-3.565106,24.916307,0.000000,45.000000,0.303067,-0.037003,-0.005506,1,4.114637,1.278854,1.015930,0.909553,0.909553,1.355312,0.028990,0.909550,0.909550,0.150014,1.176308,1.238854,1.150854,inf,nan,0.000000,1.150854,1.150854,1.150854,0.471000,-0.069819,1.150854,0.471000,-0.069819,-0.000000,0.000000,3.208106,10,4
1780630926.504050,nominal,-3.790300,23.657104,0.522939,3.166357,1.404642,-3.509033,25.232188,0.000000,45.000000,0.206784,-0.028723,-0.004012,1,2.722845,1.524993,1.443001,1.312613,1.312613,0.620000,0.028999,0.440929,0.440929,0.150072,0.440929,0.255354,0.167354,inf,nan,0.000000,0.167354,0.167354,0.167354,0.010065,-0.059381,0.167354,0.010065,-0.059381,-0.000000,0.000000,3.209249,10,4
1780630926.586862,nominal,-3.736972,23.973596,0.543618,3.163484,1.398852,-3.452939,25.548189,0.000000,45.000000,0.132382,-0.019723,-0.002982,1,2.179263,1.426062,1.144751,1.030849,1.030849,0.620000,0.029004,0.440893,0.440893,0.150103,0.440893,0.116334,0.028334,inf,nan,0.000000,0.028334,0.028334,0.028334,-0.038023,-0.055493,0.028334,-0.038023,-0.055493,-0.000000,0.000000,3.209852,10,4
1780630926.702976,nominal,-3.681948,24.289845,0.556856,3.161512,1.395270,-3.396835,25.864247,0.000000,45.000000,0.077640,-0.011999,-0.002315,1,2.890807,1.116883,0.841613,0.725383,0.725383,0.620000,0.029006,0.440873,0.440873,0.150119,0.440874,-0.035858,-0.123858,inf,nan,0.000000,-0.123858,-0.123858,-0.123858,-0.104781,-0.072076,-0.123858,-0.104781,-0.072076,-0.000000,0.000000,3.210178,10,4
1780630926.789965,nominal,-3.625875,24.605937,0.564620,3.160312,1.393277,-3.340725,26.180332,0.000000,45.000000,0.039367,-0.006147,-0.001917,1,2.465044,0.816187,0.543181,0.432844,0.432844,0.620000,0.029008,0.416769,0.416769,0.150128,0.440864,-0.141782,-0.229782,inf,nan,0.000000,-0.229782,-0.229782,-0.229782,-0.168187,-0.114342,-0.229782,-0.168187,-0.114342,-0.000000,0.000000,3.210353,10,4
1780630926.891005,nominal,-3.569216,24.921937,0.568557,3.159697,1.392367,-3.284614,26.496430,0.000000,45.000000,0.014133,-0.002112,-0.001706,1,3.489898,0.535714,0.279065,0.175642,0.175642,0.620000,0.029008,0.175640,0.175640,0.150133,0.440859,-0.139507,-0.227507,inf,nan,0.000000,-0.227507,-0.227507,-0.227507,-0.221072,-0.191532,-0.227507,-0.221072,-0.191532,-0.000000,0.000000,3.210443,10,4
1780630926.990034,nominal,-3.512290,25.237896,0.569970,3.159486,1.392149,-3.228502,26.812533,0.000000,45.000000,-0.001291,0.000417,-0.001618,1,2.509609,0.510419,0.344544,0.223169,0.223169,0.677771,0.029009,0.223168,0.223168,0.150135,0.498627,-0.064771,-0.152771,inf,nan,0.000000,-0.152771,-0.152771,-0.152771,-0.191832,-0.137859,-0.152771,-0.191832,-0.137859,-0.000000,0.000000,3.210486,10,4
1780630927.098350,nominal,-3.455299,25.553847,0.569841,3.159528,1.392334,-3.172389,27.128640,0.000000,45.000000,-0.009697,0.001810,-0.001606,1,3.173346,0.580576,0.432703,0.326246,0.326246,1.002853,0.029009,0.326246,0.326246,0.150136,0.823708,0.540576,0.452576,inf,nan,0.000000,0.452576,0.452576,0.452576,0.274666,-0.048760,0.452576,0.274666,-0.048760,-0.000000,0.000000,3.210504,10,4
1780630927.176824,nominal,-3.398363,25.869809,0.568871,3.159709,1.392724,-3.116276,27.444748,0.000000,45.000000,-0.013352,0.002412,-0.001635,1,1.577428,0.554288,0.345312,0.238419,0.238419,1.079440,0.029009,0.238419,0.238419,0.150136,0.900295,0.514288,0.426288,inf,nan,0.000000,0.426288,0.426288,0.426288,0.318016,-0.047880,0.426288,0.318016,-0.047880,-0.000000,0.000000,3.210510,10,4
1780630927.300474,nominal,-3.341543,26.185792,0.567536,3.159950,1.393187,-3.060163,27.760856,0.000000,45.000000,-0.013999,0.002505,-0.001683,1,3.177921,0.630299,0.357378,0.248057,0.248057,1.184218,0.029009,0.248057,0.248057,0.150136,1.005072,0.590299,0.502299,inf,nan,0.000000,0.502299,0.502299,0.502299,0.359110,0.036953,0.502299,0.359110,0.036953,-0.000000,0.000000,3.210511,10,4
1780630927.382200,nominal,-3.284859,26.501799,0.566136,3.160200,1.393642,-3.004050,28.076965,0.000000,45.000000,-0.012914,0.002302,-0.001733,1,1.719891,0.932321,0.655903,0.540242,0.540242,1.304090,0.029009,0.540242,0.540242,0.150136,1.124944,0.892321,0.804321,inf,nan,0.000000,0.804321,0.804321,0.804321,0.376086,0.052184,0.804321,0.376086,0.052184,-0.000000,0.000000,3.210510,10,4
1780630927.491438,nominal,-3.228310,26.817831,0.564845,3.160430,1.394046,-2.947936,28.393074,0.000000,45.000000,-0.010981,0.001954,-0.001779,1,3.190836,0.679805,0.389897,0.280633,0.280633,0.841012,0.029009,0.280633,0.280633,0.150136,0.661867,0.516456,0.428456,inf,nan,0.000000,0.428456,0.428456,0.428456,0.042073,-0.094887,0.428456,0.042073,-0.094887,-0.000000,0.000000,3.210509,10,4
1780630927.588939,nominal,-3.171881,27.133883,0.563746,3.160626,1.394380,-2.891823,28.709183,0.000000,45.000000,-0.008778,0.001560,-0.001815,1,2.276507,0.674056,0.478016,0.370999,0.370999,0.963405,0.029009,0.370999,0.370999,0.150136,0.784260,0.517420,0.429420,inf,nan,0.000000,0.429420,0.429420,0.429420,0.039195,0.089898,0.429420,0.039195,0.089898,-0.000000,0.000000,3.210509,10,4
1780630927.713995,nominal,-3.115550,27.449954,0.562869,3.160782,1.394641,-2.835710,29.025292,0.000000,45.000000,-0.006653,0.001182,-0.001841,1,3.559088,0.609237,0.471726,0.364669,0.364669,1.124446,0.029009,0.364669,0.364669,0.150136,0.945301,0.569237,0.481237,inf,nan,0.000000,0.481237,0.481237,0.481237,0.162339,0.108090,0.481237,0.162339,0.108090,-0.000000,0.000000,3.210508,10,4
1780630927.783504,nominal,-3.059297,27.766038,0.562203,3.160900,1.394834,-2.779596,29.341401,0.000000,45.000000,-0.004789,0.000851,-0.001857,1,2.467506,0.621059,0.468303,0.360696,0.360696,1.272270,0.029009,0.360696,0.360696,0.150136,1.093125,0.581059,0.493059,inf,nan,0.000000,0.493059,0.493059,0.493059,0.292264,0.125279,0.493059,0.292264,0.125279,-0.000000,0.000000,3.210508,10,4
1780630927.908376,nominal,-3.003100,28.082132,0.561724,3.160985,1.394970,-2.723483,29.657510,0.000000,45.000000,-0.003263,0.000579,-0.001863,1,3.344625,0.677526,0.501447,0.395975,0.395975,1.413814,0.029009,0.395975,0.395975,0.150136,1.234669,0.680051,0.592051,inf,nan,0.000000,0.592051,0.592051,0.592051,0.405809,0.141874,0.592051,0.405809,0.141874,-0.000000,0.000000,3.210508,10,4
1780630927.989387,nominal,-2.946944,28.398234,0.561398,3.161043,1.395060,-2.667370,29.973619,0.000000,45.000000,-0.002081,0.000370,-0.001863,1,1.586464,0.927954,0.693156,0.588583,0.588583,1.192046,0.029009,0.588583,0.588583,0.150136,1.012901,0.908244,0.820244,inf,nan,0.000000,0.820244,0.820244,0.820244,0.366168,-0.022968,0.820244,0.366168,-0.022968,-0.000000,0.000000,3.210508,10,4
1780630928.107231,nominal,-2.890815,28.714340,0.561190,3.161080,1.395115,-2.611257,30.289728,0.000000,45.000000,-0.001212,0.000215,-0.001857,1,4.131275,1.212136,0.947061,0.838901,0.838901,1.054731,0.029009,0.831916,0.831916,0.150136,0.875586,1.175477,1.087477,inf,nan,0.000000,1.087477,1.087477,1.087477,0.321040,-0.029866,1.087477,0.321040,-0.029866,-0.000000,0.000000,3.210508,10,4
1780630928.188185,nominal,-2.834702,29.030449,0.561069,3.161102,1.395146,-2.555143,30.605837,0.000000,45.000000,-0.000605,0.000107,-0.001847,1,3.245900,1.502459,1.229237,1.117232,1.117232,1.043367,0.029009,0.864218,0.864218,0.150136,0.864222,1.193404,1.105404,inf,nan,0.000000,1.105404,1.105404,1.105404,0.293786,-0.010412,1.105404,0.293786,-0.010412,-0.000000,0.000000,3.210508,10,4
1780630928.311070,nominal,-2.778598,29.346560,0.561008,3.161112,1.395160,-2.499030,30.921946,0.000000,45.000000,-0.000207,0.000037,-0.001834,1,8.083226,1.546358,1.381269,1.266555,1.266555,1.050592,0.029009,0.871447,0.871447,0.150136,0.871447,1.193743,1.105743,inf,nan,0.000000,1.105743,1.105743,1.105743,0.278126,0.006578,1.105743,0.278126,0.006578,-0.000000,0.000000,3.210508,10,4
1780630928.375170,nominal,-2.722498,29.662671,0.560988,3.161116,1.395163,-2.442917,31.238055,0.000000,45.000000,0.000035,-0.000006,-0.001819,1,1.679071,1.473554,1.333771,1.208989,1.208989,1.090614,0.029009,0.911468,0.911468,0.150136,0.911469,1.197771,1.109771,inf,nan,0.000000,1.109771,1.109771,1.109771,0.268047,0.001649,1.109771,0.268047,0.001649,-0.000000,0.000000,3.210508,10,4
1780630928.491968,nominal,-2.666399,29.978783,0.560991,3.161115,1.395159,-2.386803,31.554164,0.000000,45.000000,0.000166,-0.000029,-0.001804,1,3.137776,3.428922,3.138945,3.027999,3.027999,2.938819,0.029009,2.759672,2.759672,0.150136,2.759674,3.388922,3.300922,inf,nan,0.000000,3.300922,3.300922,3.300922,1.311302,0.318014,3.300922,1.311302,0.318014,-0.000000,0.000000,3.210508,4,4
1780630928.589387,nominal,-2.610299,30.294894,0.561008,3.161112,1.395153,-2.330690,31.870273,0.000000,45.000000,0.000221,-0.000039,-0.001788,1,1.891710,3.749947,3.459966,3.348989,3.348989,3.105718,0.029009,2.926573,2.926573,0.150136,2.926573,3.709947,3.621947,inf,nan,0.000000,3.621947,3.621947,3.621947,1.407613,0.337277,3.621947,1.407613,0.337277,-0.000000,0.000000,3.210508,4,4
1780630928.695875,nominal,-2.554197,30.611005,0.561030,3.161109,1.395145,-2.274577,32.186382,0.000000,45.000000,0.000229,-0.000041,-0.001771,1,4.056537,4.070976,3.780993,3.669989,3.669989,3.272622,0.029009,3.093477,3.093477,0.150136,3.093477,4.030976,3.942976,inf,nan,0.000000,3.942976,3.942976,3.942976,1.503925,0.356539,3.942976,1.503925,0.356539,-0.000000,0.000000,3.210508,4,4
1780630928.787555,nominal,-2.498093,30.927116,0.561053,3.161104,1.395138,-2.218464,32.502491,0.000000,45.000000,0.000209,-0.000037,-0.001755,1,2.120299,4.392008,4.102022,3.990996,3.990996,3.439531,0.029009,3.260386,3.260386,0.150136,3.260386,4.352008,4.264008,inf,nan,0.000000,4.264008,4.264008,4.264008,1.600237,0.375802,4.264008,1.600237,0.375802,-0.000000,0.000000,3.210508,4,4
1780630928.906213,nominal,-2.441987,31.243226,0.561074,3.161101,1.395131,-2.162350,32.818600,0.000000,45.000000,0.000177,-0.000031,-0.001739,1,2.408849,4.713043,4.423055,4.312009,4.312009,3.606443,0.029009,3.427298,3.427298,0.150136,3.427298,4.673043,4.585043,inf,nan,0.000000,4.585043,4.585043,4.585043,1.696550,0.395064,4.585043,1.696550,0.395064,-0.000000,0.000000,3.210508,4,4
1780630928.991034,nominal,-2.385879,31.559336,0.561091,3.161098,1.395126,-2.106237,33.134709,0.000000,45.000000,0.000141,-0.000025,-0.001723,1,1.896846,5.034080,4.744090,4.633028,4.633028,3.773360,0.029009,3.594215,3.594215,0.150136,3.594215,4.994080,4.906080,inf,nan,0.000000,4.906080,4.906080,4.906080,1.792862,0.414327,4.906080,1.792862,0.414327,-0.000000,0.000000,3.210508,4,4
1780630929.115858,nominal,-2.329769,31.875445,0.561105,3.161095,1.395121,-2.050124,33.450818,0.000000,45.000000,0.000107,-0.000019,-0.001708,1,6.100022,5.355118,5.065127,4.954050,4.954050,3.940279,0.029009,3.761134,3.761134,0.150136,3.761134,5.315118,5.227118,inf,nan,0.000000,5.227118,5.227118,5.227118,1.889175,0.433589,5.227118,1.889175,0.433589,-0.000000,0.000000,3.210508,4,4
1780630929.187616,nominal,-2.273658,32.191555,0.561116,3.161093,1.395118,-1.994010,33.766927,0.000000,45.000000,0.000076,-0.000014,-0.001693,1,1.664346,5.676158,5.386166,5.275075,5.275075,4.107200,0.029009,3.928055,3.928055,0.150136,3.928055,5.636158,5.548158,inf,nan,0.000000,5.548158,5.548158,5.548158,1.985488,0.452852,5.548158,1.985488,0.452852,-0.000000,0.000000,3.210508,4,4
1780630929.300996,nominal,-2.217546,32.507664,0.561124,3.161092,1.395116,-1.937897,34.083036,0.000000,45.000000,0.000052,-0.000009,-0.001678,1,2.322919,5.997198,5.707206,5.596103,5.596103,4.274124,0.029009,4.094979,4.094979,0.150136,4.094979,5.957198,5.869198,inf,nan,0.000000,5.869198,5.869198,5.869198,2.081801,0.472115,5.869198,2.081801,0.472115,-0.000000,0.000000,3.210508,4,4
1780630929.393101,nominal,-2.161433,32.823773,0.561129,3.161091,1.395115,-1.881784,34.399145,0.000000,45.000000,0.000033,-0.000006,-0.001663,1,2.686893,0.926112,6.028247,5.917134,5.917134,4.441049,0.029009,4.261904,4.261904,0.150136,4.261904,6.278240,6.190240,inf,nan,0.000000,6.190240,6.190240,6.190240,2.178115,0.491378,6.190240,2.178115,0.491378,-0.000000,0.000000,3.210508,3,4
1780630929.503809,nominal,-2.105320,33.139882,0.561132,3.161090,1.395114,-1.825671,34.715254,0.000000,45.000000,0.000019,-0.000003,-0.001649,1,2.581874,1.174393,0.890532,0.777812,0.777812,1.763025,0.029009,0.777812,0.777812,0.150136,1.583880,1.134393,1.046393,inf,nan,0.000000,1.046393,1.046393,1.046393,0.629866,0.181847,1.046393,0.629866,0.181847,-0.000000,0.000000,3.210508,10,4
1780630929.590713,nominal,-2.049207,33.455991,0.561134,3.161090,1.395113,-1.769557,35.031363,0.000000,45.000000,0.000009,-0.000002,-0.001634,1,2.049132,1.490341,1.204107,1.092160,1.092160,1.928808,0.029009,1.092160,1.092160,0.150136,1.749663,1.450341,1.362341,inf,nan,0.000000,1.362341,1.362341,1.362341,0.726346,0.201047,1.362341,0.726346,0.201047,-0.000000,0.000000,3.210508,10,4
1780630929.701462,nominal,-1.993093,33.772100,0.561135,3.161090,1.395113,-1.713444,35.347472,0.000000,45.000000,0.000003,-0.000001,-0.001620,1,2.475275,1.807984,1.520525,1.408929,1.408929,2.094824,0.029009,1.408929,1.408929,0.150136,1.915679,1.767984,1.679984,inf,nan,0.000000,1.679984,1.679984,1.679984,0.822612,0.220259,1.679984,0.822612,0.220259,-0.000000,0.000000,3.210508,10,4
1780630929.790514,nominal,-1.936980,34.088209,0.561135,3.161090,1.395113,-1.657331,35.663581,0.000000,45.000000,-0.000001,0.000000,-0.001607,1,1.994657,2.126601,1.838429,1.727012,1.727012,2.261010,0.029009,1.727012,1.727012,0.150136,2.081865,2.086601,1.998601,inf,nan,0.000000,1.998601,1.998601,1.998601,0.918806,0.239481,1.998601,0.918806,0.239481,-0.000000,0.000000,3.210508,10,4
1780630929.900766,nominal,-1.880866,34.404318,0.561135,3.161090,1.395113,-1.601217,35.979690,0.000000,45.000000,-0.000003,0.000000,-0.001593,1,2.107591,2.445827,2.157204,2.045887,2.045887,2.427323,0.029009,2.045863,2.045863,0.150136,2.248178,2.405827,2.317827,inf,nan,0.000000,2.317827,2.317827,2.317827,1.014980,0.258708,2.317827,1.014980,0.258708,-0.000000,0.000000,3.210508,10,4
1780630929.988555,nominal,-1.824753,34.720427,0.561135,3.161090,1.395113,-1.545104,36.295799,0.000000,45.000000,-0.000004,0.000001,-0.001579,1,1.889864,2.765459,2.476534,2.365274,2.365274,2.593734,0.029009,2.360594,2.360594,0.150136,2.414589,2.725459,2.637459,inf,nan,0.000000,2.637459,2.637459,2.637459,1.111154,0.277941,2.637459,1.111154,0.277941,-0.000000,0.000000,3.210508,10,4
1780630930.099698,nominal,-1.768639,35.036536,0.561135,3.161090,1.395113,-1.488991,36.611908,0.000000,45.000000,-0.000004,0.000001,-0.001566,1,2.859264,3.085376,2.796237,2.685013,2.685013,2.760221,0.029009,2.580334,2.580334,0.150136,2.581076,3.045376,2.957376,inf,nan,0.000000,2.957376,2.957376,2.957376,1.207336,0.297178,2.957376,1.207336,0.297178,-0.000000,0.000000,3.210508,10,4
1780630930.186885,nominal,-1.712526,35.352645,0.561134,3.161090,1.395114,-1.432877,36.928017,0.000000,45.000000,-0.000003,0.000001,-0.001552,1,1.783364,3.405499,3.116206,3.005001,3.005001,2.926770,0.029009,2.747622,2.747622,0.150136,2.747625,3.365499,3.277499,inf,nan,0.000000,3.277499,3.277499,3.277499,1.303528,0.316419,3.277499,1.303528,0.316419,-0.000000,0.000000,3.210508,10,4
1780630930.303322,nominal,-1.656412,35.668754,0.561134,3.161090,1.395114,-1.376764,37.244126,0.000000,45.000000,-0.000003,0.000001,-0.001539,1,2.850629,3.725778,3.436367,3.325175,3.325175,3.093369,0.029009,2.914224,2.914224,0.150136,2.914224,3.685778,3.597778,inf,nan,0.000000,3.597778,3.597778,3.597778,1.399731,0.335662,3.597778,1.399731,0.335662,-0.000000,0.000000,3.210508,10,4
1780630930.386154,nominal,-1.600299,35.984863,0.561134,3.161090,1.395114,-1.320651,37.560235,0.000000,45.000000,-0.000002,0.000000,-0.001526,1,2.856520,4.046175,3.756675,3.645490,3.645490,3.260009,0.029009,3.080864,3.080864,0.150136,3.080864,4.006175,3.918175,inf,nan,0.000000,3.918175,3.918175,3.918175,1.495944,0.354907,3.918175,1.495944,0.354907,-0.000000,0.000000,3.210508,10,4
1780630930.502186,nominal,-1.544186,36.300972,0.561133,3.161090,1.395114,-1.264538,37.876344,0.000000,45.000000,-0.000002,0.000000,-0.001513,1,2.529718,3.540114,3.266308,3.155356,3.155356,3.004804,0.029009,2.825659,2.825659,0.150136,2.825659,3.516307,3.428307,inf,nan,0.000000,3.428307,3.428307,3.428307,1.349543,0.325664,3.428307,1.349543,0.325664,-0.000000,0.000000,3.210508,8,4
1780630930.590756,nominal,-1.488072,36.617081,0.561133,3.161090,1.395114,-1.208424,38.192453,0.000000,45.000000,-0.000001,0.000000,-0.001500,1,2.066705,3.861163,3.587358,3.476376,3.476376,3.171723,0.029009,2.992578,2.992578,0.150136,2.992578,3.837358,3.749358,inf,nan,0.000000,3.749358,3.749358,3.749358,1.445858,0.344927,3.749358,1.445858,0.344927,-0.000000,0.000000,3.210508,8,4
1780630930.700632,nominal,-1.431959,36.933190,0.561133,3.161090,1.395114,-1.152311,38.508562,0.000000,45.000000,-0.000001,0.000000,-0.001487,1,2.612247,4.182212,3.908409,3.797401,3.797401,3.338643,0.029009,3.159498,3.159498,0.150136,3.159498,4.158408,4.070408,inf,nan,0.000000,4.070408,4.070408,4.070408,1.542173,0.364190,4.070408,1.542173,0.364190,-0.000000,0.000000,3.210508,8,4
1780630930.781668,nominal,-1.375846,37.249299,0.561133,3.161090,1.395114,-1.096198,38.824671,0.000000,45.000000,-0.000001,0.000000,-0.001474,1,1.774503,4.503261,4.229459,4.118430,4.118430,3.505564,0.029009,3.326419,3.326419,0.150136,3.326419,4.479459,4.391459,inf,nan,0.000000,4.391459,4.391459,4.391459,1.638488,0.383453,4.391459,1.638488,0.383453,-0.000000,0.000000,3.210508,8,4
1780630930.890621,nominal,-1.319733,37.565408,0.561133,3.161090,1.395114,-1.040084,39.140780,0.000000,45.000000,-0.000000,0.000000,-0.001461,1,3.270831,4.824311,4.550510,4.439461,4.439461,3.672485,0.029009,3.493340,3.493340,0.150136,3.493340,4.800510,4.712510,inf,nan,0.000000,4.712510,4.712510,4.712510,1.734804,0.402716,4.712510,1.734804,0.402716,-0.000000,0.000000,3.210508,8,4
1780630930.990871,nominal,-1.263619,37.881517,0.561133,3.161090,1.395114,-0.983971,39.456889,0.000000,45.000000,-0.000000,0.000000,-0.001449,1,2.007460,5.145360,4.871560,4.760495,4.760495,3.839395,0.029009,3.660250,3.660250,0.150136,3.660250,5.121560,5.033560,inf,nan,0.000000,5.033560,5.033560,5.033560,1.831119,0.421979,5.033560,1.831119,0.421979,-0.000000,0.000000,3.210508,8,4
1780630931.121853,nominal,-1.207506,38.197626,0.561133,3.161090,1.395114,-0.927858,39.772998,0.000000,45.000000,-0.000000,0.000000,-0.001437,1,6.278216,5.466410,5.192611,5.081531,5.081531,4.006153,0.029009,3.827007,3.827007,0.150136,3.827007,5.442611,5.354611,inf,nan,0.000000,5.354611,5.354611,5.354611,1.927434,0.440253,5.354611,1.927434,0.440253,-0.000000,0.000000,3.210508,8,4
1780630931.190065,nominal,-1.151393,38.513735,0.561133,3.161090,1.395114,-0.871745,40.089107,0.000000,45.000000,0.000000,-0.000000,-0.001424,1,1.824962,5.787460,5.513662,5.402535,5.402535,4.172608,0.029009,3.993463,3.993463,0.150136,3.993463,5.763662,5.675662,inf,nan,0.000000,5.675662,5.675662,5.675662,2.023749,0.459892,5.675662,2.023749,0.459892,-0.000000,0.000000,3.210508,8,4
1780630931.302390,nominal,-1.095279,38.829844,0.561133,3.161090,1.395114,-0.815631,40.405216,0.000000,45.000000,0.000000,-0.000000,-0.001412,1,2.426901,6.108510,5.834712,5.723123,5.723123,4.339076,0.029009,4.159931,4.159931,0.150136,4.159931,6.084712,5.996712,inf,nan,0.000000,5.996712,5.996712,5.996712,2.120064,0.479002,5.996712,2.120064,0.479002,-0.000000,0.000000,3.210508,8,4
1780630931.396314,nominal,-1.039166,39.145953,0.561133,3.161090,1.395114,-0.759518,40.721325,0.000000,45.000000,0.000000,-0.000000,-0.001400,1,3.530243,0.634546,6.155763,6.043156,6.043156,4.505303,0.029009,4.326158,4.326158,0.150136,4.326158,6.405763,6.317763,inf,nan,0.000000,6.317763,6.317763,6.317763,2.215598,0.498124,6.317763,2.215598,0.498124,-0.000000,0.000000,3.210508,7,4
1780630931.506155,nominal,-0.983053,39.462062,0.561133,3.161090,1.395114,-0.703405,41.037434,0.000000,45.000000,0.000000,-0.000000,-0.001388,1,2.970212,0.536213,0.280623,0.176451,0.176451,1.087708,0.029009,0.176451,0.176451,0.150136,0.908563,0.496213,0.408213,inf,nan,0.000000,0.408213,0.408213,0.408213,0.142233,0.038175,0.408213,0.142233,0.038175,-0.000000,0.000000,3.210508,10,4
1780630931.589576,nominal,-0.926940,39.778171,0.561133,3.161090,1.395114,-0.647291,41.353543,0.000000,45.000000,0.000000,-0.000000,-0.001376,1,2.438077,0.585792,0.376084,0.265007,0.265007,1.156924,0.029009,0.265007,0.265007,0.150136,0.977779,0.545792,0.457792,inf,nan,0.000000,0.457792,0.457792,0.457792,0.268402,0.027585,0.457792,0.268402,0.027585,-0.000000,0.000000,3.210508,10,4
1780630931.695005,nominal,-0.870826,40.094280,0.561133,3.161090,1.395114,-0.591178,41.669652,0.000000,45.000000,0.000000,-0.000000,-0.001364,1,2.745642,0.565932,0.290730,0.176617,0.176617,1.249476,0.029009,0.176617,0.176617,0.150136,1.070331,0.525932,0.437932,inf,nan,0.000000,0.437932,0.437932,0.437932,0.433568,0.042313,0.437932,0.433568,0.042313,-0.000000,0.000000,3.210508,10,4
1780630931.772674,nominal,-0.814713,40.410389,0.561133,3.161090,1.395114,-0.535065,41.985762,0.000000,45.000000,0.000000,-0.000000,-0.001353,1,1.784788,0.780911,0.553835,0.440074,0.440074,1.360793,0.029009,0.440074,0.440074,0.150136,1.181648,0.792148,0.704148,inf,nan,0.000000,0.704148,0.704148,0.704148,0.475778,0.051500,0.704148,0.475778,0.051500,-0.000000,0.000000,3.210508,10,4
1780630931.875650,nominal,-0.758600,40.726499,0.561133,3.161090,1.395114,-0.478952,42.301871,0.000000,45.000000,0.000000,-0.000000,-0.001341,1,1.731599,1.091760,0.844613,0.732626,0.732626,1.098755,0.029009,0.732585,0.732585,0.150136,0.919610,1.078028,0.990028,inf,nan,0.000000,0.990028,0.990028,0.990028,0.250465,-0.042156,0.990028,0.250465,-0.042156,-0.000000,0.000000,3.210508,10,4
1780630931.974824,nominal,-0.702486,41.042608,0.561133,3.161090,1.395114,-0.422838,42.617980,0.000000,45.000000,0.000000,-0.000000,-0.001329,1,2.763240,1.186796,1.022371,0.906959,0.906959,0.620000,0.029009,0.440855,0.440855,0.150136,0.440855,0.110955,0.022955,inf,nan,0.000000,0.022955,0.022955,0.022955,-0.037140,-0.170712,0.022955,-0.037140,-0.170712,-0.000000,0.000000,3.210508,10,4
1780630932.105867,nominal,-0.646373,41.358717,0.561133,3.161090,1.395114,-0.366725,42.934089,0.000000,45.000000,0.000000,-0.000000,-0.001318,1,3.577432,1.118314,0.986118,0.871552,0.871552,0.620000,0.029009,0.440855,0.440855,0.150136,0.440855,-0.051564,-0.139564,inf,nan,0.000000,-0.139564,-0.139564,-0.139564,-0.114389,-0.198001,-0.139564,-0.114389,-0.198001,-0.000000,0.000000,3.210508,10,4
1780630932.189243,nominal,-0.590260,41.674826,0.561133,3.161090,1.395114,-0.310612,43.250198,0.000000,45.000000,0.000000,-0.000000,-0.001307,1,2.457171,1.037420,0.754516,0.641487,0.641487,0.620000,0.029009,0.440830,0.440830,0.150136,0.440855,-0.027927,-0.115927,inf,nan,0.000000,-0.115927,-0.115927,-0.115927,-0.154947,-0.076816,-0.115927,-0.154947,-0.076816,-0.000000,0.000000,3.210508,10,4
1780630932.305170,nominal,-0.534147,41.990935,0.561133,3.161090,1.395114,-0.254498,43.566307,0.000000,45.000000,0.000000,-0.000000,-0.001296,1,4.231729,0.726245,0.451038,0.335106,0.335106,0.642507,0.029009,0.334787,0.334787,0.150136,0.463362,-0.051214,-0.139214,inf,nan,0.000000,-0.139214,-0.139214,-0.139214,-0.180048,-0.059371,-0.139214,-0.180048,-0.059371,-0.000000,0.000000,3.210508,10,4
1780630932.388261,nominal,-0.478033,42.307044,0.561133,3.161090,1.395114,-0.198385,43.882416,0.000000,45.000000,0.000000,-0.000000,-0.001284,1,3.434148,0.659548,0.446124,0.339977,0.339977,0.620000,0.029009,0.339152,0.339152,0.150136,0.440855,0.190129,0.102129,inf,nan,0.000000,0.102129,0.102129,0.102129,-0.031652,-0.192608,0.102129,-0.031652,-0.192608,-0.000000,0.000000,3.210508,10,4
1780630932.506021,nominal,-0.421920,42.623153,0.561133,3.161090,1.395114,-0.142272,44.198525,0.000000,45.000000,0.000000,-0.000000,-0.001273,1,2.698887,2.736669,2.447371,2.336260,2.336260,2.579021,0.029009,2.333333,2.333333,0.150136,2.399876,2.696669,2.608669,inf,nan,0.000000,2.608669,2.608669,2.608669,1.102912,0.276309,2.608669,1.102912,0.276309,-0.000000,0.000000,3.210508,10,4
1780630932.590462,nominal,-0.365807,42.939262,0.561133,3.161090,1.395114,-0.086159,44.514634,0.000000,45.000000,-0.000000,0.000000,-0.001263,1,1.879440,3.056980,2.767542,2.656436,2.656436,2.745637,0.029009,2.565291,2.565291,0.150136,2.566492,3.016980,2.928980,inf,nan,0.000000,2.928980,2.928980,2.928980,1.199141,0.295555,2.928980,1.199141,0.295555,-0.000000,0.000000,3.210508,10,4
1780630932.708257,nominal,-0.309693,43.255371,0.561133,3.161090,1.395114,-0.030045,44.830743,0.000000,45.000000,-0.000000,0.000000,-0.001252,1,2.311148,3.377427,3.087886,2.976779,2.976779,2.912298,0.029009,2.733147,2.733147,0.150136,2.733153,3.337427,3.249427,inf,nan,0.000000,3.249427,3.249427,3.249427,1.295377,0.314803,3.249427,1.295377,0.314803,-0.000000,0.000000,3.210508,10,4
1780630932.790668,nominal,-0.253580,43.571480,0.561133,3.161090,1.395114,0.000000,45.000000,0.000000,45.000000,-0.232190,-1.308019,-0.001241,1,1.921526,3.697975,3.408358,3.297248,3.297248,3.001549,0.026051,2.825362,2.825362,0.150136,2.825362,3.657975,3.569975,inf,nan,0.000000,3.569975,3.569975,3.569975,1.384985,0.320764,3.569975,1.384985,0.320764,-0.000000,0.000000,3.210508,10,4
1780630932.907803,nominal,-0.198628,43.881049,0.537914,3.030288,1.395114,0.000000,45.000000,0.000000,45.000000,-0.636072,-3.583250,-0.001230,1,2.065027,4.011968,3.722293,3.611177,3.611177,3.001549,0.019761,2.838390,2.838390,0.143398,2.838390,3.971968,3.883968,inf,nan,0.000000,3.883968,3.883968,3.883968,1.454429,0.312647,3.883968,1.454429,0.312647,-0.000000,0.000000,3.077661,10,4
1780630932.990758,nominal,-0.148017,44.166161,0.474307,2.671963,1.395114,0.000000,45.000000,0.000000,45.000000,-0.834933,-4.703515,-0.001220,1,1.824546,4.301207,4.011490,3.900368,3.900368,3.001549,0.013499,2.862659,2.862659,0.125392,2.862659,4.261207,4.173207,inf,nan,0.000000,4.173207,4.173207,4.173207,1.499200,0.306965,4.173207,1.499200,0.306965,-0.000000,0.000000,2.713734,10,4
1780630933.101167,nominal,-0.104761,44.409840,0.390813,2.201612,1.395114,0.000000,45.000000,0.000000,45.000000,-0.864570,-4.870470,-0.001209,1,2.528719,4.548445,4.258698,4.147571,4.147571,3.001549,0.008335,2.890454,2.890454,0.102761,2.890454,4.508445,4.420445,inf,nan,0.000000,4.420445,4.420445,4.420445,1.524821,0.303219,4.420445,1.524821,0.303219,-0.000000,0.000000,2.236030,10,4
1780630933.190369,nominal,-0.070002,44.605649,0.304356,1.714565,1.395114,0.000000,45.000000,0.000000,45.000000,-0.792619,-4.465145,-0.001198,1,1.490601,4.747133,4.457364,4.346234,4.346234,3.001549,0.004682,2.916339,2.916339,0.080529,2.916339,4.707133,4.619133,inf,nan,0.000000,4.619133,4.619133,4.619133,1.518577,0.300931,4.619133,1.518577,0.300931,-0.000000,0.000000,1.741369,10,4
1780630933.306907,nominal,-0.043530,44.754780,0.225095,1.268050,1.395114,0.000000,45.000000,0.000000,45.000000,-0.671153,-3.780881,-0.001188,1,1.882176,4.898465,4.608683,4.497550,4.497550,3.001549,0.002394,2.937934,2.937934,0.061222,2.937934,4.858465,4.770465,inf,nan,0.000000,4.770465,4.770465,4.770465,1.511746,0.299687,4.770465,1.511746,0.299687,-0.000000,0.000000,1.287874,10,4
1780630933.395581,nominal,-0.024376,44.862680,0.157979,0.889962,1.395114,0.000000,45.000000,0.000000,45.000000,-0.534687,-3.012113,-0.001177,1,2.135304,1.023354,4.718172,4.607037,4.607037,3.001549,0.001107,2.954764,2.954764,0.045678,2.954764,4.967964,4.879964,inf,nan,0.000000,4.879964,4.879964,4.879964,1.507348,0.299150,4.879964,1.507348,0.299150,-0.000000,0.000000,0.903875,10,4
1780630933.503179,nominal,-0.011251,44.936616,0.104510,0.588751,1.395114,0.000000,45.000000,0.000000,45.000000,-0.403966,-2.275706,-0.001167,1,2.113962,0.993182,0.837798,0.726753,0.726753,0.929858,0.000456,0.726675,0.726675,0.033822,0.895580,0.931693,0.843693,inf,nan,0.000000,0.843693,0.843693,0.843693,0.247706,0.051332,0.843693,0.247706,0.051332,-0.000000,0.000000,0.597955,10,4
1780630933.587726,nominal,-0.002820,44.984112,0.064114,0.361180,1.395114,0.000000,45.000000,0.000000,45.000000,-0.289900,-1.633128,-0.001157,1,1.499241,0.981333,0.831402,0.721294,0.721294,0.929858,0.000163,0.721247,0.721247,0.025175,0.904520,0.931583,0.843583,inf,nan,0.000000,0.843583,0.843583,0.843583,0.249969,0.051290,0.843583,0.249969,0.051290,-0.000000,0.000000,0.366827,10,4
1780630933.705858,nominal,0.002142,45.012065,0.035124,0.197867,1.395114,0.000000,45.000000,0.000000,45.000000,-0.196821,-1.108773,-0.001147,1,1.907162,0.975302,0.828730,0.718856,0.718856,0.929858,0.000049,0.718822,0.718822,0.019135,0.910674,0.931539,0.843539,inf,nan,0.000000,0.843539,0.843539,0.843539,0.251391,0.051254,0.843539,0.251391,0.051254,-0.000000,0.000000,0.200961,10,4
1780630933.790303,nominal,0.004670,45.026308,0.015442,0.086990,1.040867,0.000000,45.000000,0.000000,45.000000,-0.124963,-0.703968,0.037438,1,1.571977,0.972462,0.830660,0.720589,0.720589,0.920937,0.000014,0.720545,0.720545,0.015112,0.905811,0.931530,0.843530,inf,nan,0.000000,0.843530,0.843530,0.843530,0.252379,0.051232,0.843530,0.252379,0.051232,-0.000000,0.000000,0.088350,10,4
1780630933.904243,nominal,0.005589,45.031487,0.002946,0.016593,0.688247,0.000000,45.000000,0.000000,45.000000,-0.072270,-0.407126,0.085243,1,2.103863,0.971272,0.773385,0.665151,0.665151,0.892041,0.000007,0.665135,0.665135,0.012591,0.879443,0.931530,0.843530,inf,nan,0.000000,0.843530,0.843530,0.843530,0.253129,0.051199,0.843530,0.253129,0.051199,-0.000000,0.000000,0.016853,10,4
1780630933.988935,nominal,0.005522,45.031110,-0.004281,-0.024119,0.337486,0.000000,45.000000,0.000000,45.000000,-0.035626,-0.200699,0.134847,1,1.429497,0.971358,0.719704,0.615355,0.615355,0.867479,0.000007,0.615348,0.615348,0.012859,0.854613,0.931600,0.843600,inf,nan,0.000000,0.843600,0.843600,0.843600,0.253719,0.051142,0.843600,0.253719,0.051142,-0.000000,0.000000,0.024496,10,4
1780630934.101540,nominal,0.004916,45.027695,-0.007844,-0.044189,-0.012583,0.000000,45.000000,0.000000,45.000000,-0.011652,-0.065643,0.184508,1,2.489599,0.972141,0.697439,0.583575,0.583575,0.852814,0.000008,0.583571,0.583571,0.013576,0.839231,0.932240,0.844240,inf,nan,0.000000,0.844240,0.844240,0.844240,0.254178,0.051094,0.844240,0.254178,0.051094,-0.000000,0.000000,0.044880,10,4
1780630934.190451,nominal,0.004074,45.022948,-0.009009,-0.050753,-0.362575,0.000000,45.000000,0.000000,45.000000,0.002831,0.015950,0.233861,1,1.726874,0.973146,0.683149,0.573242,0.573242,0.849725,0.000007,0.573239,0.573239,0.013811,0.835907,0.933146,0.845146,inf,nan,0.000000,0.845146,0.845146,0.845146,0.254520,0.051056,0.845146,0.254520,0.051056,-0.000000,0.000000,0.051547,10,4
1780630934.305128,nominal,0.003187,45.017952,-0.008726,-0.049158,-0.712574,0.000000,45.000000,0.000000,45.000000,0.010564,0.059510,0.282831,1,4.328921,0.974122,0.699191,0.584883,0.584883,0.858408,0.000005,0.584879,0.584879,0.013754,0.844649,0.934122,0.846122,inf,nan,0.000000,0.846122,0.846122,0.846122,0.254759,0.051028,0.846122,0.254759,0.051028,-0.000000,0.000000,0.049927,10,4
1780630934.394512,nominal,0.002367,45.013334,-0.007670,-0.043207,-1.062555,0.000000,45.000000,0.000000,45.000000,0.013759,0.077510,0.331417,1,2.133921,0.620005,0.721980,0.617542,0.617542,0.877999,0.000004,0.617537,0.617537,0.013541,0.864455,0.935045,0.847045,inf,nan,0.000000,0.847045,0.847045,0.847045,0.254915,0.051009,0.847045,0.254915,0.051009,-0.000000,0.000000,0.043883,10,4
1780630934.515694,nominal,0.001669,45.009401,-0.006294,-0.035456,-1.412535,0.000000,45.000000,0.000000,45.000000,0.014111,0.079492,0.379968,1,7.170680,0.504371,0.221374,0.109567,0.109567,0.620000,0.000002,0.109567,0.109567,0.013264,0.606734,0.454199,0.366199,inf,nan,0.000000,0.366199,0.366199,0.366199,0.109518,0.021766,0.366199,0.109518,0.021766,-0.000000,0.000000,0.036011,5,4
1780630934.575447,nominal,0.001110,45.006253,-0.004883,-0.027507,-1.596194,0.000000,45.000000,0.000000,45.000000,0.012851,0.072396,0.639810,1,5.159427,0.502893,0.213222,0.104731,0.104731,0.620000,0.000001,0.104731,0.104731,0.012980,0.607019,0.456010,0.368010,inf,nan,0.000000,0.368010,0.368010,0.368010,0.110008,0.021963,0.368010,0.110008,0.021963,-0.000000,0.000000,0.027937,5,4
1780630934.702588,nominal,0.000686,45.003864,-0.003598,-0.020268,-1.678847,0.000000,45.000000,0.000000,45.000000,0.010829,0.061002,0.796170,1,9.901447,0.503001,0.213280,0.104812,0.104812,0.620000,0.000001,0.104812,0.104812,0.012722,0.607278,0.458611,0.370611,inf,nan,0.000000,0.370611,0.370611,0.370611,0.110761,0.022185,0.370611,0.110761,0.022185,-0.000000,0.000000,0.020584,5,4
1780630934.786267,nominal,0.000380,45.002142,-0.002515,-0.014167,-1.716043,0.000000,45.000000,0.000000,45.000000,0.008592,0.048401,0.727623,1,8.976815,0.508084,0.218222,0.109788,0.109788,0.620000,0.000000,0.109788,0.109788,0.012504,0.607496,0.465412,0.377412,inf,nan,0.000000,0.377412,0.377412,0.377412,0.112832,0.022641,0.377412,0.112832,0.022641,-0.000000,0.000000,0.014389,5,4
1780630934.903119,nominal,0.000172,45.000967,-0.001656,-0.009327,-1.732782,0.000000,45.000000,0.000000,45.000000,0.006467,0.036431,0.568296,1,10.344792,0.506891,0.216908,0.108541,0.108541,0.620000,0.000000,0.108541,0.108541,0.012332,0.607668,0.465397,0.377397,inf,nan,0.000000,0.377397,0.377397,0.377397,0.112905,0.022671,0.377397,0.112905,0.022671,-0.000000,0.000000,0.009473,5,4
1780630934.984674,nominal,0.000039,45.000217,-0.001009,-0.005684,-1.740315,0.000000,45.000000,0.000000,45.000000,0.004623,0.026043,0.458020,1,5.933912,0.506129,0.216129,0.107776,0.107776,0.620000,0.000000,0.107776,0.107776,0.012202,0.607798,0.465388,0.377388,inf,nan,0.000000,0.377388,0.377388,0.377388,0.112994,0.022688,0.377388,0.112994,0.022688,-0.000000,0.000000,0.005773,5,4
1780630935.097455,nominal,-0.000039,44.999779,-0.000547,-0.003080,-1.743705,0.000000,45.000000,0.000000,45.000000,0.003125,0.017603,0.425549,1,4.846550,0.505684,0.215685,0.107335,0.107335,0.620000,0.000000,0.107335,0.107335,0.012110,0.607890,0.465384,0.377384,inf,nan,0.000000,0.377384,0.377384,0.377384,0.113082,0.022696,0.377384,0.113082,0.022696,-0.000000,0.000000,0.003128,5,4
1780630935.184134,nominal,-0.000078,44.999559,-0.000234,-0.001320,-1.393704,0.000000,45.000000,0.000000,45.000000,0.001973,0.011113,0.375429,1,5.864153,0.505460,0.230728,0.119642,0.119642,0.620000,0.000000,0.119642,0.119642,0.012047,0.607953,0.465383,0.377383,inf,nan,0.000000,0.377383,0.377383,0.377383,0.113161,0.022696,0.377383,0.113161,0.022696,-0.000000,0.000000,0.001340,5,4
1780630935.290693,nominal,-0.000092,44.999482,-0.000037,-0.000208,-1.043703,0.000000,45.000000,0.000000,45.000000,0.001131,0.006372,0.322330,1,2.352659,0.505383,0.259153,0.151577,0.151577,0.620000,0.000000,0.151577,0.151577,0.012007,0.607993,0.465383,0.377383,inf,nan,0.000000,0.377383,0.377383,0.377383,0.113226,0.022690,0.377383,0.113226,0.022690,-0.000000,0.000000,0.000211,5,4
1780630935.373735,nominal,-0.000090,44.999493,0.000076,0.000429,-0.693703,0.000000,45.000000,0.000000,45.000000,0.000548,0.003088,0.268859,1,1.430046,0.505394,0.291041,0.168742,0.168742,0.620000,0.000000,0.168742,0.168742,0.012015,0.607985,0.465394,0.377394,inf,nan,0.000000,0.377394,0.377394,0.377394,0.113277,0.022686,0.377394,0.113277,0.022686,-0.000000,0.000000,0.000436,5,4
1780630935.491645,nominal,-0.000080,44.999552,0.000131,0.000738,-0.343703,0.000000,45.000000,0.000000,45.000000,0.000169,0.000950,0.215647,1,6.922622,inf,inf,inf,inf,inf,0.000000,inf,inf,0.012026,inf,inf,inf,inf,nan,0.000000,inf,inf,inf,inf,inf,inf,inf,inf,-0.000000,0.000000,0.000749,0,4
1780630935.569553,nominal,-0.000066,44.999630,0.000148,0.000833,0.006297,0.000000,45.000000,0.000000,45.000000,-0.000059,-0.000332,0.162845,1,1.915896,inf,inf,inf,inf,inf,0.000000,inf,inf,0.012030,inf,inf,inf,inf,nan,0.000000,inf,inf,inf,inf,inf,inf,inf,inf,-0.000000,0.000000,0.000846,0,4
1780630935.691009,nominal,-0.000051,44.999712,0.000142,0.000800,0.356297,0.000000,45.000000,0.000000,45.000000,-0.000179,-0.001008,0.110486,1,7.276521,inf,inf,inf,inf,inf,0.000000,inf,inf,0.012028,inf,inf,inf,inf,nan,0.000000,inf,inf,inf,inf,inf,inf,inf,inf,-0.000000,0.000000,0.000812,0,4
1780630935.778573,nominal,-0.000038,44.999787,0.000124,0.000699,0.706297,0.000000,45.000000,0.000000,45.000000,-0.000227,-0.001279,0.058575,1,6.870766,inf,inf,inf,inf,inf,0.000000,inf,inf,0.012025,inf,inf,inf,inf,nan,0.000000,inf,inf,inf,inf,inf,inf,inf,inf,-0.000000,0.000000,0.000710,0,4
1780630935.883484,nominal,-0.000027,44.999850,0.000101,0.000571,1.056297,0.000000,45.000000,0.000000,45.000000,-0.000230,-0.001297,0.007108,1,6.824135,inf,inf,inf,inf,inf,0.000000,inf,inf,0.012020,inf,inf,inf,inf,nan,0.000000,inf,inf,inf,inf,inf,inf,inf,inf,-0.000000,0.000000,0.000580,0,4
1780630935.979203,nominal,-0.000018,44.999901,0.000078,0.000441,1.242646,0.000000,45.000000,0.000000,45.000000,-0.000208,-0.001173,-0.026097,1,6.720146,inf,inf,inf,inf,inf,0.000000,inf,inf,0.012016,inf,inf,inf,inf,nan,0.000000,inf,inf,inf,inf,inf,inf,inf,inf,-0.000000,0.000000,0.000448,0,4
1780630936.090537,nominal,-0.000011,44.999939,0.000057,0.000324,1.326504,0.000000,45.000000,0.000000,45.000000,-0.000175,-0.000984,-0.043363,1,6.874823,inf,inf,inf,inf,inf,0.000000,inf,inf,0.012012,inf,inf,inf,inf,nan,0.000000,inf,inf,inf,inf,inf,inf,inf,inf,-0.000000,0.000000,0.000329,0,4
1780630936.172568,nominal,-0.000006,44.999967,0.000040,0.000225,1.364239,0.000000,45.000000,0.000000,45.000000,-0.000138,-0.000778,-0.051511,1,3.028693,inf,inf,inf,inf,inf,0.000000,inf,inf,0.012008,inf,inf,inf,inf,nan,0.000000,inf,inf,inf,inf,inf,inf,inf,inf,-0.000000,0.000000,0.000229,0,4
1780630936.286498,nominal,-0.000003,44.999985,0.000026,0.000148,1.381221,0.000000,45.000000,0.000000,45.000000,-0.000103,-0.000583,-0.055067,1,6.900445,inf,inf,inf,inf,inf,0.000000,inf,inf,0.012005,inf,inf,inf,inf,nan,0.000000,inf,inf,inf,inf,inf,inf,inf,inf,-0.000000,0.000000,0.000150,0,4
1780630936.372999,nominal,-0.000001,44.999997,0.000016,0.000089,1.388862,0.000000,45.000000,0.000000,45.000000,-0.000074,-0.000415,-0.056436,1,3.263848,inf,inf,inf,inf,inf,0.000000,inf,inf,0.012003,inf,inf,inf,inf,nan,0.000000,inf,inf,inf,inf,inf,inf,inf,inf,-0.000000,0.000000,0.000091,0,4
1780630936.487355,nominal,0.000001,45.000004,0.000008,0.000048,1.392300,0.000000,45.000000,0.000000,45.000000,-0.000050,-0.000279,-0.056790,1,6.959843,inf,inf,inf,inf,inf,0.000000,inf,inf,0.012002,inf,inf,inf,inf,nan,0.000000,inf,inf,inf,inf,inf,inf,inf,inf,-0.000000,0.000000,0.000049,0,4
1780630936.577536,nominal,0.000001,45.000007,0.000004,0.000020,1.042300,0.000000,45.000000,0.000000,45.000000,-0.000031,-0.000175,-0.018402,1,4.842876,inf,inf,inf,inf,inf,0.000000,inf,inf,0.012001,inf,inf,inf,inf,nan,0.000000,inf,inf,inf,inf,inf,inf,inf,inf,-0.000000,0.000000,0.000020,0,4
1780630936.686791,nominal,0.000002,45.000009,0.000000,0.000002,0.692300,0.000000,45.000000,0.000000,45.000000,-0.000018,-0.000100,0.029426,1,7.172254,inf,inf,inf,inf,inf,0.000000,inf,inf,0.012000,inf,inf,inf,inf,nan,0.000000,inf,inf,inf,inf,inf,inf,inf,inf,-0.000000,0.000000,0.000002,0,4
1780630936.772607,nominal,0.000001,45.000008,-0.000001,-0.000008,0.342300,0.000000,45.000000,0.000000,45.000000,-0.000008,-0.000047,0.079308,1,4.331036,inf,inf,inf,inf,inf,0.000000,inf,inf,0.012000,inf,inf,inf,inf,nan,0.000000,inf,inf,inf,inf,inf,inf,inf,inf,-0.000000,0.000000,0.000008,0,4
1780630936.891248,nominal,0.000001,45.000007,-0.000002,-0.000012,-0.007700,0.000000,45.000000,0.000000,45.000000,-0.000002,-0.000014,0.129385,1,7.075859,inf,inf,inf,inf,inf,0.000000,inf,inf,0.012000,inf,inf,inf,inf,nan,0.000000,inf,inf,inf,inf,inf,inf,inf,inf,-0.000000,0.000000,0.000012,0,4
1780630936.979330,nominal,0.000001,45.000006,-0.000002,-0.000014,-0.357700,0.000000,45.000000,0.000000,45.000000,0.000001,0.000007,0.179192,1,6.670327,inf,inf,inf,inf,inf,0.000000,inf,inf,0.012000,inf,inf,inf,inf,nan,0.000000,inf,inf,inf,inf,inf,inf,inf,inf,-0.000000,0.000000,0.000014,0,4
1780630937.086094,nominal,0.000001,45.000005,-0.000002,-0.000013,-0.707700,0.000000,45.000000,0.000000,45.000000,0.000003,0.000017,0.228615,1,6.181551,inf,inf,inf,inf,inf,0.000000,inf,inf,0.012000,inf,inf,inf,inf,nan,0.000000,inf,inf,inf,inf,inf,inf,inf,inf,-0.000000,0.000000,0.000013,0,4
1780630937.179682,nominal,0.000001,45.000003,-0.000002,-0.000011,-1.057700,0.000000,45.000000,0.000000,45.000000,0.000004,0.000021,0.277632,1,6.923922,inf,inf,inf,inf,inf,0.000000,inf,inf,0.012000,inf,inf,inf,inf,nan,0.000000,inf,inf,inf,inf,inf,inf,inf,inf,-0.000000,0.000000,0.000011,0,4
1780630937.291114,nominal,0.000000,45.000002,-0.000002,-0.000009,-1.407700,0.000000,45.000000,0.000000,45.000000,0.000004,0.000021,0.326250,1,6.672574,inf,inf,inf,inf,inf,0.000000,inf,inf,0.012000,inf,inf,inf,inf,nan,0.000000,inf,inf,inf,inf,inf,inf,inf,inf,-0.000000,0.000000,0.000009,0,4
1780630937.378520,nominal,0.000000,45.000002,-0.000001,-0.000007,-1.594028,0.000000,45.000000,0.000000,45.000000,0.000003,0.000019,0.356636,1,6.677789,inf,inf,inf,inf,inf,0.000000,inf,inf,0.012000,inf,inf,inf,inf,nan,0.000000,inf,inf,inf,inf,inf,inf,inf,inf,-0.000000,0.000000,0.000007,0,4
1780630937.487283,nominal,0.000000,45.000001,-0.000001,-0.000005,-1.677876,0.000000,45.000000,0.000000,45.000000,0.000003,0.000016,0.371095,1,6.198865,0.511611,0.349851,0.241437,0.241437,0.655280,0.000000,0.241437,0.241437,0.012000,0.643280,0.471611,0.383611,inf,nan,0.000000,0.383611,0.383611,0.383611,0.115083,0.023017,0.383611,0.115083,0.023017,-0.000000,0.000000,0.000005,1,4
1780630937.578802,nominal,0.000000,45.000001,-0.000001,-0.000004,-1.715607,0.000000,45.000000,0.000000,45.000000,0.000002,0.000012,0.376444,1,6.509865,0.511611,0.354567,0.247486,0.247486,0.658511,0.000000,0.247486,0.247486,0.012000,0.646511,0.471611,0.383611,inf,nan,0.000000,0.383611,0.383611,0.383611,0.115083,0.023017,0.383611,0.115083,0.023017,-0.000000,0.000000,0.000004,1,4
1780630937.673547,nominal,0.000000,45.000000,-0.000000,-0.000002,-1.732586,0.000000,45.000000,0.000000,45.000000,0.000002,0.000009,0.377214,1,2.070407,0.511611,0.356748,0.250168,0.250168,0.659965,0.000000,0.250168,0.250168,0.012000,0.647965,0.471611,0.383611,inf,nan,0.000000,0.383611,0.383611,0.383611,0.115083,0.023017,0.383611,0.115083,0.023017,-0.000000,0.000000,0.000002,1,4
1780630937.767835,nominal,0.000000,45.000000,-0.000000,-0.000001,-1.740227,0.000000,45.000000,0.000000,45.000000,0.000001,0.000007,0.375815,1,1.440179,0.511611,0.357741,0.251364,0.251364,0.660619,0.000000,0.251364,0.251364,0.012000,0.648619,0.471611,0.383611,inf,nan,0.000000,0.383611,0.383611,0.383611,0.115083,0.023017,0.383611,0.115083,0.023017,-0.000000,0.000000,0.000001,1,4
1780630937.892844,nominal,-0.000000,45.000000,-0.000000,-0.000001,-1.743666,0.000000,45.000000,0.000000,45.000000,0.000001,0.000004,0.373424,1,9.020463,0.511611,0.358190,0.251900,0.251900,0.660914,0.000000,0.251900,0.251900,0.012000,0.648913,0.471611,0.383611,inf,nan,0.000000,0.383611,0.383611,0.383611,0.115083,0.023017,0.383611,0.115083,0.023017,-0.000000,0.000000,0.000001,1,4
1780630937.970978,nominal,-0.000000,45.000000,-0.000000,-0.000000,-1.393666,0.000000,45.000000,0.000000,45.000000,0.000000,0.000003,0.332264,1,1.335287,0.511611,0.302145,0.195267,0.195267,0.631597,0.000000,0.195267,0.195267,0.012000,0.619597,0.471611,0.383611,inf,nan,0.000000,0.383611,0.383611,0.383611,0.115083,0.023017,0.383611,0.115083,0.023017,-0.000000,0.000000,0.000000,1,4
1780630938.092273,nominal,-0.000000,45.000000,-0.000000,-0.000000,-1.043666,0.000000,45.000000,0.000000,45.000000,0.000000,0.000002,0.281712,1,6.859556,0.511611,0.250279,0.146473,0.146473,0.620000,0.000000,0.146473,0.146473,0.012000,0.608000,0.471611,0.383611,inf,nan,0.000000,0.383611,0.383611,0.383611,0.115083,0.023017,0.383611,0.115083,0.023017,-0.000000,0.000000,0.000000,1,4
1780630938.172377,nominal,-0.000000,45.000000,0.000000,0.000000,-0.693666,0.000000,45.000000,0.000000,45.000000,0.000000,0.000001,0.229146,1,2.670042,0.511611,0.231724,0.118358,0.118358,0.620000,0.000000,0.118358,0.118358,0.012000,0.608000,0.471611,0.383611,inf,nan,0.000000,0.383611,0.383611,0.383611,0.115083,0.023017,0.383611,0.115083,0.023017,-0.000000,0.000000,0.000000,1,4
1780630938.293386,nominal,-0.000000,45.000000,0.000000,0.000000,-0.343666,0.000000,45.000000,0.000000,45.000000,0.000000,0.000000,0.176419,1,7.118707,0.511611,0.225023,0.114949,0.114949,0.620000,0.000000,0.114949,0.114949,0.012000,0.608000,0.471611,0.383611,inf,nan,0.000000,0.383611,0.383611,0.383611,0.115083,0.023017,0.383611,0.115083,0.023017,-0.000000,0.000000,0.000000,1,4
1780630938.373417,nominal,-0.000000,45.000000,0.000000,0.000000,0.006334,0.000000,45.000000,0.000000,45.000000,-0.000000,-0.000000,0.123991,1,3.622584,0.511611,0.242491,0.136610,0.136610,0.624075,0.000000,0.136610,0.136610,0.012000,0.612075,0.471611,0.383611,inf,nan,0.000000,0.383611,0.383611,0.383611,0.115083,0.023017,0.383611,0.115083,0.023017,-0.000000,0.000000,0.000000,1,4
1780630938.489714,nominal,-0.000000,45.000000,0.000000,0.000000,0.356334,0.000000,45.000000,0.000000,45.000000,-0.000000,-0.000000,0.071976,1,7.911919,0.539374,0.311779,0.207391,0.207391,0.664265,0.000000,0.207391,0.207391,0.012000,0.652265,0.499374,0.411374,inf,nan,0.000000,0.411374,0.411374,0.411374,0.123412,0.024682,0.411374,0.123412,0.024682,-0.000000,0.000000,0.000000,1,4
1780630938.580145,nominal,-0.000000,45.000000,0.000000,0.000000,0.706334,0.000000,45.000000,0.000000,45.000000,-0.000000,-0.000000,0.020398,1,7.108731,0.539374,0.373559,0.263282,0.263282,0.693276,0.000000,0.263282,0.263282,0.012000,0.681276,0.499374,0.411374,inf,nan,0.000000,0.411374,0.411374,0.411374,0.123412,0.024682,0.411374,0.123412,0.024682,-0.000000,0.000000,0.000000,1,4
1780630938.683231,nominal,-0.000000,45.000000,0.000000,0.000000,1.056334,0.000000,45.000000,0.000000,45.000000,-0.000000,-0.000000,-0.030741,1,2.917414,0.539374,0.421682,0.307583,0.307583,0.700871,0.000000,0.307583,0.307583,0.012000,0.688871,0.499374,0.411374,inf,nan,0.000000,0.411374,0.411374,0.411374,0.123412,0.024682,0.411374,0.123412,0.024682,-0.000000,0.000000,0.000000,1,4
1780630938.776283,nominal,-0.000000,45.000000,0.000000,0.000000,1.242663,0.000000,45.000000,0.000000,45.000000,-0.000000,-0.000000,-0.063620,1,5.886198,0.539374,0.407065,0.300115,0.300115,0.688107,0.000000,0.300115,0.300115,0.012000,0.676107,0.499374,0.411374,inf,nan,0.000000,0.411374,0.411374,0.411374,0.123412,0.024682,0.411374,0.123412,0.024682,-0.000000,0.000000,0.000000,1,4
1780630938.877321,nominal,-0.000000,45.000000,0.000000,0.000000,1.326511,0.000000,45.000000,0.000000,45.000000,-0.000000,-0.000000,-0.080562,1,2.738221,0.539374,0.395155,0.289482,0.289482,0.681150,0.000000,0.289482,0.289482,0.012000,0.669150,0.499374,0.411374,inf,nan,0.000000,0.411374,0.411374,0.411374,0.123412,0.024682,0.411374,0.123412,0.024682,-0.000000,0.000000,0.000000,1,4
1780630938.973669,nominal,-0.000000,45.000000,0.000000,0.000000,1.364243,0.000000,45.000000,0.000000,45.000000,-0.000000,-0.000000,-0.088391,1,3.706667,0.539374,0.390027,0.283969,0.283969,0.677947,0.000000,0.283969,0.283969,0.012000,0.665947,0.499374,0.411374,inf,nan,0.000000,0.411374,0.411374,0.411374,0.123412,0.024682,0.411374,0.123412,0.024682,-0.000000,0.000000,0.000000,1,4
1780630939.088423,nominal,-0.000000,45.000000,0.000000,0.000000,1.381222,0.000000,45.000000,0.000000,45.000000,-0.000000,-0.000000,-0.091630,1,6.839791,0.539374,0.387771,0.281394,0.281394,0.676499,0.000000,0.281394,0.281394,0.012000,0.664499,0.499374,0.411374,inf,nan,0.000000,0.411374,0.411374,0.411374,0.123412,0.024682,0.411374,0.123412,0.024682,-0.000000,0.000000,0.000000,1,4
1780630939.180806,nominal,-0.000000,45.000000,0.000000,0.000000,1.388863,0.000000,45.000000,0.000000,45.000000,-0.000000,-0.000000,-0.092685,1,6.734910,0.539374,0.386766,0.280221,0.280221,0.675846,0.000000,0.280220,0.280220,0.012000,0.663846,0.499374,0.411374,inf,nan,0.000000,0.411374,0.411374,0.411374,0.123412,0.024682,0.411374,0.123412,0.024682,-0.000000,0.000000,0.000000,1,4
1780630939.275457,nominal,0.000000,45.000000,0.000000,0.000000,1.392299,0.000000,45.000000,0.000000,45.000000,-0.000000,-0.000000,-0.092729,1,1.282765,0.539374,0.386316,0.279690,0.279690,0.675553,0.000000,0.279690,0.279690,0.012000,0.663553,0.499374,0.411374,inf,nan,0.000000,0.411374,0.411374,0.411374,0.123412,0.024682,0.411374,0.123412,0.024682,-0.000000,0.000000,0.000000,1,4
1780630939.371181,nominal,0.000000,45.000000,0.000000,0.000000,1.042299,0.000000,45.000000,0.000000,45.000000,-0.000000,-0.000000,-0.054033,1,2.859563,0.539374,0.419537,0.306948,0.306948,0.701510,0.000000,0.306948,0.306948,0.012000,0.689510,0.499374,0.411374,inf,nan,0.000000,0.411374,0.411374,0.411374,0.123412,0.024682,0.411374,0.123412,0.024682,-0.000000,0.000000,0.000000,1,4
1780630939.480768,nominal,0.000000,45.000000,0.000000,0.000000,0.692299,0.000000,45.000000,0.000000,45.000000,-0.000000,-0.000000,-0.005899,1,3.888110,0.520886,0.354249,0.243938,0.243938,0.684414,0.000000,0.243938,0.243938,0.012000,0.672414,0.480886,0.392886,inf,nan,0.000000,0.392886,0.392886,0.392886,0.117866,0.023573,0.392886,0.117866,0.023573,-0.000000,0.000000,0.000000,1,4
1780630939.579931,nominal,0.000000,45.000000,-0.000000,-0.000000,0.342299,0.000000,45.000000,0.000000,45.000000,-0.000000,-0.000000,0.044285,1,6.934998,0.520886,0.292313,0.188048,0.188048,0.655412,0.000000,0.188048,0.188048,0.012000,0.643412,0.480886,0.392886,inf,nan,0.000000,0.392886,0.392886,0.392886,0.117866,0.023573,0.392886,0.117866,0.023573,-0.000000,0.000000,0.000000,1,4
1780630939.676666,nominal,0.000000,45.000000,-0.000000,-0.000000,-0.007701,0.000000,45.000000,0.000000,45.000000,-0.000000,-0.000000,0.094662,1,3.598098,0.520886,0.250982,0.144649,0.144649,0.627732,0.000000,0.144649,0.144649,0.012000,0.615732,0.480886,0.392886,inf,nan,0.000000,0.392886,0.392886,0.392886,0.117866,0.023573,0.392886,0.117866,0.023573,-0.000000,0.000000,0.000000,1,4
1780630939.773219,nominal,0.000000,45.000000,-0.000000,-0.000000,-0.357701,0.000000,45.000000,0.000000,45.000000,0.000000,0.000000,0.144764,1,3.414071,0.520886,0.233694,0.123864,0.123864,0.620000,0.000000,0.123864,0.123864,0.012000,0.608000,0.480886,0.392886,inf,nan,0.000000,0.392886,0.392886,0.392886,0.117866,0.023573,0.392886,0.117866,0.023573,-0.000000,0.000000,0.000000,1,4
1780630939.894053,nominal,0.000000,45.000000,-0.000000,-0.000000,-0.707701,0.000000,45.000000,0.000000,45.000000,0.000000,0.000000,0.194479,1,6.924757,0.520886,0.241940,0.128081,0.128081,0.620000,0.000000,0.128081,0.128081,0.012000,0.608000,0.480886,0.392886,inf,nan,0.000000,0.392886,0.392886,0.392886,0.117866,0.023573,0.392886,0.117866,0.023573,-0.000000,0.000000,0.000000,1,4
1780630939.971236,nominal,0.000000,45.000000,-0.000000,-0.000000,-1.057701,0.000000,45.000000,0.000000,45.000000,0.000000,0.000000,0.243783,1,2.754944,0.520886,0.260577,0.156855,0.156855,0.620000,0.000000,0.156855,0.156855,0.012000,0.608000,0.480886,0.392886,inf,nan,0.000000,0.392886,0.392886,0.392886,0.117866,0.023573,0.392886,0.117866,0.023573,-0.000000,0.000000,0.000000,1,4
1780630940.094507,nominal,0.000000,45.000000,-0.000000,-0.000000,-1.407701,0.000000,45.000000,0.000000,45.000000,0.000000,0.000000,0.292675,1,7.444935,0.520886,0.313144,0.205997,0.205997,0.637289,0.000000,0.205997,0.205997,0.012000,0.625289,0.480886,0.392886,inf,nan,0.000000,0.392886,0.392886,0.392886,0.117866,0.023573,0.392886,0.117866,0.023573,-0.000000,0.000000,0.000000,1,4
1780630940.173447,nominal,0.000000,45.000000,-0.000000,-0.000000,-1.594028,0.000000,45.000000,0.000000,45.000000,0.000000,0.000000,0.323326,1,3.446379,0.520886,0.348908,0.236218,0.236218,0.652663,0.000000,0.236218,0.236218,0.012000,0.640663,0.480886,0.392886,inf,nan,0.000000,0.392886,0.392886,0.392886,0.117866,0.023573,0.392886,0.117866,0.023573,-0.000000,0.000000,0.000000,1,4
1780630940.294529,nominal,0.000000,45.000000,-0.000000,-0.000000,-1.677876,0.000000,45.000000,0.000000,45.000000,0.000000,0.000000,0.338054,1,6.948437,0.520886,0.358625,0.249903,0.249903,0.659814,0.000000,0.249903,0.249903,0.012000,0.647814,0.480886,0.392886,inf,nan,0.000000,0.392886,0.392886,0.392886,0.117866,0.023573,0.392886,0.117866,0.023573,-0.000000,0.000000,0.000000,1,4
1780630940.373023,nominal,0.000000,45.000000,-0.000000,-0.000000,-1.715608,0.000000,45.000000,0.000000,45.000000,0.000000,0.000000,0.343680,1,3.123112,0.520886,0.363313,0.255959,0.255959,0.663046,0.000000,0.255959,0.255959,0.012000,0.651046,0.480886,0.392886,inf,nan,0.000000,0.392886,0.392886,0.392886,0.117866,0.023573,0.392886,0.117866,0.023573,-0.000000,0.000000,0.000000,1,4
1780630940.494128,nominal,0.000000,45.000000,-0.000000,-0.000000,-1.732588,0.000000,45.000000,0.000000,45.000000,0.000000,0.000000,0.344733,1,2.785112,inf,inf,inf,inf,inf,0.000000,inf,inf,0.012000,inf,inf,inf,inf,nan,0.000000,inf,inf,inf,inf,inf,inf,inf,inf,-0.000000,0.000000,0.000000,0,4
1780630940.578911,nominal,0.000000,45.000000,-0.000000,-0.000000,-1.740232,0.000000,45.000000,0.000000,45.000000,0.000000,0.000000,0.343617,1,6.834447,inf,inf,inf,inf,inf,0.000000,inf,inf,0.012000,inf,inf,inf,inf,nan,0.000000,inf,inf,inf,inf,inf,inf,inf,inf,-0.000000,0.000000,0.000000,0,4
1780630940.685187,nominal,-0.000000,45.000000,-0.000000,-0.000000,-1.743663,0.000000,45.000000,0.000000,45.000000,0.000000,0.000000,0.341507,1,3.404395,inf,inf,inf,inf,inf,0.000000,inf,inf,0.012000,inf,inf,inf,inf,nan,0.000000,inf,inf,inf,inf,inf,inf,inf,inf,-0.000000,0.000000,0.000000,0,4
1780630940.778548,nominal,-0.000000,45.000000,-0.000000,-0.000000,-1.393663,0.000000,45.000000,0.000000,45.000000,0.000000,0.000000,0.300652,1,6.643220,inf,inf,inf,inf,inf,0.000000,inf,inf,0.012000,inf,inf,inf,inf,nan,0.000000,inf,inf,inf,inf,inf,inf,inf,inf,-0.000000,0.000000,0.000000,0,4
1780630940.892234,nominal,-0.000000,45.000000,0.000000,0.000000,-1.043663,0.000000,45.000000,0.000000,45.000000,0.000000,0.000000,0.250387,1,7.114756,inf,inf,inf,inf,inf,0.000000,inf,inf,0.012000,inf,inf,inf,inf,nan,0.000000,inf,inf,inf,inf,inf,inf,inf,inf,-0.000000,0.000000,0.000000,0,4
1780630940.978552,nominal,-0.000000,45.000000,0.000000,0.000000,-0.693663,0.000000,45.000000,0.000000,45.000000,0.000000,0.000000,0.198097,1,6.869245,inf,inf,inf,inf,inf,0.000000,inf,inf,0.012000,inf,inf,inf,inf,nan,0.000000,inf,inf,inf,inf,inf,inf,inf,inf,-0.000000,0.000000,0.000000,0,4
1780630941.090670,nominal,-0.000000,45.000000,0.000000,0.000000,-0.343663,0.000000,45.000000,0.000000,45.000000,0.000000,0.000000,0.145640,1,7.012332,inf,inf,inf,inf,inf,0.000000,inf,inf,0.012000,inf,inf,inf,inf,nan,0.000000,inf,inf,inf,inf,inf,inf,inf,inf,-0.000000,0.000000,0.000000,0,4
1780630941.178719,nominal,-0.000000,45.000000,0.000000,0.000000,0.006337,0.000000,45.000000,0.000000,45.000000,-0.000000,-0.000000,0.093478,1,6.662077,inf,inf,inf,inf,inf,0.000000,inf,inf,0.012000,inf,inf,inf,inf,nan,0.000000,inf,inf,inf,inf,inf,inf,inf,inf,-0.000000,0.000000,0.000000,0,4
1780630941.287726,nominal,-0.000000,45.000000,0.000000,0.000000,0.356337,0.000000,45.000000,0.000000,45.000000,-0.000000,-0.000000,0.041725,1,6.912696,inf,inf,inf,inf,inf,0.000000,inf,inf,0.012000,inf,inf,inf,inf,nan,0.000000,inf,inf,inf,inf,inf,inf,inf,inf,-0.000000,0.000000,0.000000,0,4
1780630941.369215,nominal,-0.000000,45.000000,0.000000,0.000000,0.706337,0.000000,45.000000,0.000000,45.000000,-0.000000,-0.000000,-0.009594,1,2.115746,inf,inf,inf,inf,inf,0.000000,inf,inf,0.012000,inf,inf,inf,inf,nan,0.000000,inf,inf,inf,inf,inf,inf,inf,inf,-0.000000,0.000000,0.000000,0,4
1780630941.470095,nominal,-0.000000,45.000000,0.000000,0.000000,1.056337,0.000000,45.000000,0.000000,45.000000,-0.000000,-0.000000,-0.060476,1,1.483232,0.527254,0.403368,0.293484,0.293484,0.695026,0.000000,0.293484,0.293484,0.012000,0.683026,0.487254,0.399254,inf,nan,0.000000,0.399254,0.399254,0.399254,0.119776,0.023955,0.399254,0.119776,0.023955,-0.000000,0.000000,0.000000,1,4
1780630941.568032,nominal,-0.000000,45.000000,0.000000,0.000000,1.242616,0.000000,45.000000,0.000000,45.000000,-0.000000,-0.000000,-0.093094,1,1.476673,0.527254,0.401637,0.292587,0.292587,0.684295,0.000000,0.292587,0.292587,0.012000,0.672295,0.487254,0.399254,inf,nan,0.000000,0.399254,0.399254,0.399254,0.119776,0.023955,0.399254,0.119776,0.023955,-0.000000,0.000000,0.000000,1,4
1780630941.673213,nominal,-0.000000,45.000000,0.000000,0.000000,1.326426,0.000000,45.000000,0.000000,45.000000,-0.000000,-0.000000,-0.109779,1,1.952847,0.527254,0.389375,0.283646,0.283646,0.677588,0.000000,0.283646,0.283646,0.012000,0.665588,0.487254,0.399254,inf,nan,0.000000,0.399254,0.399254,0.399254,0.119776,0.023955,0.399254,0.119776,0.023955,-0.000000,0.000000,0.000000,1,4
1780630941.769281,nominal,-0.000000,45.000000,0.000000,0.000000,1.364102,0.000000,45.000000,0.000000,45.000000,-0.000000,-0.000000,-0.117350,1,2.000615,0.527254,0.384071,0.278598,0.278598,0.674443,0.000000,0.278598,0.278598,0.012000,0.662443,0.487254,0.399254,inf,nan,0.000000,0.399254,0.399254,0.399254,0.119776,0.023955,0.399254,0.119776,0.023955,-0.000000,0.000000,0.000000,1,4
1780630941.895824,nominal,-0.000000,45.000000,0.000000,0.000000,1.381157,0.000000,45.000000,0.000000,45.000000,-0.000000,-0.000000,-0.120348,1,7.044022,0.527254,0.381717,0.276171,0.276171,0.673005,0.000000,0.276171,0.276171,0.012000,0.661005,0.487254,0.399254,inf,nan,0.000000,0.399254,0.399254,0.399254,0.119776,0.023955,0.399254,0.119776,0.023955,-0.000000,0.000000,0.000000,1,4
1780630941.979525,nominal,-0.000000,45.000000,0.000000,0.000000,1.388393,0.000000,45.000000,0.000000,45.000000,-0.000000,-0.000000,-0.121114,1,6.584861,0.527254,0.380727,0.275119,0.275119,0.672392,0.000000,0.275119,0.275119,0.012000,0.660392,0.487254,0.399254,inf,nan,0.000000,0.399254,0.399254,0.399254,0.119776,0.023955,0.399254,0.119776,0.023955,-0.000000,0.000000,0.000000,1,4
1780630942.087743,nominal,0.000000,45.000000,0.000000,0.000000,1.388185,0.000000,45.000000,0.000000,45.000000,-0.000000,-0.000000,-0.120507,1,6.355368,0.527254,0.380755,0.275149,0.275149,0.672410,0.000000,0.275149,0.275149,0.012000,0.660410,0.487254,0.399254,inf,nan,0.000000,0.399254,0.399254,0.399254,0.119776,0.023955,0.399254,0.119776,0.023955,-0.000000,0.000000,0.000000,1,4
1780630942.179960,nominal,0.000000,45.000000,0.000000,0.000000,1.038185,0.000000,45.000000,0.000000,45.000000,-0.000000,-0.000000,-0.081469,1,6.698508,0.527254,0.400646,0.292029,0.292029,0.695480,0.000000,0.292029,0.292029,0.012000,0.683480,0.487254,0.399254,inf,nan,0.000000,0.399254,0.399254,0.399254,0.119776,0.023955,0.399254,0.119776,0.023955,-0.000000,0.000000,0.000000,1,4
1780630942.293383,nominal,0.000000,45.000000,-0.000000,-0.000000,0.688185,0.000000,45.000000,0.000000,45.000000,-0.000000,-0.000000,-0.033074,1,6.699505,0.527254,0.354708,0.241625,0.241625,0.680109,0.000000,0.241625,0.241625,0.012000,0.668109,0.487254,0.399254,inf,nan,0.000000,0.399254,0.399254,0.399254,0.119776,0.023955,0.399254,0.119776,0.023955,-0.000000,0.000000,0.000000,1,4
1780630942.372431,nominal,0.000000,45.000000,-0.000000,-0.000000,0.338185,0.000000,45.000000,0.000000,45.000000,-0.000000,-0.000000,0.017350,1,2.638970,0.527254,0.290237,0.186707,0.186707,0.650613,0.000000,0.186707,0.186707,0.012000,0.638613,0.487254,0.399254,inf,nan,0.000000,0.399254,0.399254,0.399254,0.119776,0.023955,0.399254,0.119776,0.023955,-0.000000,0.000000,0.000000,1,4
1780630942.492858,nominal,0.000000,45.000000,-0.000000,-0.000000,-0.011815,0.000000,45.000000,0.000000,45.000000,-0.000000,-0.000000,0.067958,1,7.304145,inf,inf,inf,inf,inf,0.000000,inf,inf,0.012000,inf,inf,inf,inf,nan,0.000000,inf,inf,inf,inf,inf,inf,inf,inf,-0.000000,0.000000,0.000000,0,4
1780630942.571052,nominal,0.000000,45.000000,-0.000000,-0.000000,-0.361815,0.000000,45.000000,0.000000,45.000000,0.000000,0.000000,0.118289,1,3.020158,inf,inf,inf,inf,inf,0.000000,inf,inf,0.012000,inf,inf,inf,inf,nan,0.000000,inf,inf,inf,inf,inf,inf,inf,inf,-0.000000,0.000000,0.000000,0,4
1780630942.688867,nominal,0.000000,45.000000,-0.000000,-0.000000,-0.711815,0.000000,45.000000,0.000000,45.000000,0.000000,0.000000,0.168229,1,6.751214,inf,inf,inf,inf,inf,0.000000,inf,inf,0.012000,inf,inf,inf,inf,nan,0.000000,inf,inf,inf,inf,inf,inf,inf,inf,-0.000000,0.000000,0.000000,0,4
1780630942.778211,nominal,0.000000,45.000000,-0.000000,-0.000000,-1.061815,0.000000,45.000000,0.000000,45.000000,0.000000,0.000000,0.217755,1,6.801213,inf,inf,inf,inf,inf,0.000000,inf,inf,0.012000,inf,inf,inf,inf,nan,0.000000,inf,inf,inf,inf,inf,inf,inf,inf,-0.000000,0.000000,0.000000,0,4
1780630942.892090,nominal,0.000000,45.000000,-0.000000,-0.000000,-1.411815,0.000000,45.000000,0.000000,45.000000,0.000000,0.000000,0.266864,1,7.214620,inf,inf,inf,inf,inf,0.000000,inf,inf,0.012000,inf,inf,inf,inf,nan,0.000000,inf,inf,inf,inf,inf,inf,inf,inf,-0.000000,0.000000,0.000000,0,4
1780630942.979317,nominal,0.000000,45.000000,-0.000000,-0.000000,-1.593618,0.000000,45.000000,0.000000,45.000000,0.000000,0.000000,0.297237,1,6.662525,inf,inf,inf,inf,inf,0.000000,inf,inf,0.012000,inf,inf,inf,inf,nan,0.000000,inf,inf,inf,inf,inf,inf,inf,inf,-0.000000,0.000000,0.000000,0,4
1780630943.085466,nominal,0.000000,45.000000,-0.000000,-0.000000,-1.676776,0.000000,45.000000,0.000000,45.000000,0.000000,0.000000,0.311985,1,3.508360,inf,inf,inf,inf,inf,0.000000,inf,inf,0.012000,inf,inf,inf,inf,nan,0.000000,inf,inf,inf,inf,inf,inf,inf,inf,-0.000000,0.000000,0.000000,0,4
1780630943.179116,nominal,0.000000,45.000000,-0.000000,-0.000000,-1.717705,0.000000,45.000000,0.000000,45.000000,0.000000,0.000000,0.318131,1,6.785728,inf,inf,inf,inf,inf,0.000000,inf,inf,0.012000,inf,inf,inf,inf,nan,0.000000,inf,inf,inf,inf,inf,inf,inf,inf,-0.000000,0.000000,0.000000,0,4
1780630943.286960,nominal,0.000000,45.000000,-0.000000,-0.000000,-1.739300,0.000000,45.000000,0.000000,45.000000,0.000000,0.000000,0.319980,1,7.078171,inf,inf,inf,inf,inf,0.000000,inf,inf,0.012000,inf,inf,inf,inf,nan,0.000000,inf,inf,inf,inf,inf,inf,inf,inf,-0.000000,0.000000,0.000000,0,4
1780630943.379291,nominal,-0.000000,45.000000,-0.000000,-0.000000,-1.724426,0.000000,45.000000,0.000000,45.000000,0.000000,0.000000,0.316770,1,6.702736,inf,inf,inf,inf,inf,0.000000,inf,inf,0.012000,inf,inf,inf,inf,nan,0.000000,inf,inf,inf,inf,inf,inf,inf,inf,-0.000000,0.000000,0.000000,0,4
1780630943.492337,nominal,-0.000000,45.000000,-0.000000,-0.000000,-1.374426,0.000000,45.000000,0.000000,45.000000,0.000000,0.000000,0.275808,1,6.887337,inf,inf,inf,inf,inf,0.000000,inf,inf,0.012000,inf,inf,inf,inf,nan,0.000000,inf,inf,inf,inf,inf,inf,inf,inf,-0.000000,0.000000,0.000000,0,4
1780630943.573056,nominal,-0.000000,45.000000,-0.000000,-0.000000,-1.024426,0.000000,45.000000,0.000000,45.000000,0.000000,0.000000,0.225679,1,3.567493,inf,inf,inf,inf,inf,0.000000,inf,inf,0.012000,inf,inf,inf,inf,nan,0.000000,inf,inf,inf,inf,inf,inf,inf,inf,-0.000000,0.000000,0.000000,0,4
1780630943.684691,nominal,-0.000000,45.000000,0.000000,0.000000,-0.674426,0.000000,45.000000,0.000000,45.000000,0.000000,0.000000,0.173583,1,4.280643,inf,inf,inf,inf,inf,0.000000,inf,inf,0.012000,inf,inf,inf,inf,nan,0.000000,inf,inf,inf,inf,inf,inf,inf,inf,-0.000000,0.000000,0.000000,0,4
1780630943.778541,nominal,-0.000000,45.000000,0.000000,0.000000,-0.324426,0.000000,45.000000,0.000000,45.000000,0.000000,-0.000000,0.121332,1,6.674974,inf,inf,inf,inf,inf,0.000000,inf,inf,0.012000,inf,inf,inf,inf,nan,0.000000,inf,inf,inf,inf,inf,inf,inf,inf,-0.000000,0.000000,0.000000,0,4
1780630943.888513,nominal,-0.000000,45.000000,0.000000,0.000000,0.025574,0.000000,45.000000,0.000000,45.000000,0.000000,0.000000,0.069378,1,8.998528,inf,inf,inf,inf,inf,0.000000,inf,inf,0.012000,inf,inf,inf,inf,nan,0.000000,inf,inf,inf,inf,inf,inf,inf,inf,-0.000000,0.000000,0.000000,0,4
1780630943.979457,nominal,-0.000000,45.000000,0.000000,0.000000,0.375574,0.000000,45.000000,0.000000,45.000000,-0.000000,-0.000000,0.017831,1,6.633849,inf,inf,inf,inf,inf,0.000000,inf,inf,0.012000,inf,inf,inf,inf,nan,0.000000,inf,inf,inf,inf,inf,inf,inf,inf,-0.000000,0.000000,0.000000,0,4
1780630944.093805,nominal,-0.000000,45.000000,0.000000,0.000000,0.725574,0.000000,45.000000,0.000000,45.000000,-0.000000,0.000000,-0.033283,1,6.713561,inf,inf,inf,inf,inf,0.000000,inf,inf,0.012000,inf,inf,inf,inf,nan,0.000000,inf,inf,inf,inf,inf,inf,inf,inf,-0.000000,0.000000,0.000000,0,4
1780630944.179175,nominal,-0.000000,45.000000,0.000000,0.000000,1.075574,0.000000,45.000000,0.000000,45.000000,-0.000000,-0.000000,-0.083962,1,7.021367,inf,inf,inf,inf,inf,0.000000,inf,inf,0.012000,inf,inf,inf,inf,nan,0.000000,inf,inf,inf,inf,inf,inf,inf,inf,-0.000000,0.000000,0.000000,0,4
1780630944.291884,nominal,-0.000000,45.000000,0.000000,0.000000,1.323641,0.000000,45.000000,0.000000,45.000000,-0.000000,-0.000000,-0.123108,1,6.861477,inf,inf,inf,inf,inf,0.000000,inf,inf,0.012000,inf,inf,inf,inf,nan,0.000000,inf,inf,inf,inf,inf,inf,inf,inf,-0.000000,0.000000,0.000000,0,4
1780630944.372462,nominal,-0.000000,45.000000,0.000000,0.000000,1.426294,0.000000,45.000000,0.000000,45.000000,-0.000000,-0.000000,-0.143285,1,3.329029,inf,inf,inf,inf,inf,0.000000,inf,inf,0.012000,inf,inf,inf,inf,nan,0.000000,inf,inf,inf,inf,inf,inf,inf,inf,-0.000000,0.000000,0.000000,0,4
1780630944.489023,nominal,-0.000000,45.000000,0.000000,0.000000,1.484381,0.000000,45.000000,0.000000,45.000000,-0.000000,0.000000,-0.153736,1,6.444795,0.518533,0.354734,0.245526,0.245526,0.657308,0.000000,0.245526,0.245526,0.012000,0.645308,0.478533,0.390533,inf,nan,0.000000,0.390533,0.390533,0.390533,0.117160,0.023432,0.390533,0.117160,0.023432,-0.000000,0.000000,0.000000,1,4
1780630944.580881,nominal,-0.000000,45.000000,0.000000,0.000000,1.519323,0.000000,45.000000,0.000000,45.000000,-0.000000,0.000000,-0.159169,1,6.830434,0.518533,0.350622,0.239829,0.239829,0.654322,0.000000,0.239829,0.239829,0.012000,0.642322,0.478533,0.390533,inf,nan,0.000000,0.390533,0.390533,0.390533,0.117160,0.023432,0.390533,0.117160,0.023432,-0.000000,0.000000,0.000000,1,4
1780630944.689803,nominal,-0.000000,45.000000,0.000000,0.000000,1.541224,0.000000,45.000000,0.000000,45.000000,-0.000000,-0.000000,-0.161892,1,14.450468,0.518533,0.348135,0.236243,0.236243,0.652456,0.000000,0.236243,0.236243,0.012000,0.640456,0.478533,0.390533,inf,nan,0.000000,0.390533,0.390533,0.390533,0.117160,0.023432,0.390533,0.117160,0.023432,-0.000000,0.000000,0.000000,1,4
1780630944.780079,nominal,0.000000,45.000000,0.000000,0.000000,1.555164,0.000000,45.000000,0.000000,45.000000,-0.000000,0.000000,-0.163054,1,6.810221,0.518533,0.346589,0.233958,0.233958,0.651272,0.000000,0.233958,0.233958,0.012000,0.639272,0.478533,0.390533,inf,nan,0.000000,0.390533,0.390533,0.390533,0.117160,0.023432,0.390533,0.117160,0.023432,-0.000000,0.000000,0.000000,1,4
1780630944.886868,nominal,0.000000,45.000000,0.000000,0.000000,1.563940,0.000000,45.000000,0.000000,45.000000,-0.000000,-0.000000,-0.163255,1,6.739867,0.518533,0.345631,0.232518,0.232518,0.650527,0.000000,0.232518,0.232518,0.012000,0.638527,0.478533,0.390533,inf,nan,0.000000,0.390533,0.390533,0.390533,0.117160,0.023432,0.390533,0.117160,0.023432,-0.000000,0.000000,0.000000,1,4
1780630944.974171,nominal,0.000000,45.000000,0.000000,0.000000,1.569257,0.000000,45.000000,0.000000,45.000000,-0.000000,0.000000,-0.162838,1,4.150164,0.518533,0.345056,0.231646,0.231646,0.650077,0.000000,0.231646,0.231646,0.012000,0.638077,0.478533,0.390533,inf,nan,0.000000,0.390533,0.390533,0.390533,0.117160,0.023432,0.390533,0.117160,0.023432,-0.000000,0.000000,0.000000,1,4
1780630945.091838,nominal,0.000000,45.000000,-0.000000,0.000000,1.572248,0.000000,45.000000,0.000000,45.000000,-0.000000,0.000000,-0.162016,1,5.249364,0.518533,0.344735,0.231156,0.231156,0.649824,0.000000,0.231156,0.231156,0.012000,0.637824,0.478533,0.390533,inf,nan,0.000000,0.390533,0.390533,0.390533,0.117160,0.023432,0.390533,0.117160,0.023432,-0.000000,0.000000,0.000000,1,4
1780630945.180703,nominal,0.000000,45.000000,-0.000000,0.000000,1.573705,0.000000,45.000000,0.000000,45.000000,-0.000000,-0.000000,-0.160930,1,6.782418,0.518533,0.344579,0.230917,0.230917,0.649700,0.000000,0.230917,0.230917,0.012000,0.637700,0.478533,0.390533,inf,nan,0.000000,0.390533,0.390533,0.390533,0.117160,0.023432,0.390533,0.117160,0.023432,-0.000000,0.000000,0.000000,1,4
1780630945.274188,nominal,0.000000,45.000000,-0.000000,0.000000,1.574189,0.000000,45.000000,0.000000,45.000000,-0.000000,-0.000000,-0.159680,1,2.573057,0.518533,0.344527,0.230837,0.230837,0.649659,0.000000,0.230837,0.230837,0.012000,0.637659,0.478533,0.390533,inf,nan,0.000000,0.390533,0.390533,0.390533,0.117160,0.023432,0.390533,0.117160,0.023432,-0.000000,0.000000,0.000000,1,4
1780630945.372863,nominal,0.000000,45.000000,-0.000000,0.000000,1.924189,0.000000,45.000000,0.000000,45.000000,0.000000,-0.000000,-0.196461,1,3.001440,0.518533,0.279535,0.176156,0.176156,0.622523,0.000000,0.176156,0.176156,0.012000,0.610523,0.478533,0.390533,inf,nan,0.000000,0.390533,0.390533,0.390533,0.117160,0.023432,0.390533,0.117160,0.023432,-0.000000,0.000000,0.000000,1,4
1780630945.484633,nominal,0.000000,45.000000,-0.000000,0.000000,2.274189,0.000000,45.000000,0.000000,45.000000,0.000000,-0.000000,-0.242517,1,7.237050,inf,inf,inf,inf,inf,0.000000,inf,inf,0.012000,inf,inf,inf,inf,nan,0.000000,inf,inf,inf,inf,inf,inf,inf,inf,-0.000000,0.000000,0.000000,0,4
1780630945.567869,nominal,0.000000,45.000000,-0.000000,0.000000,2.624189,0.000000,45.000000,0.000000,45.000000,0.000000,-0.000000,-0.290605,1,1.481889,inf,inf,inf,inf,inf,0.000000,inf,inf,0.012000,inf,inf,inf,inf,nan,0.000000,inf,inf,inf,inf,inf,inf,inf,inf,-0.000000,0.000000,0.000000,0,4
1780630945.672248,nominal,0.000000,45.000000,-0.000000,0.000000,2.908761,0.000000,45.000000,0.000000,45.000000,0.000000,-0.000000,-0.331777,1,1.849513,inf,inf,inf,inf,inf,0.000000,inf,inf,0.012000,inf,inf,inf,inf,nan,0.000000,inf,inf,inf,inf,inf,inf,inf,inf,-0.000000,0.000000,0.000000,0,4
1780630945.772404,nominal,0.000000,45.000000,-0.000000,0.000000,3.036818,0.000000,45.000000,0.000000,45.000000,0.000000,-0.000000,-0.353906,1,3.186515,inf,inf,inf,inf,inf,0.000000,inf,inf,0.012000,inf,inf,inf,inf,nan,0.000000,inf,inf,inf,inf,inf,inf,inf,inf,-0.000000,0.000000,0.000000,0,4
1780630945.889288,nominal,0.000000,45.000000,-0.000000,0.000000,3.094444,0.000000,45.000000,0.000000,45.000000,0.000000,-0.000000,-0.363455,1,7.130080,inf,inf,inf,inf,inf,0.000000,inf,inf,0.012000,inf,inf,inf,inf,nan,0.000000,inf,inf,inf,inf,inf,inf,inf,inf,-0.000000,0.000000,0.000000,0,4
1780630945.968517,nominal,0.000000,45.000000,-0.000000,0.000000,3.120376,0.000000,45.000000,0.000000,45.000000,0.000000,-0.000000,-0.366340,1,1.867673,inf,inf,inf,inf,inf,0.000000,inf,inf,0.012000,inf,inf,inf,inf,nan,0.000000,inf,inf,inf,inf,inf,inf,inf,inf,-0.000000,0.000000,0.000000,0,4
1780630946.092359,nominal,0.000000,45.000000,-0.000000,0.000000,3.132045,0.000000,45.000000,0.000000,45.000000,0.000000,-0.000000,-0.365983,1,6.903715,inf,inf,inf,inf,inf,0.000000,inf,inf,0.012000,inf,inf,inf,inf,nan,0.000000,inf,inf,inf,inf,inf,inf,inf,inf,-0.000000,0.000000,0.000000,0,4
1780630946.173559,nominal,-0.000000,45.000000,-0.000000,0.000000,3.137296,0.000000,45.000000,0.000000,45.000000,0.000000,-0.000000,-0.364118,1,4.356386,inf,inf,inf,inf,inf,0.000000,inf,inf,0.012000,inf,inf,inf,inf,nan,0.000000,inf,inf,inf,inf,inf,inf,inf,inf,-0.000000,0.000000,0.000000,0,4
1780630946.285451,nominal,-0.000000,45.000000,-0.000000,0.000000,2.787296,0.000000,45.000000,0.000000,45.000000,0.000000,-0.000000,-0.323157,1,4.785159,inf,inf,inf,inf,inf,0.000000,inf,inf,0.012000,inf,inf,inf,inf,nan,0.000000,inf,inf,inf,inf,inf,inf,inf,inf,-0.000000,0.000000,0.000000,0,4
1780630946.377950,nominal,-0.000000,45.000000,-0.000000,0.000000,2.437296,0.000000,45.000000,0.000000,45.000000,0.000000,-0.000000,-0.272716,1,6.572147,inf,inf,inf,inf,inf,0.000000,inf,inf,0.012000,inf,inf,inf,inf,nan,0.000000,inf,inf,inf,inf,inf,inf,inf,inf,-0.000000,0.000000,0.000000,0,4
1780630946.488089,nominal,-0.000000,45.000000,0.000000,0.000000,2.087296,0.000000,45.000000,0.000000,45.000000,0.000000,-0.000000,-0.220237,1,12.202370,inf,inf,inf,inf,inf,0.000000,inf,inf,0.012000,inf,inf,inf,inf,nan,0.000000,inf,inf,inf,inf,inf,inf,inf,inf,-0.000000,0.000000,0.000000,0,4
1780630946.571094,nominal,-0.000000,45.000000,0.000000,0.000000,1.737296,0.000000,45.000000,0.000000,45.000000,0.000000,-0.000000,-0.167589,1,3.310716,inf,inf,inf,inf,inf,0.000000,inf,inf,0.012000,inf,inf,inf,inf,nan,0.000000,inf,inf,inf,inf,inf,inf,inf,inf,-0.000000,0.000000,0.000000,0,4
1780630946.693832,nominal,-0.000000,45.000000,0.000000,0.000000,1.387296,0.000000,45.000000,0.000000,45.000000,0.000000,-0.000000,-0.115238,1,6.981146,inf,inf,inf,inf,inf,0.000000,inf,inf,0.012000,inf,inf,inf,inf,nan,0.000000,inf,inf,inf,inf,inf,inf,inf,inf,-0.000000,0.000000,0.000000,0,4
1780630946.773422,nominal,-0.000000,45.000000,0.000000,0.000000,1.037296,0.000000,45.000000,0.000000,45.000000,-0.000000,-0.000000,-0.063298,1,3.375528,inf,inf,inf,inf,inf,0.000000,inf,inf,0.012000,inf,inf,inf,inf,nan,0.000000,inf,inf,inf,inf,inf,inf,inf,inf,-0.000000,0.000000,0.000000,0,4
1780630946.880284,nominal,-0.000000,45.000000,0.000000,0.000000,0.687296,0.000000,45.000000,0.000000,45.000000,-0.000000,-0.000000,-0.011794,1,5.673514,inf,inf,inf,inf,inf,0.000000,inf,inf,0.012000,inf,inf,inf,inf,nan,0.000000,inf,inf,inf,inf,inf,inf,inf,inf,-0.000000,0.000000,0.000000,0,4
1780630946.978943,nominal,-0.000000,45.000000,0.000000,0.000000,0.337296,0.000000,45.000000,0.000000,45.000000,-0.000000,-0.000000,0.039271,1,6.895650,inf,inf,inf,inf,inf,0.000000,inf,inf,0.012000,inf,inf,inf,inf,nan,0.000000,inf,inf,inf,inf,inf,inf,inf,inf,-0.000000,0.000000,0.000000,0,4
1780630947.084317,nominal,-0.000000,45.000000,0.000000,0.000000,0.151783,0.000000,45.000000,0.000000,45.000000,-0.000000,-0.000000,0.071987,1,5.327931,inf,inf,inf,inf,inf,0.000000,inf,inf,0.012000,inf,inf,inf,inf,nan,0.000000,inf,inf,inf,inf,inf,inf,inf,inf,-0.000000,0.000000,0.000000,0,4
1780630947.172561,nominal,-0.000000,45.000000,0.000000,0.000000,0.068302,0.000000,45.000000,0.000000,45.000000,-0.000000,-0.000000,0.088796,1,3.210446,inf,inf,inf,inf,inf,0.000000,inf,inf,0.012000,inf,inf,inf,inf,nan,0.000000,inf,inf,inf,inf,inf,inf,inf,inf,-0.000000,0.000000,0.000000,0,4
1780630947.289005,nominal,-0.000000,45.000000,0.000000,0.000000,0.030736,0.000000,45.000000,0.000000,45.000000,-0.000000,-0.000000,0.096520,1,7.026828,inf,inf,inf,inf,inf,0.000000,inf,inf,0.012000,inf,inf,inf,inf,nan,0.000000,inf,inf,inf,inf,inf,inf,inf,inf,-0.000000,0.000000,0.000000,0,4
1780630947.371565,nominal,-0.000000,45.000000,0.000000,0.000000,0.013831,0.000000,45.000000,0.000000,45.000000,-0.000000,-0.000000,0.099674,1,2.587896,inf,inf,inf,inf,inf,0.000000,inf,inf,0.012000,inf,inf,inf,inf,nan,0.000000,inf,inf,inf,inf,inf,inf,inf,inf,-0.000000,0.000000,0.000000,0,4
1780630947.488876,nominal,-0.000000,45.000000,0.000000,0.000000,0.006224,0.000000,45.000000,0.000000,45.000000,-0.000000,-0.000000,0.100652,1,7.275443,inf,inf,inf,inf,inf,0.000000,inf,inf,0.012000,inf,inf,inf,inf,nan,0.000000,inf,inf,inf,inf,inf,inf,inf,inf,-0.000000,0.000000,0.000000,0,4
1780630947.568952,nominal,0.000000,45.000000,0.000000,0.000000,0.002801,0.000000,45.000000,0.000000,45.000000,-0.000000,-0.000000,0.100624,1,2.066347,inf,inf,inf,inf,inf,0.000000,inf,inf,0.012000,inf,inf,inf,inf,nan,0.000000,inf,inf,inf,inf,inf,inf,inf,inf,-0.000000,0.000000,0.000000,0,4
1780630947.692354,nominal,0.000000,45.000000,0.000000,0.000000,0.352801,0.000000,45.000000,0.000000,45.000000,-0.000000,-0.000000,0.061859,1,6.989654,inf,inf,inf,inf,inf,0.000000,inf,inf,0.012000,inf,inf,inf,inf,nan,0.000000,inf,inf,inf,inf,inf,inf,inf,inf,-0.000000,0.000000,0.000000,0,4
1780630947.779222,nominal,0.000000,45.000000,0.000000,0.000000,0.702801,0.000000,45.000000,0.000000,45.000000,-0.000000,-0.000000,0.013658,1,7.259052,inf,inf,inf,inf,inf,0.000000,inf,inf,0.012000,inf,inf,inf,inf,nan,0.000000,inf,inf,inf,inf,inf,inf,inf,inf,-0.000000,0.000000,0.000000,0,4
1780630947.892697,nominal,0.000000,45.000000,-0.000000,0.000000,1.052801,0.000000,45.000000,0.000000,45.000000,-0.000000,-0.000000,-0.036593,1,6.675493,inf,inf,inf,inf,inf,0.000000,inf,inf,0.012000,inf,inf,inf,inf,nan,0.000000,inf,inf,inf,inf,inf,inf,inf,inf,-0.000000,0.000000,0.000000,0,4
1780630947.978241,nominal,0.000000,45.000000,-0.000000,0.000000,1.402801,0.000000,45.000000,0.000000,45.000000,-0.000000,-0.000000,-0.087035,1,6.634240,inf,inf,inf,inf,inf,0.000000,inf,inf,0.012000,inf,inf,inf,inf,nan,0.000000,inf,inf,inf,inf,inf,inf,inf,inf,-0.000000,0.000000,0.000000,0,4
1780630948.092307,nominal,0.000000,45.000000,-0.000000,0.000000,1.752801,0.000000,45.000000,0.000000,45.000000,-0.000000,-0.000000,-0.137203,1,6.810392,inf,inf,inf,inf,inf,0.000000,inf,inf,0.012000,inf,inf,inf,inf,nan,0.000000,inf,inf,inf,inf,inf,inf,inf,inf,-0.000000,0.000000,0.000000,0,4
1780630948.178495,nominal,0.000000,45.000000,-0.000000,0.000000,2.102801,0.000000,45.000000,0.000000,45.000000,0.000000,-0.000000,-0.186982,1,6.727063,inf,inf,inf,inf,inf,0.000000,inf,inf,0.012000,inf,inf,inf,inf,nan,0.000000,inf,inf,inf,inf,inf,inf,inf,inf,-0.000000,0.000000,0.000000,0,4
1780630948.292799,nominal,0.000000,45.000000,-0.000000,0.000000,2.452801,0.000000,45.000000,0.000000,45.000000,0.000000,-0.000000,-0.236349,1,6.855601,inf,inf,inf,inf,inf,0.000000,inf,inf,0.012000,inf,inf,inf,inf,nan,0.000000,inf,inf,inf,inf,inf,inf,inf,inf,-0.000000,0.000000,0.000000,0,4
1780630948.371684,nominal,0.000000,45.000000,-0.000000,0.000000,2.802801,0.000000,45.000000,0.000000,45.000000,0.000000,-0.000000,-0.285304,1,2.146689,inf,inf,inf,inf,inf,0.000000,inf,inf,0.012000,inf,inf,inf,inf,nan,0.000000,inf,inf,inf,inf,inf,inf,inf,inf,-0.000000,0.000000,0.000000,0,4
1780630948.486460,nominal,0.000000,45.000000,-0.000000,0.000000,2.989136,0.000000,45.000000,0.000000,45.000000,0.000000,-0.000000,-0.316020,1,6.994125,inf,inf,inf,inf,inf,0.000000,inf,inf,0.012000,inf,inf,inf,inf,nan,0.000000,inf,inf,inf,inf,inf,inf,inf,inf,-0.000000,0.000000,0.000000,0,4
1780630948.567838,nominal,0.000000,45.000000,-0.000000,0.000000,3.072987,0.000000,45.000000,0.000000,45.000000,0.000000,-0.000000,-0.330813,1,1.461522,inf,inf,inf,inf,inf,0.000000,inf,inf,0.012000,inf,inf,inf,inf,nan,0.000000,inf,inf,inf,inf,inf,inf,inf,inf,-0.000000,0.000000,0.000000,0,4
1780630948.693528,nominal,0.000000,45.000000,-0.000000,0.000000,3.110720,0.000000,45.000000,0.000000,45.000000,0.000000,-0.000000,-0.336504,1,6.976873,inf,inf,inf,inf,inf,0.000000,inf,inf,0.012000,inf,inf,inf,inf,nan,0.000000,inf,inf,inf,inf,inf,inf,inf,inf,-0.000000,0.000000,0.000000,0,4
1780630948.778919,nominal,0.000000,45.000000,-0.000000,0.000000,3.127700,0.000000,45.000000,0.000000,45.000000,0.000000,-0.000000,-0.337620,1,6.656557,inf,inf,inf,inf,inf,0.000000,inf,inf,0.012000,inf,inf,inf,inf,nan,0.000000,inf,inf,inf,inf,inf,inf,inf,inf,-0.000000,0.000000,0.000000,0,4
1780630948.886237,nominal,0.000000,45.000000,-0.000000,0.000000,3.135341,0.000000,45.000000,0.000000,45.000000,0.000000,-0.000000,-0.336566,1,6.119146,inf,inf,inf,inf,inf,0.000000,inf,inf,0.012000,inf,inf,inf,inf,nan,0.000000,inf,inf,inf,inf,inf,inf,inf,inf,-0.000000,0.000000,0.000000,0,4
1780630948.978688,nominal,0.000000,45.000000,-0.000000,0.000000,3.138779,0.000000,45.000000,0.000000,45.000000,0.000000,-0.000000,-0.334518,1,6.987284,inf,inf,inf,inf,inf,0.000000,inf,inf,0.012000,inf,inf,inf,inf,nan,0.000000,inf,inf,inf,inf,inf,inf,inf,inf,-0.000000,0.000000,0.000000,0,4
1780630949.086827,nominal,-0.000000,45.000000,-0.000000,0.000000,3.140327,0.000000,45.000000,0.000000,45.000000,0.000000,-0.000000,-0.332030,1,5.391597,inf,inf,inf,inf,inf,0.000000,inf,inf,0.012000,inf,inf,inf,inf,nan,0.000000,inf,inf,inf,inf,inf,inf,inf,inf,-0.000000,0.000000,0.000000,0,4
1780630949.179168,nominal,-0.000000,45.000000,-0.000000,0.000000,2.790327,0.000000,45.000000,0.000000,45.000000,0.000000,-0.000000,-0.291137,1,6.613373,inf,inf,inf,inf,inf,0.000000,inf,inf,0.012000,inf,inf,inf,inf,nan,0.000000,inf,inf,inf,inf,inf,inf,inf,inf,-0.000000,0.000000,0.000000,0,4
1780630949.294325,nominal,-0.000000,45.000000,0.000000,0.000000,2.440327,0.000000,45.000000,0.000000,45.000000,0.000000,-0.000000,-0.240923,1,10.187823,inf,inf,inf,inf,inf,0.000000,inf,inf,0.012000,inf,inf,inf,inf,nan,0.000000,inf,inf,inf,inf,inf,inf,inf,inf,-0.000000,0.000000,0.000000,0,4
1780630949.378162,nominal,-0.000000,45.000000,0.000000,0.000000,2.090327,0.000000,45.000000,0.000000,45.000000,0.000000,-0.000000,-0.188707,1,6.450275,inf,inf,inf,inf,inf,0.000000,inf,inf,0.012000,inf,inf,inf,inf,nan,0.000000,inf,inf,inf,inf,inf,inf,inf,inf,-0.000000,0.000000,0.000000,0,4
1780630949.491768,nominal,-0.000000,45.000000,0.000000,0.000000,1.740327,0.000000,45.000000,0.000000,45.000000,-0.000000,-0.000000,-0.136328,1,6.854180,0.539375,0.329753,0.222943,0.222943,0.646245,0.000000,0.222943,0.222943,0.012000,0.634245,0.499375,0.411375,inf,nan,0.000000,0.411375,0.411375,0.411375,0.123412,0.024682,0.411375,0.123412,0.024682,-0.000000,0.000000,0.000000,1,4
1780630949.570195,nominal,-0.000000,45.000000,0.000000,0.000000,1.390327,0.000000,45.000000,0.000000,45.000000,-0.000000,-0.000000,-0.084245,1,2.290371,0.539375,0.386119,0.279455,0.279455,0.675517,0.000000,0.279455,0.279455,0.012000,0.663517,0.499375,0.411375,inf,nan,0.000000,0.411375,0.411375,0.411375,0.123412,0.024682,0.411375,0.123412,0.024682,-0.000000,0.000000,0.000000,1,4
