time_s,controller,x,y,vx,vy,yaw,ref_x,ref_y,goal_x,goal_y,ux,uy,alpha,feasible,solve_ms,clearance_m,d_lower_min,c_body,barrier,gamma_ref,recovery_energy,recoverable_margin,h_R,dynamic_reserve,recoverability_delta,pred_min_d_lower,pred_min_c_body,pred_min_gamma,pred_max_recovery_energy,pred_max_dynamic_reserve,pred_min_delta,pred_min_h_R,pred_min_psi0,pred_min_psi1,pred_min_psi2,pred_min_psi0_constraint,pred_min_psi1_constraint,pred_min_psi2_constraint,solver_constraint_margin,max_safety_slack,speed_mps,obstacle_count,guide_points
1780630802.204087,dhocbf_fixed,0.000000,-50.000000,0.000000,0.000000,1.570800,0.000000,-48.400000,0.000000,45.000000,-0.000000,7.999991,-0.171058,1,17.603420,inf,inf,inf,inf,inf,0.016640,inf,inf,0.012000,inf,inf,inf,inf,nan,0.000000,inf,inf,inf,inf,inf,1448.422933,434.419258,86.852992,-0.000000,0.000001,0.000000,0,2
1780630802.305362,dhocbf_fixed,0.000000,-50.000000,0.000000,0.000000,1.570800,0.000000,-48.400000,0.000000,45.000000,-0.000000,7.999992,-0.212728,1,15.520436,inf,inf,inf,inf,inf,0.016640,inf,inf,0.012000,inf,inf,inf,inf,nan,0.000000,inf,inf,inf,inf,inf,1448.422933,434.419258,86.852992,-0.000000,0.000001,0.000000,0,2
1780630802.391292,dhocbf_fixed,0.000000,-50.000000,0.000000,0.000000,1.570800,0.000000,-48.400000,0.000000,45.000000,-0.000000,7.999992,-0.221782,1,6.562802,inf,inf,inf,inf,inf,0.016640,inf,inf,0.012000,inf,inf,inf,inf,nan,0.000000,inf,inf,inf,inf,inf,1448.422933,434.419258,86.852992,-0.000000,0.000001,0.000000,0,2
1780630802.506362,dhocbf_fixed,-0.000000,-49.960000,-0.000000,0.799999,1.570799,0.000000,-48.360000,0.000000,45.000000,-0.000000,7.999980,-0.222623,1,15.460656,inf,inf,inf,inf,inf,0.017408,inf,inf,0.041600,inf,inf,inf,inf,nan,0.000000,inf,inf,inf,inf,inf,1448.350637,434.419991,86.861491,-0.000000,0.000000,0.799999,0,2
1780630802.590455,dhocbf_fixed,-0.000000,-49.840000,-0.000000,1.599997,1.570798,0.000000,-48.240000,0.000000,45.000000,0.000000,7.751393,-0.221388,1,4.880181,inf,inf,inf,inf,inf,0.019712,inf,inf,0.074400,inf,inf,inf,inf,nan,0.000000,inf,inf,inf,inf,inf,1448.239023,434.402620,86.855430,-0.000000,0.000000,1.599997,0,2
1780630802.897678,dhocbf_fixed,-0.000000,-49.641244,-0.000000,2.375137,1.570798,-0.197657,-48.053499,0.000000,45.000000,-1.760553,4.182766,-0.219660,1,5.498699,1.145319,1.259047,1.145093,1.145093,1.223554,0.023410,1.086916,1.086916,0.109233,1.090912,1.106073,1.005983,inf,nan,0.000000,1.005983,1.005983,1.005983,0.321418,0.039802,1.010052,0.319188,0.044879,-0.000000,0.000000,2.375137,10,4
1780630802.917832,dhocbf_fixed,-0.008803,-49.382816,-0.176055,2.793413,1.574669,-0.229472,-47.797937,0.000000,45.000000,-1.316602,2.031794,-0.218242,1,5.154639,1.201703,1.293214,1.168604,1.168604,1.269149,0.026044,1.109671,1.109671,0.129549,1.113556,1.163585,1.056208,inf,nan,0.000000,1.056208,1.056208,1.056208,0.321893,0.067771,1.049915,0.319131,0.066080,-0.000000,0.000000,2.798956,10,4
1780630802.937973,dhocbf_fixed,-0.032991,-49.093316,-0.307715,2.996593,1.623400,-0.265331,-47.509889,0.000000,45.000000,-0.802688,0.954954,-0.221815,1,5.158567,1.203585,1.318922,1.195669,1.195669,1.337651,0.027537,1.160236,1.160236,0.140118,1.169996,1.163585,1.061239,inf,nan,0.000000,1.061239,1.061239,1.061239,0.325870,0.073552,1.054071,0.321982,0.089648,-0.000000,0.000000,3.012351,10,4
1780630803.002111,dhocbf_fixed,-0.067776,-48.788882,-0.387984,3.092088,1.667114,-0.303182,-47.205837,0.000000,45.000000,0.808946,0.974549,-0.226027,1,8.537026,1.211422,1.329408,1.203028,1.203028,0.792612,0.028303,0.618958,0.618958,0.145351,0.618958,0.665251,0.566423,inf,nan,0.000000,0.566423,0.566423,0.566423,0.100766,-0.008942,0.583798,0.105608,0.000000,-0.000000,0.006904,3.116334,10,4
1780630803.129000,dhocbf_fixed,-0.102530,-48.474800,-0.307090,3.189543,1.703593,-0.342215,-46.892288,0.000000,45.000000,5.670503,-2.593412,-0.229605,1,7.954346,1.216174,1.329604,1.215720,1.215720,0.744257,0.028973,0.565465,0.565465,0.149819,0.565465,0.577967,0.472337,inf,nan,0.000000,0.472337,0.472337,0.472337,0.083093,-0.013899,0.464331,0.077848,0.000000,-0.000000,0.009317,3.204292,10,4
1780630803.211102,dhocbf_fixed,-0.104886,-48.168813,0.259961,2.930202,1.571042,-0.379762,-46.590682,0.000000,45.000000,5.680133,-4.028933,-0.214595,1,5.779538,1.240017,1.345421,1.220125,1.220125,0.727616,0.027064,0.563959,0.563959,0.136594,0.563959,0.479564,0.382735,inf,nan,0.000000,0.382735,0.382735,0.382735,0.057656,-0.015078,0.381763,0.061189,0.000000,-0.000000,0.009157,2.941711,10,4
1780630803.319074,dhocbf_fixed,-0.050490,-47.895937,0.827974,2.527308,1.474432,-0.412384,-46.328639,0.000000,45.000000,-5.122480,0.233102,-0.198997,1,7.091951,1.191870,1.201619,1.096741,1.096741,0.658606,0.025305,0.510537,0.510537,0.122764,0.510537,0.331407,0.209778,inf,nan,0.000000,0.209778,0.209778,0.209778,0.021675,-0.007524,0.212262,0.025079,0.000000,-0.000000,0.009100,2.659479,10,4
1780630803.412263,dhocbf_fixed,0.006695,-47.642041,0.315726,2.550619,1.625167,-0.442636,-46.085628,0.000000,45.000000,-5.422372,-0.580813,-0.210244,1,6.072805,1.052736,1.062787,0.958416,0.958416,0.620000,0.024984,0.476549,0.476549,0.118466,0.476549,0.245953,0.141543,inf,nan,0.000000,0.141543,0.141543,0.141543,0.012517,-0.013469,0.141216,0.018126,0.000000,-0.000000,0.014852,2.570085,10,4
1780630803.525027,dhocbf_fixed,0.011156,-47.389883,-0.226511,2.492537,1.732779,-0.473480,-45.837865,0.000000,45.000000,-4.255193,-2.189539,-0.223368,1,7.530830,0.906983,0.924178,0.817684,0.817684,0.620000,0.024700,0.480041,0.480041,0.115258,0.480041,0.161052,0.063569,inf,nan,0.000000,0.063569,0.063569,0.063569,-0.004504,-0.015345,0.071847,0.003358,-0.000000,-0.000000,0.015340,2.502808,10,4
1780630803.611526,dhocbf_fixed,-0.032771,-47.151577,-0.652030,2.273583,1.854340,-0.503364,-45.597811,0.000000,45.000000,-2.862948,-0.563031,-0.238455,1,6.115578,0.757587,0.782878,0.666913,0.666913,0.620000,0.023845,0.487333,0.487333,0.108769,0.487386,0.168556,0.067974,inf,nan,0.000000,0.067974,0.067974,0.067974,-0.008889,-0.018112,0.078410,0.000000,0.000000,-0.000000,0.013277,2.365233,10,4
1780630803.720313,dhocbf_fixed,-0.112289,-46.927034,-0.938325,2.217280,1.852433,-0.532104,-45.366946,0.000000,45.000000,-1.312941,-0.643495,-0.240491,1,6.966990,0.599113,0.655798,0.530072,0.530072,0.620000,0.023922,0.479900,0.479900,0.110760,0.485318,0.158236,0.064118,inf,nan,0.000000,0.064118,0.064118,0.064118,-0.014384,-0.014359,0.073323,0.000000,0.000000,-0.000000,0.008275,2.407652,10,4
1780630803.813119,dhocbf_fixed,-0.212686,-46.708524,-1.069619,2.152931,1.846039,-0.560423,-45.139463,0.000000,45.000000,1.257342,1.251517,-0.238763,1,8.454594,0.373190,0.502090,0.381119,0.381119,0.620000,0.023724,0.380393,0.380393,0.110588,0.485688,0.136949,0.039505,inf,nan,0.000000,0.039505,0.039505,0.039505,-0.001008,-0.019420,0.048979,0.004356,0.000000,-0.000000,0.013358,2.403996,10,4
1780630803.924744,dhocbf_fixed,-0.313361,-46.486973,-0.943885,2.278083,1.828707,-0.589120,-44.908951,0.000000,45.000000,4.120616,0.109624,-0.234914,1,7.279952,0.352209,0.418588,0.302121,0.302121,0.620000,0.023977,0.302070,0.302070,0.113507,0.482516,0.113431,0.018222,inf,nan,0.000000,0.018222,0.018222,0.018222,-0.009787,-0.020150,0.030434,0.000000,0.000000,-0.000000,0.015096,2.465883,10,4
1780630804.014138,dhocbf_fixed,-0.387147,-46.258616,-0.531824,2.289045,1.754750,-0.618240,-44.675035,0.000000,45.000000,-3.384959,-6.335397,-0.224393,1,7.833580,0.295118,0.329442,0.216623,0.216623,0.699997,0.023274,0.216623,0.216623,0.108057,0.568666,0.122944,0.028707,inf,nan,0.000000,0.028707,0.028707,0.028707,-0.005073,-0.022764,0.041883,0.000001,0.000000,-0.000000,0.017537,2.350013,10,4
1780630804.126367,dhocbf_fixed,-0.457254,-46.061389,-0.870319,1.655505,1.946342,-0.643488,-44.472223,0.000000,45.000000,-7.713993,-0.805630,-0.241188,1,5.508755,0.299479,0.334292,0.226742,0.226742,0.664313,0.020839,0.226741,0.226741,0.086207,0.557268,0.152717,0.054105,inf,nan,0.000000,0.054105,0.054105,0.054105,-0.011956,-0.002480,0.063242,0.000000,0.002265,-0.000000,0.008383,1.870335,10,4
1780630804.219388,dhocbf_fixed,-0.582856,-45.899867,-1.641719,1.574942,1.754510,-0.665205,-44.297768,0.000000,45.000000,-3.897889,6.330500,-0.222953,1,11.623235,0.263342,0.269629,0.166399,0.166399,0.628525,0.022939,0.166399,0.166399,0.104565,0.501022,0.115618,0.022064,inf,nan,0.000000,0.022064,0.022064,0.022064,-0.013579,-0.016639,0.035238,0.004617,0.000000,-0.000000,0.023572,2.275013,10,4
1780630804.328760,dhocbf_fixed,-0.766517,-45.710720,-2.031508,2.207992,1.483304,-0.691196,-44.088993,0.000000,45.000000,4.680080,-6.488209,-0.187435,1,11.864911,0.383979,0.346851,0.236215,0.236215,0.731426,0.027935,0.236215,0.236215,0.139519,0.563972,-0.036338,-0.145151,inf,nan,0.000000,-0.145151,-0.145151,-0.145151,-0.118769,-0.041332,-0.000000,-0.000000,0.057388,-0.000000,0.147997,3.000375,10,4
1780630804.434743,dhocbf_fixed,-0.946267,-45.522362,-1.563500,1.559171,1.253777,-0.717029,-43.881474,0.000000,45.000000,5.866191,-5.439467,-0.152362,1,27.263464,0.310663,0.366610,0.256210,0.256210,0.620000,0.023694,0.256203,0.256203,0.101471,0.494835,-0.011983,-0.111616,inf,nan,0.000000,-0.111616,-0.111616,-0.111616,-0.068423,-0.031776,-0.000000,-0.000000,0.021498,-0.000000,0.110341,2.208064,10,4
1780630804.527641,dhocbf_fixed,-1.073286,-45.393642,-0.976881,1.015225,1.160278,-0.734748,-43.739147,0.000000,45.000000,5.662319,5.651384,-0.132436,1,9.990303,0.389403,0.464688,0.342630,0.342630,0.620000,0.020920,0.342593,0.342593,0.066274,0.532807,-0.038302,-0.148046,inf,nan,0.000000,-0.148046,-0.148046,-0.148046,-0.115987,-0.052517,-0.000000,-0.000000,0.008679,-0.000000,0.149511,1.408892,10,4
1780630804.613592,dhocbf_fixed,-1.142663,-45.263863,-0.410649,1.580363,1.511788,-0.751716,-43.602843,0.000000,45.000000,6.873125,-0.975272,-0.164880,1,8.276402,0.288783,0.308243,0.204088,0.204088,0.638325,0.022126,0.204088,0.204088,0.075815,0.540384,-0.038202,-0.148083,inf,nan,0.000000,-0.148083,-0.148083,-0.148083,-0.115339,-0.051724,-0.000000,-0.000000,0.026774,-0.000000,0.149564,1.632844,10,4
1780630804.723634,dhocbf_fixed,-1.149362,-45.110703,0.276664,1.482836,1.421361,-0.770594,-43.451200,0.000000,45.000000,-6.250057,-4.993675,-0.162089,1,8.884276,0.338546,0.304936,0.192994,0.192994,0.718558,0.021564,0.192994,0.192994,0.070483,0.626512,0.094767,-0.016043,inf,nan,0.000000,-0.016043,-0.016043,-0.016043,-0.038544,-0.006921,0.000000,-0.000000,0.019854,-0.000000,0.033046,1.508425,10,4
1780630804.810665,dhocbf_fixed,-1.152946,-44.987387,-0.348342,0.983468,1.631622,-0.785766,-43.329327,0.000000,45.000000,-2.330597,7.652994,-0.183247,1,6.676944,0.674247,0.775741,0.665766,0.665766,0.638403,0.020052,0.566223,0.566223,0.051238,0.567113,0.407177,0.310079,inf,nan,0.000000,0.310079,0.310079,0.310079,0.062553,-0.009520,0.322344,0.069241,0.000000,-0.000000,0.007143,1.043337,10,4
1780630804.919345,dhocbf_fixed,-1.199433,-44.850776,-0.581402,1.748768,1.268352,-0.803222,-43.189101,0.000000,45.000000,-1.520741,6.000178,-0.147808,1,5.527497,0.676024,0.695124,0.589733,0.589733,0.722134,0.023043,0.579589,0.579589,0.084991,0.614099,0.428229,0.331250,inf,nan,0.000000,0.331250,0.331250,0.331250,0.072063,-0.008700,0.342061,0.078603,0.000000,-0.000000,0.006149,1.842883,10,4
1780630805.010449,dhocbf_fixed,-1.265177,-44.645898,-0.733476,2.348786,1.151549,-0.829342,-42.979291,0.000000,45.000000,3.141483,5.532412,-0.125283,1,4.569254,0.719870,0.702160,0.584405,0.584405,0.815792,0.026555,0.583269,0.583269,0.113260,0.675978,0.534791,0.432976,inf,nan,0.000000,0.432976,0.432976,0.432976,0.108524,0.000468,0.441222,0.112464,0.000000,-0.000000,0.002795,2.460646,10,4
1780630805.125467,dhocbf_fixed,-1.322817,-44.383357,-0.419327,2.902027,1.317225,-0.862406,-42.713691,0.000000,45.000000,6.198805,2.406509,-0.136896,1,5.891231,0.657603,0.700196,0.594218,0.594218,0.892441,0.029816,0.593941,0.593941,0.136120,0.726506,0.548001,0.436712,inf,nan,0.000000,0.436712,0.436712,0.436712,0.093402,0.027727,0.439362,0.094282,0.028933,-0.000000,0.000001,2.932166,10,4
1780630805.210181,dhocbf_fixed,-1.333756,-44.081122,0.200553,3.142678,1.476034,-0.899624,-42.414727,0.000000,45.000000,3.420297,0.093771,-0.156206,1,5.353417,0.584647,0.708825,0.599780,0.599780,0.812092,0.031175,0.592221,0.592221,0.147009,0.633908,0.553997,0.447864,inf,nan,0.000000,0.447864,0.447864,0.447864,0.120441,-0.011416,0.442516,0.107512,0.000000,-0.000000,0.002571,3.149070,10,4
1780630805.320639,dhocbf_fixed,-1.296599,-43.766385,0.542583,3.152055,1.410259,-0.937640,-42.109348,0.000000,45.000000,0.167656,-3.086601,-0.152880,1,5.989783,0.569913,0.709424,0.584534,0.584534,0.858883,0.030961,0.583484,0.583484,0.149519,0.678403,0.553997,0.447864,inf,nan,0.000000,0.447864,0.447864,0.447864,0.144938,-0.013440,0.442516,0.152960,0.000000,-0.000000,0.002408,3.198413,10,4
1780630805.409704,dhocbf_fixed,-1.241503,-43.466613,0.559348,2.843395,1.358051,-0.973548,-41.820905,0.000000,45.000000,-1.896339,-4.031155,-0.145383,1,4.529928,0.594410,0.710872,0.599914,0.599914,0.940985,0.028148,0.599859,0.599859,0.134421,0.778416,0.569432,0.458442,inf,nan,0.000000,0.458442,0.458442,0.458442,0.179214,-0.007000,0.462721,0.185251,0.000000,-0.000000,0.002135,2.897890,10,4
1780630805.520441,dhocbf_fixed,-1.195050,-43.202429,0.369715,2.440279,1.436067,-1.005225,-41.566448,0.000000,45.000000,-4.420670,0.068039,-0.151072,1,5.272838,0.663692,0.736363,0.625476,0.625476,1.026844,0.024941,0.625473,0.625473,0.113614,0.888289,0.630162,0.532461,inf,nan,0.000000,0.532461,0.532461,0.532461,0.201364,-0.003634,0.542742,0.208062,0.000000,-0.000000,0.002798,2.468127,10,4
1780630805.602807,dhocbf_fixed,-1.180181,-42.958061,-0.072353,2.447083,1.464919,-1.034955,-41.327632,0.000000,45.000000,1.281755,3.664989,-0.154669,1,4.080288,0.776666,0.838630,0.732517,0.732517,1.114090,0.024608,0.732511,0.732511,0.112669,0.976813,0.761962,0.663477,inf,nan,0.000000,0.663477,0.663477,0.663477,0.180009,0.003957,0.663275,0.185750,0.014961,-0.000000,0.000001,2.448152,10,4
1780630805.722395,dhocbf_fixed,-1.181008,-42.695028,0.055823,2.813582,1.510189,-1.067213,-41.068511,0.000000,45.000000,0.862296,2.274132,-0.159505,1,6.339397,0.828490,0.926827,0.814318,0.814318,1.184333,0.026784,0.814301,0.814301,0.130293,1.027256,0.764484,0.665816,inf,nan,0.000000,0.665816,0.665816,0.665816,0.182347,0.063766,0.665831,0.188306,0.077906,-0.000000,0.000000,2.814136,10,4
1780630805.804214,dhocbf_fixed,-1.171114,-42.402299,0.142053,3.040995,1.522237,-1.102948,-40.781463,0.000000,45.000000,0.041537,1.109313,-0.161003,1,4.248505,2.390760,2.460432,2.347138,2.347138,2.562890,0.028228,2.341899,2.341899,0.141720,2.392941,2.454379,2.354128,inf,nan,0.000000,2.354128,2.354128,2.354128,1.009460,0.213407,2.372105,1.014792,0.220563,-0.000000,0.000000,3.044311,10,4
1780630805.922680,dhocbf_fixed,-1.156701,-42.092653,0.146206,3.151926,1.525730,-1.140687,-40.478309,0.000000,45.000000,-0.503233,0.471345,-0.160726,1,6.951969,2.694617,2.762710,2.649782,2.649782,2.606507,0.028889,2.430279,2.430279,0.147326,2.430292,2.758049,2.657350,inf,nan,0.000000,2.657350,2.657350,2.657350,1.108814,0.205394,2.675265,1.114109,0.211580,-0.000000,0.000000,3.155316,10,4
1780630806.007085,dhocbf_fixed,-1.144597,-41.775104,0.095883,3.199061,1.542609,-1.179430,-40.167090,0.000000,45.000000,-0.773781,0.157690,-0.161465,1,5.345064,3.006960,3.074266,2.961360,2.961360,2.660538,0.029107,2.481806,2.481806,0.149625,2.481806,3.070139,2.968959,inf,nan,0.000000,2.968959,2.968959,2.968959,1.203312,0.191829,2.986794,1.210233,0.202053,-0.000000,0.000000,3.200497,10,4
1780630806.114328,dhocbf_fixed,-1.138877,-41.454409,0.018505,3.214830,1.568767,-1.218657,-39.851990,0.000000,45.000000,-0.851012,0.014235,-0.163464,1,5.960755,3.322179,3.389161,3.276067,3.276067,2.726410,0.029134,2.546917,2.546917,0.150360,2.546917,3.385050,3.283355,inf,nan,0.000000,3.283355,3.283355,3.283355,1.223103,0.189183,3.301004,1.230420,0.200970,-0.000000,0.000000,3.214883,10,4
1780630806.207966,dhocbf_fixed,-1.141282,-41.132855,-0.066596,3.216253,1.596920,-1.258113,-39.535049,0.000000,45.000000,-0.809087,-0.043970,-0.165982,1,5.266842,3.637772,3.704498,3.591143,3.591143,2.802576,0.029102,2.623009,2.623009,0.150465,2.623009,3.700285,3.590749,inf,nan,0.000000,3.590749,3.590749,3.590749,1.226955,0.256314,3.600941,1.237191,0.254534,-0.000000,0.000000,3.216943,10,4
1780630806.323315,dhocbf_fixed,-1.151987,-40.811449,-0.147505,3.211856,1.622713,-1.297677,-39.217236,0.000000,45.000000,-0.703831,-0.060835,-0.168356,1,7.528351,3.881042,3.952049,3.840504,3.840504,2.887722,0.029063,2.708281,2.708281,0.150378,2.708281,3.847096,3.740479,inf,nan,0.000000,3.740479,3.740479,3.740479,1.242642,0.283291,3.757849,1.249074,0.284463,-0.000000,0.000000,3.215242,10,4
1780630806.407359,dhocbf_fixed,-1.170257,-40.490568,-0.217888,3.205773,1.644348,-1.337292,-38.899012,0.000000,45.000000,-0.573606,-0.058770,-0.170227,1,5.173317,4.001513,4.063501,3.953981,3.953981,2.980787,0.029036,2.801479,2.801479,0.150272,2.801479,3.964284,3.860977,inf,nan,0.000000,3.860977,3.860977,3.860977,1.292745,0.295232,3.879568,1.298774,0.296406,-0.000000,0.000000,3.213169,10,4
1780630806.523662,dhocbf_fixed,-1.194913,-40.170284,-0.275249,3.199896,1.661447,-1.376932,-38.580593,0.000000,45.000000,-0.442631,-0.049140,-0.171466,1,7.781478,4.135845,4.189078,4.080966,4.080966,3.080880,0.029020,2.901662,2.901662,0.150198,2.901662,4.096790,3.995429,inf,nan,0.000000,3.995429,3.995429,3.995429,1.346980,0.307922,4.014471,1.352999,0.309100,-0.000000,0.000000,3.211712,10,4
1780630806.607686,dhocbf_fixed,-1.224651,-39.850541,-0.319512,3.194982,1.674305,-1.416583,-38.262084,0.000000,45.000000,-0.324582,-0.037594,-0.172077,1,5.454132,4.285094,4.328779,4.221797,4.221797,3.187234,0.029012,3.008065,3.008065,0.150157,3.008065,4.244314,4.143780,inf,nan,0.000000,4.143780,4.143780,4.143780,1.405146,0.321251,4.163128,1.411134,0.322433,-0.000000,0.000000,3.210918,10,4
1780630806.722910,dhocbf_fixed,-1.258226,-39.531230,-0.351970,3.191222,1.683514,-1.456240,-37.943531,0.000000,45.000000,-0.225787,-0.026781,-0.172130,1,8.714035,4.446436,4.482508,4.376387,4.376387,3.299177,0.029009,3.120028,3.120028,0.150140,3.120028,4.406429,4.305793,inf,nan,0.000000,4.305793,4.305793,4.305793,1.466955,0.335131,4.325323,1.472904,0.336315,-0.000000,0.000000,3.210574,10,4
1780630806.808997,dhocbf_fixed,-1.294551,-39.212242,-0.374549,3.188544,1.689761,-1.495899,-37.624957,0.000000,45.000000,5.733577,-5.579077,-0.171714,1,7.844639,0.805294,0.782713,0.672255,0.672255,0.669926,0.029009,0.490734,0.490734,0.150134,0.490784,0.255346,0.154438,inf,nan,0.000000,0.154438,0.154438,0.154438,-0.023226,0.002631,0.166898,-0.000000,0.000000,-0.000000,0.016042,3.210468,10,4
1780630806.920825,dhocbf_fixed,-1.303338,-38.921283,0.198809,2.630637,1.441276,-1.531701,-37.337361,0.000000,45.000000,3.333520,-2.028171,-0.143453,1,5.926096,0.564704,0.583622,0.479274,0.479274,0.765066,0.024998,0.479055,0.479055,0.121734,0.618334,0.264501,0.168455,inf,nan,0.000000,0.168455,0.168455,0.168455,-0.014949,0.017930,0.183282,0.000000,0.021051,-0.000000,0.008969,2.638138,10,4
1780630807.010133,dhocbf_fixed,-1.266790,-38.668360,0.532161,2.427820,1.526807,-1.562149,-37.092779,0.000000,45.000000,-4.741967,3.104105,-0.144782,1,4.135164,0.422702,0.471857,0.363567,0.363567,0.878551,0.024116,0.363567,0.363567,0.114435,0.740000,0.267183,0.169491,inf,nan,0.000000,0.169491,0.169491,0.169491,0.003470,0.024545,0.183762,0.005676,0.027789,-0.000000,0.000000,2.485458,10,4
1780630807.119100,dhocbf_fixed,-1.237284,-38.410058,0.057964,2.738230,1.519514,-1.593364,-36.842035,0.000000,45.000000,-3.786045,2.045372,-0.143392,1,4.582788,0.376131,0.489823,0.382620,0.382620,0.973929,0.025807,0.382620,0.382620,0.126613,0.821509,0.322801,0.222678,inf,nan,0.000000,0.222678,0.222678,0.222678,0.051988,0.029163,0.236792,0.056407,0.038370,-0.000000,0.000000,2.738844,10,4
1780630807.209774,dhocbf_fixed,-1.250417,-38.126008,-0.320640,2.942767,1.591648,-1.628386,-36.560710,0.000000,45.000000,-2.228429,1.033429,-0.149984,1,3.753663,0.370319,0.492687,0.385202,0.385202,1.057313,0.027370,0.385202,0.385202,0.137513,0.892430,0.345603,0.244690,inf,nan,0.000000,0.244690,0.244690,0.244690,0.140223,0.049524,0.258660,0.142749,0.050975,-0.000000,0.000000,2.960184,10,4
1780630807.320932,dhocbf_fixed,-1.293624,-37.826564,-0.543483,3.046110,1.683069,-1.665754,-36.260540,0.000000,45.000000,-1.069926,0.504964,-0.160626,1,5.018928,0.376701,0.495773,0.382779,0.382779,1.167160,0.028330,0.382779,0.382779,0.144233,0.994597,0.384222,0.286735,inf,nan,0.000000,0.286735,0.286735,0.286735,0.177407,0.055216,0.300487,0.179440,0.061214,-0.000000,0.000000,3.094214,10,4
1780630807.409617,dhocbf_fixed,-1.353322,-37.519428,-0.650476,3.096607,1.742809,-1.704317,-35.950773,0.000000,45.000000,-0.319485,0.264450,-0.168763,1,3.723451,0.397091,0.566308,0.458549,0.458549,1.297242,0.028810,0.458549,0.458549,0.147777,1.120655,0.481088,0.370688,inf,nan,0.000000,0.370688,0.370688,0.370688,0.206662,0.108526,0.380660,0.215232,0.109673,-0.000000,0.000000,3.164189,10,4
1780630807.520561,dhocbf_fixed,-1.419967,-37.208445,-0.682424,3.123052,1.768398,-1.743457,-35.636366,0.000000,45.000000,0.123836,0.159446,-0.172503,1,4.962894,0.571019,0.677689,0.563529,0.563529,1.438849,0.029008,0.563529,0.563529,0.149434,1.260408,0.570557,0.466073,inf,nan,0.000000,0.466073,0.466073,0.466073,0.310911,0.124324,0.481496,0.317353,0.125394,-0.000000,0.000000,3.196741,10,4
1780630807.602648,dhocbf_fixed,-1.487590,-36.895343,-0.670041,3.138996,1.771544,-1.782872,-35.319752,0.000000,45.000000,0.353507,0.112038,-0.172675,1,5.102901,0.774867,0.798765,0.693906,0.693906,1.583098,0.029066,0.693906,0.693906,0.150096,1.403937,0.738125,0.637161,inf,nan,0.000000,0.637161,0.637161,0.637161,0.415832,0.128983,0.654400,0.422123,0.131821,-0.000000,0.000000,3.209712,10,4
1780630807.731823,dhocbf_fixed,-1.552826,-36.580883,-0.634690,3.150200,1.763189,-1.822417,-35.002094,0.000000,45.000000,3.084882,-7.381294,-0.170701,1,14.277230,1.000442,0.999261,0.894637,0.894637,0.620000,0.029066,0.440645,0.440645,0.150289,0.440645,0.606535,0.508756,inf,nan,0.000000,0.508756,0.508756,0.508756,0.083105,-0.050540,0.526052,0.088995,0.000000,-0.000000,0.049621,3.213501,10,4
1780630807.804574,dhocbf_fixed,-1.600871,-36.302769,-0.326202,2.412071,1.615702,-1.857244,-34.722335,0.000000,45.000000,2.844100,-0.196559,-0.153050,1,6.422440,1.482924,1.458994,1.344858,1.344858,0.662641,0.023772,0.526867,0.526867,0.112002,0.526867,0.354082,0.252042,inf,nan,0.000000,0.252042,0.252042,0.252042,0.030726,-0.005680,0.266558,0.034944,0.000000,-0.000000,0.005860,2.434028,10,4
1780630807.913277,dhocbf_fixed,-1.619271,-36.062545,-0.041792,2.392415,1.665849,-1.886974,-34.483521,0.000000,45.000000,2.519915,0.874881,-0.153117,1,7.646466,1.260320,1.236458,1.123772,1.123772,0.656009,0.023543,0.522406,0.522406,0.110061,0.522406,0.299809,0.197563,inf,nan,0.000000,0.197563,0.197563,0.197563,0.028577,-0.007323,0.211344,0.033473,0.000000,-0.000000,0.006321,2.392780,10,4
1780630808.009594,dhocbf_fixed,-1.610850,-35.818929,0.210200,2.479903,1.719341,-1.916710,-34.244655,0.000000,45.000000,1.215200,1.477157,-0.157977,1,5.971708,1.055874,1.032760,0.921717,0.921717,0.657706,0.024150,0.518963,0.518963,0.114593,0.518963,0.301458,0.205832,inf,nan,0.000000,0.205832,0.205832,0.205832,0.034887,-0.006374,0.221190,0.039450,0.000000,-0.000000,0.005045,2.488795,10,4
1780630808.115849,dhocbf_fixed,-1.583754,-35.563553,0.331720,2.627618,1.761610,-1.947603,-33.996498,0.000000,45.000000,-1.253753,1.570461,-0.162790,1,3.774064,0.868048,0.850283,0.742596,0.742596,0.620000,0.025240,0.472526,0.472526,0.122233,0.472528,0.327995,0.229842,inf,nan,0.000000,0.229842,0.229842,0.229842,0.038452,-0.001784,0.238017,0.043644,0.000000,-0.000000,0.002373,2.648474,10,4
1780630808.211996,dhocbf_fixed,-1.556851,-35.292939,0.206345,2.784665,1.765495,-1.980367,-33.733312,0.000000,45.000000,-4.213794,1.071265,-0.163366,1,7.000513,0.693238,0.699959,0.595743,0.595743,0.620000,0.026333,0.464157,0.464157,0.129223,0.464444,0.326229,0.213354,inf,nan,0.000000,0.213354,0.213354,0.213354,0.016146,-0.004932,0.224375,0.020825,0.000000,-0.000000,0.002094,2.792299,10,4
1780630808.324579,dhocbf_fixed,-1.557285,-35.009116,-0.215035,2.891791,1.734292,-2.015167,-33.453767,0.000000,45.000000,-3.527535,-1.010381,-0.159068,1,9.212718,0.513907,0.595884,0.488790,0.488790,0.620000,0.027177,0.449860,0.449860,0.134514,0.458309,0.274762,0.179059,inf,nan,0.000000,0.179059,0.179059,0.179059,0.011482,-0.011905,0.191217,0.016206,0.000000,-0.000000,0.008775,2.899775,10,4
1780630808.410900,dhocbf_fixed,-1.596427,-34.724989,-0.567788,2.790753,1.807721,-2.050595,-33.169178,0.000000,45.000000,-2.142679,-4.233876,-0.164967,1,8.451853,0.375073,0.526459,0.415678,0.415678,0.620000,0.026807,0.410398,0.410398,0.131954,0.461239,0.261879,0.143779,inf,nan,0.000000,0.143779,0.143779,0.143779,0.029399,-0.014519,0.136553,0.020273,0.000000,-0.000000,0.013741,2.847926,10,4
1780630808.517322,dhocbf_fixed,-1.663919,-34.467083,-0.782056,2.367365,1.938745,-2.083242,-32.906934,0.000000,45.000000,-1.079022,-7.113127,-0.179651,1,10.584173,0.384337,0.516660,0.408376,0.408376,0.620000,0.024424,0.406195,0.406195,0.114802,0.480774,0.178955,0.081047,inf,nan,0.000000,0.081047,0.081047,0.081047,-0.003088,-0.016210,0.087826,0.007807,0.000000,-0.000000,0.017250,2.493197,10,4
1780630808.607789,dhocbf_fixed,-1.747520,-34.265912,-0.889958,1.656053,2.072333,-2.109179,-32.698585,0.000000,45.000000,5.373167,-5.822985,-0.196718,1,10.610589,0.392059,0.542700,0.421599,0.421599,0.620000,0.021059,0.420429,0.420429,0.086638,0.512303,0.153679,0.048635,inf,nan,0.000000,0.048635,0.048635,0.048635,-0.010694,-0.020331,0.049826,0.000000,0.000000,-0.000000,0.018362,1.880036,10,4
1780630808.745045,dhocbf_fixed,-1.809650,-34.129422,-0.352642,1.073754,1.712674,-2.126859,-32.556561,0.000000,45.000000,7.230468,-0.650103,-0.160562,1,21.099113,0.380755,0.460012,0.333473,0.333473,0.620000,0.018267,0.333457,0.333457,0.054750,0.546983,0.124485,0.029220,inf,nan,0.000000,0.029220,0.029220,0.029220,-0.010045,-0.026546,0.036544,0.000000,-0.000000,-0.000000,0.015984,1.130179,10,4
1780630808.803297,dhocbf_fixed,-1.808761,-34.025297,0.370405,1.008744,1.653226,-2.139611,-32.454134,0.000000,45.000000,-3.610948,7.138701,-0.144021,1,6.826201,2.766159,2.950328,2.845440,2.845440,2.698724,0.018143,2.628069,2.628069,0.052498,2.628083,2.894556,2.794395,inf,nan,0.000000,2.794395,2.794395,2.794395,0.907738,0.278143,2.814461,0.913787,0.279348,-0.000000,0.000000,1.074599,10,4
1780630808.917900,dhocbf_fixed,-1.789776,-33.888729,0.009310,1.722614,1.538724,-2.156063,-32.321978,0.000000,45.000000,-3.575807,6.846157,-0.126495,1,6.973441,2.828542,3.026634,2.921265,2.921265,2.762571,0.020389,2.662468,2.662468,0.079711,2.662471,2.959675,2.859478,inf,nan,0.000000,2.859478,2.859478,2.859478,0.999400,0.285126,2.879573,1.005444,0.286338,-0.000000,0.000000,1.722639,10,4
1780630809.006359,dhocbf_fixed,-1.806724,-33.682237,-0.348270,2.407230,1.491543,-2.181635,-32.116559,0.000000,45.000000,-2.062692,3.775591,-0.116166,1,7.013201,2.966537,3.168529,3.063132,3.063132,2.855873,0.023947,2.720006,2.720006,0.111920,2.720006,3.101739,3.001035,inf,nan,0.000000,3.001035,3.001035,3.001035,1.104702,0.290602,3.021145,1.110731,0.291815,-0.000000,0.000000,2.432292,10,4
1780630809.115479,dhocbf_fixed,-1.851864,-33.422636,-0.554540,2.784789,1.596566,-2.214148,-31.855386,0.000000,45.000000,-0.920649,1.882376,-0.124273,1,8.584098,3.168540,3.352048,3.247070,3.247070,2.966964,0.026494,2.808932,2.808932,0.131538,2.808932,3.307196,3.205426,inf,nan,0.000000,3.205426,3.205426,3.205426,1.203602,0.301432,3.225533,1.209622,0.302646,-0.000000,0.000000,2.839465,10,4
1780630809.206492,dhocbf_fixed,-1.911921,-33.134745,-0.646605,2.973026,1.693806,-2.250357,-31.564527,0.000000,45.000000,-0.213554,0.930668,-0.136093,1,7.442116,3.408157,3.579029,3.472580,3.472580,3.094936,0.027879,2.925426,2.925426,0.141631,2.925426,3.550682,3.447400,inf,nan,0.000000,3.447400,3.447400,3.447400,1.297012,0.315348,3.467495,1.303035,0.316565,-0.000000,0.000000,3.042529,10,4
1780630809.322548,dhocbf_fixed,-1.977650,-32.832789,-0.667960,3.066093,1.742402,-2.288377,-31.259121,0.000000,45.000000,0.181293,0.476601,-0.143467,1,10.164070,3.668555,3.834763,3.726474,3.726474,3.234232,0.028541,3.059243,3.059243,0.146448,3.059243,3.815284,3.710192,inf,nan,0.000000,3.710192,3.710192,3.710192,1.387171,0.330974,3.730281,1.393204,0.332193,-0.000000,0.000000,3.138008,10,4
1780630809.406074,dhocbf_fixed,-2.043539,-32.523797,-0.649831,3.113753,1.756442,-2.327261,-30.946767,0.000000,45.000000,0.371086,0.260789,-0.145921,1,7.216469,3.940594,4.105719,3.996060,3.996060,3.379946,0.028830,3.202492,3.202492,0.148624,3.202492,4.091393,3.984306,inf,nan,0.000000,3.984306,3.984306,3.984306,1.475703,0.347568,4.004401,1.481752,0.348791,-0.000000,0.000000,3.180839,10,4
1780630809.517654,dhocbf_fixed,-2.106667,-32.211118,-0.612722,3.139832,1.753052,-2.366556,-30.631121,0.000000,45.000000,0.432938,0.155200,-0.145230,1,7.587149,4.219860,4.384577,4.273994,4.273994,3.529364,0.028946,3.350866,3.350866,0.149552,3.350866,4.373911,4.264718,inf,nan,0.000000,4.264718,4.264718,4.264718,1.563615,0.364740,4.284832,1.569682,0.365966,-0.000000,0.000000,3.199058,10,4
1780630809.605278,dhocbf_fixed,-2.165774,-31.896359,-0.569428,3.155352,1.742848,-2.406044,-30.313919,0.000000,45.000000,0.420167,0.100110,-0.143015,1,6.392815,4.503622,4.667870,4.556612,4.556612,3.681103,0.028989,3.502192,3.502192,0.149922,3.502192,4.660281,4.548917,inf,nan,0.000000,4.548917,4.548917,4.548917,1.651497,0.382277,4.569064,1.657584,0.383506,-0.000000,0.000000,3.206321,10,4
1780630809.717972,dhocbf_fixed,-2.220616,-31.580323,-0.527411,3.165363,1.731238,-2.445624,-29.995984,0.000000,45.000000,0.368638,0.068447,-0.140280,1,7.493578,4.790545,4.954049,4.842219,4.842219,3.834447,0.029002,3.655385,3.655385,0.150059,3.655385,4.948285,4.835739,inf,nan,0.000000,4.835739,4.835739,4.835739,1.739678,0.400061,4.855928,1.745784,0.401292,-0.000000,0.000000,3.209001,10,4
1780630809.802596,dhocbf_fixed,-2.271514,-31.263444,-0.490548,3.172208,1.720637,-2.485247,-29.677701,0.000000,45.000000,0.301550,0.048185,-0.137543,1,4.136417,1.110114,1.179918,1.068914,1.068914,1.934167,0.029006,1.068914,1.068914,0.150106,1.755055,1.179076,1.079685,inf,nan,0.000000,1.079685,1.079685,1.079685,0.643158,0.184321,1.098244,0.649133,0.185494,-0.000000,0.000000,3.209913,10,4
1780630809.913841,dhocbf_fixed,-2.319061,-30.945983,-0.460393,3.177026,1.711928,-2.524890,-29.359256,0.000000,45.000000,0.233041,0.034031,-0.135029,1,5.439257,1.429329,1.499299,1.388246,1.388246,2.054117,0.029007,1.388246,1.388246,0.150121,1.874988,1.499068,1.398938,inf,nan,0.000000,1.398938,1.398938,1.398938,0.739261,0.095816,1.417903,0.745238,0.104753,-0.000000,0.000000,3.210211,10,4
1780630809.994985,dhocbf_fixed,-2.363935,-30.628110,-0.437088,3.180429,1.705261,-2.564542,-29.040733,0.000000,45.000000,0.170939,0.023640,-0.132809,1,3.285779,1.749006,1.818971,1.707883,1.707883,2.025728,0.029007,1.707661,1.707661,0.150127,1.846594,1.819240,1.718518,inf,nan,0.000000,1.718518,1.718518,1.718518,0.810605,0.035260,1.737771,0.816447,0.044814,-0.000000,0.000000,3.210324,10,4
1780630810.131645,dhocbf_fixed,-2.406789,-30.309949,-0.419994,3.182793,1.700448,-2.592000,-28.721417,0.000000,45.000000,0.227528,0.022663,-0.130879,1,15.928651,2.068962,2.138840,2.027730,2.027730,2.004644,0.028993,1.825497,1.825497,0.150130,1.825521,2.139538,2.038328,inf,nan,0.000000,2.038328,2.038328,2.038328,0.794233,0.027423,2.057793,0.801168,0.031779,-0.000000,0.000000,3.210385,10,4
1780630810.205649,dhocbf_fixed,-2.447651,-29.991556,-0.397242,3.185060,1.692965,-2.592000,-28.400416,0.000000,45.000000,0.494742,0.035759,-0.128742,1,5.667395,2.389041,2.458875,2.347720,2.347720,1.982660,0.028955,1.803609,1.803609,0.150097,1.803609,2.459871,2.358245,inf,nan,0.000000,2.358245,2.358245,2.358245,0.777266,0.032208,2.377865,0.783372,0.034710,-0.000000,0.000000,3.209736,10,4
1780630810.311628,dhocbf_fixed,-2.484902,-29.672871,-0.347767,3.188636,1.675449,-2.592000,-28.079570,0.000000,45.000000,0.627034,0.040114,-0.125476,1,7.296454,2.708946,2.778935,2.667656,2.667656,1.974730,0.028922,1.795824,1.795824,0.149985,1.795824,2.751853,2.651700,inf,nan,0.000000,2.651700,2.651700,2.651700,0.766655,0.025595,2.671256,0.772698,0.027913,-0.000000,0.000000,3.207544,10,4
1780630810.405592,dhocbf_fixed,-2.516543,-29.353807,-0.285064,3.192647,1.654722,-2.592000,-27.759041,0.000000,45.000000,0.640503,0.035685,-0.121598,1,7.080248,2.940787,3.026966,2.909343,2.909343,1.982567,0.028897,1.803797,1.803797,0.149873,1.803797,2.745011,2.644869,inf,nan,0.000000,2.644869,2.644869,2.644869,0.762854,0.156060,2.664507,0.768911,0.157206,-0.000000,0.000000,3.205348,10,4
1780630810.520655,dhocbf_fixed,-2.541847,-29.034364,-0.221014,3.196216,1.634532,-2.592000,-27.438919,0.000000,45.000000,0.582584,0.025560,-0.117650,1,9.292360,2.856107,2.960380,2.845663,2.845663,2.006878,0.028879,1.828202,1.828202,0.149796,1.828202,2.744094,2.644019,inf,nan,0.000000,2.644019,2.644019,2.644019,0.763881,0.164331,2.663688,0.769887,0.165603,-0.000000,0.000000,3.203848,10,4
1780630810.605449,dhocbf_fixed,-2.561035,-28.714615,-0.162755,3.198772,1.616754,-2.592000,-27.114615,0.000000,45.000000,0.490529,0.054023,-0.113973,1,7.639195,2.789213,2.917621,2.802443,2.802443,2.048033,0.028957,1.869328,1.869328,0.149748,1.869328,2.744359,2.643574,inf,nan,0.000000,2.643574,2.643574,2.643574,0.774352,0.174790,2.663108,0.780440,0.175922,-0.000000,0.000000,3.202909,10,4
1780630810.712857,dhocbf_fixed,-2.574858,-28.394467,-0.113702,3.204174,1.602317,-2.592000,-26.794467,0.000000,45.000000,0.388975,0.032186,-0.110751,1,3.466556,2.738025,2.902788,2.782169,2.782169,2.104026,0.028978,1.925132,1.925132,0.149916,1.925132,2.744359,2.643574,inf,nan,0.000000,2.643574,2.643574,2.643574,0.794624,0.186982,2.663108,0.800628,0.188020,-0.000000,0.000000,3.206191,10,4
1780630810.835734,dhocbf_fixed,-2.584284,-28.073889,-0.074805,3.207393,1.590972,-2.592000,-26.473889,0.000000,45.000000,0.295230,-1.991190,-1.399507,0,27.978178,0.552771,0.518161,0.400980,0.400980,0.620000,0.028992,0.394683,0.394683,0.150022,0.440986,-0.107159,-0.211446,inf,nan,0.000000,-0.211446,-0.211446,-0.211446,-0.177699,-0.122729,-0.066510,-0.046045,-0.001669,-0.066510,0.240000,3.208265,10,4
1780630810.912265,dhocbf_fixed,-2.590288,-27.763106,-0.045282,3.008274,1.576886,-2.592000,-26.163106,0.000000,45.000000,6.414299,-4.780876,-0.419711,1,12.329788,0.299646,0.276042,0.167976,0.167976,0.620000,0.027502,0.167975,0.167975,0.139931,0.452567,0.033005,-0.060797,inf,nan,0.000000,-0.060797,-0.060797,-0.060797,-0.152006,-0.122904,-0.000000,-0.000000,-0.000000,-0.000000,0.153163,3.008614,10,4
1780630811.024230,dhocbf_fixed,-2.562745,-27.486183,0.596148,2.530186,1.353465,-2.592000,-25.886183,0.000000,45.000000,-5.636730,-2.256780,-0.147734,1,18.330871,0.377050,0.527570,0.417958,0.417958,0.620000,0.024754,0.414363,0.414363,0.119874,0.475371,0.187806,0.085400,inf,nan,0.000000,0.085400,0.085400,0.085400,0.004420,-0.015255,0.085555,0.006337,0.000000,-0.000000,0.011673,2.599468,10,4
1780630811.131617,dhocbf_fixed,-2.531314,-27.244448,0.032475,2.304508,1.600972,-2.592000,-25.644448,0.000000,45.000000,-6.633621,-4.471585,-0.105739,1,13.098768,0.373980,0.543708,0.427169,0.427169,0.620000,0.023038,0.424264,0.424264,0.105945,0.491017,0.147549,0.046900,inf,nan,0.000000,0.046900,0.046900,0.046900,-0.001616,-0.019395,0.048038,0.000000,0.000000,-0.000000,0.014328,2.304737,10,4
1780630811.213140,dhocbf_fixed,-2.561234,-27.036355,-0.630887,1.857350,1.805024,-2.592000,-25.436355,0.000000,45.000000,-2.281768,-6.111487,-0.116780,1,9.905668,0.388325,0.546078,0.425728,0.425728,0.620000,0.021263,0.424191,0.424191,0.090274,0.508462,0.126385,0.023955,inf,nan,0.000000,0.023955,0.023955,0.023955,-0.004140,-0.020974,0.026640,0.000000,0.000000,-0.000000,0.016262,1.961572,10,4
1780630811.324679,dhocbf_fixed,-2.635732,-26.881178,-0.859064,1.246201,1.849933,-2.592000,-25.281178,0.000000,45.000000,1.916194,-4.590221,-0.123682,1,12.020843,0.371096,0.463643,0.345398,0.345398,0.673619,0.019402,0.345391,0.345391,0.070704,0.583514,0.112295,0.009375,inf,nan,0.000000,0.009375,0.009375,0.009375,-0.005303,-0.018554,0.013619,0.000000,0.000000,-0.000000,0.014830,1.513607,10,4
1780630811.413499,dhocbf_fixed,-2.712057,-26.779509,-0.667445,0.787179,1.613386,-2.592000,-25.179509,0.000000,45.000000,3.646980,-1.526867,-0.098859,1,9.562516,0.371948,0.351424,0.238902,0.238902,0.706833,0.018012,0.238902,0.238902,0.050785,0.638036,0.104163,0.000444,inf,nan,0.000000,0.000444,0.000444,0.000444,-0.005963,-0.011255,0.005274,0.000000,0.000000,-0.000000,0.009300,1.032053,10,4
1780630811.529766,dhocbf_fixed,-2.760567,-26.708425,-0.302747,0.634492,1.500245,-2.592000,-25.108425,0.000000,45.000000,3.141594,-0.457082,-0.079700,1,10.763131,0.318797,0.279718,0.169277,0.169277,0.734947,0.017418,0.169277,0.169277,0.037841,0.679688,0.098624,-0.005759,inf,nan,0.000000,-0.005759,-0.005759,-0.005759,-0.007299,-0.006375,0.000000,0.000000,0.000000,-0.000000,0.006434,0.703019,10,4
1780630811.613301,dhocbf_fixed,-2.775133,-26.647261,0.011413,0.588784,1.476102,-2.592000,-25.047261,0.000000,45.000000,1.902315,-0.931115,-0.071771,1,10.065936,0.266429,0.232336,0.099568,0.099568,0.763012,0.017274,0.099568,0.099568,0.033478,0.712259,0.100162,-0.006991,inf,nan,0.000000,-0.006991,-0.006991,-0.006991,-0.006975,-0.010251,0.000000,0.000000,0.000000,-0.000000,0.007974,0.588894,10,4
1780630811.717638,dhocbf_fixed,-2.764481,-26.593039,0.201644,0.495672,1.451060,-2.592000,-24.993039,0.000000,45.000000,0.095909,-0.097045,-0.066602,1,11.855312,0.275411,0.235062,0.119602,0.119602,0.788425,0.017177,0.119602,0.119602,0.031445,0.739803,0.106693,-0.003513,inf,nan,0.000000,-0.003513,-0.003513,-0.003513,-0.006248,-0.014080,0.000000,0.000000,0.000000,-0.000000,0.010433,0.535118,10,4
1780630811.811569,dhocbf_fixed,-2.743837,-26.543957,0.211235,0.485968,1.457758,-2.592000,-24.943957,0.000000,45.000000,-1.568643,-1.552225,-0.065612,1,8.350041,0.266642,0.229717,0.110583,0.110583,0.781594,0.017127,0.110583,0.110583,0.031248,0.733219,0.114534,0.003403,inf,nan,0.000000,0.003403,0.003403,0.003403,-0.003062,-0.001232,0.000000,0.000000,0.002113,-0.000000,0.005145,0.529892,10,4
1780630811.928663,dhocbf_fixed,-2.730556,-26.503121,0.054371,0.330745,1.492261,-2.592000,-24.903121,0.000000,45.000000,0.994155,1.770059,-0.068701,1,10.833444,0.262619,0.236546,0.121631,0.121631,0.805223,0.016900,0.121631,0.121631,0.024012,0.764311,0.102444,-0.010352,inf,nan,0.000000,-0.010352,-0.010352,-0.010352,-0.007656,-0.008097,0.000000,0.000000,0.000000,-0.000000,0.007911,0.335185,10,4
1780630812.013021,dhocbf_fixed,-2.720148,-26.461196,0.153786,0.507751,1.504054,-2.592000,-24.861196,0.000000,45.000000,-0.338370,7.334971,-0.070317,1,8.592507,0.308692,0.349816,0.211668,0.211668,0.929262,0.017084,0.211668,0.211668,0.031272,0.880905,0.140362,0.026000,inf,nan,0.000000,0.026000,0.026000,0.026000,-0.023140,-0.022484,0.021988,-0.000000,0.000000,-0.000000,0.029229,0.530530,10,4
1780630812.121836,dhocbf_fixed,-2.706462,-26.373746,0.119949,1.241248,1.430664,-2.592000,-24.773746,0.000000,45.000000,-0.954936,6.358288,-0.062280,1,5.567909,0.294300,0.348125,0.230716,0.230716,0.972495,0.018591,0.230716,0.230716,0.059534,0.894370,0.183990,0.068788,inf,nan,0.000000,0.068788,0.068788,0.068788,-0.010946,0.011853,0.061457,-0.000000,0.018854,-0.000000,0.014787,1.247031,10,4
1780630812.209262,dhocbf_fixed,-2.699241,-26.217830,0.024456,1.877077,1.367775,-2.592000,-24.617830,0.000000,45.000000,0.774740,6.397886,-0.053024,1,4.390966,0.267510,0.352579,0.239470,0.239470,1.054045,0.020944,0.239470,0.239470,0.086513,0.946588,0.224726,0.106989,inf,nan,0.000000,0.106989,0.106989,0.106989,0.020271,0.080995,0.099037,0.015578,0.081415,-0.000000,0.000000,1.877236,10,4
1780630812.323905,dhocbf_fixed,-2.692922,-25.998133,0.101930,2.516866,1.439314,-2.592000,-24.398133,0.000000,45.000000,0.504806,3.560875,-0.058159,1,5.866869,0.290937,0.409014,0.291749,0.291749,1.163468,0.024320,0.291749,0.291749,0.116025,1.023123,0.250937,0.143701,inf,nan,0.000000,0.143701,0.143701,0.143701,0.110069,0.102056,0.139008,0.103344,0.102132,-0.000000,0.000000,2.518929,10,4
1780630812.412620,dhocbf_fixed,-2.680205,-25.728642,0.152410,2.872953,1.483304,-2.592000,-24.128642,0.000000,45.000000,-0.855635,1.925283,-0.063848,1,8.164799,0.305729,0.369282,0.245216,0.245216,0.769484,0.026623,0.245216,0.245216,0.133387,0.609474,0.264581,0.153546,inf,nan,0.000000,0.153546,0.153546,0.153546,0.137466,-0.016528,0.148561,0.142340,0.000000,-0.000000,0.006779,2.876993,10,4
1780630812.531461,dhocbf_fixed,-2.669242,-25.431720,0.066847,3.065482,1.482192,-2.592000,-23.831720,0.000000,45.000000,-3.026877,-0.100256,-0.064752,1,8.092504,0.259204,0.218836,0.109679,0.109679,0.780014,0.027961,0.109679,0.109679,0.142821,0.609232,0.226305,0.119273,inf,nan,0.000000,0.119273,0.119273,0.119273,0.121401,-0.030513,0.110143,0.126443,0.000000,-0.000000,0.010640,3.066210,10,4
1780630812.611826,dhocbf_fixed,-2.677692,-25.125673,-0.235841,3.055456,1.513018,-2.592000,-23.525673,0.000000,45.000000,-5.087059,-0.029662,-0.067920,1,7.447301,0.459107,0.419757,0.309964,0.309964,0.802768,0.027957,0.309964,0.309964,0.142738,0.632073,0.424723,0.321232,inf,nan,0.000000,0.321232,0.321232,0.321232,0.146128,-0.028044,0.317433,0.151109,0.000000,-0.000000,0.013142,3.064544,10,4
1780630812.714348,dhocbf_fixed,-2.726711,-24.820276,-0.744547,3.052490,1.528348,-2.592000,-23.220276,0.000000,45.000000,-4.801743,1.524839,-0.069946,1,5.540185,0.759057,0.718633,0.608647,0.608647,0.880597,0.028604,0.607694,0.607694,0.146649,0.705343,0.729526,0.621389,inf,nan,0.000000,0.621389,0.621389,0.621389,0.203547,0.000734,0.618122,0.208965,0.000000,-0.000000,0.009980,3.141981,10,4
1780630812.808949,dhocbf_fixed,-2.825175,-24.507403,-1.224721,3.204974,1.456274,-2.592000,-22.907403,0.000000,45.000000,7.151775,0.139412,-0.062157,1,3.946006,1.059093,1.022681,0.910781,0.910781,1.842880,0.031120,0.910781,0.910781,0.161515,1.650246,1.029532,0.920274,inf,nan,0.000000,0.920274,0.920274,0.920274,0.595390,0.174927,0.911204,0.591610,0.174631,-0.000000,0.000000,3.431005,10,4
1780630812.920877,dhocbf_fixed,-2.911888,-24.186208,-0.509543,3.218915,1.491593,-2.592000,-22.586208,0.000000,45.000000,5.649676,-0.026814,-0.063644,1,4.517120,1.386216,1.349152,1.233687,1.233687,2.009616,0.030050,1.233687,1.233687,0.152617,1.826948,1.352556,1.239582,inf,nan,0.000000,1.239582,1.239582,1.239582,0.691990,0.195010,1.229453,0.688184,0.193929,-0.000000,0.000000,3.258995,10,4
1780630813.010740,dhocbf_fixed,-2.934594,-23.864451,0.055424,3.216233,1.461108,-2.592000,-22.264451,0.000000,45.000000,3.230943,-0.027430,-0.060289,1,3.678938,1.706452,1.665955,1.552776,1.552776,2.177062,0.029820,1.552776,1.552776,0.150453,1.996790,1.671556,1.559697,inf,nan,0.000000,1.559697,1.559697,1.559697,0.789176,0.214111,1.548801,0.783881,0.213149,-0.000000,0.000000,3.216711,10,4
1780630813.123479,dhocbf_fixed,-2.912897,-23.542965,0.378518,3.213490,1.420587,-2.592000,-21.942965,0.000000,45.000000,1.421336,-0.015301,-0.054651,1,4.218381,2.027199,1.988091,1.874486,1.874486,2.344574,0.029873,1.874485,1.874485,0.151424,2.163276,1.993715,1.880964,inf,nan,0.000000,1.880964,1.880964,1.880964,0.886364,0.233343,1.868041,0.879876,0.232295,-0.000000,0.000000,3.235707,10,4
1780630813.210354,dhocbf_fixed,-2.867938,-23.221692,0.520652,3.211960,1.397692,-2.592000,-21.621692,0.000000,45.000000,0.253686,-0.007596,-0.050398,1,3.546233,2.345352,2.311362,2.196595,2.196595,2.511884,0.029840,2.196325,2.196325,0.152355,2.329688,2.315385,2.203039,inf,nan,0.000000,2.203039,2.203039,2.203039,0.982438,0.252515,2.187505,0.976321,0.251426,-0.000000,0.000000,3.253885,10,4
1780630813.317783,dhocbf_fixed,-2.814605,-22.900534,0.546021,3.211201,1.399063,-2.592000,-21.300534,0.000000,45.000000,-0.421903,-0.003644,-0.049161,1,3.748454,2.664659,2.629513,2.516541,2.516541,2.678842,0.029694,2.485073,2.485073,0.152530,2.496618,2.636432,2.524566,inf,nan,0.000000,2.524566,2.524566,2.524566,1.078047,0.271679,2.507574,1.072971,0.270573,-0.000000,0.000000,3.257292,10,4
1780630813.411019,dhocbf_fixed,-2.762112,-22.579432,0.503830,3.210836,1.417779,-2.592000,-20.979432,0.000000,45.000000,-0.753054,-0.001729,-0.050575,1,3.620896,2.985212,2.948401,2.836270,2.836270,2.845560,0.029504,2.663825,2.663825,0.152163,2.663893,2.958340,2.845243,inf,nan,0.000000,2.845243,2.845243,2.845243,1.174952,0.290873,2.828272,1.169599,0.289746,-0.000000,0.000000,3.250125,10,4
1780630813.535352,dhocbf_fixed,-2.715494,-22.258357,0.428525,3.210663,1.444432,-2.592000,-20.658357,0.000000,45.000000,-0.858942,-0.000818,-0.053506,1,5.926945,3.306567,3.268301,3.156684,3.156684,3.012216,0.029330,2.831287,2.831287,0.151600,2.831287,3.278684,3.166622,inf,nan,0.000000,3.166622,3.166622,3.166622,1.271585,0.310092,3.149389,1.266098,0.308942,-0.000000,0.000000,3.239135,10,4
1780630813.607379,dhocbf_fixed,-2.676937,-21.937295,0.342631,3.210582,1.472324,-2.592000,-20.337295,0.000000,45.000000,-0.829072,-0.000386,-0.056934,1,3.409665,3.628257,3.589007,3.477719,3.477719,3.178916,0.029197,2.998647,2.998647,0.151072,2.998647,3.599587,3.488221,inf,nan,0.000000,3.488221,3.488221,3.488221,1.368035,0.329328,3.470670,1.362457,0.328156,-0.000000,0.000000,3.228813,10,4
1780630813.727875,dhocbf_fixed,-2.646819,-21.616239,0.259724,3.210543,1.497838,-2.592000,-20.016239,0.000000,45.000000,-0.727062,-0.000182,-0.060204,1,4.099653,3.949965,3.910165,3.799048,3.799048,3.345690,0.029110,3.165906,3.165906,0.150674,3.165906,3.920793,3.809790,inf,nan,0.000000,3.809790,3.809790,3.809790,1.464405,0.348574,3.791925,1.458709,0.347383,-0.000000,0.000000,3.221031,10,4
1780630813.812255,dhocbf_fixed,-2.624482,-21.295185,0.187017,3.210525,1.519412,-2.592000,-19.695185,0.000000,45.000000,3.504496,-5.080856,-0.062985,1,9.385307,0.646126,0.677279,0.571807,0.571807,0.620000,0.029058,0.440240,0.440240,0.150415,0.440527,0.168366,0.067480,inf,nan,0.000000,0.067480,0.067480,0.067480,-0.006299,-0.013042,0.061529,0.001587,0.000000,-0.000000,0.013712,3.215967,10,4
1780630813.918099,dhocbf_fixed,-2.588258,-20.999537,0.537467,2.702439,1.371644,-2.592000,-19.399537,0.000000,45.000000,6.701212,-3.748121,-0.047200,1,5.282107,0.520912,0.573088,0.465135,0.465135,0.620000,0.025751,0.446167,0.446167,0.127418,0.466832,0.210479,0.111360,inf,nan,0.000000,0.111360,0.111360,0.111360,-0.011061,-0.010600,0.105728,0.000000,0.000002,-0.000000,0.006400,2.755367,10,4
1780630814.009537,dhocbf_fixed,-2.501005,-20.748034,1.207588,2.327627,1.331914,-2.592000,-19.148034,0.000000,45.000000,-0.634191,-0.263978,-0.038626,1,4.092204,0.401671,0.418511,0.314442,0.314442,0.731164,0.024945,0.314440,0.314440,0.120969,0.585251,0.236115,0.137068,inf,nan,0.000000,0.137068,0.137068,0.137068,-0.012478,0.024297,0.130312,0.000000,0.018598,-0.000000,0.007820,2.622235,10,4
1780630814.118663,dhocbf_fixed,-2.383417,-20.516591,1.144169,2.301229,1.496524,-2.592000,-18.916591,0.000000,45.000000,-6.935123,3.987990,-0.054158,1,4.175628,0.309921,0.361145,0.252440,0.252440,0.817925,0.024849,0.252440,0.252440,0.118461,0.674615,0.243526,0.138218,inf,nan,0.000000,0.138218,0.138218,0.138218,0.016235,-0.006797,0.134730,0.012211,0.011320,-0.000000,0.000000,2.569977,10,4
1780630814.209028,dhocbf_fixed,-2.303676,-20.266528,0.450657,2.700028,1.408592,-2.592000,-18.666528,0.000000,45.000000,-5.090832,2.566342,-0.048119,1,3.713643,0.298090,0.423217,0.311087,0.311087,0.860991,0.026172,0.311087,0.311087,0.126541,0.708277,0.250944,0.153606,inf,nan,0.000000,0.153606,0.153606,0.153606,0.038781,0.017041,0.148414,0.036177,0.024194,-0.000000,0.000000,2.737379,10,4
1780630814.323538,dhocbf_fixed,-2.284064,-19.983694,-0.058426,2.956662,1.484749,-2.592000,-18.383694,0.000000,45.000000,-2.866812,1.320084,-0.054580,1,4.077219,0.290944,0.407608,0.295126,0.295126,0.956542,0.027751,0.295126,0.295126,0.137367,0.791425,0.250944,0.153606,inf,nan,0.000000,0.153606,0.153606,0.153606,0.096000,0.007500,0.148415,0.105148,0.025976,-0.000000,0.000000,2.957240,10,4
1780630814.409581,dhocbf_fixed,-2.304241,-19.681427,-0.345108,3.088671,1.596406,-2.592000,-18.081427,0.000000,45.000000,-1.247053,0.640252,-0.068004,1,3.894130,0.338967,0.418656,0.306346,0.306346,1.082320,0.028769,0.306346,0.306346,0.144924,0.908627,0.304384,0.203525,inf,nan,0.000000,0.203525,0.203525,0.203525,0.210603,0.011860,0.205041,0.217630,0.034537,-0.000000,0.000000,3.107891,10,4
1780630814.522656,dhocbf_fixed,-2.344987,-19.369359,-0.469813,3.152696,1.670914,-2.592000,-17.769359,0.000000,45.000000,-0.208585,0.304852,-0.079038,1,4.045148,0.489672,0.513186,0.408452,0.408452,1.223043,0.029229,0.408452,0.408452,0.148963,1.044850,0.454116,0.353070,inf,nan,0.000000,0.353070,0.353070,0.353070,0.275897,0.028032,0.361158,0.292123,0.049601,-0.000000,0.000000,3.187509,10,4
1780630814.608372,dhocbf_fixed,-2.393011,-19.052565,-0.490671,3.183181,1.699521,-2.592000,-17.452565,0.000000,45.000000,1.068665,-1.664803,-0.084405,1,4.122256,0.707517,0.707693,0.602801,0.602801,1.130718,0.029345,0.602801,0.602801,0.150661,0.950712,0.681272,0.556981,inf,nan,0.000000,0.556981,0.556981,0.556981,0.276700,0.003154,0.555963,0.279734,0.000001,-0.000000,0.000002,3.220777,10,4
1780630814.724458,dhocbf_fixed,-2.436735,-18.742571,-0.383805,3.016701,1.681070,-2.592000,-17.142571,0.000000,45.000000,2.042113,-3.061922,-0.083209,1,6.608761,0.810111,0.865997,0.756998,0.756998,1.157775,0.027894,0.756989,0.756989,0.141555,0.988326,0.769285,0.671241,inf,nan,0.000000,0.671241,0.671241,0.671241,0.302182,0.001714,0.686776,0.304717,0.000000,-0.000000,0.000032,3.041018,10,4
1780630814.806142,dhocbf_fixed,-2.464905,-18.456210,-0.179594,2.710509,1.617219,-2.592000,-16.856210,0.000000,45.000000,-0.181050,1.988901,-0.075411,1,3.701524,0.768885,0.912984,0.808490,0.808490,1.613687,0.025600,0.808490,0.808490,0.125524,1.462563,0.858170,0.757520,inf,nan,0.000000,0.757520,0.757520,0.757520,0.423872,0.151877,0.774977,0.429103,0.152987,-0.000000,0.000001,2.716452,10,4
1780630814.923289,dhocbf_fixed,-2.483769,-18.175215,-0.197699,2.909399,1.634192,-2.592000,-16.575215,0.000000,45.000000,-0.100066,1.486397,-0.074827,1,4.741399,0.954585,1.091462,0.986787,0.986787,1.402366,0.026921,0.986783,0.986783,0.135323,1.240123,1.064040,0.954136,inf,nan,0.000000,0.954136,0.954136,0.954136,0.415224,0.019991,0.971585,0.418929,0.027680,-0.000000,0.000000,2.916108,10,4
1780630815.006644,dhocbf_fixed,-2.504040,-17.876843,-0.207705,3.058039,1.636437,-2.592000,-16.276843,0.000000,45.000000,0.131003,0.788749,-0.074446,1,3.637934,1.186320,1.314941,1.208402,1.208402,1.477688,0.027964,1.207509,1.207509,0.142765,1.306960,1.294776,1.188774,inf,nan,0.000000,1.188774,1.188774,1.188774,0.424395,0.028354,1.205771,0.427936,0.035664,-0.000000,0.000000,3.065084,10,4
1780630815.113481,dhocbf_fixed,-2.524155,-17.567095,-0.194605,3.136914,1.631984,-2.592000,-15.967095,0.000000,45.000000,0.269415,0.386086,-0.073388,1,5.905553,1.450487,1.571368,1.446840,1.446840,1.572620,0.028524,1.392737,1.392737,0.146698,1.397398,1.427323,1.327193,inf,nan,0.000000,1.327193,1.327193,1.327193,0.427455,0.136939,1.334380,0.431004,0.137391,-0.000000,0.000000,3.142944,10,4
1780630815.209493,dhocbf_fixed,-2.542268,-17.251473,-0.167663,3.175522,1.622755,-2.592000,-15.651473,0.000000,45.000000,0.321582,0.184380,-0.071649,1,3.838731,1.495691,1.598075,1.485344,1.485344,1.683156,0.028791,1.473971,1.473971,0.148578,1.505787,1.462969,1.356491,inf,nan,0.000000,1.356491,1.356491,1.356491,0.491005,0.151427,1.365070,0.493933,0.151900,-0.000000,0.000000,3.179945,10,4
1780630815.323395,dhocbf_fixed,-2.557427,-16.932999,-0.135505,3.193960,1.611853,-2.592000,-15.332999,0.000000,45.000000,0.317778,0.087344,-0.069567,1,4.195380,1.579671,1.656423,1.543843,1.543843,1.805607,0.028911,1.542342,1.542342,0.149439,1.627257,1.547130,1.440549,inf,nan,0.000000,1.440549,1.440549,1.440549,0.565466,0.166835,1.449481,0.568610,0.167315,-0.000000,0.000000,3.196833,10,4
1780630815.406265,dhocbf_fixed,-2.569389,-16.613167,-0.103727,3.202695,1.601413,-2.592000,-15.013167,0.000000,45.000000,0.282974,0.041265,-0.067464,1,3.629881,1.713223,1.760215,1.652892,1.652892,1.937024,0.028965,1.652185,1.652185,0.149823,1.758236,1.674289,1.573850,inf,nan,0.000000,1.573850,1.573850,1.573850,0.646476,0.182953,1.583247,0.649282,0.183423,-0.000000,0.000000,3.204374,10,4
1780630815.512171,dhocbf_fixed,-2.578346,-16.292691,-0.075430,3.206821,1.592450,-2.592000,-14.692691,0.000000,45.000000,0.234530,0.019477,-0.065530,1,6.199039,1.887890,1.912333,1.807201,1.807201,2.075185,0.028988,1.805960,1.805960,0.149993,1.896203,1.847920,1.748171,inf,nan,0.000000,1.748171,1.748171,1.748171,0.730783,0.199609,1.757555,0.733208,0.200064,-0.000000,0.000000,3.207708,10,4
1780630815.605611,dhocbf_fixed,-2.584717,-15.971911,-0.051977,3.208769,1.585273,-2.592000,-14.371911,0.000000,45.000000,0.183516,0.009190,-0.063845,1,3.791836,2.094732,2.102699,1.997955,1.997955,2.218465,0.028999,1.991937,1.991937,0.150069,2.039397,2.056790,1.954503,inf,nan,0.000000,1.954503,1.954503,1.954503,0.816761,0.216678,1.963496,0.819018,0.217119,-0.000000,0.000000,3.209190,10,4
1780630815.714717,dhocbf_fixed,-2.588997,-15.650989,-0.033626,3.209688,1.579829,-2.592000,-14.050989,0.000000,45.000000,0.136335,0.004336,-0.062422,1,4.751868,2.324432,2.322074,2.216701,2.216701,2.365679,0.029004,2.178032,2.178032,0.150103,2.186572,2.291532,2.184913,inf,nan,0.000000,2.184913,2.184913,2.184913,0.903873,0.234072,2.193465,0.906089,0.234500,-0.000000,0.000000,3.209864,10,4
1780630815.803736,dhocbf_fixed,-2.591678,-15.329998,-0.019992,3.210121,1.575898,-2.592000,-13.729998,0.000000,45.000000,0.096141,0.002046,-0.061238,1,4.368065,2.267484,2.252243,2.135180,2.135180,2.400597,0.029006,2.133819,2.133819,0.150120,2.221472,2.236662,2.119989,inf,nan,0.000000,2.119989,2.119989,2.119989,0.921320,0.238960,2.129421,0.923757,0.239304,-0.000000,0.000000,3.210184,10,4
1780630815.924786,dhocbf_fixed,-2.593196,-15.008976,-0.010378,3.210326,1.573205,-2.592000,-13.408976,0.000000,45.000000,0.063963,0.000965,-0.060256,1,7.211961,2.550787,2.533456,2.416106,2.416106,2.559598,0.029008,2.373249,2.373249,0.150128,2.380463,2.518124,2.405312,inf,nan,0.000000,2.405312,2.405312,2.405312,1.013939,0.257465,2.414351,1.016127,0.257773,-0.000000,0.000000,3.210343,10,4
1780630816.006888,dhocbf_fixed,-2.593914,-14.687938,-0.003982,3.210423,1.571470,-2.592000,-13.087938,0.000000,45.000000,0.039542,0.000455,-0.059435,1,4.855781,2.841404,2.823155,2.705161,2.705161,2.719760,0.029008,2.540530,2.540530,0.150132,2.540620,2.807995,2.697657,inf,nan,0.000000,2.697657,2.697657,2.697657,1.106883,0.276074,2.706173,1.108830,0.276347,-0.000000,0.000000,3.210425,10,4
1780630816.124211,dhocbf_fixed,-2.594115,-14.366894,-0.000027,3.210468,1.570441,-2.592000,-12.766894,0.000000,45.000000,0.021936,0.000214,-0.058737,1,7.033541,3.137209,3.118951,3.000206,3.000206,2.880846,0.029009,2.701702,2.701702,0.150134,2.701703,3.103920,2.995243,inf,nan,0.000000,2.995243,2.995243,2.995243,1.200135,0.294768,3.003151,1.201856,0.295006,-0.000000,0.000000,3.210468,10,4
1780630816.206823,dhocbf_fixed,-2.594008,-14.045846,0.002166,3.210489,1.569910,-2.592000,-12.445846,0.000000,45.000000,0.009920,0.000101,-0.058128,1,4.970889,3.437653,3.419238,3.299744,3.299744,3.042680,0.029009,2.863536,2.863536,0.150135,2.863536,3.404316,3.296805,inf,nan,0.000000,3.296805,3.296805,3.296805,1.293673,0.313530,3.304061,1.295185,0.313736,-0.000000,0.000000,3.210490,10,4
1780630816.321239,dhocbf_fixed,-2.593742,-13.724796,0.003158,3.210500,1.569707,-2.592000,-12.124796,0.000000,45.000000,0.002241,0.000047,-0.057582,1,5.845640,3.741572,3.721197,3.602722,3.602722,3.205128,0.029009,3.025983,3.025983,0.150136,3.025983,3.708091,3.601437,inf,nan,0.000000,3.601437,3.601437,3.601437,1.387474,0.332349,3.608027,1.388791,0.332524,-0.000000,0.000000,3.210501,10,4
1780630816.406422,dhocbf_fixed,-2.593415,-13.403746,0.003382,3.210504,1.569708,-2.592000,-11.803746,0.000000,45.000000,-0.002245,0.000022,-0.057076,1,5.353373,4.048155,4.025687,3.908379,3.908379,3.368084,0.029009,3.188939,3.188939,0.150136,3.188939,4.014476,3.908480,inf,nan,0.000000,3.908480,3.908480,3.908480,1.481510,0.351215,3.914410,1.482648,0.351361,-0.000000,0.000000,3.210506,10,4
1780630816.537562,dhocbf_fixed,-2.593088,-13.082696,0.003158,3.210506,1.569820,-2.592000,-11.482696,0.000000,45.000000,-0.004499,0.000010,-0.056596,1,17.916708,4.356822,4.332497,4.216163,4.216163,3.531468,0.029009,3.352323,3.352323,0.150136,3.352323,4.322920,4.217446,inf,nan,0.000000,4.217446,4.217446,4.217446,1.575757,0.370122,4.222735,1.576728,0.370240,-0.000000,0.000000,3.210508,10,4
1780630816.603627,dhocbf_fixed,-2.592794,-12.761645,0.002708,3.210508,1.569983,-2.592000,-11.161645,0.000000,45.000000,-0.005284,0.000005,-0.056131,1,6.354273,4.666890,4.641168,4.525662,4.525662,3.695212,0.029009,3.516067,3.516067,0.150136,3.516067,4.633015,4.527969,inf,nan,0.000000,4.527969,4.527969,4.527969,1.670192,0.389064,4.532642,1.671007,0.389155,-0.000000,0.000000,3.210509,10,4
1780630816.718508,dhocbf_fixed,-2.592550,-12.440594,0.002179,3.210508,1.570157,-2.592000,-10.840594,0.000000,45.000000,-0.005174,0.000002,-0.055674,1,8.548195,4.977860,4.951355,4.836564,4.836564,3.859266,0.029009,3.680121,3.680121,0.150136,3.680121,4.944455,4.839770,inf,nan,0.000000,4.839770,4.839770,4.839770,1.764793,0.408035,4.843855,1.765462,0.408102,-0.000000,0.000000,3.210509,10,4
1780630816.804133,dhocbf_fixed,-2.592358,-12.119543,0.001662,3.210508,1.570320,-2.592000,-10.519543,0.000000,45.000000,-0.004584,0.000007,-0.055221,1,3.653535,0.555679,0.581448,0.468238,0.468238,1.463632,0.029009,0.468238,0.468238,0.150136,1.284487,0.566625,0.450682,inf,nan,0.000000,0.450682,0.450682,0.450682,0.341147,0.127239,0.456035,0.347927,0.127649,-0.000000,0.000000,3.210509,10,4
1780630816.922009,dhocbf_fixed,-2.592215,-11.798493,0.001204,3.210509,1.570459,-2.592000,-10.198493,0.000000,45.000000,-0.003780,0.000003,-0.054768,1,5.342703,0.785758,0.807501,0.703250,0.703250,1.615527,0.029009,0.703250,0.703250,0.150136,1.436382,0.756619,0.656625,inf,nan,0.000000,0.656625,0.656625,0.656625,0.435867,0.145265,0.667151,0.439948,0.145593,-0.000000,0.000000,3.210509,10,4
1780630817.009179,dhocbf_fixed,-2.592113,-11.477442,0.000826,3.210509,1.570571,-2.592000,-9.877442,0.000000,45.000000,-0.002944,0.000000,-0.054317,1,4.117374,1.016939,1.025295,0.919894,0.919894,1.770545,0.029009,0.919894,0.919894,0.150136,1.591400,1.006099,0.895504,inf,nan,0.000000,0.895504,0.895504,0.895504,0.534889,0.163598,0.906954,0.538193,0.163842,-0.000000,0.000000,3.210509,10,4
1780630817.125717,dhocbf_fixed,-2.592045,-11.156391,0.000531,3.210509,1.570656,-2.592000,-9.556391,0.000000,45.000000,-0.002178,-0.000001,-0.053865,1,5.846970,1.274358,1.282495,1.174256,1.174256,1.927919,0.029009,1.174256,1.174256,0.150136,1.748774,1.267171,1.161742,inf,nan,0.000000,1.161742,1.161742,1.161742,0.631284,0.182135,1.173060,0.633962,0.182294,-0.000000,0.000000,3.210509,10,4
1780630817.208524,dhocbf_fixed,-2.592003,-10.835340,0.000313,3.210509,1.570718,-2.592000,-9.235340,0.000000,45.000000,-0.001529,-0.000001,-0.053413,1,4.307435,1.551951,1.561421,1.450219,1.450219,2.087064,0.029009,1.450219,1.450219,0.150136,1.907919,1.546180,1.444504,inf,nan,0.000000,1.444504,1.444504,1.444504,0.726534,0.200813,1.455104,0.728512,0.200890,-0.000000,0.000000,3.210509,10,4
1780630817.327149,dhocbf_fixed,-2.591979,-10.514289,0.000160,3.210509,1.570760,-2.592000,-8.914289,0.000000,45.000000,-0.001012,-0.000001,-0.052963,1,6.598548,1.842319,1.853015,1.739161,1.739161,2.247555,0.029009,1.739161,1.739161,0.150136,2.068409,1.837927,1.737687,inf,nan,0.000000,1.737687,1.737687,1.737687,0.821309,0.219594,1.747085,0.822645,0.219590,-0.000000,0.000000,3.210509,10,4
1780630817.408147,dhocbf_fixed,-2.591968,-10.193238,0.000059,3.210509,1.570787,-2.592000,-8.593238,0.000000,45.000000,-0.000622,-0.000001,-0.052514,1,4.395799,2.139910,2.152465,2.036347,2.036347,2.409083,0.029009,2.036314,2.036314,0.150136,2.229938,2.137543,2.037690,inf,nan,0.000000,2.037690,2.037690,2.037690,0.915953,0.238452,2.045604,0.916724,0.238372,-0.000000,0.000000,3.210509,10,4
1780630817.516051,dhocbf_fixed,-2.591966,-9.872187,-0.000003,3.210509,1.570803,-2.592000,-8.272187,0.000000,45.000000,-0.000341,-0.000001,-0.052066,1,4.817856,2.443451,2.454580,2.339033,2.339033,2.571424,0.029009,2.334913,2.334913,0.150136,2.392278,2.442298,2.342336,inf,nan,0.000000,2.342336,2.342336,2.342336,1.010629,0.257369,2.348646,1.010902,0.257217,-0.000000,0.000000,3.210509,10,4
1780630817.607528,dhocbf_fixed,-2.591968,-9.551136,-0.000037,3.210509,1.570811,-2.592000,-7.951136,0.000000,45.000000,-0.000151,-0.000001,-0.051622,1,5.152422,2.750971,2.760204,2.645550,2.645550,2.734411,0.029009,2.554079,2.554079,0.150136,2.555266,2.750572,2.650265,inf,nan,0.000000,2.650265,2.650265,2.650265,1.105405,0.276332,2.654953,1.105234,0.276113,-0.000000,0.000000,3.210509,10,4
1780630817.717584,dhocbf_fixed,-2.591972,-9.230085,-0.000052,3.210509,1.570814,-2.592000,-7.630085,0.000000,45.000000,-0.000030,-0.000001,-0.051180,1,13.687032,3.060880,3.068834,2.954829,2.954829,2.897920,0.029009,2.718768,2.718768,0.150136,2.718775,3.061352,2.960590,inf,nan,0.000000,2.960590,2.960590,2.960590,1.200303,0.295333,2.963701,1.199734,0.295051,-0.000000,0.000000,3.210509,10,4
1780630817.821345,dhocbf_fixed,-2.591977,-8.909034,-0.000055,3.210509,1.570814,-2.592000,-7.309034,0.000000,45.000000,-5.656854,-5.656854,-0.050741,1,12.244052,0.338921,0.298921,0.186433,0.186433,0.777107,0.029009,0.186433,0.186433,0.150136,0.597962,0.055079,-0.039422,inf,nan,0.000000,-0.039422,-0.039422,-0.039422,-0.103745,0.018181,0.000000,-0.000000,0.044822,-0.000000,0.101262,3.210509,10,4
1780630817.924301,dhocbf_fixed,-2.620267,-8.616268,-0.565741,2.644823,1.815715,-2.592000,-7.016268,0.000000,45.000000,0.829609,1.656583,-0.076990,1,6.675909,0.280122,0.309268,0.203967,0.203967,1.024357,0.025423,0.203967,0.203967,0.124951,0.873983,0.245173,0.145704,inf,nan,0.000000,0.145704,0.145704,0.145704,0.178360,-0.008487,0.159172,0.187162,0.000000,-0.000000,0.000001,2.704654,10,4
1780630818.008716,dhocbf_fixed,-2.672693,-8.343503,-0.482780,2.810481,1.687288,-2.592000,-6.743503,0.000000,45.000000,3.032672,1.713639,-0.069075,1,5.302695,0.322850,0.314097,0.210283,0.210283,0.788985,0.026441,0.210283,0.210283,0.132137,0.630407,0.292167,0.189132,inf,nan,0.000000,0.189132,0.189132,0.189132,0.171070,-0.006577,0.201399,0.176508,0.000000,-0.000000,0.001108,2.851646,10,4
1780630818.120961,dhocbf_fixed,-2.705808,-8.053886,-0.179512,2.981845,1.643205,-2.592000,-6.453886,0.000000,45.000000,2.038913,1.144085,-0.061837,1,4.920127,0.302558,0.265165,0.155244,0.155244,1.279715,0.027433,0.155244,0.155244,0.138863,1.113420,0.265737,0.168124,inf,nan,0.000000,0.168124,0.168124,0.168124,0.325406,0.053510,0.181400,0.334693,0.063118,-0.000000,0.000000,2.987244,10,4
1780630818.213225,dhocbf_fixed,-2.713564,-7.749981,0.024379,3.096254,1.587790,-2.592000,-6.149981,0.000000,45.000000,3.753997,-1.969822,-0.053597,1,11.029474,0.533048,0.492669,0.382908,0.382908,0.620000,0.028241,0.380066,0.380066,0.144341,0.447418,0.502114,0.395884,inf,nan,0.000000,0.395884,0.395884,0.395884,0.081245,-0.017468,0.408370,0.086417,0.000000,-0.000000,0.010598,3.096350,10,4
1780630818.328411,dhocbf_fixed,-2.692357,-7.450205,0.399779,2.899272,1.473273,-2.592000,-5.850205,0.000000,45.000000,3.839919,-7.018192,-0.038742,1,8.464368,0.457536,0.440603,0.334767,0.334767,0.620000,0.026984,0.334376,0.334376,0.135849,0.457167,0.419232,0.320474,inf,nan,0.000000,0.320474,0.320474,0.320474,0.067249,-0.015220,0.336297,0.070929,0.000000,-0.000000,0.013498,2.926704,10,4
1780630818.416918,dhocbf_fixed,-2.633179,-7.195369,0.783771,2.197452,1.243307,-2.592000,-5.595369,0.000000,45.000000,4.899200,-6.324385,-0.009740,1,8.308204,0.674969,0.663766,0.558493,0.558493,0.620000,0.023183,0.487102,0.487102,0.107264,0.489553,0.422217,0.324531,inf,nan,0.000000,0.324531,0.324531,0.324531,0.060818,-0.016272,0.340566,0.066081,0.000000,-0.000000,0.016590,2.333044,10,4
1780630818.526263,dhocbf_fixed,-2.530306,-7.007246,1.273691,1.565014,1.169013,-2.592000,-5.407246,0.000000,45.000000,3.054710,2.313439,0.005662,1,8.339986,0.835736,0.820332,0.712027,0.712027,0.620000,0.021551,0.505626,0.505626,0.092802,0.505647,0.383454,0.284992,inf,nan,0.000000,0.284992,0.284992,0.284992,0.058080,-0.013734,0.300418,0.061190,0.000000,-0.000000,0.012769,2.017810,10,4
1780630818.609941,dhocbf_fixed,-2.387663,-6.839177,1.579162,1.796358,1.482241,-2.592000,-5.239177,0.000000,45.000000,-3.980771,5.562451,-0.024628,1,5.881806,0.824060,0.813717,0.707578,0.707578,0.642888,0.023776,0.509070,0.509070,0.110014,0.509097,0.361087,0.265018,inf,nan,0.000000,0.265018,0.265018,0.265018,0.053010,-0.005577,0.280848,0.057207,0.000000,-0.000000,0.004467,2.391789,10,4
1780630818.722901,dhocbf_fixed,-2.249651,-6.631729,1.181084,2.352603,1.407453,-2.592000,-5.031729,0.000000,45.000000,-5.756163,4.311751,-0.023860,1,7.263160,0.738188,0.763732,0.658760,0.658760,0.723480,0.025717,0.574752,0.574752,0.121459,0.576303,0.421084,0.322682,inf,nan,0.000000,0.322682,0.322682,0.322682,0.062339,-0.000430,0.337484,0.067220,0.000000,-0.000000,0.001410,2.632433,10,4
1780630818.808570,dhocbf_fixed,-2.160324,-6.374910,0.605468,2.783778,1.416304,-2.592000,-4.774910,0.000000,45.000000,-6.966059,2.218948,-0.024499,1,3.604948,1.242532,1.208123,1.095314,1.095314,1.971816,0.027590,1.095314,1.095314,0.132000,1.812226,1.212797,1.103989,inf,nan,0.000000,1.103989,1.103989,1.103989,0.619152,0.193098,1.113158,0.621597,0.193950,-0.000000,0.000000,2.848862,9,4
1780630818.915380,dhocbf_fixed,-2.134607,-6.085437,-0.091138,3.005673,1.516257,-2.592000,-4.485437,0.000000,45.000000,-4.194067,1.076362,-0.035387,1,3.845644,1.530712,1.491533,1.380596,1.380596,2.116961,0.028851,1.380596,1.380596,0.139853,1.948257,1.502533,1.391944,inf,nan,0.000000,1.391944,1.391944,1.391944,0.723945,0.208318,1.400807,0.727107,0.209126,-0.000000,0.000000,3.007054,9,4
1780630819.007658,dhocbf_fixed,-2.164691,-5.779488,-0.510544,3.113309,1.641930,-2.592000,-4.179488,0.000000,45.000000,-1.855629,0.512524,-0.051567,1,3.439391,1.837518,1.797524,1.686766,1.686766,2.271905,0.029771,1.686766,1.686766,0.147305,2.094830,1.808212,1.698306,inf,nan,0.000000,1.698306,1.698306,1.698306,0.825513,0.225289,1.707672,0.829042,0.226065,-0.000000,0.000000,3.154893,9,4
1780630819.120417,dhocbf_fixed,-2.225024,-5.465595,-0.696107,3.164562,1.731808,-2.592000,-3.865595,0.000000,45.000000,-0.318435,0.242555,-0.065069,1,4.313329,2.154067,2.115212,2.003832,2.003832,2.432857,0.030114,2.003828,2.003828,0.151655,2.251088,2.122912,2.014328,inf,nan,0.000000,2.014328,2.014328,2.014328,0.925672,0.243225,2.024412,0.929345,0.243976,-0.000000,0.000000,3.240218,9,4
1780630819.209937,dhocbf_fixed,-2.296227,-5.147926,-0.727951,3.188817,1.766428,-2.592000,-3.547926,0.000000,45.000000,0.572888,0.114555,-0.071798,1,3.513148,2.475999,2.437285,2.325663,2.325663,2.596504,0.030047,2.324360,2.324360,0.153226,2.413231,2.443124,2.335701,inf,nan,0.000000,2.335701,2.335701,2.335701,1.024606,0.261706,2.346433,1.028315,0.262437,-0.000000,0.000000,3.270851,9,4
1780630819.323003,dhocbf_fixed,-2.366157,-4.828471,-0.670662,3.200272,1.759399,-2.592000,-3.228471,0.000000,45.000000,1.008586,0.054065,-0.072254,1,4.776014,2.800337,2.760692,2.649281,2.649281,2.761170,0.029801,2.575917,2.575917,0.153172,2.578197,2.766211,2.659596,inf,nan,0.000000,2.659596,2.659596,2.659596,1.122419,0.280501,2.670818,1.126116,0.281216,-0.000000,0.000000,3.269791,9,4
1780630819.410232,dhocbf_fixed,-2.428181,-4.508174,-0.569803,3.205679,1.731660,-2.592000,-2.908174,0.000000,45.000000,1.146136,0.025510,-0.068885,1,3.476355,3.124802,3.084546,2.973412,2.973412,2.926360,0.029536,2.744355,2.744355,0.152460,2.744364,3.090275,2.984136,inf,nan,0.000000,2.984136,2.984136,2.984136,1.219350,0.299478,2.995689,1.223013,0.300181,-0.000000,0.000000,3.255926,9,4
1780630819.521765,dhocbf_fixed,-2.479430,-4.187478,-0.455190,3.208230,1.697879,-2.592000,-2.587478,0.000000,45.000000,1.104214,0.012036,-0.063922,1,4.473131,3.448918,3.408313,3.297319,3.297319,3.091932,0.029322,2.910947,2.910947,0.151662,2.910947,3.414165,3.308245,inf,nan,0.000000,3.308245,3.308245,3.308245,1.315685,0.318561,3.319994,1.319305,0.319254,-0.000000,0.000000,3.240361,9,4
1780630819.610389,dhocbf_fixed,-2.519428,-3.866595,-0.344769,3.209434,1.665556,-2.592000,-2.266595,0.000000,45.000000,0.967165,0.005678,-0.058752,1,3.647785,3.772185,3.731552,3.620553,3.620553,3.257789,0.029177,3.077587,3.077587,0.151025,3.077587,3.737344,3.631457,inf,nan,0.000000,3.631457,3.631457,3.631457,1.411678,0.337705,3.643301,1.415252,0.338391,-0.000000,0.000000,3.227899,9,4
1780630819.718566,dhocbf_fixed,-2.549069,-3.545623,-0.248052,3.210001,1.637774,-2.592000,-1.945623,0.000000,45.000000,0.791539,0.002679,-0.054058,1,4.271747,4.094512,4.054032,3.942946,3.942946,3.423845,0.029091,3.244155,3.244155,0.150599,3.244155,4.059682,3.953697,inf,nan,0.000000,3.953697,3.953697,3.953697,1.507511,0.356886,3.965563,1.511041,0.357565,-0.000000,0.000000,3.219571,9,4
1780630819.807518,dhocbf_fixed,-2.569917,-3.224610,-0.168898,3.210269,1.615421,-2.592000,-1.624610,0.000000,45.000000,0.612653,0.001266,-0.050103,1,3.469126,1.265656,1.395959,1.283905,1.283905,1.301802,0.029044,1.122307,1.122307,0.150351,1.122407,1.170604,1.071425,inf,nan,0.000000,1.071425,1.071425,1.071425,0.265714,0.093031,1.090175,0.271433,0.094219,-0.000000,0.000000,3.214709,10,4
1780630819.929763,dhocbf_fixed,-2.583743,-2.903577,-0.107633,3.210396,1.598369,-2.592000,-1.303577,0.000000,45.000000,0.450379,0.000598,-0.046937,1,4.079457,1.180472,1.337659,1.225527,1.225527,1.386074,0.029022,1.194871,1.194871,0.150223,1.206830,1.171516,1.072204,inf,nan,0.000000,1.072204,1.072204,1.072204,0.306381,0.115315,1.090939,0.312130,0.116331,-0.000000,0.000000,3.212200,10,4
1780630820.009717,dhocbf_fixed,-2.592255,-2.582534,-0.062595,3.210456,1.586013,-2.592000,-0.982534,0.000000,45.000000,0.314047,0.000283,-0.044499,1,3.426315,1.160410,1.333083,1.214604,1.214604,1.490610,0.029013,1.213656,1.213656,0.150165,1.311433,1.171516,1.072204,inf,nan,0.000000,1.072204,1.072204,1.072204,0.369112,0.129429,1.090939,0.374224,0.130419,-0.000000,0.000000,3.211066,10,4
1780630820.122275,dhocbf_fixed,-2.596944,-2.261487,-0.031190,3.210484,1.577550,-2.592000,-0.661487,0.000000,45.000000,0.206142,0.000133,-0.042682,1,4.651976,1.190470,1.352309,1.239297,1.239297,1.610017,0.029010,1.239262,1.239262,0.150143,1.430864,1.227868,1.119654,inf,nan,0.000000,1.119654,1.119654,1.119654,0.444378,0.144548,1.137881,0.450155,0.145487,-0.000000,0.000000,3.210635,10,4
1780630820.210291,dhocbf_fixed,-2.599032,-1.940438,-0.010576,3.210497,1.572136,-2.592000,-0.340438,0.000000,45.000000,0.125110,0.000062,-0.041365,1,3.479142,1.291109,1.428191,1.318624,1.318624,1.740144,0.029009,1.318618,1.318618,0.150137,1.560998,1.331864,1.228136,inf,nan,0.000000,1.228136,1.228136,1.228136,0.527122,0.160506,1.246672,0.533125,0.161333,-0.000000,0.000000,3.210515,10,4
1780630820.321326,dhocbf_fixed,-2.599464,-1.619388,0.001935,3.210503,1.568982,-2.592000,-0.019388,0.000000,45.000000,0.067320,0.000029,-0.040427,1,4.460725,1.448313,1.558785,1.453065,1.453065,1.878027,0.029009,1.453060,1.453060,0.150136,1.698882,1.486197,1.386817,inf,nan,0.000000,1.386817,1.386817,1.386817,0.613578,0.177100,1.405795,0.619068,0.177776,-0.000000,0.000000,3.210504,10,4
1780630820.410448,dhocbf_fixed,-2.598934,-1.298337,0.008667,3.210506,1.567414,-2.592000,0.301663,0.000000,45.000000,0.028362,0.000013,-0.039763,1,3.543825,1.647464,1.736615,1.631957,1.631957,2.021599,0.029009,1.631939,1.631939,0.150137,1.842453,1.684971,1.584350,inf,nan,0.000000,1.584350,1.584350,1.584350,0.701208,0.194171,1.603124,0.706210,0.194678,-0.000000,0.000000,3.210518,10,4
1780630820.522115,dhocbf_fixed,-2.597926,-0.977287,0.011503,3.210508,1.566891,-2.592000,0.622713,0.000000,45.000000,0.003855,0.000006,-0.039285,1,4.554672,1.877274,1.949259,1.844170,1.844170,2.169416,0.029009,1.843999,1.843999,0.150137,1.990269,1.915078,1.810254,inf,nan,0.000000,1.810254,1.810254,1.810254,0.789420,0.211607,1.828396,0.793961,0.211934,-0.000000,0.000000,3.210528,10,4
1780630820.610376,dhocbf_fixed,-2.596756,-0.656236,0.011889,3.210508,1.567002,-2.592000,0.943764,0.000000,45.000000,-0.010120,0.000002,-0.038926,1,3.653809,2.129056,2.186965,2.080711,2.080711,2.320461,0.029009,2.077476,2.077476,0.150137,2.141314,2.167016,2.056597,inf,nan,0.000000,2.056597,2.056597,2.056597,0.878264,0.229328,2.073838,0.882186,0.229469,-0.000000,0.000000,3.210530,10,4
1780630820.734234,dhocbf_fixed,-2.595618,-0.335185,0.010877,3.210509,1.567454,-2.592000,1.264815,0.000000,45.000000,-0.016819,0.000001,-0.038636,1,5.844647,2.395030,2.442700,2.334972,2.334972,2.474003,0.029009,2.288582,2.288582,0.150137,2.294857,2.427645,2.317882,inf,nan,0.000000,2.317882,2.317882,2.317882,0.967792,0.247273,2.333872,0.970887,0.247225,-0.000000,0.000000,3.210527,10,4
1780630820.812679,dhocbf_fixed,-2.594614,-0.014134,0.009195,3.210509,1.568049,-2.592000,1.585866,0.000000,45.000000,6.356217,-4.857830,-0.038380,1,11.439364,0.372660,0.399382,0.294468,0.294468,0.924152,0.029009,0.294468,0.294468,0.150137,0.745007,0.244373,0.134142,inf,nan,0.000000,0.134142,0.134142,0.134142,-0.031818,0.072586,0.176853,0.000000,0.073911,-0.000000,0.030631,3.210522,10,4
1780630820.923395,dhocbf_fixed,-2.561914,0.282628,0.644817,2.724726,1.346564,-2.592000,1.882628,0.000000,45.000000,-2.651625,1.790558,-0.013974,1,5.942978,0.277375,0.247980,0.134258,0.134258,1.032398,0.026054,0.134258,0.134258,0.129599,0.876745,0.256410,0.139256,inf,nan,0.000000,0.139256,0.139256,0.139256,0.103767,0.067111,0.140676,0.118007,0.059885,-0.000000,0.000000,2.799985,10,4
1780630821.008596,dhocbf_fixed,-2.510690,0.564053,0.379654,2.903781,1.438622,-2.592000,2.164053,0.000000,45.000000,-2.609181,1.496402,-0.017785,1,3.989418,0.305927,0.294363,0.181236,0.181236,1.193097,0.026974,0.181236,0.181236,0.135938,1.030185,0.269295,0.156621,inf,nan,0.000000,0.156621,0.156621,0.156621,0.181355,0.102024,0.159170,0.194736,0.103148,-0.000000,0.000000,2.928495,10,4
1780630821.118947,dhocbf_fixed,-2.485771,0.861913,0.118736,3.053422,1.502859,-2.592000,2.461913,0.000000,45.000000,-1.669744,0.810000,-0.025619,1,6.835184,0.335358,0.320189,0.215427,0.215427,1.367014,0.027918,0.215427,0.215427,0.142294,1.196801,0.311857,0.200873,inf,nan,0.000000,0.200873,0.200873,0.200873,0.325211,0.121289,0.206296,0.319760,0.121872,-0.000000,0.000000,3.055729,10,4
1780630821.210763,dhocbf_fixed,-2.482246,1.171305,-0.048238,3.134422,1.562875,-2.592000,2.771305,0.000000,45.000000,-1.918313,-0.793061,-0.033969,1,5.301677,0.590184,0.568479,0.458392,0.458392,1.043953,0.028511,0.458392,0.458392,0.146285,0.869157,0.553553,0.454264,inf,nan,0.000000,0.454264,0.454264,0.454264,0.270477,-0.011471,0.455507,0.275629,0.000000,-0.000000,0.002764,3.134793,10,4
1780630821.327366,dhocbf_fixed,-2.496661,1.480782,-0.240070,3.055116,1.619063,-2.592000,3.080782,0.000000,45.000000,-3.349063,-3.264126,-0.041957,1,7.492424,0.866418,0.849741,0.736087,0.736087,1.018102,0.027969,0.735512,0.735512,0.142737,0.847396,0.834289,0.730426,inf,nan,0.000000,0.730426,0.730426,0.730426,0.236584,-0.011847,0.724908,0.242071,0.000000,-0.000000,0.004434,3.064533,10,4
1780630821.410304,dhocbf_fixed,-2.537413,1.769973,-0.574976,2.728703,1.724848,-2.592000,3.369973,0.000000,45.000000,-3.626530,-2.455816,-0.055167,1,8.178643,1.106078,1.101219,0.993445,0.993445,0.888807,0.025991,0.733770,0.733770,0.129043,0.733773,0.815471,0.716600,inf,nan,0.000000,0.716600,0.716600,0.716600,0.137889,-0.012912,0.733778,0.144111,0.000000,-0.000000,0.005753,2.788623,10,4
1780630821.527352,dhocbf_fixed,-2.613044,2.030564,-0.937629,2.483121,1.732317,-2.592000,3.630564,0.000000,45.000000,-0.048058,0.500535,-0.058966,1,8.855461,1.309775,1.315088,1.204370,1.204370,0.762996,0.025097,0.615387,0.615387,0.122511,0.615387,0.658257,0.560178,inf,nan,0.000000,0.560178,0.560178,0.560178,0.094495,-0.004851,0.577568,0.099692,0.000000,-0.000000,0.006130,2.654249,10,4
1780630821.609328,dhocbf_fixed,-2.707047,2.281379,-0.942435,2.533175,1.636168,-2.592000,3.881379,0.000000,45.000000,7.513876,2.194950,-0.049019,1,7.473823,1.356852,1.406051,1.298491,1.298491,0.658079,0.025492,0.507725,0.507725,0.124861,0.507725,0.490141,0.381862,inf,nan,0.000000,0.381862,0.381862,0.381862,0.057748,-0.008107,0.396409,0.061800,0.000000,-0.000000,0.002502,2.702806,10,4
1780630821.730067,dhocbf_fixed,-2.763721,2.545671,-0.191047,2.752670,1.672054,-2.592000,4.145671,0.000000,45.000000,7.117422,0.012039,-0.050175,1,10.353798,1.265136,1.351985,1.239657,1.239657,0.620000,0.025968,0.466422,0.466422,0.127609,0.466422,0.377037,0.279284,inf,nan,0.000000,0.279284,0.279284,0.279284,0.037063,-0.010606,0.294723,0.042076,0.000000,-0.000000,0.005359,2.759292,10,4
1780630821.805628,dhocbf_fixed,-2.747239,2.820998,0.520695,2.753874,1.562713,-2.592000,4.420998,0.000000,45.000000,-0.392634,2.027880,-0.038188,1,3.548778,2.446211,2.435356,2.324240,2.324240,2.576675,0.026223,2.323280,2.323280,0.129731,2.420722,2.443840,2.334837,inf,nan,0.000000,2.334837,2.334837,2.334837,0.982653,0.262860,2.326830,0.980415,0.262452,-0.000000,0.000001,2.802667,2,4
1780630821.923856,dhocbf_fixed,-2.697132,3.106525,0.481432,2.956662,1.503417,-2.592000,4.706525,0.000000,45.000000,-1.230203,1.279531,-0.028518,1,4.184205,2.730868,2.719568,2.607577,2.607577,2.725399,0.027480,2.553901,2.553901,0.139280,2.558639,2.726618,2.617039,inf,nan,0.000000,2.617039,2.617039,2.617039,1.085421,0.278380,2.609194,1.083114,0.277973,-0.000000,0.000000,2.995601,2,4
1780630822.009930,dhocbf_fixed,-2.655140,3.408589,0.358411,3.084615,1.488346,-2.592000,5.008589,0.000000,45.000000,-1.121223,0.655196,-0.024277,1,3.458681,3.032979,3.019477,2.907627,2.907627,2.882483,0.028238,2.709421,2.709421,0.144796,2.709449,3.027373,2.917348,inf,nan,0.000000,2.917348,2.917348,2.917348,1.185802,0.295649,2.909550,1.183819,0.295248,-0.000000,0.000000,3.105368,2,4
1780630822.121240,dhocbf_fixed,-2.624905,3.720326,0.246289,3.150134,1.505008,-2.592000,5.320326,0.000000,45.000000,-0.884615,0.317340,-0.024875,1,4.313146,3.345069,3.329106,3.217684,3.217684,3.044316,0.028628,2.868137,2.868137,0.147551,2.868137,3.338629,3.227946,inf,nan,0.000000,3.227946,3.227946,3.227946,1.284285,0.313938,3.220503,1.282409,0.313538,-0.000000,0.000000,3.159748,2,4
1780630822.210855,dhocbf_fixed,-2.604699,4.036927,0.157827,3.181868,1.527281,-2.592000,5.636927,0.000000,45.000000,-0.654095,0.151030,-0.027291,1,3.485621,3.661989,3.644430,3.533224,3.533224,3.208683,0.028820,3.030988,3.030988,0.148875,3.030988,3.655090,3.543847,inf,nan,0.000000,3.543847,3.543847,3.543847,1.381719,0.332732,3.536761,1.379820,0.332336,-0.000000,0.000000,3.185780,2,4
1780630822.325247,dhocbf_fixed,-2.592187,4.355869,0.092418,3.196971,1.545927,-2.592000,5.955869,0.000000,45.000000,-0.457833,0.071464,-0.029750,1,4.118671,3.981126,3.962718,3.851615,3.851615,3.374344,0.028915,3.195915,3.195915,0.149514,3.195915,3.974008,3.862412,inf,nan,0.000000,3.862412,3.862412,3.862412,1.478564,0.351770,3.855552,1.476651,0.351378,-0.000000,0.000000,3.198307,2,4
1780630822.410398,dhocbf_fixed,-2.585234,4.675923,0.046635,3.204118,1.559225,-2.592000,6.275923,0.000000,45.000000,-0.301750,0.033749,-0.031622,1,3.451960,4.301256,4.282465,4.171397,4.171397,3.540643,0.028963,3.361853,3.361853,0.149827,3.361853,4.294066,4.182253,inf,nan,0.000000,4.182253,4.182253,4.182253,1.575121,0.370925,4.175537,1.573206,0.370536,-0.000000,0.000000,3.204457,2,4
1780630822.523876,dhocbf_fixed,-2.582080,4.996504,0.016460,3.207493,1.567812,-2.592000,6.596504,0.000000,45.000000,-0.184150,0.015928,-0.032823,1,4.040752,4.621830,4.602908,4.491843,4.491843,3.707252,0.028987,3.528281,3.528281,0.149984,3.528281,4.614651,4.502698,inf,nan,0.000000,4.502698,4.502698,4.502698,1.671549,0.390134,4.496082,1.669634,0.389749,-0.000000,0.000000,3.207535,2,4
1780630822.611110,dhocbf_fixed,-2.581354,5.317333,-0.001955,3.209086,1.572832,-2.592000,6.917333,0.000000,45.000000,-0.100010,0.007515,-0.033459,1,3.563402,4.942606,4.923678,4.812605,4.812605,3.874011,0.028999,3.694949,3.694949,0.150064,3.694949,4.935481,4.823438,inf,nan,0.000000,4.823438,4.823438,4.823438,1.767916,0.409370,4.816891,1.766002,0.408988,-0.000000,0.000000,3.209086,2,4
1780630822.718806,dhocbf_fixed,-2.582050,5.638279,-0.011956,3.209837,1.575363,-2.592000,7.238279,0.000000,45.000000,-0.043084,0.003546,-0.033680,1,4.052907,5.263479,5.244601,5.133516,5.133516,4.040844,0.029004,3.861736,3.861736,0.150103,3.861736,5.256425,5.144323,inf,nan,0.000000,5.144323,5.144323,5.144323,1.864252,0.428619,5.137825,1.862341,0.428239,-0.000000,0.000000,3.209859,2,4
1780630822.804029,dhocbf_fixed,-2.583461,5.959280,-0.016265,3.210192,1.576270,-2.592000,7.559280,0.000000,45.000000,-0.597395,-0.540756,-0.033617,1,4.667326,0.617836,0.631279,0.519373,0.519373,1.301999,0.029007,0.519373,0.519373,0.150122,1.122870,0.638942,0.529343,inf,nan,0.000000,0.529343,0.529343,0.529343,0.398790,-0.013640,0.524725,0.404700,0.000002,-0.000000,0.000001,3.210233,10,4
1780630822.926881,dhocbf_fixed,-2.588074,6.277595,-0.076004,3.156116,1.579542,-2.592000,7.877595,0.000000,45.000000,-1.066718,-0.384983,-0.033742,1,8.049573,0.936181,0.948562,0.837167,0.837167,1.376077,0.028600,0.837167,0.837167,0.147413,1.200064,0.957290,0.847544,inf,nan,0.000000,0.847544,0.847544,0.847544,0.423702,-0.015434,0.842195,0.429884,0.000001,-0.000000,0.000001,3.157031,10,4
1780630823.006322,dhocbf_fixed,-2.601008,6.591282,-0.182676,3.117618,1.580253,-2.592000,8.191282,0.000000,45.000000,0.810790,0.383350,-0.033635,1,5.163084,1.250073,1.262313,1.150884,1.150884,1.470112,0.028344,1.150707,1.150707,0.145686,1.296082,1.271140,1.158127,inf,nan,0.000000,1.158127,1.158127,1.158127,0.429158,0.081386,1.149424,0.435662,0.078429,-0.000000,0.000000,3.122965,10,4
1780630823.117822,dhocbf_fixed,-2.615222,6.904961,-0.101597,3.155953,1.575163,-2.592000,8.504961,0.000000,45.000000,0.718878,0.271042,-0.032839,1,9.198626,1.330026,1.500970,1.384025,1.384025,1.579844,0.028608,1.372429,1.372429,0.147441,1.403795,1.345255,1.245404,inf,nan,0.000000,1.245404,1.245404,1.245404,0.432545,0.135665,1.251138,0.439202,0.136610,-0.000000,0.000000,3.157588,10,4
1780630823.206773,dhocbf_fixed,-2.621787,7.221911,-0.029709,3.183057,1.566825,-2.592000,8.821911,0.000000,45.000000,0.451328,0.142270,-0.031521,1,5.597550,1.366404,1.537503,1.424101,1.424101,1.701978,0.028805,1.423261,1.423261,0.148744,1.524429,1.412080,1.304328,inf,nan,0.000000,1.304328,1.304328,1.304328,0.496505,0.150538,1.314998,0.502697,0.151537,-0.000000,0.000000,3.183196,10,4
1780630823.296561,dhocbf_fixed,-2.622502,7.540928,0.015424,3.197284,1.559461,-2.592000,9.140928,0.000000,45.000000,0.237200,0.069419,-0.030188,1,4.031196,1.457080,1.615809,1.505188,1.505188,1.832731,0.028913,1.505034,1.505034,0.149463,1.654355,1.514887,1.409534,inf,nan,0.000000,1.409534,1.409534,1.409534,0.569931,0.166272,1.423195,0.576000,0.167296,-0.000000,0.000000,3.197321,10,4
1780630823.389772,dhocbf_fixed,-2.619773,7.861004,0.039144,3.204226,1.555391,-2.592000,9.461004,0.000000,45.000000,0.091482,0.033118,-0.029218,1,3.459213,1.596517,1.737260,1.630645,1.630645,1.969430,0.028967,1.630540,1.630540,0.149828,1.790635,1.656657,1.556605,inf,nan,0.000000,1.556605,1.556605,1.556605,0.649750,0.182658,1.572237,0.655364,0.183684,-0.000000,0.000000,3.204465,10,4
1780630823.496699,dhocbf_fixed,-2.615402,8.181592,0.048292,3.207538,1.554351,-2.592000,9.781592,0.000000,45.000000,0.000960,0.015683,-0.028675,1,3.922760,1.776460,1.900333,1.795377,1.795377,2.110501,0.028992,1.795134,1.795134,0.150003,1.931506,1.839301,1.739373,inf,nan,0.000000,1.739373,1.739373,1.739373,0.733120,0.199530,1.755929,0.738387,0.200550,-0.000000,0.000000,3.207901,10,4
1780630823.596173,dhocbf_fixed,-2.610568,8.502424,0.048388,3.209106,1.555352,-2.592000,10.102424,0.000000,45.000000,-0.049339,0.007408,-0.028464,1,5.298044,1.988809,2.097117,1.992342,1.992342,2.255040,0.029003,1.990850,1.990850,0.150083,2.075954,2.053537,1.950681,inf,nan,0.000000,1.950681,1.950681,1.950681,0.818555,0.216773,1.967537,0.823713,0.217783,-0.000000,0.000000,3.209471,10,4
1780630823.716199,dhocbf_fixed,-2.605975,8.823372,0.043454,3.209847,1.557461,-2.592000,10.423372,0.000000,45.000000,-0.072127,0.003496,-0.028459,1,8.975865,2.223219,2.320196,2.214722,2.214722,2.402470,0.029007,2.198905,2.198905,0.150117,2.223345,2.291500,2.184031,inf,nan,0.000000,2.184031,2.184031,2.184031,0.905460,0.234306,2.200989,0.910617,0.235306,-0.000000,0.000000,3.210141,10,4
1780630823.805737,dhocbf_fixed,-2.601991,9.144374,0.036241,3.210196,1.559989,-2.592000,10.744374,0.000000,45.000000,-0.077317,0.001651,-0.028550,1,3.667413,1.636413,1.598056,1.486573,1.486573,2.143524,0.029009,1.486573,1.486573,0.150131,1.964385,1.601628,1.496909,inf,nan,0.000000,1.496909,1.496909,1.496909,0.767752,0.209318,1.515544,0.773608,0.210494,-0.000000,0.000000,3.210401,10,4
1780630823.923735,dhocbf_fixed,-2.598753,9.465402,0.028509,3.210361,1.562498,-2.592000,11.065402,0.000000,45.000000,-0.072224,0.000779,-0.028663,1,4.272377,1.955689,1.916345,1.805028,1.805028,2.309769,0.029009,1.805028,1.805028,0.150135,2.130625,1.921461,1.815589,inf,nan,0.000000,1.815589,1.815589,1.815589,0.864000,0.228546,1.834489,0.869876,0.229727,-0.000000,0.000000,3.210488,10,4
1780630824.002435,dhocbf_fixed,-2.596263,9.786442,0.021287,3.210439,1.564740,-2.592000,11.386442,0.000000,45.000000,-0.061958,0.000367,-0.028752,1,4.722636,2.275317,2.235461,2.124235,2.124235,2.476135,0.029009,2.124168,2.124168,0.150136,2.296989,2.241675,2.134912,inf,nan,0.000000,2.134912,2.134912,2.134912,0.960224,0.247780,2.154017,0.966119,0.248965,-0.000000,0.000000,3.210510,10,4
1780630824.120848,dhocbf_fixed,-2.594444,10.107488,0.015091,3.210476,1.566606,-2.592000,11.707488,0.000000,45.000000,-0.049883,0.000173,-0.028793,1,4.913620,2.595018,2.555105,2.443928,2.443928,2.642593,0.029009,2.432248,2.432248,0.150136,2.463447,2.562127,2.454663,inf,nan,0.000000,2.454663,2.454663,2.454663,1.056443,0.267018,2.473931,1.062355,0.268207,-0.000000,0.000000,3.210511,10,4
1780630824.208641,dhocbf_fixed,-2.593185,10.428536,0.010103,3.210493,1.568070,-2.592000,12.028536,0.000000,45.000000,-0.038051,0.000081,-0.028778,1,3.922620,2.915048,2.875097,2.763947,2.763947,2.809122,0.029009,2.629716,2.629716,0.150136,2.629977,2.882734,2.774707,inf,nan,0.000000,2.774707,2.774707,2.774707,1.152662,0.286259,2.794106,1.158591,0.287451,-0.000000,0.000000,3.210509,10,4
1780630824.322569,dhocbf_fixed,-2.592365,10.749586,0.006298,3.210501,1.569162,-2.592000,12.349586,0.000000,45.000000,-0.027574,0.000038,-0.028709,1,5.291771,3.235303,3.195329,3.084192,3.084192,2.975709,0.029009,2.796563,2.796563,0.150136,2.796564,3.203445,3.094957,inf,nan,0.000000,3.094957,3.094957,3.094957,1.248887,0.305503,3.114465,1.254831,0.306698,-0.000000,0.000000,3.210508,10,4
1780630824.409166,dhocbf_fixed,-2.591873,11.070636,0.003541,3.210505,1.569936,-2.592000,12.670636,0.000000,45.000000,-0.018926,0.000018,-0.028592,1,3.811508,3.555716,3.515729,3.404597,3.404597,3.142342,0.029009,2.963197,2.963197,0.150136,2.963197,3.524228,3.415357,inf,nan,0.000000,3.415357,3.415357,3.415357,1.345117,0.324750,3.434956,1.351075,0.325946,-0.000000,0.000000,3.210507,10,4
1780630824.526830,dhocbf_fixed,-2.591613,11.391687,0.001648,3.210507,1.570453,-2.592000,12.991687,0.000000,45.000000,-0.012184,0.000008,-0.028436,1,4.472529,3.876246,3.836250,3.725118,3.725118,3.309013,0.029009,3.129868,3.129868,0.150136,3.129868,3.845063,3.735867,inf,nan,0.000000,3.735867,3.735867,3.735867,1.441354,0.343998,3.755544,1.447324,0.345197,-0.000000,0.000000,3.210507,10,4
1780630824.608684,dhocbf_fixed,-2.591509,11.712737,0.000429,3.210508,1.570775,-2.592000,13.312737,0.000000,45.000000,-0.007193,0.000004,-0.028249,1,4.042579,4.196860,4.156861,4.045725,4.045725,3.475715,0.029009,3.296570,3.296570,0.150136,3.296570,4.165935,4.056461,inf,nan,0.000000,4.056461,4.056461,4.056461,1.537596,0.363247,4.076204,1.543578,0.364448,-0.000000,0.000000,3.210508,10,4
1780630824.719406,dhocbf_fixed,-2.591502,12.033788,-0.000290,3.210508,1.570955,-2.592000,13.633788,0.000000,45.000000,-0.003686,0.000002,-0.028041,1,5.703340,4.517540,4.477538,4.366399,4.366399,3.642443,0.029009,3.463298,3.463298,0.150136,3.463298,4.486834,4.377119,inf,nan,0.000000,4.377119,4.377119,4.377119,1.633845,0.382498,4.396920,1.639836,0.383701,-0.000000,0.000000,3.210508,10,4
1780630824.811436,dhocbf_fixed,-2.591550,12.354839,-0.000659,3.210508,1.571039,-2.592000,13.954839,0.000000,45.000000,-5.656854,-5.656854,-0.027819,1,10.424946,0.453723,0.442463,0.337880,0.337880,0.739376,0.029009,0.337868,0.337868,0.150136,0.560230,0.124812,0.027581,inf,nan,0.000000,0.027581,0.027581,0.027581,-0.086812,0.024509,0.038787,-0.000000,0.033055,-0.000000,0.089136,3.210508,10,4
1780630824.928853,dhocbf_fixed,-2.619900,12.647606,-0.566344,2.644823,1.815934,-2.592000,14.247606,0.000000,45.000000,-5.656887,-5.656821,-0.054272,1,7.953045,0.283742,0.310098,0.205972,0.205972,0.863731,0.025424,0.205972,0.205972,0.124957,0.713350,0.150288,0.056234,inf,nan,0.000000,0.056234,0.056234,0.056234,-0.039678,0.030956,0.078360,-0.000000,0.033139,-0.000000,0.030687,2.704780,10,4
1780630825.007512,dhocbf_fixed,-2.704819,12.883804,-1.132033,2.079141,1.900629,-2.592000,14.483804,0.000000,45.000000,5.603926,4.596113,-0.069760,1,5.729089,0.278304,0.393410,0.287231,0.287231,1.115598,0.023448,0.287231,0.287231,0.108868,0.983282,0.244049,0.144756,inf,nan,0.000000,0.144756,0.144756,0.144756,0.129225,0.080378,0.158183,0.134391,0.081841,-0.000000,0.000000,2.367345,10,4
1780630825.099498,dhocbf_fixed,-2.790002,13.114698,-0.571640,2.538752,1.859276,-2.592000,14.714698,0.000000,45.000000,4.723125,3.328036,-0.068682,1,4.503691,0.330628,0.409320,0.296092,0.296092,1.210451,0.025021,0.296092,0.296092,0.120011,1.065418,0.294738,0.196003,inf,nan,0.000000,0.196003,0.196003,0.196003,0.174605,0.103104,0.210465,0.180067,0.104193,-0.000000,0.000000,2.602313,10,4
1780630825.204908,dhocbf_fixed,-2.823551,13.385214,-0.099328,2.871556,1.756188,-2.592000,14.985214,0.000000,45.000000,4.451816,-0.271570,-0.056748,1,12.307361,0.419786,0.452773,0.347232,0.347232,0.657172,0.026895,0.347081,0.347081,0.133204,0.497073,0.384793,0.285400,inf,nan,0.000000,0.285400,0.285400,0.285400,0.101124,-0.010615,0.300781,0.106386,0.000000,-0.000000,0.007483,2.873273,10,4
1780630825.329215,dhocbf_fixed,-2.811225,13.671012,0.345854,2.844399,1.563994,-2.592000,15.271012,0.000000,45.000000,3.173194,-4.203278,-0.032474,1,9.793936,0.353471,0.378994,0.274212,0.274212,0.620000,0.026805,0.274170,0.274170,0.132813,0.460383,0.314999,0.218093,inf,nan,0.000000,0.218093,0.218093,0.218093,0.066451,-0.014385,0.233190,0.072585,0.000000,-0.000000,0.009957,2.865348,10,4
1780630825.412770,dhocbf_fixed,-2.760773,13.934435,0.663173,2.424071,1.366326,-2.592000,15.534435,0.000000,45.000000,0.500918,-7.984302,-0.004675,1,11.604414,0.520782,0.531844,0.427937,0.427937,0.620000,0.024404,0.423634,0.423634,0.115750,0.479846,0.385555,0.270257,inf,nan,0.000000,0.270257,0.270257,0.270257,0.034779,-0.024874,0.278263,0.039614,0.000000,-0.000000,0.017145,2.513149,10,4
1780630825.532050,dhocbf_fixed,-2.691951,14.136921,0.713265,1.625641,1.288355,-2.592000,15.736921,0.000000,45.000000,-0.741767,-7.089237,0.010795,1,15.070994,0.665858,0.663998,0.559784,0.559784,0.620000,0.020487,0.511641,0.511641,0.082012,0.517502,0.294232,0.171064,inf,nan,0.000000,0.171064,0.171064,0.171064,0.009564,-0.029587,0.178988,0.015646,0.000000,-0.000000,0.021582,1.775234,10,4
1780630825.609274,dhocbf_fixed,-2.624334,14.264038,0.639089,0.916717,1.379273,-2.592000,15.864038,0.000000,45.000000,-2.158329,-2.598500,0.004694,1,9.432145,0.759606,0.740820,0.629365,0.629365,0.620000,0.018145,0.546031,0.546031,0.054234,0.547620,0.217636,0.096561,inf,nan,0.000000,0.096561,0.096561,0.096561,-0.006374,-0.029388,0.106493,0.000000,-0.000000,-0.000000,0.020419,1.117499,10,4
1780630825.730904,dhocbf_fixed,-2.571216,14.342718,0.423256,0.656867,1.526644,-2.592000,15.942718,0.000000,45.000000,-2.168586,3.101906,-0.012907,1,14.141754,0.778712,0.752760,0.626383,0.626383,0.620000,0.017376,0.558918,0.558918,0.040876,0.561748,0.173186,0.057122,inf,nan,0.000000,0.057122,0.057122,0.057122,-0.005784,-0.018726,0.067525,0.000000,-0.000000,-0.000000,0.019465,0.781421,10,4
1780630825.809970,dhocbf_fixed,-2.539734,14.423914,0.206397,0.967057,1.490916,-2.592000,16.023914,0.000000,45.000000,2.873413,6.628559,-0.013335,1,8.447154,0.707395,0.686790,0.578093,0.578093,0.620000,0.017831,0.543153,0.543153,0.049054,0.553115,0.158354,0.063682,inf,nan,0.000000,0.063682,0.063682,0.063682,-0.017638,-0.027585,0.068950,0.000000,-0.000000,-0.000000,0.026276,0.988838,10,4
1780630825.929414,dhocbf_fixed,-2.504727,14.553762,0.493738,1.629913,1.728477,-2.592000,16.153762,0.000000,45.000000,0.329335,3.930952,-0.039223,1,7.664014,0.604894,0.579623,0.465166,0.465166,0.675372,0.020170,0.464589,0.464589,0.078858,0.576344,0.162103,0.066057,inf,nan,0.000000,0.066057,0.066057,0.066057,-0.017812,-0.019543,0.071416,0.000000,0.000000,-0.000000,0.019462,1.703055,10,4
1780630826.009656,dhocbf_fixed,-2.453706,14.736408,0.526672,2.023009,1.700778,-2.592000,16.336408,0.000000,45.000000,1.310458,-2.446700,-0.042428,1,5.206117,0.477982,0.456497,0.346519,0.346519,0.758607,0.022008,0.346518,0.346518,0.096090,0.640509,0.170290,0.070809,inf,nan,0.000000,0.070809,0.070809,0.070809,-0.020339,-0.007022,0.075418,0.000000,0.012623,-0.000000,0.021707,2.090442,10,4
1780630826.126268,dhocbf_fixed,-2.394487,14.926476,0.657718,1.778339,1.649064,-2.592000,16.526476,0.000000,45.000000,-2.681759,2.245191,-0.037327,1,6.498534,0.364775,0.363580,0.259600,0.259600,0.849916,0.021208,0.259600,0.259600,0.087350,0.741358,0.178254,0.075454,inf,nan,0.000000,0.075454,0.075454,0.075454,-0.020446,0.009524,0.079664,-0.000000,0.014203,-0.000000,0.015880,1.896070,10,4
1780630826.209376,dhocbf_fixed,-2.342124,15.115536,0.389542,2.002858,1.613691,-2.592000,16.715536,0.000000,45.000000,-4.156731,5.529807,-0.031961,1,4.731409,0.318310,0.371669,0.260092,0.260092,0.945855,0.022042,0.260092,0.260092,0.093822,0.829992,0.220492,0.115540,inf,nan,0.000000,0.115540,0.115540,0.115540,0.005452,0.028199,0.110716,0.002550,0.034352,-0.000000,0.000000,2.040388,10,4
1780630826.328311,dhocbf_fixed,-2.323953,15.343470,-0.026131,2.555838,1.483516,-2.592000,16.943470,0.000000,45.000000,-2.584543,3.322506,-0.016240,1,4.677072,0.289809,0.414574,0.291749,0.291749,1.060585,0.024947,0.291749,0.291749,0.117792,0.917846,0.254511,0.146679,inf,nan,0.000000,0.146679,0.146679,0.146679,0.047004,0.090558,0.135557,0.050334,0.089453,-0.000000,0.000000,2.555972,10,4
1780630826.408639,dhocbf_fixed,-2.339489,15.615667,-0.284586,2.888089,1.541352,-2.592000,17.215667,0.000000,45.000000,-1.180495,1.681428,-0.018480,1,4.189688,0.283579,0.380419,0.269151,0.269151,1.199713,0.027161,0.269151,0.269151,0.134628,1.037925,0.254511,0.148478,inf,nan,0.000000,0.148478,0.148478,0.148478,0.142972,0.103709,0.136772,0.149707,0.102568,-0.000000,0.000000,2.902076,10,4
1780630826.525666,dhocbf_fixed,-2.373850,15.912883,-0.402635,3.056232,1.624496,-2.592000,17.512883,0.000000,45.000000,-0.244691,0.811460,-0.027975,1,5.830884,0.342753,0.377519,0.271587,0.271587,1.353143,0.028353,0.271587,0.271587,0.143649,1.181141,0.304182,0.207468,inf,nan,0.000000,0.207468,0.207468,0.207468,0.271799,0.119983,0.215185,0.273564,0.118745,-0.000000,0.000000,3.082640,10,4
1780630826.609102,dhocbf_fixed,-2.415337,16.222563,-0.427104,3.137378,1.668075,-2.592000,17.822563,0.000000,45.000000,0.303926,0.385739,-0.034915,1,4.295160,0.547540,0.541603,0.437285,0.437285,1.513148,0.028874,0.437285,0.437285,0.147885,1.336390,0.517240,0.411641,inf,nan,0.000000,0.411641,0.411641,0.411641,0.385428,0.137554,0.419761,0.387370,0.136469,-0.000000,0.000000,3.166316,10,4
1780630826.752414,dhocbf_fixed,-2.456528,16.538230,-0.396712,3.175952,1.676308,-2.592000,18.138230,0.000000,45.000000,-7.899970,-1.261137,-0.037346,1,27.649592,0.811593,0.791482,0.682816,0.682816,0.630957,0.029052,0.452264,0.452264,0.149632,0.452273,0.694244,0.591516,inf,nan,0.000000,0.591516,0.591516,0.591516,0.111331,-0.043017,0.608516,0.116333,-0.000000,-0.000000,0.047031,3.200633,10,4
1780630826.807868,dhocbf_fixed,-2.535699,16.849519,-1.186709,3.049838,1.690439,-2.592000,18.449519,0.000000,45.000000,-5.656854,-5.656854,-0.039253,1,10.474332,1.043089,1.018365,0.901829,0.901829,0.620000,0.029512,0.437173,0.437173,0.153315,0.437173,0.643384,0.544942,inf,nan,0.000000,0.544942,0.544942,0.544942,0.096826,-0.050324,0.562285,0.102219,-0.000000,-0.000000,0.057243,3.272581,10,4
1780630826.918666,dhocbf_fixed,-2.682654,17.126219,-1.752394,2.484152,1.878159,-2.592000,18.726219,0.000000,45.000000,4.841894,1.698988,-0.059917,1,6.028408,1.122232,1.119855,1.014483,1.014483,0.620000,0.027784,0.450710,0.450710,0.141506,0.450710,0.316871,0.211573,inf,nan,0.000000,0.211573,0.211573,0.211573,0.036093,-0.004079,0.224401,0.039131,0.000000,-0.000000,0.003462,3.040049,10,4
1780630827.006016,dhocbf_fixed,-2.833684,17.383129,-1.268205,2.654051,1.726302,-2.592000,18.983129,0.000000,45.000000,5.605636,0.742588,-0.048165,1,8.748944,0.967170,0.968604,0.864178,0.864178,0.620000,0.027402,0.456015,0.456015,0.136583,0.456015,0.217156,0.119993,inf,nan,0.000000,0.119993,0.119993,0.119993,0.006427,-0.006585,0.131984,0.011621,0.000000,-0.000000,0.005168,2.941484,10,4
1780630827.120895,dhocbf_fixed,-2.932476,17.652247,-0.707641,2.728310,1.594003,-2.592000,19.252247,0.000000,45.000000,5.633111,-0.784426,-0.030513,1,9.686718,0.820712,0.830714,0.726500,0.726500,0.620000,0.026927,0.462559,0.462559,0.130512,0.462562,0.152451,0.056677,inf,nan,0.000000,0.056677,0.056677,0.056677,-0.004459,-0.014257,0.069177,0.000000,0.000000,-0.000000,0.008676,2.818587,10,4
1780630827.223678,dhocbf_fixed,-2.975075,17.921156,-0.144330,2.649867,1.457488,-2.592000,19.521156,0.000000,45.000000,5.898616,-1.134568,-0.011040,1,14.654858,0.682710,0.705810,0.601044,0.601044,0.620000,0.026045,0.471161,0.471161,0.122489,0.471466,0.138321,0.037324,inf,nan,0.000000,0.037324,0.037324,0.037324,-0.007008,-0.016650,0.047481,0.000000,0.000000,-0.000000,0.016334,2.653795,10,4
1780630827.318399,dhocbf_fixed,-2.960015,18.180470,0.445532,2.536411,1.387886,-2.592000,19.780470,0.000000,45.000000,-5.085275,-5.086717,0.001477,1,9.061273,0.552612,0.606720,0.497975,0.497975,0.620000,0.025479,0.464990,0.464990,0.118713,0.475808,0.141576,0.047513,inf,nan,0.000000,0.047513,0.047513,0.047513,-0.005582,-0.021240,0.060150,0.000000,0.000000,-0.000000,0.019788,2.575243,10,4
1780630827.411752,dhocbf_fixed,-2.940888,18.408677,-0.062996,2.027739,1.573445,-2.592000,20.008677,0.000000,45.000000,-7.922150,1.113345,-0.015607,1,7.561178,0.484644,0.507393,0.395985,0.395985,0.669806,0.022370,0.395872,0.395872,0.093294,0.554142,0.158601,0.064249,inf,nan,0.000000,0.064249,0.064249,0.064249,-0.021365,-0.016654,0.076486,0.000000,-0.000000,-0.000000,0.015979,2.028717,10,4
1780630827.521461,dhocbf_fixed,-2.986798,18.617018,-0.855211,2.139073,1.444818,-2.592000,20.217018,0.000000,45.000000,-2.455329,-1.811105,-0.005773,1,8.275898,0.367185,0.345104,0.236896,0.236896,0.769551,0.024022,0.236896,0.236896,0.105897,0.639632,0.158440,0.063191,inf,nan,0.000000,0.063191,0.063191,0.063191,-0.021690,-0.004637,0.076375,-0.000000,0.000000,-0.000000,0.016272,2.303697,10,4
1780630827.610239,dhocbf_fixed,-3.084596,18.821870,-1.100744,1.957963,1.427265,-2.592000,20.421870,0.000000,45.000000,6.581241,4.548326,-0.001366,1,5.027140,0.313194,0.319859,0.216554,0.216554,0.763088,0.024272,0.216554,0.216554,0.103229,0.635588,0.186331,0.090943,inf,nan,0.000000,0.090943,0.090943,0.090943,0.000040,-0.004102,0.104415,0.005283,0.000000,-0.000000,0.000000,2.246164,10,4
1780630827.732765,dhocbf_fixed,-3.161764,19.040408,-0.442620,2.412795,1.591520,-2.592000,20.640408,0.000000,45.000000,7.253382,3.374678,-0.018115,1,6.343055,0.280590,0.371764,0.263939,0.263939,0.649918,0.025971,0.263934,0.263934,0.112901,0.511046,0.207871,0.112733,inf,nan,0.000000,0.112733,0.112733,0.112733,0.009073,-0.002294,0.126665,0.014518,0.000000,-0.000000,0.000778,2.453058,10,4
1780630827.804505,dhocbf_fixed,-3.169759,19.298561,0.282719,2.750263,1.605858,-2.592000,20.898561,0.000000,45.000000,4.507201,1.910574,-0.023773,1,10.949171,0.273972,0.393853,0.286128,0.286128,0.707775,0.027982,0.286126,0.286126,0.127876,0.551917,0.233972,0.137978,inf,nan,0.000000,0.137978,0.137978,0.137978,0.079532,-0.011324,0.150934,0.081805,0.000000,-0.000000,0.002066,2.764756,10,4
1780630827.931541,dhocbf_fixed,-3.118952,19.583140,0.733439,2.941321,1.492621,-2.592000,21.183140,0.000000,45.000000,2.424698,-1.251455,-0.012673,1,8.790125,0.294972,0.359103,0.247649,0.247649,0.620000,0.029472,0.247625,0.247625,0.141072,0.449456,0.254166,0.158837,inf,nan,0.000000,0.158837,0.158837,0.158837,0.103491,-0.008860,0.171618,0.108211,0.000000,-0.000000,0.005877,3.031386,10,4
1780630828.010208,dhocbf_fixed,-3.033484,19.871015,0.975908,2.816175,1.342276,-2.592000,21.471015,0.000000,45.000000,1.726070,-4.365338,0.006521,1,6.955746,0.423154,0.441145,0.336930,0.336930,0.620000,0.028567,0.336441,0.336441,0.138525,0.452908,0.396677,0.287673,inf,nan,0.000000,0.287673,0.287673,0.287673,0.073544,-0.013816,0.295340,0.078718,0.000000,-0.000000,0.010142,2.980476,10,4
1780630828.113726,dhocbf_fixed,-2.927263,20.130805,1.148515,2.379641,1.219176,-2.592000,21.730805,0.000000,45.000000,2.789778,-7.296563,0.024682,1,6.489938,0.605735,0.605550,0.501498,0.501498,0.620000,0.025749,0.463529,0.463529,0.121935,0.472316,0.426794,0.327910,inf,nan,0.000000,0.327910,0.327910,0.327910,0.051159,-0.017058,0.343139,0.055267,0.000000,-0.000000,0.014231,2.642306,10,4
1780630828.211208,dhocbf_fixed,-2.798463,20.332287,1.427493,1.649985,1.055823,-2.592000,21.932287,0.000000,45.000000,3.218488,-4.815580,0.046850,1,6.610466,0.739194,0.764437,0.658506,0.658506,0.620000,0.022629,0.497007,0.497007,0.100263,0.497108,0.363154,0.267078,inf,nan,0.000000,0.267078,0.267078,0.267078,0.046477,-0.019743,0.279727,0.050480,0.000000,-0.000000,0.017314,2.181785,10,4
1780630828.329749,dhocbf_fixed,-2.639621,20.473207,1.749342,1.168427,1.128458,-2.592000,22.073207,0.000000,45.000000,1.619631,2.459382,0.044184,1,9.701803,0.840452,0.832204,0.719785,0.719785,0.620000,0.021965,0.501329,0.501329,0.096692,0.501343,0.335491,0.229070,inf,nan,0.000000,0.229070,0.229070,0.229070,0.039649,-0.009295,0.225987,0.036616,-0.000000,-0.000000,0.014309,2.103668,10,4
1780630828.407692,dhocbf_fixed,-2.456588,20.602347,1.911305,1.414365,1.385261,-2.592000,22.202347,0.000000,45.000000,-3.170734,6.523209,0.015273,1,5.660066,0.778743,0.793344,0.684600,0.684600,0.620000,0.023543,0.487074,0.487074,0.109354,0.487103,0.253389,0.154081,inf,nan,0.000000,0.154081,0.154081,0.154081,0.020480,-0.008877,0.159011,0.026228,0.000000,-0.000000,0.008289,2.377712,10,4
1780630828.524676,dhocbf_fixed,-2.281312,20.776399,1.594232,2.066686,1.333707,-2.581762,22.375817,0.000000,45.000000,-4.988724,5.055206,0.013560,1,6.376381,0.668327,0.735383,0.631300,0.631300,0.620000,0.025390,0.474107,0.474107,0.120386,0.474224,0.256076,0.160206,inf,nan,0.000000,0.160206,0.160206,0.160206,0.022565,-0.005807,0.168820,0.032066,0.000000,-0.000000,0.004655,2.610128,10,4
1780630828.608635,dhocbf_fixed,-2.146832,21.008344,1.095359,2.572207,1.360997,-2.555464,22.606266,0.000000,45.000000,-6.911537,3.614206,0.010073,1,4.597576,0.543474,0.668766,0.561844,0.561844,0.666815,0.027061,0.505999,0.505999,0.129390,0.510363,0.354234,0.254129,inf,nan,0.000000,0.254129,0.254129,0.254129,0.032372,0.000647,0.259308,0.035163,0.000000,-0.000000,0.000234,2.795722,10,4
1780630828.719786,dhocbf_fixed,-2.071854,21.283636,0.404206,2.933627,1.429832,-2.524252,22.879783,0.000000,45.000000,-6.344217,1.466946,0.001667,1,4.149921,0.426438,0.603373,0.490798,0.490798,0.801368,0.028414,0.490617,0.490617,0.137571,0.635383,0.366134,0.261734,inf,nan,0.000000,0.261734,0.261734,0.261734,0.024360,0.033678,0.266583,0.026882,0.031339,-0.000000,0.000000,2.961343,10,4
1780630828.810423,dhocbf_fixed,-2.063154,21.584333,-0.230216,3.080322,1.566390,-2.490159,23.178541,0.000000,45.000000,-3.259216,0.636778,-0.015315,1,3.855025,0.931861,1.024312,0.911766,0.911766,1.401164,0.029155,0.911765,0.911765,0.143965,1.228044,0.885137,0.786820,inf,nan,0.000000,0.786820,0.786820,0.786820,0.231732,0.121703,0.787723,0.241721,0.122613,-0.000000,0.000000,3.088913,10,4
1780630828.926052,dhocbf_fixed,-2.102472,21.895549,-0.556138,3.144000,1.680430,-2.454874,23.487751,0.000000,45.000000,-0.915644,0.273723,-0.031881,1,4.371512,0.925137,1.042618,0.928545,0.928545,1.483046,0.029518,0.928545,0.928545,0.149233,1.304294,0.885137,0.786820,inf,nan,0.000000,0.786820,0.786820,0.786820,0.326772,0.129266,0.793127,0.333716,0.130210,-0.000000,0.000000,3.192808,10,4
1780630829.009784,dhocbf_fixed,-2.162664,22.211318,-0.647702,3.171372,1.736179,-2.419072,23.801483,0.000000,45.000000,0.522318,0.106741,-0.041889,1,3.667861,1.015614,1.092289,0.979544,0.979544,1.586904,0.029436,0.979544,0.979544,0.151482,1.405986,0.982159,0.877546,inf,nan,0.000000,0.877546,0.877546,0.877546,0.419393,0.139866,0.888905,0.425445,0.140840,-0.000000,0.000000,3.236838,10,4
1780630829.123366,dhocbf_fixed,-2.224823,22.528989,-0.595470,3.182046,1.733263,-2.378512,24.156911,0.000000,45.000000,1.313672,0.383091,-0.043805,1,11.383011,1.172361,1.211157,1.104768,1.104768,1.719351,0.029955,1.104768,1.104768,0.151505,1.537890,1.139178,1.033676,inf,nan,0.000000,1.033676,1.033676,1.033676,0.506217,0.123193,1.047678,0.512215,0.127663,-0.000000,0.000000,3.237283,10,4
1780630829.212134,dhocbf_fixed,-2.277801,22.849109,-0.464103,3.220355,1.698666,-2.343132,24.466948,0.000000,45.000000,1.577150,0.144037,-0.040236,1,3.773450,1.369033,1.387475,1.282748,1.282748,1.736750,0.029744,1.282746,1.282746,0.152342,1.554664,1.329368,1.229790,inf,nan,0.000000,1.229790,1.229790,1.229790,0.590371,0.082142,1.245589,0.595782,0.095555,-0.000000,0.000000,3.253625,10,4
1780630829.324592,dhocbf_fixed,-2.316326,23.171865,-0.306388,3.234759,1.650824,-2.307270,24.781215,0.000000,45.000000,1.559472,-0.013516,-0.033876,1,6.095311,1.590479,1.597509,1.492877,1.492877,1.747867,0.029505,1.490766,1.490766,0.152117,1.566245,1.551106,1.451224,inf,nan,0.000000,1.451224,1.451224,1.451224,0.672476,0.067122,1.467694,0.677487,0.077848,-0.000000,0.000000,3.249237,10,4
1780630829.409904,dhocbf_fixed,-2.339167,23.495273,-0.150441,3.233407,1.602688,-2.271132,25.097893,0.000000,45.000000,1.391227,-0.079331,-0.026827,1,3.747655,1.828272,1.827237,1.722184,1.722184,1.779175,0.029298,1.598019,1.598019,0.151486,1.598392,1.791788,1.688332,inf,nan,0.000000,1.688332,1.688332,1.688332,0.681130,0.034850,1.704872,0.689314,0.049767,-0.000000,0.000000,3.236905,10,4
1780630829.525226,dhocbf_fixed,-2.347255,23.818217,-0.011318,3.225474,1.560863,-2.234857,25.415775,0.000000,45.000000,1.156137,-0.094161,-0.020339,1,4.988704,2.075129,2.069464,1.963779,1.963779,1.829212,0.029156,1.649154,1.649154,0.150902,1.649154,2.044662,1.935821,inf,nan,0.000000,1.935821,1.935821,1.935821,0.678596,0.028307,1.952213,0.691958,0.043770,-0.000000,0.000000,3.225494,10,4
1780630829.610222,dhocbf_fixed,-2.342606,24.140294,0.104296,3.216058,1.527167,-2.198516,25.734235,0.000000,45.000000,0.907522,-0.085691,-0.014917,1,3.845248,2.323903,2.320889,2.213769,2.213769,1.896040,0.029074,1.716460,1.716460,0.150506,1.716460,2.283903,2.167935,inf,nan,0.000000,2.167935,2.167935,2.167935,0.679036,0.156333,2.176784,0.692414,0.151403,-0.000000,0.000000,3.217749,10,4
1780630829.725460,dhocbf_fixed,-2.327639,24.461471,0.195048,3.207489,1.501365,-2.162143,26.052969,0.000000,45.000000,0.676613,-0.068772,-0.010656,1,4.256167,2.336377,2.451599,2.334051,2.334051,1.977480,0.029033,1.798163,1.798163,0.150285,1.798163,2.299145,2.196590,inf,nan,0.000000,2.196590,2.196590,2.196590,0.701614,0.176256,2.216163,0.707380,0.177443,-0.000000,0.000000,3.213414,10,4
1780630829.826224,dhocbf_fixed,-2.304751,24.781876,0.262709,3.200612,1.482501,-2.125756,26.371834,0.000000,45.000000,-5.656854,-5.656855,-0.007467,1,23.142660,0.264733,0.223873,0.115427,0.115427,0.620000,0.029016,0.115427,0.115427,0.150180,0.440804,0.236200,0.131444,inf,nan,0.000000,0.131444,0.131444,0.131444,0.020384,-0.112412,0.137461,0.025934,-0.000000,-0.000000,0.105209,3.211375,10,4
1780630829.943028,dhocbf_fixed,-2.306765,25.073653,-0.302976,2.634926,1.721688,-2.092914,26.659633,0.000000,45.000000,-1.719733,-7.812971,-0.032692,1,19.218715,0.530974,0.495948,0.384181,0.384181,0.620000,0.025088,0.382911,0.382911,0.122417,0.472495,0.168112,0.071599,inf,nan,0.000000,0.071599,0.071599,0.071599,-0.003863,-0.158586,0.082895,0.000000,-0.000000,-0.000000,0.151232,2.652288,10,4
1780630830.007478,dhocbf_fixed,-2.345661,25.298081,-0.474950,1.853629,1.696722,-2.068132,26.876794,0.000000,45.000000,-1.838778,-1.022039,-0.036070,1,7.650704,0.706488,0.717195,0.587105,0.587105,0.620000,0.021095,0.508868,0.508868,0.088127,0.510779,0.143305,0.036062,inf,nan,0.000000,0.036062,0.036062,0.036062,-0.010932,-0.016945,0.045423,0.000000,-0.000000,-0.000000,0.019170,1.913509,10,4
1780630830.126989,dhocbf_fixed,-2.402350,25.478333,-0.658827,1.751425,1.551543,-2.048556,27.048344,0.000000,45.000000,-1.241949,0.837288,-0.020876,1,7.903738,0.541118,0.579599,0.462903,0.462903,0.620000,0.021038,0.458298,0.458298,0.086247,0.512715,0.127873,0.031420,inf,nan,0.000000,0.031420,0.031420,0.031420,-0.016431,-0.014996,0.043328,0.000000,0.000000,-0.000000,0.018425,1.871241,10,4
1780630830.210844,dhocbf_fixed,-2.474442,25.657662,-0.783022,1.835154,1.431071,-2.029282,27.217247,0.000000,45.000000,0.201953,0.019529,-0.003827,1,5.255465,0.377624,0.441082,0.326769,0.326769,0.702286,0.021875,0.326766,0.326766,0.091785,0.588625,0.135874,0.041707,inf,nan,0.000000,0.041707,0.041707,0.041707,-0.017977,-0.000457,0.054079,-0.000000,0.006100,-0.000000,0.020399,1.995223,10,4
1780630830.328042,dhocbf_fixed,-2.551735,25.841275,-0.762827,1.837107,1.355122,-2.009592,27.389793,0.000000,45.000000,0.826256,1.531780,0.008730,1,5.834687,0.352736,0.332089,0.224629,0.224629,0.792385,0.022245,0.224629,0.224629,0.091514,0.678626,0.143831,0.046083,inf,nan,0.000000,0.046083,0.046083,0.046083,-0.016895,-0.000349,0.057485,0.000000,0.009009,-0.000000,0.018392,1.989187,10,4
1780630830.409673,dhocbf_fixed,-2.623886,26.032645,-0.680201,1.990285,1.295011,-1.988962,27.570574,0.000000,45.000000,4.826022,3.945902,0.018359,1,4.390464,0.275123,0.274885,0.171470,0.171470,0.887164,0.023303,0.171470,0.171470,0.096676,0.767185,0.161778,0.062484,inf,nan,0.000000,0.062484,0.062484,0.062484,-0.007434,0.006635,0.074073,0.000000,0.012365,-0.000000,0.005182,2.103309,10,4
1780630830.527544,dhocbf_fixed,-2.667776,26.251403,-0.197599,2.384875,1.391854,-1.964883,27.781576,0.000000,45.000000,7.308222,3.254211,0.010104,1,4.442913,0.356352,0.417954,0.312222,0.312222,1.402057,0.025303,0.312222,0.312222,0.110073,1.266681,0.321187,0.221115,inf,nan,0.000000,0.221115,0.221115,0.221115,0.163185,0.129883,0.222298,0.174974,0.132168,-0.000000,0.000000,2.393047,10,4
1780630830.609839,dhocbf_fixed,-2.650995,26.506161,0.533223,2.710296,1.491598,-1.935969,28.034950,0.000000,45.000000,4.552195,1.831210,-0.002860,1,3.885808,0.371286,0.467332,0.358434,0.358434,1.495646,0.027671,0.358434,0.358434,0.127754,1.340222,0.378096,0.278234,inf,nan,0.000000,0.278234,0.278234,0.278234,0.299762,0.132895,0.290081,0.307272,0.138273,-0.000000,0.000000,2.762251,10,4
1780630830.725204,dhocbf_fixed,-2.574912,26.786347,0.988442,2.893417,1.399057,-1.903429,28.320105,0.000000,45.000000,1.936110,0.955438,0.003994,1,4.517363,0.487677,0.587888,0.483870,0.483870,1.597940,0.029440,0.483870,0.483870,0.142388,1.426112,0.548885,0.451133,inf,nan,0.000000,0.451133,0.451133,0.451133,0.416566,0.145175,0.467621,0.421634,0.147762,-0.000000,0.000000,3.057594,10,4
1780630830.807357,dhocbf_fixed,-2.466387,27.080466,1.182053,2.988961,1.290187,-1.868902,28.622668,0.000000,45.000000,0.220560,0.540590,0.017538,1,3.533846,0.321795,0.354253,0.248463,0.248463,1.367623,0.030177,0.248463,0.248463,0.150325,1.187121,0.298189,0.187449,inf,nan,0.000000,0.187449,0.187449,0.187449,0.271318,0.121655,0.199459,0.276806,0.121344,-0.000000,0.000000,3.214209,10,4
1780630830.925496,dhocbf_fixed,-2.347079,27.382065,1.204109,3.043020,1.241437,-1.833393,28.933830,0.000000,45.000000,-0.752950,0.354557,0.026120,1,4.126093,0.539682,0.532407,0.427975,0.427975,1.531063,0.030219,0.427975,0.427975,0.153315,1.347529,0.499425,0.402532,inf,nan,0.000000,0.402532,0.402532,0.402532,0.394068,0.139773,0.416427,0.395138,0.139564,-0.000000,0.000000,3.272591,10,4
1780630831.010011,dhocbf_fixed,-2.230433,27.688140,1.128815,3.078476,1.245938,-1.797415,29.249110,0.000000,45.000000,-1.210546,0.265153,0.027608,1,3.530657,0.813464,0.791862,0.682275,0.682275,1.695610,0.029958,0.682275,0.682275,0.153640,1.512012,0.778282,0.675840,inf,nan,0.000000,0.675840,0.675840,0.675840,0.501556,0.158485,0.686637,0.501182,0.158320,-0.000000,0.000000,3.278908,10,4
1780630831.118114,dhocbf_fixed,-2.123604,27.997313,1.007760,3.104991,1.277025,-1.761214,29.566343,0.000000,45.000000,-1.336735,0.212507,0.024418,1,4.852373,1.112770,1.087509,0.971776,0.971776,1.860736,0.029644,0.971776,0.971776,0.152897,1.678195,1.084207,0.974645,inf,nan,0.000000,0.974645,0.974645,0.974645,0.603000,0.177487,0.981827,0.602023,0.177337,-0.000000,0.000000,3.264437,10,4
1780630831.210476,dhocbf_fixed,-2.029512,28.308875,0.874086,3.126242,1.315606,-1.724908,29.884499,0.000000,45.000000,-1.267570,0.172946,0.019262,1,3.619768,1.423857,1.391487,1.277885,1.277885,2.026395,0.029385,1.277885,1.277885,0.151958,1.845052,1.395876,1.285251,inf,nan,0.000000,1.285251,1.285251,1.285251,0.701765,0.196627,1.289301,0.700572,0.196479,-0.000000,0.000000,3.246138,10,4
1780630831.335377,dhocbf_fixed,-1.948441,28.622364,0.747329,3.143536,1.352335,-1.688552,30.203090,0.000000,45.000000,-1.097969,0.138646,0.013850,1,7.404654,1.740901,1.704002,1.591930,1.591930,2.192496,0.029209,1.591930,1.591930,0.151191,2.012097,1.709569,1.601441,inf,nan,0.000000,1.601441,1.601441,1.601441,0.799221,0.215833,1.603083,0.798003,0.215678,-0.000000,0.000000,3.231149,10,4
1780630831.408808,dhocbf_fixed,-1.879198,28.937410,0.637533,3.157401,1.383647,-1.652172,30.521888,0.000000,45.000000,-0.890531,0.107921,0.008999,1,3.493466,2.060409,2.021119,1.909746,1.909746,2.358913,0.029104,1.909743,1.909743,0.150678,2.179130,2.027119,1.920229,inf,nan,0.000000,1.920229,1.920229,1.920229,0.896044,0.235068,1.920161,0.894868,0.234904,-0.000000,0.000000,3.221122,10,4
1780630831.521826,dhocbf_fixed,-1.819897,29.253690,0.548479,3.168193,1.408655,-1.615781,30.840782,0.000000,45.000000,-0.683667,0.080988,0.005005,1,5.921495,2.380662,2.340403,2.229324,2.229324,2.525535,0.029049,2.228848,2.228848,0.150382,2.346104,2.346467,2.240205,inf,nan,0.000000,2.240205,2.240205,2.240205,0.992573,0.254316,2.238980,0.991446,0.254142,-0.000000,0.000000,3.215319,10,4
1780630831.610647,dhocbf_fixed,-1.768468,29.570914,0.480113,3.176292,1.427608,-1.579386,31.159721,0.000000,45.000000,-0.498518,0.058290,0.001911,1,3.766902,2.701192,2.660685,2.549711,2.549711,2.692284,0.029024,2.506043,2.506043,0.150231,2.513029,2.666668,2.560717,inf,nan,0.000000,2.560717,2.560717,2.560717,1.088971,0.273570,2.558731,1.087882,0.273387,-0.000000,0.000000,3.212373,10,4
1780630831.736665,dhocbf_fixed,-1.722949,29.888835,0.430261,3.182121,1.441248,-1.542987,31.478683,0.000000,45.000000,-0.344521,0.039976,-0.000360,1,4.872104,3.022003,2.981414,2.870460,2.870460,2.859106,0.029013,2.679891,2.679891,0.150165,2.679927,2.987283,2.881472,inf,nan,0.000000,2.881472,2.881472,2.881472,1.185313,0.292827,2.878994,1.184248,0.292634,-0.000000,0.000000,3.211077,10,4
1780630831.830938,dhocbf_fixed,-1.681645,30.207247,0.395809,3.186118,1.450512,-1.506588,31.797654,0.000000,45.000000,-5.656855,-5.656854,-0.001935,1,23.339029,0.277246,0.298513,0.194150,0.194150,0.620000,0.029010,0.194145,0.194145,0.150141,0.440849,0.042792,-0.072770,inf,nan,0.000000,-0.072770,-0.072770,-0.072770,-0.082170,-0.032188,0.000000,-0.000000,0.003326,-0.000000,0.086667,3.210610,10,4
1780630831.929024,dhocbf_fixed,-1.670349,30.497575,-0.169877,2.620433,1.708900,-1.473738,32.085522,0.000000,45.000000,-3.737837,-4.831063,-0.030475,1,9.847251,0.284666,0.340928,0.229759,0.229759,0.620000,0.024916,0.229754,0.229754,0.121146,0.473937,0.097034,-0.000053,inf,nan,0.000000,-0.000053,-0.000053,-0.000053,-0.035475,-0.005093,0.012934,-0.000000,0.000000,-0.000000,0.021483,2.625934,10,4
1780630832.017660,dhocbf_fixed,-1.706026,30.735463,-0.543660,2.137327,1.727701,-1.447399,32.316333,0.000000,45.000000,6.012286,-5.277539,-0.039463,1,16.760587,0.264857,0.294407,0.188990,0.188990,0.620000,0.022516,0.188989,0.188989,0.101348,0.496136,0.149869,0.053628,inf,nan,0.000000,0.053628,0.053628,0.053628,-0.004147,-0.029873,0.069475,0.008319,-0.000000,-0.000000,0.029887,2.205387,10,4
1780630832.128719,dhocbf_fixed,-1.730330,30.922808,0.057568,1.609573,1.319886,-1.426607,32.498532,0.000000,45.000000,6.750015,-4.293867,0.002947,1,9.976232,0.261305,0.370391,0.264281,0.264281,0.620000,0.019851,0.264277,0.264277,0.074856,0.525292,0.121797,0.026324,inf,nan,0.000000,0.026324,0.026324,0.026324,-0.015327,-0.028139,0.035278,0.000620,0.000000,-0.000000,0.016766,1.610602,10,4
1780630832.216464,dhocbf_fixed,-1.690823,31.062295,0.732570,1.180186,1.219184,-1.410386,32.640677,0.000000,45.000000,5.799920,0.400628,0.024496,1,9.255976,0.287792,0.371596,0.246331,0.246331,0.620000,0.019020,0.246329,0.246329,0.065441,0.535539,0.108717,0.014375,inf,nan,0.000000,0.014375,0.014375,0.014375,-0.011420,-0.021480,0.027025,0.000000,0.000000,-0.000000,0.014283,1.389064,10,4
1780630832.329693,dhocbf_fixed,-1.588567,31.182317,1.312562,1.220249,1.396355,-1.395551,32.770675,0.000000,45.000000,-3.514820,4.493743,0.010436,1,9.852507,0.294786,0.307238,0.199752,0.199752,0.620000,0.020495,0.199752,0.199752,0.082755,0.516750,0.140730,0.046765,inf,nan,0.000000,0.046765,0.046765,0.046765,-0.004435,-0.019666,0.060561,0.002577,0.000000,-0.000000,0.017149,1.792157,10,4
1780630832.423640,dhocbf_fixed,-1.474885,31.326811,0.961080,1.669623,1.283002,-1.377813,32.926118,0.000000,45.000000,-5.784968,-3.716870,0.019196,1,15.897415,0.331983,0.328785,0.222670,0.222670,0.666459,0.021140,0.222670,0.222670,0.088705,0.556613,-0.078062,-0.184987,inf,nan,0.000000,-0.184987,-0.184987,-0.184987,-0.130397,-0.067461,-0.000000,-0.000000,-0.000000,-0.000000,0.184825,1.926478,10,4
1780630832.538275,dhocbf_fixed,-1.407701,31.475189,0.382583,1.297936,1.598195,-1.360235,33.080156,0.000000,45.000000,7.877222,-1.396201,-0.013056,1,23.714502,0.340467,0.306296,0.189006,0.189006,0.620000,0.018955,0.189006,0.189006,0.063938,0.537107,-0.115492,-0.212263,inf,nan,0.000000,-0.212263,-0.212263,-0.212263,-0.147662,-0.084873,-0.000000,-0.000000,0.008374,-0.000000,0.240000,1.353147,10,4
1780630832.617536,dhocbf_fixed,-1.330057,31.598001,1.170305,1.158316,1.498934,-1.345402,33.210137,0.000000,45.000000,3.534588,2.360419,-0.010227,1,11.853731,0.291834,0.271131,0.163931,0.163931,0.653018,0.020148,0.163931,0.163931,0.076409,0.556460,-0.109424,-0.219675,inf,nan,0.000000,-0.219675,-0.219675,-0.219675,-0.158105,-0.093074,-0.000000,-0.000000,0.000000,-0.000000,0.237081,1.646606,10,4
1780630832.736697,dhocbf_fixed,-1.195354,31.725635,1.523764,1.394358,1.622349,-1.329293,33.351304,0.000000,45.000000,-5.575875,-5.736690,-0.022893,1,11.447806,0.347232,0.322347,0.195422,0.195422,0.713145,0.022414,0.195422,0.195422,0.094956,0.595775,-0.073976,-0.179861,inf,nan,0.000000,-0.179861,-0.179861,-0.179861,-0.130507,-0.076813,-0.000000,-0.000000,0.011536,-0.000000,0.185545,2.065452,10,4
1780630832.825709,dhocbf_fixed,-1.070857,31.836387,0.966176,0.820689,1.876562,-1.315216,33.474657,0.000000,45.000000,-6.951714,-2.188610,-0.053592,1,19.071111,0.276506,0.274105,0.158762,0.158762,0.764802,0.019762,0.158762,0.158762,0.060387,0.684653,-0.097970,-0.203117,inf,nan,0.000000,-0.203117,-0.203117,-0.203117,-0.150455,-0.076285,-0.000000,-0.000000,-0.000000,-0.000000,0.214177,1.267686,10,4
1780630832.933094,dhocbf_fixed,-1.008997,31.907513,0.271005,0.601828,1.820364,-1.306409,33.551837,0.000000,45.000000,-4.119273,0.699671,-0.054805,1,19.450031,0.286429,0.258521,0.145102,0.145102,0.797756,0.018672,0.145102,0.145102,0.036190,0.742893,-0.099748,-0.204447,inf,nan,0.000000,-0.204447,-0.204447,-0.204447,-0.152819,-0.077489,-0.000000,-0.000000,0.013183,-0.000000,0.217684,0.660031,10,4
1780630833.012549,dhocbf_fixed,-1.002493,31.971194,-0.140922,0.671795,1.727564,-1.299152,33.615432,0.000000,45.000000,-4.049633,0.267186,-0.044651,1,7.932645,0.272649,0.232759,0.124200,0.124200,0.803275,0.018710,0.124200,0.124200,0.037202,0.747362,-0.088077,-0.194983,inf,nan,0.000000,-0.194983,-0.194983,-0.194983,-0.132622,-0.074424,-0.000000,-0.000000,0.025035,-0.000000,0.203542,0.686416,10,4
1780630833.130804,dhocbf_fixed,-1.036834,32.039710,-0.545886,0.698514,1.706168,-1.291875,33.679198,0.000000,45.000000,-7.895950,-1.286066,-0.039499,1,11.496031,0.284238,0.248468,0.137537,0.137537,0.813314,0.018837,0.137537,0.137537,0.044993,0.749483,-0.006509,-0.123253,inf,nan,0.000000,-0.123253,-0.123253,-0.123253,-0.102068,-0.048873,-0.000000,-0.000000,0.027622,-0.000000,0.127060,0.886517,10,4
1780630833.210703,dhocbf_fixed,-1.130902,32.103131,-1.335481,0.569907,1.722855,-1.285940,33.731207,0.000000,45.000000,5.656855,5.656854,-0.039774,1,5.742224,0.371814,0.495966,0.378882,0.378882,1.101227,0.019915,0.378882,0.378882,0.068091,1.013221,0.237040,0.136497,inf,nan,0.000000,0.136497,0.136497,0.136497,-0.020065,0.035583,0.149361,0.000000,0.040489,-0.000000,0.012482,1.451999,10,4
1780630833.325267,dhocbf_fixed,-1.236166,32.188406,-0.769795,1.135592,1.916564,-1.277687,33.803528,0.000000,45.000000,3.185962,7.338232,-0.060680,1,5.970779,0.347836,0.423319,0.307392,0.307392,1.157938,0.019226,0.307392,0.307392,0.064722,1.073989,0.251316,0.153995,inf,nan,0.000000,0.153995,0.153995,0.153995,0.008965,0.072771,0.167297,0.016389,0.071516,-0.000000,0.000000,1.371916,10,4
1780630833.409163,dhocbf_fixed,-1.297216,32.338656,-0.451199,1.869416,1.989710,-1.261546,33.944970,0.000000,45.000000,2.560491,6.561926,-0.073483,1,3.851993,0.328176,0.425755,0.318005,0.318005,1.242931,0.021218,0.318005,0.318005,0.088554,1.133159,0.291747,0.193164,inf,nan,0.000000,0.193164,0.193164,0.193164,0.091818,0.104316,0.204862,0.097930,0.106628,-0.000000,0.000000,1.923095,10,4
1780630833.526968,dhocbf_fixed,-1.329533,32.558407,-0.195150,2.525608,1.945956,-1.237207,34.158256,0.000000,45.000000,1.881440,3.533069,-0.071448,1,5.414835,0.344855,0.468515,0.357956,0.357956,1.330690,0.024392,0.357956,0.357956,0.116702,1.189596,0.309405,0.209695,inf,nan,0.000000,0.209695,0.209695,0.209695,0.209242,0.112118,0.223986,0.215061,0.115681,-0.000000,0.000000,2.533136,10,4
1780630833.608535,dhocbf_fixed,-1.339641,32.828634,-0.007006,2.878915,1.782712,-1.206897,34.423870,0.000000,45.000000,1.355143,1.695571,-0.052684,1,3.747884,0.312398,0.300319,0.180228,0.180228,1.372242,0.026601,0.180228,0.180228,0.133483,1.212158,0.275516,0.158356,inf,nan,0.000000,0.158356,0.158356,0.158356,0.291132,0.121214,0.163379,0.295861,0.122060,-0.000000,0.000000,2.878924,10,4
1780630833.722420,dhocbf_fixed,-1.333566,33.125003,0.128508,3.048472,1.644322,-1.173433,34.717114,0.000000,45.000000,0.957919,0.776698,-0.032586,1,5.289448,0.284481,0.249035,0.137912,0.137912,1.427365,0.027815,0.137912,0.137912,0.142066,1.257485,0.244988,0.149029,inf,nan,0.000000,0.149029,0.149029,0.149029,0.343363,0.127958,0.155223,0.342490,0.127605,-0.000000,0.000000,3.051180,10,4
1780630833.806958,dhocbf_fixed,-1.315925,33.433734,0.224300,3.126142,1.556490,-1.138428,35.023863,0.000000,45.000000,0.657455,0.345075,-0.017788,1,3.483440,0.573013,0.535474,0.424531,0.424531,1.581530,0.028428,0.424531,0.424531,0.146254,1.406849,0.538967,0.436326,inf,nan,0.000000,0.436326,0.436326,0.436326,0.440365,0.145400,0.440850,0.441147,0.145457,-0.000000,0.000000,3.134178,10,4
1780630833.927303,dhocbf_fixed,-1.290208,33.748073,0.290046,3.160649,1.505768,-1.102688,35.337058,0.000000,45.000000,0.432263,0.149204,-0.008451,1,4.770297,0.883879,0.845917,0.734640,0.734640,1.744456,0.028729,0.734640,0.734640,0.148272,1.567455,0.852546,0.745794,inf,nan,0.000000,0.745794,0.745794,0.745794,0.537821,0.164004,0.749742,0.538258,0.164032,-0.000000,0.000000,3.173930,10,4
1780630834.009401,dhocbf_fixed,-1.259042,34.064884,0.333272,3.175570,1.477744,-1.066599,35.653308,0.000000,45.000000,0.267273,0.063218,-0.003010,1,3.554236,1.198181,1.160413,1.049040,1.049040,1.909174,0.028875,1.049040,1.049040,0.149244,1.731055,1.169548,1.059876,inf,nan,0.000000,1.059876,1.059876,1.059876,0.634499,0.182939,1.063077,0.634723,0.182939,-0.000000,0.000000,3.193010,10,4
1780630834.122370,dhocbf_fixed,-1.224378,34.382757,0.359999,3.181892,1.462859,-1.030346,35.970999,0.000000,45.000000,0.150368,0.027064,-0.000010,1,5.226978,1.515075,1.477061,1.365696,1.365696,2.074757,0.028946,1.365696,1.365696,0.149712,1.896099,1.488253,1.376412,inf,nan,0.000000,1.376412,1.376412,1.376412,0.730861,0.202031,1.378877,0.730936,0.202005,-0.000000,0.000000,3.202192,10,4
1780630834.210634,dhocbf_fixed,-1.187627,34.701082,0.375036,3.184598,1.455431,-0.994015,36.289372,0.000000,45.000000,0.071070,0.012755,0.001549,1,3.689004,1.833377,1.794983,1.683662,1.683662,2.240782,0.028980,1.683662,1.683662,0.149937,2.061865,1.806422,1.694350,inf,nan,0.000000,1.694350,1.694350,1.694350,0.827102,0.221200,1.696150,0.827055,0.221151,-0.000000,0.000000,3.206605,10,4
1780630834.322635,dhocbf_fixed,-1.149768,35.019605,0.382143,3.185873,1.452181,-0.957647,36.608066,0.000000,45.000000,0.020268,0.007531,0.002283,1,5.628928,2.152508,2.113726,2.002454,2.002454,2.407053,0.028996,2.002443,2.002443,0.150044,2.228012,2.124151,2.013147,inf,nan,0.000000,2.013147,2.013147,2.013147,0.923304,0.240406,2.014360,0.923149,0.240335,-0.000000,0.000000,3.208710,10,4
1780630834.409553,dhocbf_fixed,-1.111452,35.338230,0.384170,3.186626,1.451222,-0.921262,36.926911,0.000000,45.000000,-0.009750,0.005756,0.002556,1,3.902321,2.472163,2.433031,2.321800,2.321800,2.573471,0.029003,2.319631,2.319631,0.150095,2.394372,2.442733,2.332507,inf,nan,0.000000,2.332507,2.332507,2.332507,1.019498,0.259631,2.333201,1.019244,0.259541,-0.000000,0.000000,3.209700,10,4
1780630834.513188,dhocbf_fixed,-1.073084,35.656922,0.383195,3.187202,1.451455,-0.884869,37.245828,0.000000,45.000000,-0.025274,0.005075,0.002582,1,4.939115,2.792166,2.752735,2.641536,2.641536,2.739985,0.029006,2.559212,2.559212,0.150118,2.560860,2.761895,2.652253,inf,nan,0.000000,2.652253,2.652253,2.652253,1.115698,0.278867,2.652485,1.115352,0.278759,-0.000000,0.000000,3.210155,10,4
1780630834.605759,dhocbf_fixed,-1.034891,35.975667,0.380668,3.187710,1.452244,-0.848471,37.564778,0.000000,45.000000,-0.031222,0.004596,0.002487,1,3.691595,3.112411,3.072731,2.961555,2.961555,2.906568,0.029008,2.727424,2.727424,0.150129,2.727431,3.081470,2.972275,inf,nan,0.000000,2.972275,2.972275,2.972275,1.211908,0.298107,2.972091,1.211474,0.297984,-0.000000,0.000000,3.210358,10,4
1780630834.723925,dhocbf_fixed,-0.996980,36.294461,0.377545,3.188169,1.453220,-0.812073,37.883745,0.000000,45.000000,-0.031276,0.004056,0.002340,1,5.075052,3.432828,3.392945,3.281783,3.281783,3.073202,0.029008,2.894061,2.894061,0.150133,2.894061,3.401344,3.292501,inf,nan,0.000000,3.292501,3.292501,3.292501,1.308128,0.317352,3.291938,1.307612,0.317213,-0.000000,0.000000,3.210446,10,4
1780630834.813402,dhocbf_fixed,-0.959382,36.613298,0.374418,3.188575,1.454183,-0.775673,38.202719,0.000000,45.000000,-4.658469,-6.503743,0.002158,1,9.089486,1.277663,1.320137,1.207222,1.207222,0.620000,0.029009,0.440856,0.440856,0.150135,0.440856,0.550353,0.438897,inf,nan,0.000000,0.438897,0.438897,0.438897,0.066904,-0.020998,0.454645,0.071184,-0.000000,-0.000000,0.016649,3.210482,10,4
1780630834.929989,dhocbf_fixed,-0.945232,36.899637,-0.091429,2.538201,1.694577,-0.743235,38.486970,0.000000,45.000000,5.363597,-3.191628,-0.024077,1,6.237655,1.333550,1.443983,1.331956,1.331956,0.620000,0.024384,0.478595,0.478595,0.117022,0.478595,0.374448,0.278272,inf,nan,0.000000,0.278272,0.278272,0.278272,0.033006,-0.013903,0.294336,0.038314,0.000000,-0.000000,0.011131,2.539847,10,4
1780630835.013299,dhocbf_fixed,-0.927557,37.137499,0.444931,2.219038,1.423159,-0.716213,38.723766,0.000000,45.000000,3.896038,-3.625248,-0.000929,1,7.542723,1.227827,1.272404,1.155909,1.155909,0.620000,0.022792,0.493190,0.493190,0.104017,0.493190,0.286799,0.184546,inf,nan,0.000000,0.184546,0.184546,0.184546,0.016061,-0.015863,0.197370,0.019753,0.000000,-0.000000,0.012232,2.263204,10,4
1780630835.132174,dhocbf_fixed,-0.863584,37.341277,0.834534,1.856513,1.316436,-0.692436,38.932130,0.000000,45.000000,2.418197,-0.677651,0.016485,1,15.770701,1.105513,1.074806,0.960509,0.960509,0.620000,0.021612,0.504789,0.504789,0.093599,0.504789,0.237042,0.122454,inf,nan,0.000000,0.122454,0.122454,0.122454,0.007784,-0.013747,0.122964,0.007262,0.000000,-0.000000,0.013000,2.035458,10,4
1780630835.213638,dhocbf_fixed,-0.768040,37.523540,1.076354,1.788748,1.391277,-0.670676,39.122813,0.000000,45.000000,1.567405,0.675326,0.012584,1,7.530381,0.927003,0.895743,0.781641,0.781641,0.620000,0.021916,0.502120,0.502120,0.095962,0.502122,0.153678,0.059504,inf,nan,0.000000,0.059504,0.059504,0.059504,-0.009954,-0.013186,0.070125,0.000000,0.000000,-0.000000,0.013109,2.087620,10,4
1780630835.325623,dhocbf_fixed,-0.652567,37.705791,1.233095,1.856280,1.469371,-0.648661,39.315729,0.000000,45.000000,1.018534,2.300445,0.003025,1,13.068681,0.759706,0.732539,0.617137,0.617137,0.620000,0.022807,0.494387,0.494387,0.102414,0.494779,0.134476,0.034560,inf,nan,0.000000,0.034560,0.034560,0.034560,-0.010561,-0.012416,0.041403,0.000000,0.000000,-0.000000,0.010731,2.228519,10,4
1780630835.413982,dhocbf_fixed,-0.524165,37.902921,1.334948,2.086325,1.545839,-0.624804,39.524790,0.000000,45.000000,-1.923316,2.552267,-0.007710,1,9.043833,0.602989,0.578758,0.466588,0.466588,0.620000,0.024526,0.453258,0.453258,0.114027,0.481447,0.131148,0.028611,inf,nan,0.000000,0.028611,0.028611,0.028611,-0.005789,-0.020851,0.030222,0.000000,0.000000,-0.000000,0.006018,2.476860,10,4
1780630835.532097,dhocbf_fixed,-0.400287,38.124315,1.142616,2.341551,1.545059,-0.598272,39.757292,0.000000,45.000000,-1.452653,0.714048,-0.010260,1,10.574086,0.461635,0.451873,0.347427,0.347427,0.620000,0.025734,0.347090,0.347090,0.120162,0.474104,0.110955,0.017395,inf,nan,0.000000,0.017395,0.017395,0.017395,-0.012070,-0.033160,0.030547,0.000000,0.000000,-0.000000,0.008713,2.605463,10,4
1780630835.621832,dhocbf_fixed,-0.293288,38.362040,0.997351,2.412956,1.614165,-0.570118,40.004015,0.000000,45.000000,1.691143,2.283592,-0.018356,1,13.897476,0.374308,0.401557,0.296463,0.296463,0.620000,0.026203,0.296404,0.296404,0.120426,0.473371,0.171862,0.072691,inf,nan,0.000000,0.072691,0.072691,0.072691,-0.013435,-0.026059,0.083994,0.006688,0.000000,-0.000000,0.009823,2.610951,10,4
1780630835.728403,dhocbf_fixed,-0.185098,38.614754,1.166465,2.641315,1.722507,-0.540259,40.265667,0.000000,45.000000,-3.254991,0.368347,-0.032059,1,7.715250,0.375235,0.354764,0.247128,0.247128,0.658099,0.028540,0.247124,0.247124,0.133903,0.495656,0.148258,0.045241,inf,nan,0.000000,0.045241,0.045241,0.045241,-0.021779,-0.005724,0.054726,0.000000,0.000000,-0.000000,0.008742,2.887419,10,4
1780630835.813250,dhocbf_fixed,-0.084726,38.880727,0.840966,2.678150,1.727208,-0.509007,40.539528,0.000000,45.000000,-4.361656,4.652105,-0.035792,1,7.473727,0.295821,0.324582,0.218477,0.218477,0.620000,0.028511,0.218471,0.218471,0.129947,0.461542,0.141552,0.040119,inf,nan,0.000000,0.040119,0.040119,0.040119,-0.006460,-0.009150,0.050180,0.001425,0.000000,-0.000000,0.005784,2.807083,10,4
1780630835.923532,dhocbf_fixed,-0.022438,39.171803,0.404801,3.143361,1.611933,-0.475418,40.833879,0.000000,45.000000,-1.332468,1.129991,-0.023880,1,5.885944,0.283277,0.369412,0.257194,0.257194,0.748968,0.031343,0.257193,0.257193,0.148038,0.569587,0.174525,0.069488,inf,nan,0.000000,0.069488,0.069488,0.069488,-0.001598,-0.004796,0.079280,0.004406,0.000000,-0.000000,0.004883,3.169319,10,4
1780630836.010235,dhocbf_fixed,0.011380,39.491789,0.271554,3.256360,1.720183,-0.438937,41.153561,0.000000,45.000000,-2.807328,-1.473166,-0.032546,1,5.625341,0.295258,0.363400,0.257474,0.257474,0.878759,0.032081,0.257474,0.257474,0.153062,0.693616,0.132650,0.032601,inf,nan,0.000000,0.032601,0.032601,0.032601,-0.017442,-0.004003,0.042085,0.000000,0.006345,-0.000000,0.012656,3.267663,10,4
1780630836.135525,dhocbf_fixed,0.024499,39.810059,-0.009179,3.109043,1.808123,-0.402916,41.469218,0.000000,45.000000,-7.575417,-2.571586,-0.044133,1,9.560394,0.303818,0.386791,0.266722,0.266722,0.979791,0.030680,0.266722,0.266722,0.144983,0.804128,0.157496,0.059035,inf,nan,0.000000,0.059035,0.059035,0.059035,-0.019598,0.012721,0.070069,-0.000000,0.024336,-0.000000,0.014373,3.109057,10,4
1780630836.211128,dhocbf_fixed,-0.014296,40.108105,-0.766721,2.851885,1.848902,-0.369840,41.759063,0.000000,45.000000,-5.656859,-5.656850,-0.051187,1,7.781302,0.297114,0.379119,0.251439,0.251439,0.830080,0.029004,0.251439,0.251439,0.137163,0.663913,0.125719,0.031793,inf,nan,0.000000,0.031793,0.031793,0.031793,-0.024860,-0.014999,0.054192,0.000000,0.008086,-0.000000,0.016399,2.953152,10,4
1780630836.333687,dhocbf_fixed,-0.119253,40.365010,-1.332406,2.286200,2.008295,-0.342249,42.000841,0.000000,45.000000,-5.450222,-5.856200,-0.069978,1,10.254954,0.298703,0.292610,0.186678,0.186678,0.743598,0.026119,0.186678,0.186678,0.122120,0.595359,0.124291,0.030630,inf,nan,0.000000,0.030630,0.030630,0.030630,-0.040404,-0.009828,0.039409,-0.000000,0.000000,-0.000000,0.030264,2.646132,10,4
1780630836.407967,dhocbf_fixed,-0.279744,40.564349,-1.877429,1.700580,2.039607,-0.321857,42.179538,0.000000,45.000000,3.187816,4.479663,-0.077637,1,4.671618,0.304089,0.322142,0.212836,0.212836,0.823396,0.024669,0.212836,0.212836,0.116701,0.682026,0.164372,0.060183,inf,nan,0.000000,0.060183,0.060183,0.060183,-0.011070,0.004699,0.071194,0.000000,0.001232,-0.000000,0.002901,2.533122,10,4
1780630836.514210,dhocbf_fixed,-0.451548,40.756805,-1.558647,2.148546,1.928270,-0.302386,42.350167,0.000000,45.000000,6.786897,4.235330,-0.066898,1,4.725994,0.291923,0.385165,0.275633,0.275633,1.045608,0.025102,0.275633,0.275633,0.122517,0.897990,0.251923,0.156450,inf,nan,0.000000,0.156450,0.156450,0.156450,0.192008,0.050613,0.169120,0.195137,0.059754,-0.000000,0.000001,2.654360,10,4
1780630836.609608,dhocbf_fixed,-0.573478,40.992836,-0.879957,2.572079,1.847661,-0.277365,42.569429,0.000000,45.000000,7.054688,2.944442,-0.055041,1,4.174154,0.378629,0.445401,0.333847,0.333847,1.132619,0.025595,0.333847,0.333847,0.125620,0.981405,0.346778,0.243982,inf,nan,0.000000,0.243982,0.243982,0.243982,0.217552,0.057311,0.257758,0.223506,0.070526,-0.000000,0.000000,2.718440,10,4
1780630836.732360,dhocbf_fixed,-0.626201,41.264766,-0.174488,2.866523,1.727599,-0.247410,42.831925,0.000000,45.000000,-2.039940,1.918748,-0.038651,1,11.008986,0.389784,0.512661,0.406738,0.406738,0.620000,0.026793,0.402630,0.402630,0.133133,0.460074,0.441307,0.341726,inf,nan,0.000000,0.341726,0.341726,0.341726,0.067443,-0.018064,0.357355,0.072258,-0.000000,-0.000000,0.020535,2.871829,10,4
1780630836.808875,dhocbf_fixed,-0.653849,41.561012,-0.378482,3.058398,1.472621,-0.214394,43.121248,0.000000,45.000000,5.903117,-5.399372,-0.006543,1,8.019964,0.953207,0.971455,0.854889,0.854889,0.680879,0.028475,0.508801,0.508801,0.143603,0.508801,0.247516,0.144727,inf,nan,0.000000,0.144727,0.144727,0.144727,0.011092,-0.008117,0.156286,0.020439,0.000000,-0.000000,0.012054,3.081728,10,4
1780630836.925821,dhocbf_fixed,-0.662182,41.839855,0.211829,2.518461,1.179353,-0.183090,43.395568,0.000000,45.000000,6.734798,-4.317695,0.033458,1,7.232804,0.725658,0.721893,0.617440,0.617440,0.676956,0.024889,0.534055,0.534055,0.116426,0.535641,0.217100,0.107318,inf,nan,0.000000,0.107318,0.107318,0.107318,-0.012722,-0.016380,0.117908,0.000000,0.000001,-0.000000,0.009666,2.527354,10,4
1780630837.013101,dhocbf_fixed,-0.607325,42.070113,0.885309,2.086691,1.140073,-0.156447,43.629045,0.000000,45.000000,4.211312,0.729019,0.047522,1,6.386040,0.529717,0.550731,0.446174,0.446174,0.719037,0.023284,0.445998,0.445998,0.104181,0.591573,0.222837,0.123133,inf,nan,0.000000,0.123133,0.123133,0.123133,-0.011526,-0.020606,0.135618,0.000000,0.000000,-0.000000,0.005999,2.266727,10,4
1780630837.132115,dhocbf_fixed,-0.497737,42.282427,1.306440,2.159593,1.293747,-0.131121,43.850975,0.000000,45.000000,-0.144628,3.763473,0.034001,1,13.773455,0.404471,0.445442,0.338650,0.338650,0.803139,0.024511,0.338649,0.338649,0.116267,0.662362,0.222100,0.125313,inf,nan,0.000000,0.125313,0.125313,0.125313,-0.014181,-0.022368,0.136657,0.000000,0.000000,-0.000000,0.000012,2.524010,10,4
1780630837.209814,dhocbf_fixed,-0.367817,42.517204,1.291977,2.535940,1.279949,-0.103004,44.097369,0.000000,45.000000,-0.932706,1.804676,0.031935,1,3.561599,0.341424,0.381292,0.274426,0.274426,0.906318,0.026406,0.274426,0.274426,0.131863,0.748049,0.226073,0.128651,inf,nan,0.000000,0.128651,0.128651,0.128651,-0.015043,0.070926,0.143354,0.000000,0.070507,-0.000000,0.002099,2.846085,10,4
1780630837.325834,dhocbf_fixed,-0.243282,42.779821,1.198707,2.716408,1.327798,-0.071820,44.370639,0.000000,45.000000,-3.863996,2.247420,0.026009,1,5.535731,0.262612,0.365099,0.259647,0.259647,1.034130,0.027220,0.259647,0.259647,0.137959,0.868951,0.226073,0.128651,inf,nan,0.000000,0.128651,0.128651,0.128651,0.062891,0.083535,0.141129,0.069096,0.084845,-0.000000,0.000001,2.969136,10,4
1780630837.394383,dhocbf_fixed,-0.142732,43.062699,0.812307,2.941150,1.344661,-0.038661,44.661207,0.000000,45.000000,-2.969814,1.351640,0.022518,1,3.509506,0.288124,0.396710,0.291047,0.291047,1.175442,0.027852,0.291047,0.291047,0.142070,1.005521,0.248124,0.152946,inf,nan,0.000000,0.152946,0.152946,0.152946,0.168350,0.099163,0.167736,0.172387,0.100360,-0.000000,0.000000,3.051263,10,4
1780630837.536827,dhocbf_fixed,-0.076350,43.363572,0.515326,3.076314,1.405751,-0.003915,44.965690,0.000000,45.000000,-1.865972,0.716346,0.014848,1,5.890997,0.410105,0.464096,0.355133,0.355133,1.328061,0.028393,0.355133,0.355133,0.145494,1.154173,0.380916,0.275412,inf,nan,0.000000,0.275412,0.275412,0.275412,0.274689,0.116420,0.289802,0.281701,0.117579,-0.000000,0.000000,3.119178,10,4
1780630837.608776,dhocbf_fixed,-0.034147,43.674785,0.328729,3.147949,1.461470,0.000000,45.000000,0.000000,45.000000,-1.295581,-2.115877,0.006741,1,3.638570,0.604767,0.615755,0.511757,0.511757,1.346479,0.023444,0.511757,0.511757,0.147821,1.175214,0.564911,0.467478,inf,nan,0.000000,0.467478,0.467478,0.467478,0.370443,0.110128,0.484562,0.375672,0.111287,-0.000000,0.000000,3.165066,10,4
1780630837.726997,dhocbf_fixed,-0.007752,43.979001,0.199170,2.936361,1.533532,0.000000,45.000000,0.000000,45.000000,-0.912626,-4.099606,-0.003175,1,4.747339,0.834970,0.830321,0.725581,0.725581,1.348433,0.017171,0.725581,0.725581,0.136663,1.194599,0.803080,0.697677,inf,nan,0.000000,0.697677,0.697677,0.697677,0.435038,0.103260,0.714865,0.440754,0.104418,-0.000000,0.000000,2.943108,10,4
1780630837.806774,dhocbf_fixed,0.007602,44.252139,0.107908,2.526400,1.585027,0.000000,45.000000,0.000000,45.000000,-0.615387,-4.862082,-0.011241,1,3.471346,0.754997,0.741147,0.635117,0.635117,0.712981,0.011309,0.580594,0.580594,0.116490,0.585182,0.243489,0.143108,inf,nan,0.000000,0.143108,0.143108,0.143108,0.011769,0.002686,0.155985,0.016503,0.003897,-0.000000,0.000000,2.528704,10,4
1780630837.925540,dhocbf_fixed,0.015316,44.480469,0.046369,2.040192,1.616667,0.000000,45.000000,0.000000,45.000000,-0.388563,-4.794981,-0.016631,1,4.549626,0.580388,0.579466,0.475450,0.475450,0.711372,0.006753,0.475201,0.475201,0.093837,0.610782,0.245413,0.143993,inf,nan,0.000000,0.143993,0.143993,0.143993,0.012109,0.007764,0.156681,0.017107,0.008533,-0.000000,0.000000,2.040719,10,4
1780630838.009252,dhocbf_fixed,0.018010,44.660513,0.007513,1.560694,1.635650,0.000000,45.000000,0.000000,45.000000,-0.223001,-4.265121,-0.019939,1,3.559408,0.459255,0.478522,0.374240,0.374240,0.710279,0.003674,0.374236,0.374236,0.072714,0.633891,0.247978,0.145436,inf,nan,0.000000,0.145436,0.145436,0.145436,0.021028,0.008465,0.157963,0.024994,0.009181,-0.000000,0.000000,1.560712,10,4
1780630838.130033,dhocbf_fixed,0.017646,44.795257,-0.014787,1.134182,1.649910,0.000000,45.000000,0.000000,45.000000,1.823767,-4.219801,-0.022165,1,4.733930,0.311445,0.281017,0.167188,0.167188,0.707976,0.001818,0.167188,0.167188,0.054916,0.651241,0.270780,0.166822,inf,nan,0.000000,0.166822,0.166822,0.166822,0.041222,-0.003606,0.179405,0.044862,0.000000,-0.000000,0.000155,1.134278,10,4
1780630838.209361,dhocbf_fixed,0.025286,44.887576,0.167589,0.712202,1.588642,0.000000,45.000000,0.000000,45.000000,-0.831786,-2.477850,-0.015934,1,3.490009,0.360078,0.368269,0.250546,0.250546,0.716342,0.000729,0.250546,0.250546,0.038946,0.676667,0.270758,0.165705,inf,nan,0.000000,0.165705,0.165705,0.165705,0.045432,0.007774,0.178037,0.049019,0.008347,-0.000000,0.000000,0.731654,10,4
1780630838.329933,dhocbf_fixed,0.037886,44.946407,0.084411,0.464417,1.728139,0.000000,45.000000,0.000000,45.000000,-0.774771,-1.770773,-0.029463,1,4.244559,0.349888,0.412575,0.281764,0.281764,0.707898,0.000295,0.281764,0.281764,0.029078,0.678525,0.270020,0.164255,inf,nan,0.000000,0.164255,0.164255,0.164255,0.046101,0.008393,0.176493,0.049670,0.009062,-0.000000,0.000000,0.472026,10,4
1780630838.406398,dhocbf_fixed,0.042453,44.983995,0.006934,0.287340,1.999045,0.000000,45.000000,0.000000,45.000000,-0.467240,-1.266284,-0.062154,1,3.350584,0.344031,0.370537,0.262423,0.262423,0.688013,0.000113,0.262423,0.262423,0.022266,0.665634,0.269855,0.163537,inf,nan,0.000000,0.163537,0.163537,0.163537,0.046831,0.008469,0.175713,0.050400,0.009141,-0.000000,0.000000,0.287423,10,4
1780630838.528608,dhocbf_fixed,0.040810,45.006397,-0.039790,0.160711,2.356232,0.000000,45.000000,0.000000,45.000000,-0.222041,-0.865735,-0.108821,1,4.383691,0.336602,0.320692,0.215516,0.215516,0.663477,0.000044,0.215516,0.215516,0.017863,0.645570,0.270013,0.163292,inf,nan,0.000000,0.163292,0.163292,0.163292,0.047513,0.008644,0.175429,0.051089,0.009324,-0.000000,0.000000,0.165564,10,4
1780630838.609583,dhocbf_fixed,0.035721,45.018140,-0.061994,0.074138,2.707718,0.000000,45.000000,0.000000,45.000000,-0.059682,-0.555866,-0.158063,1,3.531476,0.328530,0.295939,0.183322,0.183322,0.645363,0.000022,0.183322,0.183322,0.015406,0.629935,0.270327,0.163331,inf,nan,0.000000,0.163331,0.163331,0.163331,0.048094,0.008927,0.175445,0.051681,0.009613,-0.000000,0.000000,0.096642,10,4
1780630838.727905,dhocbf_fixed,0.029223,45.022774,-0.067963,0.018551,3.057644,0.000000,45.000000,0.000000,45.000000,0.036914,-0.327063,-0.207464,1,4.586212,0.321061,0.284501,0.173857,0.173857,0.638085,0.000015,0.173857,0.173857,0.014478,0.623592,0.270689,0.163520,inf,nan,0.000000,0.163520,0.163520,0.163520,0.048541,0.009215,0.175623,0.052156,0.009908,-0.000000,0.000000,0.070449,10,4
1780630838.833590,dhocbf_fixed,0.022612,45.022994,-0.064271,-0.014155,-2.875712,0.000000,45.000000,0.000000,45.000000,1.457482,6.060063,6.000000,0,26.674494,0.269136,0.347000,0.234108,0.234108,0.652306,0.000012,0.234108,0.234108,0.014314,0.637980,0.231306,0.133658,inf,nan,0.000000,0.133658,0.133658,0.133658,0.039058,0.009344,0.293653,0.207821,0.188251,-0.065187,0.185997,0.065811,10,4
1780630838.921228,dhocbf_fixed,0.023472,45.051879,0.081477,0.591851,-2.752400,0.000000,45.000000,0.000000,45.000000,-0.464323,-2.651036,5.520742,1,8.133867,0.284330,0.346954,0.235949,0.235949,0.641237,0.000449,0.235949,0.235949,0.033802,0.606985,0.218241,0.117379,inf,nan,0.000000,0.117379,0.117379,0.117379,0.021008,-0.000017,0.118800,0.021178,0.000002,-0.000000,0.000000,0.597433,10,4
1780630839.010315,dhocbf_fixed,0.029298,45.097808,0.035045,0.326747,-2.437881,0.000000,45.000000,0.000000,45.000000,-0.452933,-2.529336,2.373805,1,4.025671,0.316012,0.324933,0.221508,0.221508,0.620000,0.000197,0.221508,0.221508,0.023772,0.596031,0.196074,0.093386,inf,nan,0.000000,0.093386,0.093386,0.093386,0.016000,-0.000146,0.096959,0.016793,0.000014,-0.000000,0.000000,0.328621,10,4
1780630839.122506,dhocbf_fixed,0.030538,45.117837,-0.010249,0.073814,-2.144175,0.000000,45.000000,0.000000,45.000000,-0.258196,-1.549916,0.904284,1,5.008131,0.331805,0.310631,0.203578,0.203578,0.620000,0.000103,0.203578,0.203578,0.014622,0.605275,0.184724,0.081399,inf,nan,0.000000,0.081399,0.081399,0.081399,0.014525,-0.000166,0.085326,0.015453,0.000026,-0.000000,0.000000,0.074522,10,4
1780630839.209073,dhocbf_fixed,0.028222,45.117468,-0.036068,-0.081178,-1.974038,0.000000,45.000000,0.000000,45.000000,-0.110638,-0.802084,0.512540,1,3.494648,0.331273,0.305164,0.190432,0.190432,0.620000,0.000104,0.190432,0.190432,0.015129,0.604767,0.181206,0.077869,inf,nan,0.000000,0.077869,0.077869,0.077869,0.016015,0.000254,0.081714,0.016981,0.000434,-0.000000,0.000000,0.088830,10,4
1780630839.325298,dhocbf_fixed,0.024062,45.105340,-0.047132,-0.161386,-1.883100,0.000000,45.000000,0.000000,45.000000,-0.013428,-0.282210,0.401407,1,4.712940,0.321658,0.289019,0.176314,0.176314,0.620000,0.000110,0.176314,0.176314,0.017955,0.601935,0.181864,0.078882,inf,nan,0.000000,0.078882,0.078882,0.078882,0.018478,0.001226,0.082351,0.019391,0.001382,-0.000000,0.000000,0.168128,10,4
1780630839.409725,dhocbf_fixed,0.019282,45.087790,-0.048475,-0.189607,-1.835021,0.000000,45.000000,0.000000,45.000000,0.042429,0.038503,0.365812,1,3.604157,0.307289,0.271338,0.160260,0.160260,0.620000,0.000098,0.160260,0.160260,0.018945,0.600956,0.184309,0.081665,inf,nan,0.000000,0.081665,0.081665,0.081665,0.021043,0.002272,0.084648,0.021858,0.002402,-0.000000,0.000000,0.195706,10,4
1780630839.522408,dhocbf_fixed,0.014646,45.069022,-0.044232,-0.185757,-1.808592,0.000000,45.000000,0.000000,45.000000,0.069088,0.212725,0.351690,1,5.567941,0.294846,0.257211,0.147098,0.147098,0.620000,0.000076,0.147098,0.147098,0.018774,0.601149,0.189823,0.088185,inf,nan,0.000000,0.088185,0.088185,0.088185,0.024311,0.003417,0.090190,0.024870,0.003499,-0.000000,0.000000,0.190950,10,4
1780630839.609301,dhocbf_fixed,0.010569,45.051510,-0.037323,-0.164484,-1.792760,0.000000,45.000000,0.000000,45.000000,0.076749,0.287395,0.344181,1,3.774013,0.283049,0.244567,0.135001,0.135001,0.620000,0.000052,0.135001,0.135001,0.017974,0.601973,0.195387,0.094477,inf,nan,0.000000,0.094477,0.094477,0.094477,0.027149,0.004403,0.095424,0.027415,0.004434,-0.000000,0.000000,0.168666,10,4
1780630839.725262,dhocbf_fixed,0.007220,45.036499,-0.029648,-0.135745,-1.781937,0.000000,45.000000,0.000000,45.000000,0.073083,0.299150,0.338919,1,5.310645,0.273796,0.234765,0.125609,0.125609,0.620000,0.000032,0.125609,0.125609,0.016911,0.603057,0.201102,0.100914,inf,nan,0.000000,0.100914,0.100914,0.100914,0.029015,0.005258,0.100679,0.028912,0.005227,-0.000000,0.000000,0.138945,10,4
1780630839.801457,dhocbf_fixed,0.004621,45.024420,-0.022340,-0.105830,-1.773186,0.000000,45.000000,0.000000,45.000000,0.063517,0.274901,0.334537,1,5.775533,0.261341,0.235272,0.119555,0.119555,0.620000,0.000018,0.119555,0.119555,0.015815,0.604167,0.205763,0.100257,inf,nan,0.000000,0.100257,0.100257,0.100257,0.028920,0.005488,0.101799,0.029548,0.005573,-0.000000,0.000000,0.108162,10,4
1780630839.906717,dhocbf_fixed,0.002704,45.015212,-0.015988,-0.078340,-1.764699,0.000000,45.000000,0.000000,45.000000,0.051668,0.233057,0.330370,1,11.918723,0.258140,0.232497,0.119737,0.119737,0.620000,0.000009,0.119737,0.119737,0.014814,0.605176,0.208052,0.105906,inf,nan,0.000000,0.105906,0.105906,0.105906,0.030559,0.006106,0.106868,0.031024,0.006157,-0.000000,0.000000,0.079955,10,4
1780630840.019488,dhocbf_fixed,0.001364,45.008543,-0.010821,-0.055034,-1.754802,0.000000,45.000000,0.000000,45.000000,0.039780,0.185844,0.326131,1,15.269900,0.256395,0.231329,0.119480,0.119480,0.623736,0.000004,0.119480,0.119480,0.013971,0.609761,0.211563,0.110255,inf,nan,0.000000,0.110255,0.110255,0.110255,0.031895,0.006559,0.110456,0.032139,0.006561,-0.000000,0.000000,0.056088,10,4
1780630840.132010,dhocbf_fixed,0.000481,45.003969,-0.006843,-0.036450,-1.740658,0.000000,45.000000,0.000000,45.000000,0.029091,0.140516,0.321439,1,15.071215,0.269250,0.248896,0.142477,0.142477,0.645925,0.000002,0.142477,0.142477,0.013301,0.632622,0.223451,0.124087,inf,nan,0.000000,0.124087,0.124087,0.124087,0.036366,0.007496,0.121746,0.035793,0.007343,-0.000000,0.000000,0.037086,10,4
1780630840.198767,dhocbf_fixed,-0.000058,45.001026,-0.003934,-0.022398,-1.713513,0.000000,45.000000,0.000000,45.000000,0.020174,0.100933,0.315247,1,5.744730,0.266553,0.244797,0.137559,0.137559,0.644671,0.000001,0.137559,0.137559,0.012797,0.631873,0.223419,0.123565,inf,nan,0.000000,0.123565,0.123565,0.123565,0.036450,0.007523,0.121590,0.035947,0.007390,-0.000000,0.000000,0.022741,10,4
1780630840.319842,dhocbf_fixed,-0.000351,44.999291,-0.001917,-0.012305,-1.603848,0.000000,45.000000,0.000000,45.000000,0.013154,0.068600,0.299730,1,14.038409,0.268203,0.243389,0.132166,0.132166,0.641322,0.000000,0.132166,0.132166,0.012436,0.628886,0.226933,0.126550,inf,nan,0.000000,0.126550,0.126550,0.126550,0.037592,0.007727,0.123712,0.036794,0.007540,-0.000000,0.000000,0.012453,10,4
1780630840.401833,dhocbf_fixed,-0.000477,44.998404,-0.000601,-0.005445,-1.253827,0.000000,45.000000,0.000000,45.000000,0.007908,0.043618,0.255803,1,7.684133,0.267393,0.227227,0.117913,0.117913,0.629719,0.000000,0.117913,0.117913,0.012192,0.617527,0.226930,0.126548,inf,nan,0.000000,0.126548,0.126548,0.126548,0.037798,0.007730,0.123776,0.036993,0.007547,-0.000000,0.000000,0.005478,10,4
1780630840.525536,dhocbf_fixed,-0.000497,44.998077,0.000189,-0.001083,-0.903817,0.000000,45.000000,0.000000,45.000000,0.004186,0.025282,0.205062,1,9.530136,0.267087,0.242151,0.126479,0.126479,0.626628,0.000000,0.126479,0.126479,0.012038,0.614589,0.226930,0.126548,inf,nan,0.000000,0.126548,0.126548,0.126548,0.037973,0.007717,0.123776,0.037145,0.007535,-0.000000,0.000000,0.001099,10,4
1780630840.605330,dhocbf_fixed,-0.000457,44.998095,0.000608,0.001445,-0.553814,0.000000,45.000000,0.000000,45.000000,0.001693,0.012517,0.152946,1,7.990653,0.267093,0.270181,0.148119,0.148119,0.630148,0.000000,0.148119,0.148119,0.012055,0.618093,0.226935,0.126556,inf,nan,0.000000,0.126556,0.126556,0.126556,0.038110,0.007705,0.123788,0.037265,0.007525,-0.000000,0.000000,0.001568,10,4
1780630840.725603,dhocbf_fixed,-0.000388,44.998302,0.000777,0.002697,-0.203814,0.000000,45.000000,0.000000,45.000000,0.000137,0.004154,0.100823,1,10.774953,0.267270,0.293442,0.171235,0.171235,0.635549,0.000000,0.171235,0.171235,0.012098,0.623451,0.227109,0.126700,inf,nan,0.000000,0.126700,0.126700,0.126700,0.038213,0.007695,0.123915,0.037354,0.007516,-0.000000,0.000000,0.002807,10,4
1780630840.801828,dhocbf_fixed,-0.000310,44.998593,0.000791,0.003112,0.146186,0.000000,45.000000,0.000000,45.000000,-0.000739,-0.000901,0.049033,1,6.378457,0.266732,0.286768,0.181332,0.181332,0.632854,0.000000,0.181332,0.181332,0.012112,0.620741,0.226185,0.120059,inf,nan,0.000000,0.120059,0.120059,0.120059,0.036193,0.007262,0.109406,0.033003,0.006626,-0.000000,0.000000,0.003211,10,4
1780630840.916425,dhocbf_fixed,-0.000234,44.998900,0.000717,0.003022,0.496186,0.000000,45.000000,0.000000,45.000000,-0.001149,-0.003613,-0.002342,1,6.224678,0.266232,0.339950,0.223302,0.223302,0.654439,0.000000,0.223302,0.223302,0.012109,0.642330,0.225520,0.119515,inf,nan,0.000000,0.119515,0.119515,0.119515,0.036019,0.007216,0.109145,0.032912,0.006595,-0.000000,0.000000,0.003106,10,4
1780630841.004930,dhocbf_fixed,-0.000168,44.999184,0.000602,0.002661,0.846186,0.000000,45.000000,0.000000,45.000000,-0.001257,-0.004744,-0.053284,1,7.738166,0.265923,0.319672,0.207679,0.207679,0.671533,0.000000,0.207679,0.207679,0.012096,0.659438,0.225059,0.119093,inf,nan,0.000000,0.119093,0.119093,0.119093,0.035870,0.007178,0.108944,0.032828,0.006570,-0.000000,0.000000,0.002728,10,4
1780630841.127886,dhocbf_fixed,-0.000114,44.999426,0.000476,0.002187,1.132860,0.000000,45.000000,0.000000,45.000000,-0.001187,-0.004882,-0.096896,1,10.290483,0.266148,0.270081,0.166726,0.166726,0.660518,0.000000,0.166726,0.166726,0.012078,0.648440,0.225281,0.119236,inf,nan,0.000000,0.119236,0.119236,0.119236,0.035884,0.007176,0.109088,0.032842,0.006568,-0.000000,0.000000,0.002238,10,4
1780630841.201032,dhocbf_fixed,-0.000073,44.999620,0.000358,0.001698,1.265498,0.000000,45.000000,0.000000,45.000000,-0.001027,-0.004455,-0.121623,1,6.068140,0.266328,0.254218,0.150195,0.150195,0.652446,0.000000,0.150195,0.150195,0.012061,0.640385,0.225460,0.119349,inf,nan,0.000000,0.119349,0.119349,0.119349,0.035881,0.007175,0.109204,0.032839,0.006567,-0.000000,0.000000,0.001736,10,4
1780630841.320450,dhocbf_fixed,-0.000042,44.999768,0.000255,0.001253,1.329357,0.000000,45.000000,0.000000,45.000000,-0.000832,-0.003760,-0.133979,1,10.552100,0.266466,0.248616,0.143332,0.143332,0.648592,0.000000,0.143332,0.143332,0.012045,0.636548,0.225595,0.119436,inf,nan,0.000000,0.119436,0.119436,0.119436,0.035877,0.007174,0.109291,0.032835,0.006566,-0.000000,0.000000,0.001278,10,4
1780630841.405696,dhocbf_fixed,-0.000021,44.999874,0.000172,0.000877,1.363563,0.000000,45.000000,0.000000,45.000000,-0.000638,-0.002987,-0.139935,1,7.680248,0.266565,0.246215,0.139989,0.139989,0.646542,0.000000,0.139989,0.139989,0.012031,0.634511,0.225694,0.119498,inf,nan,0.000000,0.119498,0.119498,0.119498,0.035875,0.007174,0.109354,0.032832,0.006566,-0.000000,0.000000,0.000893,10,4
1780630841.526270,dhocbf_fixed,-0.000007,44.999947,0.000108,0.000578,1.387703,0.000000,45.000000,0.000000,45.000000,-0.000465,-0.002251,-0.143156,1,10.470578,0.266633,0.244768,0.137762,0.137762,0.645117,0.000000,0.137762,0.137762,0.012021,0.633096,0.225761,0.119540,inf,nan,0.000000,0.119540,0.119540,0.119540,0.035873,0.007174,0.109397,0.032831,0.006565,-0.000000,0.000000,0.000588,10,4
1780630841.601006,dhocbf_fixed,0.000002,44.999994,0.000062,0.000353,1.419079,0.000000,45.000000,0.000000,45.000000,-0.000321,-0.001611,-0.146460,1,6.523878,0.266676,0.243161,0.134993,0.134993,0.643299,0.000000,0.134993,0.134993,0.012013,0.631287,0.225804,0.119567,inf,nan,0.000000,0.119567,0.119567,0.119567,0.035872,0.007174,0.109425,0.032830,0.006566,-0.000000,0.000000,0.000358,10,4
1780630841.727633,dhocbf_fixed,0.000006,45.000021,0.000030,0.000192,1.656279,0.000000,45.000000,0.000000,45.000000,-0.000208,-0.001090,-0.172179,1,11.364485,0.266702,0.232559,0.119868,0.119868,0.631326,0.000000,0.119868,0.119868,0.012007,0.619319,0.225827,0.119580,inf,nan,0.000000,0.119580,0.119580,0.119580,0.035872,0.007174,0.109438,0.032830,0.006566,-0.000000,0.000000,0.000194,10,4
1780630841.802468,dhocbf_fixed,0.000008,45.000035,0.000009,0.000083,2.006279,0.000000,45.000000,0.000000,45.000000,-0.000134,-0.000681,-0.215623,1,6.703558,0.267434,0.230373,0.118704,0.118704,0.626332,0.000000,0.118704,0.118704,0.012003,0.614329,0.227106,0.126228,inf,nan,0.000000,0.126228,0.126228,0.126228,0.037867,0.007573,0.112619,0.033784,0.006756,-0.000000,0.000000,0.000083,10,4
1780630841.912589,dhocbf_fixed,0.000008,45.000040,-0.000005,0.000015,2.356279,0.000000,45.000000,0.000000,45.000000,-0.000071,-0.000392,-0.263225,1,3.376581,0.267439,0.247798,0.133491,0.133491,0.626170,0.000000,0.133491,0.133491,0.012001,0.614170,0.227104,0.126227,inf,nan,0.000000,0.126227,0.126227,0.126227,0.037867,0.007573,0.112618,0.033785,0.006756,-0.000000,0.000000,0.000016,10,4
1780630842.004960,dhocbf_fixed,0.000008,45.000039,-0.000012,-0.000024,2.706279,0.000000,45.000000,0.000000,45.000000,-0.000027,-0.000192,-0.311570,1,8.429707,0.267439,0.280124,0.154691,0.154691,0.630634,0.000000,0.154691,0.154691,0.012001,0.618633,0.227104,0.126227,inf,nan,0.000000,0.126227,0.126227,0.126227,0.037867,0.007573,0.112617,0.033785,0.006757,-0.000000,0.000000,0.000027,10,4
1780630842.126719,dhocbf_fixed,0.000006,45.000036,-0.000015,-0.000044,3.056279,0.000000,45.000000,0.000000,45.000000,-0.000000,-0.000061,-0.359821,1,10.714353,0.267436,0.295345,0.178236,0.178236,0.637007,0.000000,0.178236,0.178236,0.012002,0.625005,0.227103,0.126227,inf,nan,0.000000,0.126227,0.126227,0.126227,0.037867,0.007573,0.112617,0.033785,0.006757,-0.000000,0.000000,0.000046,10,4
1780630842.205253,dhocbf_fixed,0.000005,45.000031,-0.000015,-0.000050,-2.876906,0.000000,45.000000,0.000000,45.000000,0.000015,0.000017,1.222260,1,8.267534,0.267432,0.322335,0.215323,0.215323,0.651212,0.000000,0.215323,0.215323,0.012002,0.639210,0.227103,0.126226,inf,nan,0.000000,0.126226,0.126226,0.126226,0.037867,0.007573,0.112616,0.033785,0.006757,-0.000000,0.000000,0.000052,10,4
1780630842.326721,dhocbf_fixed,0.000003,45.000026,-0.000013,-0.000048,-2.526906,0.000000,45.000000,0.000000,45.000000,0.000022,0.000059,0.626409,1,10.785008,0.267428,0.362814,0.241198,0.241198,0.672936,0.000000,0.241198,0.241198,0.012002,0.660934,0.227102,0.126226,inf,nan,0.000000,0.126226,0.126226,0.126226,0.037867,0.007573,0.112616,0.033784,0.006757,-0.000000,0.000000,0.000050,10,4
1780630842.404667,dhocbf_fixed,0.000002,45.000022,-0.000011,-0.000042,-2.176906,0.000000,45.000000,0.000000,45.000000,0.000023,0.000076,0.435154,1,8.220212,0.267424,0.306296,0.199206,0.199206,0.671980,0.000000,0.199206,0.199206,0.012002,0.659979,0.227101,0.126225,inf,nan,0.000000,0.126225,0.126225,0.126225,0.037867,0.007573,0.112615,0.033784,0.006757,-0.000000,0.000000,0.000043,10,4
1780630842.528863,dhocbf_fixed,0.000001,45.000018,-0.000009,-0.000034,-1.901075,0.000000,45.000000,0.000000,45.000000,0.000022,0.000078,0.354479,1,6.515058,0.267420,0.263177,0.159890,0.159890,0.655219,0.000000,0.159890,0.159890,0.012001,0.643218,0.227100,0.126225,inf,nan,0.000000,0.126225,0.126225,0.126225,0.037867,0.007573,0.112615,0.033784,0.006757,-0.000000,0.000000,0.000035,10,4
1780630842.602325,dhocbf_fixed,0.000001,45.000015,-0.000006,-0.000027,-1.759552,0.000000,45.000000,0.000000,45.000000,0.000019,0.000071,0.316617,1,10.441440,0.267418,0.249394,0.143855,0.143855,0.647750,0.000000,0.143855,0.143855,0.012001,0.635749,0.227100,0.126224,inf,nan,0.000000,0.126224,0.126224,0.126224,0.037867,0.007573,0.112614,0.033784,0.006757,-0.000000,0.000000,0.000027,10,4
1780630842.719757,dhocbf_fixed,0.000000,45.000013,-0.000005,-0.000020,-1.676506,0.000000,45.000000,0.000000,45.000000,0.000015,0.000059,0.296074,1,4.812307,0.267415,0.244493,0.136170,0.136170,0.643742,0.000000,0.136170,0.136170,0.012001,0.631742,0.227099,0.126224,inf,nan,0.000000,0.126224,0.126224,0.126224,0.037867,0.007573,0.112614,0.033784,0.006757,-0.000000,0.000000,0.000020,10,4
1780630842.807193,dhocbf_fixed,-0.000000,45.000011,-0.000003,-0.000014,-1.619014,0.000000,45.000000,0.000000,45.000000,0.000027,0.000035,0.282777,1,10.099655,0.272394,0.247280,0.135539,0.135539,0.642176,0.000000,0.135539,0.135539,0.012000,0.630175,0.231980,0.119651,inf,nan,0.000000,0.119651,0.119651,0.119651,0.035895,0.007179,0.106608,0.031982,0.006397,-0.000000,0.000000,0.000014,10,4
1780630842.923504,dhocbf_fixed,-0.000001,45.000010,-0.000000,-0.000010,-1.574101,0.000000,45.000000,0.000000,45.000000,0.000017,0.000028,0.272748,1,7.791640,0.272393,0.246757,0.132446,0.132446,0.640020,0.000000,0.132446,0.132446,0.012000,0.628020,0.231979,0.119651,inf,nan,0.000000,0.119651,0.119651,0.119651,0.035895,0.007179,0.106608,0.031982,0.006397,-0.000000,0.000000,0.000010,10,4
1780630843.004851,dhocbf_fixed,-0.000000,45.000009,0.000001,-0.000007,-1.542106,0.000000,45.000000,0.000000,45.000000,0.000008,0.000023,0.265007,1,8.562402,0.272392,0.246845,0.130471,0.130471,0.638602,0.000000,0.130471,0.130471,0.012000,0.626602,0.231979,0.119651,inf,nan,0.000000,0.119651,0.119651,0.119651,0.035895,0.007179,0.106608,0.031982,0.006397,-0.000000,0.000000,0.000007,10,4
1780630843.125511,dhocbf_fixed,-0.000000,45.000008,0.000002,-0.000005,-1.528170,0.000000,45.000000,0.000000,45.000000,0.000002,0.000018,0.259855,1,10.814282,0.272392,0.245651,0.129670,0.129670,0.638017,0.000000,0.129670,0.129670,0.012000,0.626017,0.231979,0.119651,inf,nan,0.000000,0.119651,0.119651,0.119651,0.035895,0.007179,0.106608,0.031982,0.006397,-0.000000,0.000000,0.000006,10,4
1780630843.205050,dhocbf_fixed,-0.000000,45.000008,0.000003,-0.000003,-1.532115,0.000000,45.000000,0.000000,45.000000,-0.000001,0.000013,0.257331,1,8.559621,0.272391,0.246059,0.129892,0.129892,0.638180,0.000000,0.129892,0.129892,0.012000,0.626180,0.231978,0.119651,inf,nan,0.000000,0.119651,0.119651,0.119651,0.035895,0.007179,0.106608,0.031982,0.006397,-0.000000,0.000000,0.000004,10,4
1780630843.326293,dhocbf_fixed,0.000000,45.000007,0.000002,-0.000002,-1.549870,0.000000,45.000000,0.000000,45.000000,-0.000003,0.000009,0.256984,1,11.393528,0.272391,0.246787,0.130931,0.130931,0.638936,0.000000,0.130931,0.130931,0.012000,0.626936,0.231978,0.119651,inf,nan,0.000000,0.119651,0.119651,0.119651,0.035895,0.007179,0.106607,0.031983,0.006397,-0.000000,0.000000,0.000003,10,4
1780630843.405187,dhocbf_fixed,0.000000,45.000007,0.000002,-0.000001,-1.575766,0.000000,45.000000,0.000000,45.000000,-0.000004,0.000006,0.258071,1,8.624096,0.272391,0.246760,0.132551,0.132551,0.640097,0.000000,0.132551,0.132551,0.012000,0.628097,0.231978,0.119651,inf,nan,0.000000,0.119651,0.119651,0.119651,0.035895,0.007179,0.106607,0.031983,0.006397,-0.000000,0.000000,0.000002,10,4
1780630843.526081,dhocbf_fixed,0.000001,45.000007,0.000002,-0.000000,-1.604399,0.000000,45.000000,0.000000,45.000000,-0.000004,0.000004,0.259807,1,10.887448,0.272391,0.247024,0.134488,0.134488,0.641454,0.000000,0.134488,0.134488,0.012000,0.629454,0.231978,0.119651,inf,nan,0.000000,0.119651,0.119651,0.119651,0.035895,0.007179,0.106607,0.031983,0.006397,-0.000000,0.000000,0.000002,10,4
1780630843.605316,dhocbf_fixed,0.000001,45.000007,0.000001,0.000000,-1.631717,0.000000,45.000000,0.000000,45.000000,-0.000003,0.000002,0.261551,1,8.489917,0.272391,0.247560,0.136479,0.136479,0.642817,0.000000,0.136479,0.136479,0.012000,0.630817,0.231978,0.119651,inf,nan,0.000000,0.119651,0.119651,0.119651,0.035895,0.007179,0.106607,0.031983,0.006397,-0.000000,0.000000,0.000001,10,4
1780630843.725151,dhocbf_fixed,0.000001,45.000007,0.000001,0.000000,-1.655317,0.000000,45.000000,0.000000,45.000000,-0.000003,0.000001,0.262881,1,10.827442,0.272391,0.248247,0.138312,0.138312,0.644043,0.000000,0.138312,0.138312,0.012000,0.632043,0.231978,0.119651,inf,nan,0.000000,0.119651,0.119651,0.119651,0.035895,0.007179,0.106607,0.031983,0.006397,-0.000000,0.000000,0.000001,10,4
1780630843.802235,dhocbf_fixed,0.000001,45.000007,0.000001,0.000000,-1.674222,0.000000,45.000000,0.000000,45.000000,-0.000006,-0.000052,0.263558,1,6.574537,0.271831,0.248212,0.139036,0.139036,0.644503,0.000000,0.139036,0.139036,0.012000,0.632503,0.231371,0.121010,inf,nan,0.000000,0.121010,0.121010,0.121010,0.036303,0.007261,0.119949,0.035985,0.007197,-0.000000,0.000000,0.000001,10,4
1780630843.921607,dhocbf_fixed,0.000001,45.000007,0.000000,-0.000005,-1.688436,0.000000,45.000000,0.000000,45.000000,-0.000004,-0.000031,0.263586,1,11.436743,0.271831,0.248809,0.140232,0.140232,0.645281,0.000000,0.140232,0.140232,0.012000,0.633281,0.231371,0.121010,inf,nan,0.000000,0.121010,0.121010,0.121010,0.036303,0.007261,0.119949,0.035985,0.007197,-0.000000,0.000000,0.000005,10,4
1780630844.005211,dhocbf_fixed,0.000001,45.000006,-0.000000,-0.000008,-1.699756,0.000000,45.000000,0.000000,45.000000,-0.000002,-0.000010,0.263137,1,8.490861,0.271830,0.249336,0.141212,0.141212,0.645910,0.000000,0.141212,0.141212,0.012000,0.633910,0.231371,0.121010,inf,nan,0.000000,0.121010,0.121010,0.121010,0.036303,0.007261,0.119949,0.035985,0.007197,-0.000000,0.000000,0.000008,10,4
1780630844.125349,dhocbf_fixed,0.000001,45.000006,-0.000001,-0.000009,-1.711005,0.000000,45.000000,0.000000,45.000000,-0.000001,0.000004,0.262564,1,10.961396,0.271829,0.249906,0.142210,0.142210,0.646432,0.000000,0.142210,0.142210,0.012000,0.634432,0.231371,0.121010,inf,nan,0.000000,0.121010,0.121010,0.121010,0.036303,0.007261,0.119949,0.035985,0.007197,-0.000000,0.000000,0.000009,10,4
1780630844.205203,dhocbf_fixed,0.000001,45.000005,-0.000001,-0.000009,-1.723945,0.000000,45.000000,0.000000,45.000000,0.000000,0.000011,0.262147,1,8.634381,0.271828,0.250618,0.143387,0.143387,0.647001,0.000000,0.143387,0.143387,0.012000,0.635000,0.231371,0.121010,inf,nan,0.000000,0.121010,0.121010,0.121010,0.036303,0.007261,0.119949,0.035985,0.007197,-0.000000,0.000000,0.000009,10,4
1780630844.331257,dhocbf_fixed,0.000001,45.000004,-0.000001,-0.000007,-1.739684,0.000000,45.000000,0.000000,45.000000,0.000001,0.000014,0.262077,1,12.008447,0.271828,0.251565,0.144861,0.144861,0.647710,0.000000,0.144861,0.144861,0.012000,0.635710,0.231371,0.121010,inf,nan,0.000000,0.121010,0.121010,0.121010,0.036303,0.007261,0.119949,0.035985,0.007197,-0.000000,0.000000,0.000008,10,4
1780630844.405049,dhocbf_fixed,0.000001,45.000003,-0.000000,-0.000006,-1.758925,0.000000,45.000000,0.000000,45.000000,0.000001,0.000014,0.262475,1,8.410949,0.271827,0.252842,0.146727,0.146727,0.648604,0.000000,0.146727,0.146727,0.012000,0.636604,0.231371,0.121010,inf,nan,0.000000,0.121010,0.121010,0.121010,0.036303,0.007261,0.119949,0.035985,0.007197,-0.000000,0.000000,0.000006,10,4
1780630844.528257,dhocbf_fixed,0.000001,45.000003,-0.000000,-0.000005,-1.781928,0.000000,45.000000,0.000000,45.000000,0.000001,0.000013,0.263398,1,11.550459,0.271826,0.254539,0.149049,0.149049,0.649708,0.000000,0.149049,0.149049,0.012000,0.637708,0.231371,0.121010,inf,nan,0.000000,0.121010,0.121010,0.121010,0.036303,0.007261,0.119949,0.035985,0.007197,-0.000000,0.000000,0.000005,10,4
1780630844.604820,dhocbf_fixed,0.000001,45.000002,-0.000000,-0.000003,-1.808287,0.000000,45.000000,0.000000,45.000000,0.000001,0.000011,0.264811,1,8.286210,0.271826,0.256707,0.151829,0.151829,0.651018,0.000000,0.151829,0.151829,0.012000,0.639018,0.231370,0.121010,inf,nan,0.000000,0.121010,0.121010,0.121010,0.036303,0.007261,0.119949,0.035985,0.007197,-0.000000,0.000000,0.000003,10,4
1780630844.727440,dhocbf_fixed,0.000001,45.000002,-0.000000,-0.000002,-1.836708,0.000000,45.000000,0.000000,45.000000,0.000001,0.000008,0.266562,1,10.281596,0.271826,0.259306,0.154967,0.154967,0.652480,0.000000,0.154967,0.154967,0.012000,0.640480,0.231370,0.121010,inf,nan,0.000000,0.121010,0.121010,0.121010,0.036303,0.007261,0.119949,0.035985,0.007197,-0.000000,0.000000,0.000002,10,4
1780630844.802518,dhocbf_fixed,0.000001,45.000002,-0.000000,-0.000002,-1.865060,0.000000,45.000000,0.000000,45.000000,0.000014,0.000043,0.268408,1,6.814642,0.270053,0.260484,0.156612,0.156612,0.653368,0.000000,0.156612,0.156612,0.012000,0.641368,0.229605,0.120199,inf,nan,0.000000,0.120199,0.120199,0.120199,0.036060,0.007212,0.118793,0.035638,0.007128,-0.000000,0.000000,0.000002,10,4
1780630844.933173,dhocbf_fixed,0.000001,45.000002,0.000001,0.000003,-1.890859,0.000000,45.000000,0.000000,45.000000,0.000008,0.000026,0.269959,1,15.626070,0.270053,0.263314,0.159715,0.159715,0.654762,0.000000,0.159715,0.159715,0.012000,0.642762,0.229605,0.120199,inf,nan,0.000000,0.120199,0.120199,0.120199,0.036060,0.007212,0.118793,0.035638,0.007128,-0.000000,0.000000,0.000003,10,4
1780630845.004480,dhocbf_fixed,0.000001,45.000002,0.000002,0.000005,-1.911050,0.000000,45.000000,0.000000,45.000000,0.000003,0.000010,0.270815,1,7.772149,0.270054,0.265673,0.162202,0.162202,0.655868,0.000000,0.162202,0.162202,0.012000,0.643868,0.229606,0.120199,inf,nan,0.000000,0.120199,0.120199,0.120199,0.036060,0.007212,0.118793,0.035638,0.007128,-0.000000,0.000000,0.000006,10,4
1780630845.129266,dhocbf_fixed,0.000001,45.000003,0.000002,0.000006,-1.922451,0.000000,45.000000,0.000000,45.000000,-0.000001,-0.000001,0.270535,1,6.771384,0.270054,0.267059,0.163631,0.163631,0.656498,0.000000,0.163631,0.163631,0.012000,0.644497,0.229606,0.120200,inf,nan,0.000000,0.120200,0.120200,0.120200,0.036060,0.007212,0.118793,0.035639,0.007128,-0.000000,0.000000,0.000007,10,4
1780630845.205240,dhocbf_fixed,0.000001,45.000003,0.000002,0.000006,-1.926706,0.000000,45.000000,0.000000,45.000000,-0.000003,-0.000007,0.269195,1,8.613945,0.270055,0.267587,0.164170,0.164170,0.656733,0.000000,0.164170,0.164170,0.012000,0.644733,0.229607,0.120200,inf,nan,0.000000,0.120200,0.120200,0.120200,0.036060,0.007212,0.118793,0.035639,0.007128,-0.000000,0.000000,0.000007,10,4
1780630845.319736,dhocbf_fixed,0.000001,45.000004,0.000002,0.000005,-1.927041,0.000000,45.000000,0.000000,45.000000,-0.000003,-0.000010,0.267170,1,5.671791,0.270055,0.267629,0.164213,0.164213,0.656752,0.000000,0.164213,0.164213,0.012000,0.644751,0.229607,0.120200,inf,nan,0.000000,0.120200,0.120200,0.120200,0.036060,0.007212,0.118794,0.035639,0.007128,-0.000000,0.000000,0.000006,10,4
1780630845.400959,dhocbf_fixed,0.000002,45.000005,0.000002,0.000005,-1.925728,0.000000,45.000000,0.000000,45.000000,-0.000004,-0.000010,0.264808,1,6.234420,0.270056,0.267466,0.164047,0.164047,0.656679,0.000000,0.164047,0.164047,0.012000,0.644679,0.229608,0.120201,inf,nan,0.000000,0.120201,0.120201,0.120201,0.036060,0.007212,0.118794,0.035639,0.007128,-0.000000,0.000000,0.000005,10,4
1780630845.526354,dhocbf_fixed,0.000002,45.000005,0.000001,0.000004,-1.923953,0.000000,45.000000,0.000000,45.000000,-0.000003,-0.000009,0.262327,1,10.603075,0.270056,0.267246,0.163823,0.163823,0.656581,0.000000,0.163823,0.163823,0.012000,0.644581,0.229608,0.120201,inf,nan,0.000000,0.120201,0.120201,0.120201,0.036060,0.007212,0.118794,0.035639,0.007128,-0.000000,0.000000,0.000004,10,4
1780630845.604754,dhocbf_fixed,0.000002,45.000005,0.000001,0.000003,-1.922241,0.000000,45.000000,0.000000,45.000000,-0.000003,-0.000008,0.259839,1,8.076477,0.270056,0.267035,0.163607,0.163607,0.656486,0.000000,0.163607,0.163607,0.012000,0.644486,0.229608,0.120201,inf,nan,0.000000,0.120201,0.120201,0.120201,0.036060,0.007212,0.118794,0.035639,0.007128,-0.000000,0.000000,0.000003,10,4
1780630845.727219,dhocbf_fixed,0.000002,45.000005,0.000001,0.000002,-1.920781,0.000000,45.000000,0.000000,45.000000,-0.000002,-0.000006,0.257392,1,11.014784,0.270056,0.266855,0.163423,0.163423,0.656405,0.000000,0.163423,0.163423,0.012000,0.644405,0.229608,0.120201,inf,nan,0.000000,0.120201,0.120201,0.120201,0.036060,0.007212,0.118794,0.035639,0.007128,-0.000000,0.000000,0.000002,10,4
1780630845.800654,dhocbf_fixed,0.000002,45.000006,0.000000,0.000001,-1.919612,0.000000,45.000000,0.000000,45.000000,-0.000015,-0.000041,0.254980,1,6.192127,0.271474,0.266631,0.163142,0.163142,0.657226,0.000000,0.163142,0.163142,0.012000,0.645226,0.230875,0.121104,inf,nan,0.000000,0.121104,0.121104,0.121104,0.036331,0.007266,0.119771,0.035931,0.007186,-0.000000,0.000000,0.000001,10,4
1780630845.934353,dhocbf_fixed,0.000002,45.000006,-0.000001,-0.000003,-1.918712,0.000000,45.000000,0.000000,45.000000,-0.000009,-0.000025,0.252645,1,16.144598,0.271474,0.266524,0.163030,0.163030,0.657177,0.000000,0.163030,0.163030,0.012000,0.645177,0.230875,0.121104,inf,nan,0.000000,0.121104,0.121104,0.121104,0.036331,0.007266,0.119771,0.035931,0.007186,-0.000000,0.000000,0.000003,10,4
1780630846.001340,dhocbf_fixed,0.000002,45.000005,-0.000002,-0.000005,-1.918186,0.000000,45.000000,0.000000,45.000000,-0.000003,-0.000009,0.250385,1,6.360977,0.271474,0.266461,0.162965,0.162965,0.657149,0.000000,0.162965,0.162965,0.012000,0.645149,0.230875,0.121104,inf,nan,0.000000,0.121104,0.121104,0.121104,0.036331,0.007266,0.119771,0.035931,0.007186,-0.000000,0.000000,0.000006,10,4
1780630846.122450,dhocbf_fixed,0.000002,45.000005,-0.000002,-0.000006,-1.918158,0.000000,45.000000,0.000000,45.000000,0.000001,0.000001,0.248213,1,11.416310,0.271473,0.266458,0.162961,0.162961,0.657147,0.000000,0.162961,0.162961,0.012000,0.645147,0.230875,0.121104,inf,nan,0.000000,0.121104,0.121104,0.121104,0.036331,0.007266,0.119771,0.035931,0.007186,-0.000000,0.000000,0.000007,10,4
1780630846.205275,dhocbf_fixed,0.000001,45.000004,-0.000002,-0.000006,-1.918625,0.000000,45.000000,0.000000,45.000000,0.000003,0.000007,0.246130,1,8.473369,0.271473,0.266513,0.163018,0.163018,0.657172,0.000000,0.163018,0.163018,0.012000,0.645172,0.230875,0.121104,inf,nan,0.000000,0.121104,0.121104,0.121104,0.036331,0.007266,0.119771,0.035931,0.007186,-0.000000,0.000000,0.000007,10,4
1780630846.327526,dhocbf_fixed,0.000001,45.000003,-0.000002,-0.000005,-1.919559,0.000000,45.000000,0.000000,45.000000,0.000003,0.000010,0.244134,1,10.339361,0.271472,0.266624,0.163134,0.163134,0.657223,0.000000,0.163134,0.163134,0.012000,0.645223,0.230875,0.121104,inf,nan,0.000000,0.121104,0.121104,0.121104,0.036331,0.007266,0.119771,0.035931,0.007186,-0.000000,0.000000,0.000006,10,4
1780630846.398736,dhocbf_fixed,0.000001,45.000003,-0.000002,-0.000004,-1.920931,0.000000,45.000000,0.000000,45.000000,0.000004,0.000010,0.242220,1,5.877214,0.271472,0.266787,0.163304,0.163304,0.657297,0.000000,0.163304,0.163304,0.012000,0.645297,0.230875,0.121104,inf,nan,0.000000,0.121104,0.121104,0.121104,0.036331,0.007266,0.119771,0.035931,0.007186,-0.000000,0.000000,0.000005,10,4
1780630846.526921,dhocbf_fixed,0.000001,45.000002,-0.000001,-0.000003,-1.922695,0.000000,45.000000,0.000000,45.000000,0.000003,0.000009,0.240382,1,10.577002,0.271472,0.266998,0.163523,0.163523,0.657393,0.000000,0.163523,0.163523,0.012000,0.645393,0.230875,0.121104,inf,nan,0.000000,0.121104,0.121104,0.121104,0.036331,0.007266,0.119771,0.035931,0.007186,-0.000000,0.000000,0.000004,10,4
1780630846.605292,dhocbf_fixed,0.000001,45.000002,-0.000001,-0.000003,-1.924767,0.000000,45.000000,0.000000,45.000000,0.000003,0.000008,0.238608,1,8.373056,0.271471,0.267248,0.163781,0.163781,0.657505,0.000000,0.163781,0.163781,0.012000,0.645505,0.230875,0.121104,inf,nan,0.000000,0.121104,0.121104,0.121104,0.036331,0.007266,0.119770,0.035931,0.007186,-0.000000,0.000000,0.000003,10,4
1780630846.726254,dhocbf_fixed,0.000001,45.000002,-0.000001,-0.000002,-1.927007,0.000000,45.000000,0.000000,45.000000,0.000002,0.000006,0.236879,1,10.518873,0.271471,0.267519,0.164061,0.164061,0.657626,0.000000,0.164061,0.164061,0.012000,0.645626,0.230875,0.121104,inf,nan,0.000000,0.121104,0.121104,0.121104,0.036331,0.007266,0.119770,0.035931,0.007186,-0.000000,0.000000,0.000002,10,4
1780630846.801237,dhocbf_fixed,0.000001,45.000002,-0.000000,-0.000001,-1.929230,0.000000,45.000000,0.000000,45.000000,-0.000013,0.000070,0.235189,1,6.380755,0.266845,0.266745,0.163598,0.163598,0.656929,0.000000,0.163598,0.163598,0.012000,0.644929,0.226595,0.126853,inf,nan,0.000000,0.126853,0.126853,0.126853,0.038056,0.007612,0.113297,0.033989,0.006799,-0.000000,0.000000,0.000001,10,4
1780630846.926668,dhocbf_fixed,0.000001,45.000002,-0.000002,0.000006,-1.931248,0.000000,45.000000,0.000000,45.000000,-0.000007,0.000042,0.233479,1,11.977364,0.266845,0.267008,0.163863,0.163863,0.657050,0.000000,0.163863,0.163863,0.012000,0.645050,0.226595,0.126853,inf,nan,0.000000,0.126853,0.126853,0.126853,0.038057,0.007612,0.113297,0.033990,0.006799,-0.000000,0.000000,0.000006,10,4
1780630846.997215,dhocbf_fixed,0.000000,45.000003,-0.000002,0.000010,-1.883633,0.000000,45.000000,0.000000,45.000000,-0.000002,0.000014,0.226369,1,5.753615,0.266846,0.261145,0.157806,0.157806,0.654262,0.000000,0.157806,0.157806,0.012000,0.642261,0.226596,0.126854,inf,nan,0.000000,0.126854,0.126854,0.126854,0.038057,0.007612,0.113297,0.033990,0.006799,-0.000000,0.000000,0.000010,10,4
1780630847.096080,dhocbf_fixed,0.000000,45.000004,-0.000003,0.000011,-1.780592,0.000000,45.000000,0.000000,45.000000,0.000002,-0.000004,0.211918,1,5.440353,0.266847,0.250886,0.146017,0.146017,0.648772,0.000000,0.146017,0.146017,0.012000,0.636772,0.226597,0.126855,inf,nan,0.000000,0.126855,0.126855,0.126855,0.038057,0.007612,0.113298,0.033991,0.006799,-0.000000,0.000000,0.000012,10,4
1780630847.192974,dhocbf_fixed,-0.000000,45.000005,-0.000002,0.000011,-1.679156,0.000000,45.000000,0.000000,45.000000,0.000003,-0.000014,0.195900,1,3.195404,0.266848,0.244315,0.136326,0.136326,0.644038,0.000000,0.136326,0.136326,0.012000,0.632038,0.226599,0.126856,inf,nan,0.000000,0.126856,0.126856,0.126856,0.038058,0.007612,0.113299,0.033991,0.006799,-0.000000,0.000000,0.000011,10,4
1780630847.327994,dhocbf_fixed,-0.000000,45.000006,-0.000002,0.000010,-1.602348,0.000000,45.000000,0.000000,45.000000,0.000004,-0.000017,0.182275,1,11.308260,0.266849,0.241825,0.130307,0.130307,0.640065,0.000000,0.130307,0.130307,0.012000,0.628064,0.226600,0.126856,inf,nan,0.000000,0.126856,0.126856,0.126856,0.038058,0.007612,0.113300,0.033991,0.006799,-0.000000,0.000000,0.000010,10,4
1780630847.405116,dhocbf_fixed,-0.000001,45.000007,-0.000002,0.000008,-1.549951,0.000000,45.000000,0.000000,45.000000,0.000004,-0.000018,0.171995,1,8.459581,0.266850,0.241392,0.126859,0.126859,0.637631,0.000000,0.126859,0.126859,0.012000,0.625631,0.226600,0.126857,inf,nan,0.000000,0.126857,0.126857,0.126857,0.038058,0.007612,0.113300,0.033991,0.006799,-0.000000,0.000000,0.000008,10,4
1780630847.527666,dhocbf_fixed,-0.000001,45.000008,-0.000001,0.000006,-1.515746,0.000000,45.000000,0.000000,45.000000,0.000004,-0.000016,0.164597,1,10.641873,0.266851,0.240265,0.124895,0.124895,0.636188,0.000000,0.124895,0.124895,0.012000,0.624188,0.226601,0.126858,inf,nan,0.000000,0.126858,0.126858,0.126858,0.038058,0.007612,0.113301,0.033991,0.006799,-0.000000,0.000000,0.000006,10,4
1780630847.605529,dhocbf_fixed,-0.000001,45.000008,-0.000001,0.000005,-1.493817,0.000000,45.000000,0.000000,45.000000,0.000003,-0.000014,0.159305,1,8.706169,0.266851,0.238096,0.123756,0.123756,0.635331,0.000000,0.123756,0.123756,0.012000,0.623331,0.226602,0.126858,inf,nan,0.000000,0.126858,0.126858,0.126858,0.038058,0.007612,0.113301,0.033991,0.006799,-0.000000,0.000000,0.000005,10,4
1780630847.723923,dhocbf_fixed,-0.000001,45.000009,-0.000001,0.000003,-1.479865,0.000000,45.000000,0.000000,45.000000,0.000002,-0.000011,0.155441,1,11.235350,0.266852,0.236808,0.123080,0.123080,0.634814,0.000000,0.123080,0.123080,0.012000,0.622814,0.226602,0.126858,inf,nan,0.000000,0.126858,0.126858,0.126858,0.038058,0.007612,0.113302,0.033991,0.006799,-0.000000,0.000000,0.000003,10,4
1780630847.800270,dhocbf_fixed,-0.000001,45.000009,-0.000000,0.000002,-1.471043,0.000000,45.000000,0.000000,45.000000,0.000022,-0.000024,0.152518,1,6.058313,0.272185,0.240599,0.126693,0.126693,0.635639,0.000000,0.126693,0.126693,0.012000,0.623639,0.231834,0.118570,inf,nan,0.000000,0.118570,0.118570,0.118570,0.035571,0.007114,0.105355,0.031607,0.006322,-0.000000,0.000000,0.000002,10,4
1780630847.927948,dhocbf_fixed,-0.000001,45.000009,0.000002,-0.000000,-1.465525,0.000000,45.000000,0.000000,45.000000,0.000013,-0.000015,0.150209,1,10.821221,0.272185,0.240145,0.126437,0.126437,0.635444,0.000000,0.126437,0.126437,0.012000,0.623444,0.231833,0.118570,inf,nan,0.000000,0.118570,0.118570,0.118570,0.035571,0.007114,0.105355,0.031607,0.006322,-0.000000,0.000000,0.000002,10,4
1780630848.002934,dhocbf_fixed,-0.000001,45.000009,0.000003,-0.000002,-1.467845,0.000000,45.000000,0.000000,45.000000,0.000004,-0.000007,0.148922,1,6.970185,0.272185,0.240335,0.126544,0.126544,0.635525,0.000000,0.126544,0.126544,0.012000,0.623525,0.231833,0.118570,inf,nan,0.000000,0.118570,0.118570,0.118570,0.035571,0.007114,0.105354,0.031607,0.006322,-0.000000,0.000000,0.000004,10,4
1780630848.135950,dhocbf_fixed,-0.000000,45.000009,0.000004,-0.000003,-1.483452,0.000000,45.000000,0.000000,45.000000,-0.000001,-0.000001,0.149345,1,17.101139,0.272184,0.241662,0.127289,0.127289,0.636091,0.000000,0.127289,0.127289,0.012000,0.624091,0.231833,0.118570,inf,nan,0.000000,0.118570,0.118570,0.118570,0.035571,0.007114,0.105354,0.031607,0.006322,-0.000000,0.000000,0.000004,10,4
1780630848.204794,dhocbf_fixed,0.000000,45.000008,0.000003,-0.000003,-1.510782,0.000000,45.000000,0.000000,45.000000,-0.000004,0.000002,0.151470,1,8.164204,0.272184,0.244205,0.128701,0.128701,0.637150,0.000000,0.128701,0.128701,0.012000,0.625150,0.231832,0.118570,inf,nan,0.000000,0.118570,0.118570,0.118570,0.035571,0.007114,0.105354,0.031607,0.006322,-0.000000,0.000000,0.000004,10,4
1780630848.331958,dhocbf_fixed,0.000000,45.000008,0.000003,-0.000002,-1.545613,0.000000,45.000000,0.000000,45.000000,-0.000005,0.000004,0.154824,1,15.787556,0.272184,0.246657,0.130697,0.130697,0.638617,0.000000,0.130697,0.130697,0.012000,0.626617,0.231832,0.118570,inf,nan,0.000000,0.118570,0.118570,0.118570,0.035571,0.007114,0.105354,0.031607,0.006322,-0.000000,0.000000,0.000004,10,4
1780630848.405364,dhocbf_fixed,0.000001,45.000008,0.000002,-0.000002,-1.583429,0.000000,45.000000,0.000000,45.000000,-0.000006,0.000004,0.158788,1,8.346717,0.272183,0.246703,0.133117,0.133117,0.640351,0.000000,0.133117,0.133117,0.012000,0.628351,0.231832,0.118570,inf,nan,0.000000,0.118570,0.118570,0.118570,0.035571,0.007114,0.105354,0.031606,0.006322,-0.000000,0.000000,0.000003,10,4
1780630848.527023,dhocbf_fixed,0.000001,45.000008,0.000002,-0.000002,-1.620417,0.000000,45.000000,0.000000,45.000000,-0.000005,0.000004,0.162789,1,10.622279,0.272183,0.247265,0.135740,0.135740,0.642175,0.000000,0.135740,0.135740,0.012000,0.630175,0.231832,0.118570,inf,nan,0.000000,0.118570,0.118570,0.118570,0.035571,0.007114,0.105354,0.031606,0.006322,-0.000000,0.000000,0.000003,10,4
1780630848.603848,dhocbf_fixed,0.000001,45.000007,0.000001,-0.000001,-1.653852,0.000000,45.000000,0.000000,45.000000,-0.000004,0.000004,0.166388,1,7.425686,0.272183,0.248212,0.138331,0.138331,0.643920,0.000000,0.138331,0.138331,0.012000,0.631919,0.231832,0.118570,inf,nan,0.000000,0.118570,0.118570,0.118570,0.035571,0.007114,0.105354,0.031606,0.006322,-0.000000,0.000000,0.000002,10,4
1780630848.723470,dhocbf_fixed,0.000001,45.000007,0.000001,-0.000001,-1.682156,0.000000,45.000000,0.000000,45.000000,-0.000003,0.000003,0.169303,1,10.982059,0.272183,0.249336,0.140689,0.140689,0.645391,0.000000,0.140689,0.140689,0.012000,0.633391,0.231832,0.118569,inf,nan,0.000000,0.118569,0.118569,0.118569,0.035571,0.007114,0.105354,0.031606,0.006322,-0.000000,0.000000,0.000001,10,4
1780630848.805665,dhocbf_fixed,0.000001,45.000007,0.000001,-0.000001,-1.704749,0.000000,45.000000,0.000000,45.000000,-0.000009,-0.000048,0.171401,1,8.682110,0.271525,0.248564,0.140289,0.140289,0.645437,0.000000,0.140289,0.140289,0.012000,0.633437,0.230920,0.121137,inf,nan,0.000000,0.121137,0.121137,0.121137,0.036341,0.007268,0.119858,0.035958,0.007192,-0.000000,0.000000,0.000001,10,4
1780630848.930498,dhocbf_fixed,0.000001,45.000007,-0.000000,-0.000005,-1.721805,0.000000,45.000000,0.000000,45.000000,-0.000005,-0.000028,0.172685,1,11.008639,0.271525,0.249416,0.141794,0.141794,0.646395,0.000000,0.141794,0.141794,0.012000,0.634395,0.230920,0.121137,inf,nan,0.000000,0.121137,0.121137,0.121137,0.036341,0.007268,0.119858,0.035958,0.007192,-0.000000,0.000000,0.000005,10,4
1780630848.993202,dhocbf_fixed,0.000001,45.000006,-0.000001,-0.000008,-1.734999,0.000000,45.000000,0.000000,45.000000,-0.000002,-0.000008,0.173336,1,3.183508,0.271524,0.250147,0.142996,0.142996,0.647146,0.000000,0.142996,0.142996,0.012000,0.635146,0.230920,0.121137,inf,nan,0.000000,0.121137,0.121137,0.121137,0.036341,0.007268,0.119858,0.035957,0.007192,-0.000000,0.000000,0.000008,10,4
