time_s,controller,x,y,vx,vy,yaw,ref_x,ref_y,goal_x,goal_y,ux,uy,alpha,feasible,solve_ms,clearance_m,d_lower_min,c_body,barrier,gamma_ref,recovery_energy,recoverable_margin,h_R,dynamic_reserve,recoverability_delta,pred_min_d_lower,pred_min_c_body,pred_min_gamma,pred_max_recovery_energy,pred_max_dynamic_reserve,pred_min_delta,pred_min_h_R,pred_min_psi0,pred_min_psi1,pred_min_psi2,pred_min_psi0_constraint,pred_min_psi1_constraint,pred_min_psi2_constraint,solver_constraint_margin,max_safety_slack,speed_mps,obstacle_count,guide_points
1780631154.915959,nmpc_dc,0.000000,-50.000000,0.000000,0.000000,1.570800,0.000000,-48.400000,0.000000,45.000000,0.000011,7.999991,-0.171058,1,4.092550,1.261041,1.178463,1.045746,1.045746,0.691125,0.016640,0.662485,0.662485,0.012000,0.662485,0.261621,0.159767,inf,nan,0.000000,0.159767,0.159767,0.159767,-0.021442,-0.061792,0.159768,-0.021441,-0.061792,-0.000000,0.000001,0.000000,10,2
1780631155.041797,nmpc_dc,0.000000,-50.000000,0.000000,0.000000,1.570800,0.000000,-48.400000,0.000000,45.000000,0.000012,7.999992,-0.212728,1,9.884691,1.260799,1.181239,1.046753,1.046753,0.690086,0.016640,0.661446,0.661446,0.012000,0.661446,0.259872,0.158017,inf,nan,0.000000,0.158017,0.158017,0.158017,-0.022705,-0.061601,0.158017,-0.022704,-0.061601,-0.000000,0.000001,0.000000,10,2
1780631155.112491,nmpc_dc,0.000000,-50.000000,0.000000,0.000000,1.570800,0.000000,-48.400000,0.000000,45.000000,0.000013,7.999992,-0.221782,1,3.954676,1.258186,1.181529,1.042627,1.042627,0.686087,0.016640,0.657447,0.657447,0.012000,0.657447,0.254618,0.149890,inf,nan,0.000000,0.149890,0.149890,0.149890,-0.031724,-0.061551,0.149890,-0.031723,-0.061551,-0.000000,0.000001,0.000000,10,2
1780631155.225414,nmpc_dc,0.000000,-49.960000,0.000001,0.799999,1.570800,0.000000,-48.360000,0.000000,45.000000,0.000014,7.999980,-0.222624,1,4.120730,1.237745,1.143133,1.028973,1.028973,0.656915,0.017408,0.597907,0.597907,0.041600,0.597907,0.199535,0.098212,inf,nan,0.000000,0.098212,0.098212,0.098212,-0.037748,-0.062810,0.098212,-0.037748,-0.062810,-0.000000,0.000000,0.799999,10,2
1780631155.309288,nmpc_dc,0.000000,-49.840000,0.000003,1.599997,1.570800,0.000000,-48.240000,0.000000,45.000000,-0.000006,7.751391,-0.221388,1,4.654496,1.137640,1.043802,0.931735,0.931735,0.667782,0.019712,0.573670,0.573670,0.074400,0.573670,0.206311,0.104607,inf,nan,0.000000,0.104607,0.104607,0.104607,-0.035616,-0.068308,0.104607,-0.035616,-0.068308,-0.000000,0.000000,1.599997,10,2
1780631155.462818,nmpc_dc,0.000000,-49.641244,0.000002,2.375136,1.570799,0.000000,-48.041244,0.000000,45.000000,0.074554,4.265313,-0.219680,1,3.134466,1.041344,0.968387,0.857333,0.857333,0.620000,0.023410,0.487357,0.487357,0.109233,0.487358,0.092648,-0.018023,inf,nan,0.000000,-0.018023,-0.018023,-0.018023,-0.046387,-0.059304,-0.018023,-0.046387,-0.059303,-0.000000,0.000001,2.375136,10,0
1780631155.709595,nmpc_dc,0.000373,-49.382403,0.007457,2.801668,1.574109,-0.256995,-47.803239,0.000000,45.000000,-0.546574,1.811706,-0.218204,1,7.293134,0.717623,0.633679,0.527798,0.527798,0.620000,0.026059,0.461323,0.461323,0.129682,0.464259,0.079965,-0.020102,inf,nan,0.000000,-0.020102,-0.020102,-0.020102,-0.069019,-0.101749,-0.019067,-0.069019,-0.101748,-0.000000,0.001035,2.801678,10,4
1780631155.735188,nmpc_dc,0.000373,-49.382403,0.007457,2.801668,1.574109,-0.256995,-47.803239,0.000000,45.000000,-0.599079,1.615846,-0.216437,1,7.519361,0.717623,0.633679,0.527798,0.527798,0.620000,0.026059,0.461323,0.461323,0.129682,0.464259,0.080187,-0.020045,inf,nan,0.000000,-0.020045,-0.020045,-0.020045,-0.068883,-0.100347,-0.019033,-0.068883,-0.100346,-0.000000,0.001012,2.801678,10,4
1780631155.763155,nmpc_dc,-0.001614,-49.093178,-0.047200,2.982838,1.653803,-0.302964,-47.521181,0.000000,45.000000,1.285345,1.285491,-0.223287,1,8.262394,0.490541,0.420379,0.316787,0.316787,0.620000,0.027332,0.316554,0.316554,0.138661,0.454006,0.080033,-0.020667,inf,nan,0.000000,-0.020667,-0.020667,-0.020667,-0.071551,-0.085688,-0.018920,-0.071551,-0.085688,-0.000000,0.001747,2.983212,10,4
1780631155.811105,nmpc_dc,0.000093,-48.788467,0.081335,3.111387,1.728483,-0.351296,-47.224625,0.000000,45.000000,0.272938,0.993257,-0.231682,1,8.254600,0.383376,0.375166,0.264479,0.264479,0.620000,0.028324,0.264430,0.264430,0.145154,0.446522,0.081677,-0.019690,inf,nan,0.000000,-0.019690,-0.019690,-0.019690,-0.093704,-0.087590,-0.018170,-0.093704,-0.087590,-0.000000,0.001887,3.112450,10,4
1780631155.915909,nmpc_dc,0.009591,-48.472362,0.108628,3.210713,1.767709,-0.401235,-46.918207,0.000000,45.000000,7.302960,-2.521177,-0.236593,1,5.784982,0.367255,0.394567,0.273344,0.273344,0.620000,0.029182,0.273262,0.273262,0.150240,0.440578,0.081308,-0.022672,inf,nan,0.000000,-0.022672,-0.022672,-0.022672,-0.099643,-0.063516,-0.015648,-0.095393,-0.059266,-0.000000,0.008499,3.212550,10,4
1780631156.021988,nmpc_dc,0.056969,-48.163896,0.838924,2.958595,1.609688,-0.448981,-46.625245,0.000000,45.000000,-7.680476,0.381947,-0.219073,1,4.916671,0.994051,1.047764,0.936517,0.936517,1.561456,0.028401,0.936517,0.936517,0.143276,1.389779,0.971657,0.865448,inf,nan,0.000000,0.865448,0.865448,0.865448,0.284996,0.145218,0.865448,0.284996,0.145218,-0.000000,0.000000,3.075237,10,4
1780631156.113183,nmpc_dc,0.102459,-47.866127,0.070877,2.996790,1.672654,-0.495078,-46.342402,0.000000,45.000000,1.709605,1.082664,-0.220163,1,6.108915,0.395412,0.306297,0.200180,0.200180,0.681908,0.028195,0.200180,0.200180,0.139381,0.514332,0.085497,-0.015922,inf,nan,0.000000,-0.015922,-0.015922,-0.015922,-0.129705,0.022590,-0.013967,-0.129705,0.023568,-0.000000,0.002205,2.997628,10,4
1780631156.232903,nmpc_dc,0.118095,-47.561035,0.241837,3.105056,1.834213,-0.543110,-46.047686,0.000000,45.000000,2.738351,0.994671,-0.236627,1,9.625355,0.365454,0.303800,0.198532,0.198532,0.630735,0.029368,0.198529,0.198529,0.145256,0.456112,0.092034,-0.008051,inf,nan,0.000000,-0.008051,-0.008051,-0.008051,-0.081695,0.000393,-0.006842,-0.081695,0.001498,-0.000000,0.001408,3.114460,10,4
1780631156.310782,nmpc_dc,0.155970,-47.245556,0.515672,3.204523,1.916159,-0.592216,-45.746383,0.000000,45.000000,0.064804,-2.270004,-0.248146,1,9.152871,0.363777,0.267686,0.152010,0.152010,0.702718,0.030889,0.152010,0.152010,0.151938,0.519890,0.057211,-0.059848,inf,nan,0.000000,-0.059848,-0.059848,-0.059848,-0.098662,-0.009816,-0.009385,-0.098661,0.009029,-0.000000,0.059385,3.245749,10,4
1780631156.420249,nmpc_dc,0.207861,-46.936453,0.522153,2.977523,1.999219,-0.639946,-45.453517,0.000000,45.000000,-5.656859,-5.656849,-0.258456,1,11.160834,0.364861,0.309679,0.202659,0.202659,0.765997,0.029932,0.202659,0.202659,0.140649,0.595416,0.067232,-0.048793,inf,nan,0.000000,-0.048793,-0.048793,-0.048793,-0.075971,-0.062950,-0.012604,-0.060099,-0.062950,-0.000000,0.036189,3.022960,10,4
1780631156.517277,nmpc_dc,0.231792,-46.666985,-0.043533,2.411838,2.168220,-0.682108,-45.194820,0.000000,45.000000,-7.765538,1.922608,-0.277781,1,4.287130,0.364585,0.325698,0.219896,0.219896,1.037890,0.026499,0.219896,0.219896,0.110975,0.900416,0.317868,0.204482,inf,nan,0.000000,0.204482,0.204482,0.204482,0.052324,0.054739,0.204482,0.052325,0.054739,-0.000000,0.000000,2.412231,8,4
1780631156.634936,nmpc_dc,0.188611,-46.416189,-0.820087,2.604099,1.896990,-0.723042,-44.943657,0.000000,45.000000,-5.656854,-5.656854,-0.251318,1,16.868652,0.349309,0.240102,0.130547,0.130547,0.802201,0.028441,0.130547,0.130547,0.126191,0.647568,-0.005898,-0.113782,inf,nan,0.000000,-0.113782,-0.113782,-0.113782,-0.157883,-0.088793,-0.007641,-0.148071,-0.088792,-0.000000,0.117283,2.730178,10,4
1780631156.707873,nmpc_dc,0.078318,-46.184063,-1.385772,2.038413,2.151075,-0.762748,-44.700028,0.000000,45.000000,-1.766060,3.743988,-0.270740,1,4.280048,0.372980,0.380797,0.268831,0.268831,1.159754,0.026204,0.268831,0.268831,0.113459,1.020091,0.334660,0.225934,inf,nan,0.000000,0.225934,0.225934,0.225934,0.165304,0.037774,0.225934,0.165304,0.037774,-0.000000,0.000001,2.464852,10,4
1780631156.811418,nmpc_dc,-0.069089,-45.961502,-1.562378,2.412812,2.133883,-0.801896,-44.459823,0.000000,45.000000,0.275158,2.947146,-0.271988,1,5.025404,0.349412,0.361337,0.248428,0.248428,0.650877,0.028064,0.248422,0.248422,0.133264,0.489550,0.174694,0.071333,inf,nan,0.000000,0.071333,0.071333,0.071333,-0.075810,-0.157990,0.071334,-0.075809,-0.157990,-0.000000,0.000000,2.874489,9,4
1780631156.904701,nmpc_dc,-0.223951,-45.705485,-1.534863,2.707527,2.115060,-0.846548,-44.185844,0.000000,45.000000,1.288390,1.738893,-0.268532,1,10.202487,0.418599,0.435323,0.325171,0.325171,1.289725,0.029154,0.325171,0.325171,0.145147,1.115423,0.382440,0.276039,inf,nan,0.000000,0.276039,0.276039,0.276039,0.231486,0.113680,0.276039,0.231487,0.113681,-0.000000,0.000000,3.112315,2,4
1780631157.013384,nmpc_dc,-0.370996,-45.426038,-1.406024,2.881416,2.048654,-0.894718,-43.890282,0.000000,45.000000,1.673469,1.019543,-0.258713,1,13.237071,inf,inf,inf,inf,inf,0.029449,inf,inf,0.149914,inf,inf,inf,inf,nan,0.000000,inf,inf,inf,inf,inf,inf,inf,inf,-0.000000,0.000000,3.206160,0,4
1780631157.102567,nmpc_dc,-0.503231,-45.132798,-1.238677,2.983370,1.972328,-0.944695,-43.583637,0.000000,45.000000,1.692252,0.632203,-0.246287,1,6.615398,0.337867,0.300305,0.189273,0.189273,0.631804,0.029388,0.189270,0.189270,0.151147,0.451269,0.140915,0.040545,inf,nan,0.000000,0.040545,0.040545,0.040545,-0.092499,-0.047642,0.040545,-0.092498,-0.047641,-0.000000,0.000000,3.230297,10,4
1780631157.233201,nmpc_dc,-0.618637,-44.831300,-1.069452,3.046591,1.904965,-0.995547,-43.271618,0.000000,45.000000,-5.656854,-5.656854,-0.234265,1,15.788073,0.375663,0.277181,0.163261,0.163261,0.740630,0.029246,0.163261,0.163261,0.151073,0.560311,0.027041,-0.070987,inf,nan,0.000000,-0.070987,-0.070987,-0.070987,-0.172186,0.043039,-0.018251,-0.169411,0.043040,-0.000000,0.053038,3.228845,10,4
1780631157.307906,nmpc_dc,-0.753866,-44.554925,-1.635137,2.480905,2.036151,-1.042923,-42.980925,0.000000,45.000000,4.257656,2.581110,-0.244026,1,4.428437,0.513974,0.586187,0.478046,0.478046,1.379833,0.027241,0.478046,0.478046,0.138067,1.214526,0.506659,0.403215,inf,nan,0.000000,0.403215,0.403215,0.403215,0.210540,0.129980,0.403215,0.210540,0.129980,-0.000000,0.000000,2.971290,10,4
1780631157.408251,nmpc_dc,-0.896092,-44.293929,-1.209371,2.739016,1.927173,-1.088039,-42.704102,0.000000,45.000000,3.979284,2.196703,-0.233053,1,8.884525,0.366316,0.412243,0.305573,0.305573,1.072384,0.027426,0.305573,0.305573,0.139206,0.905751,0.328047,0.224022,inf,nan,0.000000,0.224022,0.224022,0.224022,0.085696,0.087456,0.224022,0.085696,0.087456,-0.000000,0.000000,2.994126,1,4
1780631157.504546,nmpc_dc,-0.997132,-44.009044,-0.811443,2.958687,1.844557,-1.135882,-42.410547,0.000000,45.000000,2.665770,1.269870,-0.219818,1,4.564070,0.367914,0.407963,0.301524,0.301524,0.991823,0.028029,0.301524,0.301524,0.142909,0.820886,0.327914,0.224667,inf,nan,0.000000,0.224667,0.224667,0.224667,0.135856,0.056278,0.224668,0.135857,0.056279,-0.000000,0.000000,3.067942,5,4
1780631157.618051,nmpc_dc,-1.064948,-43.706826,-0.544866,3.085674,1.763401,-1.185617,-42.105382,0.000000,45.000000,-2.222757,0.928819,-0.206262,1,4.066779,0.426264,0.419495,0.301857,0.301857,0.725773,0.028547,0.301852,0.301852,0.146215,0.551012,0.079847,-0.020016,inf,nan,0.000000,-0.020016,-0.020016,-0.020016,-0.105785,-0.061737,-0.018723,-0.105784,-0.061736,-0.000000,0.001294,3.133410,10,4
1780631157.708083,nmpc_dc,-1.130548,-43.393615,-0.767142,3.178556,1.673799,-1.237040,-41.789860,0.000000,45.000000,-1.131769,0.242515,-0.191793,1,3.662426,0.384283,0.295032,0.188691,0.188691,0.782845,0.029622,0.188691,0.188691,0.153173,0.600050,0.078126,-0.021109,inf,nan,0.000000,-0.021109,-0.021109,-0.021109,-0.145797,-0.006147,-0.019215,-0.145796,-0.006146,-0.000000,0.001894,3.269820,10,4
1780631157.820992,nmpc_dc,-1.212921,-43.074546,-0.880318,3.202807,1.649796,-1.289826,-41.465970,0.000000,45.000000,3.137452,0.128840,-0.184333,1,4.376906,0.346987,0.322018,0.214371,0.214371,0.874947,0.030097,0.214371,0.214371,0.155838,0.689012,0.239774,0.135132,inf,nan,0.000000,0.135132,0.135132,0.135132,-0.008129,0.011804,0.135133,-0.008129,0.011804,-0.000000,0.000001,3.321586,10,4
1780631157.906617,nmpc_dc,-1.285266,-42.753622,-0.566573,3.215691,1.630687,-1.342649,-41.141864,0.000000,45.000000,2.240148,0.091427,-0.179204,1,5.156919,0.343907,0.355508,0.244424,0.244424,1.017488,0.029701,0.244424,0.244424,0.152937,0.834850,0.312877,0.202061,inf,nan,0.000000,0.202061,0.202061,0.202061,0.209214,-0.013315,0.202061,0.209215,-0.013314,-0.000000,0.000000,3.265222,10,4
1780631158.022754,nmpc_dc,-1.330722,-42.431595,-0.342558,3.224834,1.617035,-1.394950,-40.820953,0.000000,45.000000,1.117218,0.038090,-0.175287,1,3.740045,0.410134,0.370740,0.265314,0.265314,1.125291,0.029509,0.265314,0.265314,0.151796,0.943985,0.369708,0.267010,inf,nan,0.000000,0.267010,0.267010,0.267010,0.240434,-0.016657,0.267011,0.240435,-0.016656,-0.000000,0.000000,3.242977,10,4
1780631158.115220,nmpc_dc,-1.359392,-42.108921,-0.230837,3.228643,1.613413,-1.446919,-40.502076,0.000000,45.000000,0.329193,-0.016658,-0.172789,1,3.529276,0.440729,0.436467,0.331771,0.331771,1.260272,0.029405,0.331771,0.331771,0.151484,1.079382,0.488067,0.374348,inf,nan,0.000000,0.374348,0.374348,0.374348,0.295346,0.029510,0.374349,0.295347,0.029510,-0.000000,0.000000,3.236884,10,4
1780631158.213561,nmpc_dc,-1.380830,-41.786141,-0.197917,3.226977,1.619792,-1.498719,-40.184244,0.000000,45.000000,-0.146700,-0.057464,-0.171752,1,3.483750,0.702928,0.686160,0.575675,0.575675,0.907085,0.029313,0.575529,0.575529,0.151288,0.726484,0.651849,0.545475,inf,nan,0.000000,0.545475,0.545475,0.545475,0.113221,-0.112946,0.545475,0.113222,-0.112946,-0.000000,0.000000,3.233041,10,4
1780631158.305190,nmpc_dc,-1.401355,-41.463730,-0.212587,3.221231,1.633323,-1.550436,-39.866917,0.000000,45.000000,-0.395246,-0.080306,-0.171866,1,3.558319,0.818620,0.801278,0.689227,0.689227,0.911321,0.029224,0.683282,0.683282,0.151042,0.731055,0.569017,0.465309,inf,nan,0.000000,0.465309,0.465309,0.465309,0.056814,0.044302,0.465309,0.056815,0.044302,-0.000000,0.000000,3.228238,10,4
1780631158.412035,nmpc_dc,-1.424590,-41.142009,-0.252112,3.213200,1.650337,-1.602114,-39.549831,0.000000,45.000000,-0.491877,-0.087672,-0.172645,1,3.622400,0.586507,0.612433,0.499016,0.499016,0.777749,0.029148,0.498130,0.498130,0.150778,0.597823,0.475045,0.369367,inf,nan,0.000000,0.369367,0.369367,0.369367,0.061733,-0.014012,0.369367,0.061734,-0.014012,-0.000000,0.000000,3.223075,10,4
1780631158.506026,nmpc_dc,-1.452261,-40.821127,-0.301300,3.204433,1.667866,-1.653773,-39.232859,0.000000,45.000000,-0.494483,-0.084131,-0.173643,1,3.588910,0.496382,0.564124,0.452212,0.452212,0.843108,0.029092,0.452195,0.452195,0.150548,0.663468,0.470707,0.367418,inf,nan,0.000000,0.367418,0.367418,0.367418,0.093877,-0.006073,0.367419,0.093877,-0.006072,-0.000000,0.000000,3.218567,10,4
1780631158.612740,nmpc_dc,-1.484863,-40.501104,-0.350748,3.196020,1.684033,-1.705424,-38.915941,0.000000,45.000000,-0.444842,-0.074168,-0.174540,1,3.751089,0.549128,0.575072,0.463514,0.463514,0.961927,0.029054,0.463514,0.463514,0.150376,0.782497,0.495335,0.386646,inf,nan,0.000000,0.386646,0.386646,0.386646,0.101460,0.002382,0.386646,0.101461,0.002382,-0.000000,0.000000,3.215209,10,4
1780631158.708962,nmpc_dc,-1.522162,-40.181873,-0.395232,3.188603,1.697873,-1.757070,-38.599048,0.000000,45.000000,-0.371431,-0.061321,-0.175153,1,4.491641,0.552133,0.582021,0.471995,0.471995,1.097224,0.029031,0.471995,0.471995,0.150264,0.917929,0.494687,0.386389,inf,nan,0.000000,0.386389,0.386389,0.386389,0.100501,0.089422,0.386389,0.100502,0.089422,-0.000000,0.000000,3.213004,10,4
1780631158.843829,nmpc_dc,-1.563542,-39.863320,-0.432375,3.182471,1.709052,-1.808715,-38.282167,0.000000,45.000000,1.018973,-0.096519,-0.175394,1,13.523651,0.528223,0.573101,0.457877,0.457877,0.620000,0.029019,0.428266,0.428266,0.150197,0.440783,0.080072,-0.019377,inf,nan,0.000000,-0.019377,-0.019377,-0.019377,-0.082407,-0.252683,-0.019210,-0.082407,-0.252683,-0.000000,0.000166,3.211708,10,4
1780631158.914915,nmpc_dc,-1.601685,-39.545555,-0.330478,3.172819,1.715115,-1.860150,-37.966569,0.000000,45.000000,2.205923,0.659288,-0.174991,1,6.603730,0.586140,0.599007,0.485779,0.485779,0.620000,0.028851,0.436460,0.436460,0.149089,0.442059,0.088085,-0.018517,inf,nan,0.000000,-0.018517,-0.018517,-0.018517,-0.120465,-0.290212,-0.017693,-0.120465,-0.290212,-0.000000,0.000824,3.189983,10,4
1780631159.029320,nmpc_dc,-1.623703,-39.224977,-0.109886,3.238748,1.732023,-1.911615,-37.650790,0.000000,45.000000,3.266464,-0.766326,-0.175617,1,5.462328,0.698804,0.596328,0.481431,0.481431,0.620000,0.029248,0.433230,0.433230,0.151675,0.439077,0.079150,-0.021151,inf,nan,0.000000,-0.021151,-0.021151,-0.021151,-0.126882,-0.040944,-0.018495,-0.126882,-0.040944,-0.000000,0.002656,3.240611,10,4
1780631159.102174,nmpc_dc,-1.618360,-38.904934,0.216761,3.162115,1.704430,-1.962287,-37.339876,0.000000,45.000000,-0.275323,0.290996,-0.171645,1,3.093577,0.373974,0.295741,0.192088,0.192088,0.786747,0.028745,0.192088,0.192088,0.148049,0.609953,0.086531,-0.014205,inf,nan,0.000000,-0.014205,-0.014205,-0.014205,-0.110126,0.037532,-0.012166,-0.110125,0.038552,-0.000000,0.002039,3.169536,10,4
1780631159.211943,nmpc_dc,-1.598060,-38.587267,0.189228,3.191215,1.749140,-2.012194,-37.033652,0.000000,45.000000,-4.549422,-0.305587,-0.174420,1,4.437969,0.371845,0.366292,0.255019,0.255019,0.973563,0.029068,0.255019,0.255019,0.149438,0.795057,0.300675,0.195700,inf,nan,0.000000,0.195700,0.195700,0.195700,0.034867,0.078797,0.195700,0.034868,0.078798,-0.000000,0.000001,3.196820,10,4
1780631159.308490,nmpc_dc,-1.601884,-38.269674,-0.265714,3.160656,1.766825,-2.062715,-36.723669,0.000000,45.000000,-3.267617,-0.282612,-0.175920,1,8.982463,0.367425,0.426921,0.314428,0.314428,0.620000,0.028989,0.314111,0.314111,0.148164,0.442847,0.106317,0.003190,inf,nan,0.000000,0.003190,0.003190,0.003190,-0.050681,-0.219309,0.003191,-0.050680,-0.219308,-0.000000,0.000001,3.171805,10,4
1780631159.423264,nmpc_dc,-1.644794,-37.955021,-0.592475,3.132395,1.802336,-2.113779,-36.410345,0.000000,45.000000,-1.751118,-0.149064,-0.179029,1,9.544253,0.399191,0.424832,0.317420,0.317420,0.620000,0.029134,0.317056,0.317056,0.148985,0.441881,0.094416,-0.010106,inf,nan,0.000000,-0.010106,-0.010106,-0.010106,-0.053093,-0.225926,-0.010106,-0.053093,-0.225926,-0.000000,0.000000,3.187934,10,4
1780631159.520203,nmpc_dc,-1.712797,-37.642527,-0.767587,3.117488,1.831578,-2.165151,-36.095140,0.000000,45.000000,-0.753638,-0.066918,-0.181849,1,6.489605,0.347355,0.295142,0.191151,0.191151,0.620000,0.029263,0.191146,0.191146,0.150141,0.440596,0.128122,0.019488,inf,nan,0.000000,0.019488,0.019488,0.019488,-0.034290,-0.087337,0.019489,-0.034289,-0.087335,-0.000000,0.000001,3.210596,10,4
1780631159.618553,nmpc_dc,-1.793324,-37.331113,-0.842951,3.110797,1.843500,-2.216674,-35.778999,0.000000,45.000000,-0.085691,0.011070,-0.182687,1,3.322802,0.392311,0.375038,0.260642,0.260642,0.681106,0.029289,0.260635,0.260635,0.150773,0.501044,0.146772,0.045484,inf,nan,0.000000,0.045484,0.045484,0.045484,-0.034213,-0.002138,0.045485,-0.034213,-0.002138,-0.000000,0.000000,3.222983,10,4
1780631159.706758,nmpc_dc,-1.878047,-37.019978,-0.851520,3.111904,1.839939,-2.268262,-35.462464,0.000000,45.000000,0.297767,0.060126,-0.181338,1,3.609217,0.370923,0.335728,0.229494,0.229494,0.816578,0.029249,0.229494,0.229494,0.150943,0.636386,0.146480,0.042467,inf,nan,0.000000,0.042467,0.042467,0.042467,-0.062076,0.029809,0.042467,-0.062075,0.029810,-0.000000,0.000000,3.226303,10,4
1780631159.816341,nmpc_dc,-1.961711,-36.708487,-0.821743,3.117916,1.826873,-2.319880,-35.145750,0.000000,45.000000,0.479854,0.083632,-0.178416,1,5.598292,0.337116,0.298782,0.189980,0.189980,0.620000,0.029184,0.189976,0.189976,0.150845,0.439971,0.149149,0.048651,inf,nan,0.000000,0.048651,0.048651,0.048651,-0.078493,-0.156460,0.048651,-0.078493,-0.156459,-0.000000,0.000000,3.224386,10,4
1780631159.906745,nmpc_dc,-2.041486,-36.396277,-0.773758,3.126279,1.809783,-2.371510,-34.828953,0.000000,45.000000,0.531228,0.089131,-0.174680,1,4.333675,0.338314,0.317435,0.195238,0.195238,0.620000,0.029122,0.195233,0.195233,0.150652,0.440226,0.171951,0.071090,inf,nan,0.000000,0.071090,0.071090,0.071090,-0.060103,-0.029596,0.071090,-0.060103,-0.029595,-0.000000,0.000000,3.220609,10,4
1780631160.017858,nmpc_dc,-2.116205,-36.083203,-0.720635,3.135192,1.792318,-2.423147,-34.512118,0.000000,45.000000,0.504864,0.083483,-0.170725,1,4.542205,0.332680,0.301249,0.194506,0.194506,0.620000,0.029075,0.194501,0.194501,0.150465,0.440460,0.175929,0.062908,inf,nan,0.000000,0.062908,0.062908,0.062908,-0.062069,-0.098248,0.062908,-0.062069,-0.098248,-0.000000,0.000000,3.216947,10,4
1780631160.117018,nmpc_dc,-2.185744,-35.769267,-0.670149,3.143541,1.776484,-2.474787,-34.195264,0.000000,45.000000,3.081024,-7.382905,-0.166918,1,13.812548,0.368388,0.345644,0.219974,0.219974,0.620000,0.029044,0.219961,0.219961,0.150324,0.440633,-0.019512,-0.140894,inf,nan,0.000000,-0.140894,-0.140894,-0.140894,-0.119415,-0.063763,-0.012131,-0.062846,-0.052500,-0.000000,0.134952,3.214179,10,4
1780631160.222509,nmpc_dc,-2.237354,-35.491827,-0.362046,2.405250,1.635871,-2.520169,-33.916810,0.000000,45.000000,-0.679928,2.796018,-0.149582,1,9.164019,0.340262,0.344850,0.222741,0.222741,1.068507,0.023744,0.222741,0.222741,0.111923,0.932841,0.254964,0.148745,inf,nan,0.000000,0.148745,0.148745,0.148745,0.011538,0.089895,0.148745,0.011538,0.089895,-0.000000,0.000000,2.432346,10,4
1780631160.319091,nmpc_dc,-2.276959,-35.237322,-0.430039,2.684852,1.688271,-2.561599,-33.662602,0.000000,45.000000,7.461807,2.884689,-0.149995,1,14.054817,0.333812,0.238200,0.123058,0.123058,0.753975,0.025517,0.123058,0.123058,0.125651,0.602807,-0.026768,-0.139419,inf,nan,0.000000,-0.139419,-0.139419,-0.139419,-0.170859,-0.107726,-0.015003,-0.151512,-0.107726,-0.000000,0.129961,2.719074,10,4
1780631160.416772,nmpc_dc,-2.282653,-34.954413,0.316142,2.973321,1.807732,-2.606661,-33.386109,0.000000,45.000000,-3.727385,0.987799,-0.162145,1,13.656729,0.350710,0.349425,0.237092,0.237092,1.025918,0.027398,0.237092,0.237092,0.139004,0.859515,0.158712,0.048436,inf,nan,0.000000,0.048436,0.048436,0.048436,-0.097406,0.086250,0.048437,-0.097405,0.086250,-0.000000,0.000000,2.990081,3,4
1780631160.501523,nmpc_dc,-2.269676,-34.652142,-0.056597,3.072101,1.733195,-2.654314,-33.093720,0.000000,45.000000,-3.455466,0.318440,-0.156029,1,9.336646,inf,inf,inf,inf,inf,0.028077,inf,inf,0.143144,inf,inf,inf,inf,nan,0.000000,inf,inf,inf,inf,inf,inf,inf,inf,-0.000000,0.000000,3.072622,0,4
1780631160.616490,nmpc_dc,-2.292613,-34.343340,-0.402144,3.103945,1.745394,-2.703933,-32.789266,0.000000,45.000000,-2.138828,0.087921,-0.154829,1,9.653380,0.383493,0.421905,0.315867,0.315867,0.620000,0.028554,0.315562,0.315562,0.146037,0.445410,0.137646,0.025005,inf,nan,0.000000,0.025005,0.025005,0.025005,-0.092642,-0.206555,0.025005,-0.092641,-0.206555,-0.000000,0.000000,3.129887,10,4
1780631160.717921,nmpc_dc,-2.343522,-34.032506,-0.616026,3.112737,1.780246,-2.754599,-32.478392,0.000000,45.000000,-5.656854,-5.656854,-0.157332,1,13.841308,0.366278,0.270547,0.148806,0.148806,0.620000,0.028880,0.148805,0.148805,0.148230,0.442890,0.034090,-0.064916,inf,nan,0.000000,-0.064916,-0.064916,-0.064916,-0.159271,-0.045639,-0.016812,-0.159271,-0.025399,-0.000000,0.048104,3.173109,10,4
1780631160.826554,nmpc_dc,-2.433409,-33.749516,-1.181712,2.547051,2.004425,-2.801852,-32.188454,0.000000,45.000000,1.537813,2.172248,-0.181357,1,4.959993,0.480299,0.387957,0.279004,0.279004,1.512348,0.026183,0.279004,0.279004,0.129984,1.356181,0.451304,0.337451,inf,nan,0.000000,0.337451,0.337451,0.337451,0.371913,0.143378,0.337453,0.371914,0.143378,-0.000000,0.000001,2.807831,10,4
1780631160.906222,nmpc_dc,-2.543891,-33.483950,-1.027930,2.764276,1.926944,-2.846872,-31.912219,0.000000,45.000000,1.980070,1.892597,-0.177769,1,13.790561,inf,inf,inf,inf,inf,0.027091,inf,inf,0.136967,inf,inf,inf,inf,nan,0.000000,inf,inf,inf,inf,inf,inf,inf,inf,-0.000000,0.000000,2.949214,0,4
1780631161.022308,nmpc_dc,-2.636783,-33.198059,-0.829923,2.953536,1.866702,-2.894664,-31.618978,0.000000,45.000000,5.656854,-5.656854,-0.169170,1,23.094285,0.357161,0.300408,0.188469,0.188469,0.689126,0.027935,0.188469,0.188469,0.142908,0.518283,0.028418,-0.070245,inf,nan,0.000000,-0.070245,-0.070245,-0.070245,-0.121631,0.010420,-0.012602,-0.121631,0.014082,-0.000000,0.057643,3.067922,10,4
1780631161.103526,nmpc_dc,-2.691491,-32.930990,-0.264238,2.387851,1.545366,-2.938480,-31.350134,0.000000,45.000000,-0.601002,3.055246,-0.130948,1,10.907078,0.331612,0.391172,0.279203,0.279203,1.267882,0.023567,0.279203,0.279203,0.110514,1.133802,0.291612,0.188631,inf,nan,0.000000,0.188631,0.188631,0.188631,0.152058,0.114566,0.188631,0.152058,0.114567,-0.000000,0.000000,2.402426,4,4
1780631161.220879,nmpc_dc,-2.720920,-32.676929,-0.324338,2.693375,1.632571,-2.979576,-31.097974,0.000000,45.000000,-0.909387,2.338183,-0.130048,1,9.594822,0.345270,0.359481,0.237164,0.237164,0.682793,0.025471,0.237163,0.237163,0.125348,0.531974,0.124392,0.022865,inf,nan,0.000000,0.022865,0.022865,0.022865,-0.058666,-0.042209,0.022865,-0.058666,-0.042209,-0.000000,0.000000,2.712833,10,4
1780631161.307542,nmpc_dc,-2.757901,-32.395900,-0.415277,2.927193,1.672037,-3.025149,-30.818346,0.000000,45.000000,-0.605447,1.233797,-0.133285,1,7.058090,0.375159,0.329665,0.219126,0.219126,0.714856,0.027130,0.219126,0.219126,0.137330,0.550397,0.168197,0.060634,inf,nan,0.000000,0.060634,0.060634,0.060634,-0.085806,0.012359,0.060635,-0.085805,0.012360,-0.000000,0.000000,2.956504,10,4
1780631161.432047,nmpc_dc,-2.802456,-32.097012,-0.475821,3.050573,1.702817,-3.073753,-30.520117,0.000000,45.000000,-0.349891,0.597068,-0.136592,1,16.875161,0.342598,0.255522,0.140972,0.140972,0.803948,0.028080,0.140972,0.140972,0.143892,0.631976,0.222230,0.120721,inf,nan,0.000000,0.120721,0.120721,0.120721,-0.002687,0.018654,0.120722,-0.002687,0.018655,-0.000000,0.000000,3.087459,10,4
1780631161.505658,nmpc_dc,-2.851788,-31.788969,-0.510811,3.110280,1.722208,-3.123935,-30.212213,0.000000,45.000000,-0.182907,0.282848,-0.138655,1,4.063306,0.346567,0.264710,0.150741,0.150741,0.933143,0.028563,0.150741,0.150741,0.147155,0.757425,0.224191,0.119633,inf,nan,0.000000,0.119633,0.119633,0.119633,-0.009759,0.073132,0.119633,-0.009759,0.073132,-0.000000,0.000000,3.151947,10,4
1780631161.623482,nmpc_dc,-2.903783,-31.476527,-0.529101,3.138565,1.732502,-3.174884,-29.899600,0.000000,45.000000,-0.079822,0.135146,-0.139404,1,3.094498,0.363215,0.345655,0.236306,0.236306,1.075356,0.028798,0.236306,0.236306,0.148726,0.897832,0.324549,0.220332,inf,nan,0.000000,0.220332,0.220332,0.220332,0.133450,0.075143,0.220332,0.133450,0.075143,-0.000000,0.000000,3.182850,10,4
1780631161.710847,nmpc_dc,-2.957092,-31.161995,-0.537084,3.152079,1.737117,-3.226198,-29.584743,0.000000,45.000000,-0.018863,0.066926,-0.139200,1,3.527331,0.445233,0.429582,0.325014,0.325014,1.229632,0.028910,0.325014,0.325014,0.149473,1.051250,0.422520,0.305948,inf,nan,0.000000,0.305948,0.305948,0.305948,0.195606,0.108123,0.305949,0.195606,0.108124,-0.000000,0.000000,3.197509,10,4
1780631161.817523,nmpc_dc,-3.010895,-30.846452,-0.538970,3.158772,1.738580,-3.277686,-29.268823,0.000000,45.000000,0.014705,0.035429,-0.138416,1,3.762906,0.509767,0.540838,0.430852,0.430852,0.725740,0.028963,0.430365,0.430365,0.149826,0.546951,0.392616,0.288881,inf,nan,0.000000,0.288881,0.288881,0.288881,0.017664,-0.208395,0.288881,0.017664,-0.208394,-0.000000,0.000000,3.204423,10,4
1780631161.909429,nmpc_dc,-3.064718,-30.530398,-0.537499,3.162315,1.738444,-3.329256,-28.952402,0.000000,45.000000,0.030777,0.020604,-0.137318,1,3.262578,0.696592,0.684011,0.579935,0.579935,0.731622,0.028987,0.543343,0.543343,0.149991,0.552644,0.400904,0.292841,inf,nan,0.000000,0.292841,0.292841,0.292841,-0.004454,-0.222561,0.292842,-0.004453,-0.222560,-0.000000,0.000000,3.207669,10,4
1780631162.015386,nmpc_dc,-3.118315,-30.214064,-0.534422,3.164375,1.737596,-3.380864,-28.635743,0.000000,45.000000,0.036032,0.013231,-0.136071,1,3.804024,0.819623,0.747926,0.643242,0.643242,0.802768,0.028999,0.612028,0.612028,0.150069,0.623700,0.387040,0.283119,inf,nan,0.000000,0.283119,0.283119,0.283119,-0.017607,0.010589,0.283119,-0.017607,0.010589,-0.000000,0.000000,3.209186,10,4
1780631162.122835,nmpc_dc,-3.171577,-29.897560,-0.530818,3.165698,1.736520,-3.383710,-28.315024,0.000000,45.000000,0.469495,0.044355,-0.134770,1,4.836357,0.611373,0.574111,0.468425,0.468425,0.904376,0.028935,0.468421,0.468421,0.150105,0.725336,0.387838,0.284229,inf,nan,0.000000,0.284229,0.284229,0.284229,-0.008742,0.067194,0.284229,-0.008741,0.067194,-0.000000,0.000000,3.209893,10,4
1780631162.223126,nmpc_dc,-3.222311,-29.580768,-0.483869,3.170134,1.718537,-3.383711,-27.994197,0.000000,45.000000,0.745625,0.062954,-0.131623,1,4.500845,0.460830,0.483368,0.374653,0.374653,0.886374,0.028872,0.374652,0.374652,0.149949,0.707553,0.388385,0.284125,inf,nan,0.000000,0.284125,0.284125,0.284125,0.061907,-0.033552,0.284126,0.061908,-0.033551,-0.000000,0.000000,3.206849,10,4
1780631162.312906,nmpc_dc,-3.266970,-29.263440,-0.409307,3.176429,1.692819,-3.383712,-27.673817,0.000000,45.000000,0.833214,0.063588,-0.127192,1,3.440108,0.427235,0.481772,0.365480,0.365480,0.894575,0.028822,0.365480,0.365480,0.149737,0.716016,0.387235,0.282461,inf,nan,0.000000,0.282461,0.282461,0.282461,0.123759,-0.116647,0.282461,0.123759,-0.116647,-0.000000,0.000000,3.202692,10,4
1780631162.425829,nmpc_dc,-3.303734,-28.945479,-0.325985,3.182788,1.665889,-3.383714,-27.354083,0.000000,45.000000,1.905165,-0.429214,-0.122340,1,6.249272,0.479267,0.500552,0.391238,0.391238,0.620000,0.028787,0.386720,0.386720,0.149571,0.441642,0.084868,-0.018541,inf,nan,0.000000,-0.018541,-0.018541,-0.018541,-0.072850,-0.275272,-0.018540,-0.072850,-0.275272,-0.000000,0.000001,3.199439,10,4
1780631162.519554,nmpc_dc,-3.326807,-28.629347,-0.135469,3.139867,1.630644,-3.383715,-27.038355,0.000000,45.000000,6.762285,-2.184872,-0.116506,1,10.213359,0.629438,0.597853,0.491498,0.491498,0.620000,0.028327,0.439862,0.439862,0.146690,0.444983,0.078709,-0.020618,inf,nan,0.000000,-0.020618,-0.020618,-0.020618,-0.105450,-0.279091,-0.019165,-0.105450,-0.279091,-0.000000,0.001454,3.142788,10,4
1780631162.627379,nmpc_dc,-3.306542,-28.326284,0.540760,2.921380,1.499512,-3.383716,-26.726285,0.000000,45.000000,-7.148548,0.090408,-0.100023,1,10.182165,0.784775,0.679280,0.565808,0.565808,0.662510,0.027271,0.494709,0.494709,0.138052,0.497186,0.080137,-0.019316,inf,nan,0.000000,-0.019316,-0.019316,-0.019316,-0.132388,-0.061471,-0.019124,-0.132388,-0.061471,-0.000000,0.000192,2.971007,10,4
1780631162.750346,nmpc_dc,-3.288209,-28.033694,-0.174095,2.930420,1.562769,-3.383717,-26.433695,0.000000,45.000000,-7.916263,-1.154462,-0.102142,1,25.600589,0.455568,0.345547,0.236489,0.236489,0.734306,0.027040,0.236488,0.236488,0.136290,0.570975,-0.109436,-0.215436,inf,nan,0.000000,-0.215436,-0.215436,-0.215436,-0.238275,-0.089345,-0.008729,-0.186163,0.015706,-0.000000,0.210101,2.935587,10,4
1780631162.816158,nmpc_dc,-3.345200,-27.746424,-0.965721,2.814974,1.646019,-3.383718,-26.146425,0.000000,45.000000,3.751346,1.863815,-0.111089,1,5.257969,0.359456,0.310925,0.191408,0.191408,0.927387,0.027278,0.191408,0.191408,0.138302,0.761807,0.102742,-0.002390,inf,nan,0.000000,-0.002390,-0.002390,-0.002390,-0.125130,0.047165,-0.002390,-0.125129,0.047165,-0.000000,0.000000,2.976020,10,4
1780631162.902883,nmpc_dc,-3.423015,-27.455608,-0.590587,3.001356,1.676173,-3.383720,-25.855608,0.000000,45.000000,3.254091,1.068784,-0.115892,1,7.060124,0.440528,0.459454,0.349561,0.349561,0.898328,0.027878,0.349561,0.349561,0.142454,0.727996,0.369822,0.267077,inf,nan,0.000000,0.267077,0.267077,0.267077,0.058159,0.004746,0.267077,0.058159,0.004746,-0.000000,0.000000,3.058910,2,4
1780631163.000396,nmpc_dc,-3.465804,-27.150129,-0.265177,3.108234,1.634179,-3.383721,-25.550128,0.000000,45.000000,2.153277,0.534484,-0.111777,1,6.049801,0.442392,0.517665,0.403532,0.403532,0.988680,0.028362,0.403532,0.403532,0.145512,0.814806,0.418956,0.315954,inf,nan,0.000000,0.315954,0.315954,0.315954,0.168948,-0.005764,0.315954,0.168949,-0.005764,-0.000000,0.000000,3.119525,3,4
1780631163.101532,nmpc_dc,-3.481555,-26.836633,-0.049850,3.161682,1.582544,-3.383722,-25.236632,0.000000,45.000000,1.254842,0.256989,-0.104409,1,9.148176,inf,inf,inf,inf,inf,0.028701,inf,inf,0.147669,inf,inf,inf,inf,nan,0.000000,inf,inf,inf,inf,inf,inf,inf,inf,-0.000000,0.000000,3.162075,0,4
1780631163.215500,nmpc_dc,-3.480266,-26.519180,0.075634,3.187381,1.546231,-3.383723,-24.919179,0.000000,45.000000,-6.960557,-0.234688,-0.097943,1,7.542305,0.366148,0.297946,0.172343,0.172343,0.806810,0.028899,0.172343,0.172343,0.149003,0.628909,0.075507,-0.024141,inf,nan,0.000000,-0.024141,-0.024141,-0.024141,-0.104345,0.031629,-0.017075,-0.104344,0.035163,-0.000000,0.007066,3.188278,10,4
1780631163.311193,nmpc_dc,-3.507505,-26.201615,-0.620421,3.163912,1.552679,-3.383725,-24.601614,0.000000,45.000000,3.332373,0.189155,-0.096388,1,8.419971,0.440290,0.448903,0.338138,0.338138,1.287144,0.029214,0.338138,0.338138,0.150834,1.107096,0.410246,0.299675,inf,nan,0.000000,0.299675,0.299675,0.299675,0.184041,0.114176,0.299676,0.184042,0.114177,-0.000000,0.000001,3.224169,10,4
1780631163.433305,nmpc_dc,-3.552885,-25.884278,-0.287184,3.182828,1.531261,-3.383726,-24.284277,0.000000,45.000000,6.590888,-2.218918,-0.093070,1,12.900660,0.441016,0.560721,0.440161,0.440161,0.620000,0.029081,0.421036,0.421036,0.149384,0.441535,0.085280,-0.017267,inf,nan,0.000000,-0.017267,-0.017267,-0.017267,-0.108864,-0.177698,-0.017267,-0.108864,-0.177698,-0.000000,0.001015,3.195758,10,4
1780631163.501980,nmpc_dc,-3.548649,-25.577090,0.371905,2.960936,1.413595,-3.383727,-23.977089,0.000000,45.000000,0.314441,0.940752,-0.078823,1,3.238597,0.354282,0.362317,0.248345,0.248345,1.328059,0.027503,0.248345,0.248345,0.138711,1.161845,0.313833,0.211406,inf,nan,0.000000,0.211406,0.211406,0.211406,0.244321,0.118639,0.211407,0.244322,0.118640,-0.000000,0.000001,2.984201,10,4
1780631163.634409,nmpc_dc,-3.509887,-25.276292,0.403349,3.055011,1.445513,-3.383728,-23.676292,0.000000,45.000000,5.768915,-5.542529,-0.078241,1,22.986678,0.353955,0.275391,0.166497,0.166497,0.627575,0.028138,0.166496,0.166496,0.143593,0.455844,0.084232,-0.020433,inf,nan,0.000000,-0.020433,-0.020433,-0.020433,-0.098280,-0.001405,-0.017400,-0.098280,0.002159,-0.000000,0.007128,3.081523,10,4
1780631163.713100,nmpc_dc,-3.440707,-24.998504,0.980240,2.500759,1.245816,-3.383729,-23.398504,0.000000,45.000000,-3.409303,2.733175,-0.055850,1,4.286963,0.615981,0.540638,0.436368,0.436368,1.571809,0.025319,0.436368,0.436368,0.124047,1.422443,0.575978,0.472232,inf,nan,0.000000,0.472232,0.472232,0.472232,0.375702,0.151693,0.472232,0.375702,0.151693,-0.000000,0.000000,2.686013,10,4
1780631163.813735,nmpc_dc,-3.359730,-24.734762,0.639310,2.774076,1.331551,-3.383730,-23.134762,0.000000,45.000000,-3.308382,2.143134,-0.059219,1,12.418853,0.331188,0.379706,0.272935,0.272935,0.872028,0.026369,0.272935,0.272935,0.131898,0.713761,0.291843,0.188527,inf,nan,0.000000,0.188527,0.188527,0.188527,0.137329,-0.032128,0.188528,0.137329,-0.032128,-0.000000,0.000000,2.846790,3,4
1780631163.928098,nmpc_dc,-3.312340,-24.446639,0.308472,2.988389,1.413078,-3.383732,-22.846639,0.000000,45.000000,-2.180663,-1.470910,-0.068559,1,27.509694,0.338726,0.305794,0.199369,0.199369,0.620000,0.027504,0.199365,0.199365,0.139713,0.452783,0.056160,-0.063339,inf,nan,0.000000,-0.063339,-0.063339,-0.063339,-0.069618,-0.104614,-0.013475,-0.064304,-0.104614,-0.000000,0.050664,3.004268,10,4
1780631164.011310,nmpc_dc,-3.292397,-24.155154,0.090406,2.841298,1.557312,-3.383733,-22.555155,0.000000,45.000000,-1.379062,1.528148,-0.086170,1,7.900515,0.379257,0.341318,0.235740,0.235740,0.914489,0.026392,0.235740,0.235740,0.131699,0.756399,0.339379,0.236700,inf,nan,0.000000,0.236700,0.236700,0.236700,0.128253,-0.068645,0.236700,0.128253,-0.068644,-0.000000,0.000000,2.842736,10,4
1780631164.111619,nmpc_dc,-3.290251,-23.863384,-0.047501,2.994113,1.574694,-3.383734,-22.263384,0.000000,45.000000,-6.296055,-0.997367,-0.091905,1,6.565309,0.347525,0.248381,0.133301,0.133301,0.620000,0.027457,0.133301,0.133301,0.139225,0.453318,0.088509,-0.016552,inf,nan,0.000000,-0.016552,-0.016552,-0.016552,-0.056200,-0.005082,-0.013351,-0.056200,-0.005081,-0.000000,0.003201,2.994490,10,4
1780631164.225787,nmpc_dc,-3.326482,-23.568959,-0.677106,2.894377,1.641071,-3.383735,-21.968959,0.000000,45.000000,2.021560,1.328187,-0.099973,1,8.929404,0.422558,0.315834,0.205027,0.205027,1.118767,0.027264,0.205027,0.205027,0.138128,0.953374,0.388870,0.275802,inf,nan,0.000000,0.275802,0.275802,0.275802,0.102710,0.090229,0.275803,0.102712,0.090230,-0.000000,0.000001,2.972522,10,4
1780631164.296787,nmpc_dc,-3.384085,-23.272881,-0.474950,3.027195,1.647506,-3.383736,-21.672881,0.000000,45.000000,2.263625,0.913740,-0.102055,1,6.280130,inf,inf,inf,inf,inf,0.027907,inf,inf,0.142722,inf,inf,inf,inf,nan,0.000000,inf,inf,inf,inf,inf,inf,inf,inf,-0.000000,0.000000,3.064227,0,4
1780631164.415905,nmpc_dc,-3.420261,-22.965592,-0.248588,3.118569,1.624108,-3.383737,-21.365592,0.000000,45.000000,1.599253,0.476930,-0.099374,1,11.485493,0.442559,0.561396,0.453216,0.453216,1.113570,0.028393,0.453216,0.453216,0.145964,0.939212,0.474982,0.370892,inf,nan,0.000000,0.370892,0.370892,0.370892,0.098842,0.090387,0.370893,0.098842,0.090387,-0.000000,0.000000,3.128461,5,4
1780631164.502869,nmpc_dc,-3.437124,-22.651351,-0.088662,3.166262,1.589696,-3.383739,-21.051351,0.000000,45.000000,0.989504,0.232329,-0.094319,1,5.922363,0.371564,0.331511,0.224471,0.224471,1.104514,0.028698,0.224471,0.224471,0.147945,0.927871,0.336374,0.218982,inf,nan,0.000000,0.218982,0.218982,0.218982,0.190107,0.039492,0.218982,0.190107,0.039493,-0.000000,0.000000,3.167503,10,4
1780631164.622861,nmpc_dc,-3.441043,-22.333563,0.010288,3.189495,1.563420,-3.383740,-20.733563,0.000000,45.000000,0.539315,0.110772,-0.089590,1,6.395986,0.346676,0.263214,0.158937,0.158937,0.644579,0.028869,0.158936,0.158936,0.149065,0.466645,0.121835,0.018667,inf,nan,0.000000,0.018667,0.018667,0.018667,-0.099383,-0.269476,0.018668,-0.099383,-0.269475,-0.000000,0.000000,3.189512,10,4
1780631164.708760,nmpc_dc,-3.437317,-22.014060,0.064219,3.200572,1.548473,-3.383741,-20.414059,0.000000,45.000000,3.850900,-0.831272,-0.086215,1,4.846081,0.456103,0.369183,0.263306,0.263306,0.620000,0.028956,0.263250,0.263250,0.149662,0.441382,0.081152,-0.019010,inf,nan,0.000000,-0.019010,-0.019010,-0.019010,-0.088471,-0.157310,-0.019010,-0.088471,-0.157310,-0.000000,0.000314,3.201217,10,4
1780631164.823318,nmpc_dc,-3.411641,-21.698159,0.449310,3.117445,1.517186,-3.383742,-20.098159,0.000000,45.000000,5.971128,-5.324062,-0.081412,1,7.973172,0.424624,0.367353,0.263895,0.263895,0.620000,0.028549,0.263844,0.263844,0.147039,0.444412,0.010830,-0.107624,inf,nan,0.000000,-0.107624,-0.107624,-0.107624,-0.092605,-0.077070,-0.013916,-0.088544,-0.073010,-0.000000,0.097102,3.149658,10,4
1780631164.911930,nmpc_dc,-3.336854,-21.413035,1.046422,2.585039,1.306110,-3.383744,-19.813035,0.000000,45.000000,-4.613006,2.375506,-0.056707,1,4.812367,0.977415,0.908658,0.803232,0.803232,1.753207,0.025987,0.803232,0.803232,0.129052,1.598168,0.939642,0.832472,inf,nan,0.000000,0.832472,0.832472,0.832472,0.466421,0.168789,0.832472,0.466421,0.168790,-0.000000,0.000001,2.788804,10,4
1780631165.015257,nmpc_dc,-3.255277,-21.142653,0.585122,2.822590,1.391503,-3.383745,-19.542654,0.000000,45.000000,5.855315,-5.451173,-0.059453,1,14.592923,0.333042,0.238665,0.128188,0.128188,0.795191,0.026719,0.128188,0.128188,0.133664,0.634808,0.061122,-0.042336,inf,nan,0.000000,-0.042336,-0.042336,-0.042336,-0.124703,0.047791,-0.017692,-0.124703,0.047792,-0.000000,0.024644,2.882599,4,4
1780631165.107368,nmpc_dc,-3.167488,-20.887650,1.170653,2.277472,1.299857,-3.383746,-19.287651,0.000000,45.000000,-6.681755,3.731206,-0.049792,1,4.609455,0.343238,0.336030,0.224800,0.224800,1.188947,0.024813,0.224800,0.224800,0.118019,1.046116,0.207834,0.103489,inf,nan,0.000000,0.103489,0.103489,0.103489,-0.036875,0.109038,0.103489,-0.036875,0.109038,-0.000000,0.000000,2.560724,10,4
1780631165.216483,nmpc_dc,-3.083832,-20.641247,0.502478,2.650593,1.360964,-3.383747,-19.041248,0.000000,45.000000,-5.405017,2.766434,-0.053711,1,10.233779,0.359134,0.391919,0.286100,0.286100,0.620000,0.025958,0.286053,0.286053,0.124618,0.469423,0.169041,0.064623,inf,nan,0.000000,0.064623,0.064623,0.064623,-0.069025,-0.125006,0.064623,-0.069025,-0.125006,-0.000000,0.000000,2.697800,2,4
1780631165.303412,nmpc_dc,-3.060609,-20.362355,-0.038024,2.927236,1.457997,-3.383748,-18.762357,0.000000,45.000000,-3.116467,1.465753,-0.064901,1,12.054535,inf,inf,inf,inf,inf,0.027603,inf,inf,0.135887,inf,inf,inf,inf,nan,0.000000,inf,inf,inf,inf,inf,inf,inf,inf,-0.000000,0.000000,2.927483,0,4
1780631165.417001,nmpc_dc,-3.079994,-20.062303,-0.349671,3.073812,1.582329,-3.383749,-18.462304,0.000000,45.000000,3.509172,1.925705,-0.080821,1,12.798886,0.387759,0.313745,0.210348,0.210348,0.827574,0.028724,0.210348,0.210348,0.144204,0.654646,0.086158,-0.020933,inf,nan,0.000000,-0.020933,-0.020933,-0.020933,-0.146779,0.062834,-0.017034,-0.146779,0.062834,-0.000000,0.003900,3.093637,2,4
1780631165.524661,nmpc_dc,-3.097415,-19.745293,0.001246,3.266382,1.730849,-3.383750,-18.145294,0.000000,45.000000,5.656854,-5.656854,-0.100450,1,28.467222,0.337226,0.242825,0.127593,0.127593,0.798419,0.029976,0.127593,0.127593,0.152997,0.615447,-0.062161,-0.158436,inf,nan,0.000000,-0.158436,-0.158436,-0.158436,-0.175339,0.023237,0.000271,-0.143620,0.038253,-0.000000,0.168269,3.266382,10,4
1780631165.613546,nmpc_dc,-3.069006,-19.446939,0.566932,2.700697,1.488598,-3.383751,-17.846941,0.000000,45.000000,-4.894049,1.837035,-0.078352,1,5.127550,0.352507,0.279708,0.175926,0.175926,1.463663,0.026422,0.175926,0.175926,0.127623,1.309618,0.320412,0.210265,inf,nan,0.000000,0.210265,0.210265,0.210265,0.297078,0.138847,0.210265,0.297078,0.138848,-0.000000,0.000000,2.759561,10,4
1780631165.698881,nmpc_dc,-3.036783,-19.167684,0.077527,2.884400,1.553740,-3.383752,-17.567686,0.000000,45.000000,-3.803175,1.585910,-0.079408,1,7.702878,inf,inf,inf,inf,inf,0.027413,inf,inf,0.133805,inf,inf,inf,inf,nan,0.000000,inf,inf,inf,inf,inf,inf,inf,inf,-0.000000,0.000000,2.885442,0,4
1780631165.814482,nmpc_dc,-3.048046,-18.871315,-0.302790,3.042991,1.614753,-3.383754,-17.271316,0.000000,45.000000,-1.932501,0.863019,-0.085807,1,13.411083,inf,inf,inf,inf,inf,0.028594,inf,inf,0.142409,inf,inf,inf,inf,nan,0.000000,inf,inf,inf,inf,inf,inf,inf,inf,-0.000000,0.000000,3.058019,0,4
1780631165.908731,nmpc_dc,-3.087988,-18.562701,-0.496040,3.129293,1.684152,-3.383755,-16.962702,0.000000,45.000000,-0.578029,0.425497,-0.094414,1,7.028762,0.428014,0.452984,0.332672,0.332672,0.763871,0.029255,0.332668,0.332668,0.147989,0.586627,0.323984,0.220989,inf,nan,0.000000,0.220989,0.220989,0.220989,0.008912,-0.067327,0.220989,0.008912,-0.067327,-0.000000,0.000000,3.168364,10,4
1780631166.018180,nmpc_dc,-3.140482,-18.247644,-0.553843,3.171843,1.719667,-3.383756,-16.647645,0.000000,45.000000,0.248142,0.203683,-0.099828,1,4.226483,0.415863,0.321501,0.211145,0.211145,0.736794,0.029465,0.211145,0.211145,0.150613,0.556716,0.136059,0.028107,inf,nan,0.000000,0.028107,0.028107,0.028107,-0.109333,-0.180208,0.028108,-0.109332,-0.180208,-0.000000,0.000000,3.219834,10,4
1780631166.123003,nmpc_dc,-3.194626,-17.929441,-0.529029,3.192211,1.721249,-3.383757,-16.329442,0.000000,45.000000,5.656855,-5.656853,-0.100714,1,15.952420,0.349183,0.251353,0.136771,0.136771,0.694531,0.029437,0.136771,0.136771,0.151426,0.513668,0.007181,-0.103632,inf,nan,0.000000,-0.103632,-0.103632,-0.103632,-0.182472,0.014153,-0.017787,-0.170913,0.014153,-0.000000,0.089890,3.235751,10,4
1780631166.218307,nmpc_dc,-3.219244,-17.638504,0.036656,2.626526,1.450634,-3.383758,-16.038505,0.000000,45.000000,-1.202057,2.166282,-0.070834,1,5.662451,0.793353,0.701915,0.592771,0.592771,1.485519,0.025096,0.592771,0.592771,0.121187,1.339236,0.760789,0.648822,inf,nan,0.000000,0.648822,0.648822,0.648822,0.429642,0.085317,0.648822,0.429642,0.085317,-0.000000,0.000000,2.626782,10,4
1780631166.295630,nmpc_dc,-3.221589,-17.365020,-0.083549,2.843154,1.546444,-3.383760,-15.765021,0.000000,45.000000,-1.164071,1.793818,-0.073330,1,4.084808,0.392136,0.340418,0.233403,0.233403,0.768936,0.026520,0.233403,0.233403,0.131780,0.610637,0.137104,0.028900,inf,nan,0.000000,0.028900,0.028900,0.028900,-0.088610,0.047562,0.028901,-0.088609,0.047563,-0.000000,0.000000,2.844381,10,4
1780631166.396318,nmpc_dc,-3.235764,-17.071736,-0.199956,3.022536,1.594856,-3.383761,-15.471737,0.000000,45.000000,-0.518264,0.969494,-0.078756,1,3.126297,0.363184,0.381680,0.269940,0.269940,0.904607,0.027793,0.269940,0.269940,0.140959,0.735854,0.235559,0.122697,inf,nan,0.000000,0.122697,0.122697,0.122697,-0.023441,0.049495,0.122697,-0.023441,0.049495,-0.000000,0.000000,3.029143,10,4
1780631166.501416,nmpc_dc,-3.258351,-16.764635,-0.251783,3.119485,1.627600,-3.383762,-15.164635,0.000000,45.000000,3.054974,-0.484072,-0.083174,1,7.126279,0.327020,0.248027,0.138988,0.138988,0.620000,0.028496,0.138987,0.138987,0.146023,0.445481,0.082918,-0.019026,inf,nan,0.000000,-0.019026,-0.019026,-0.019026,-0.053783,-0.188132,-0.017677,-0.053783,-0.188131,-0.000000,0.001349,3.129630,10,4
1780631166.618446,nmpc_dc,-3.268255,-16.455107,0.053715,3.071078,1.619531,-3.383763,-14.855107,0.000000,45.000000,6.818264,-0.690678,-0.082866,1,8.767626,0.355315,0.346087,0.239494,0.239494,0.620000,0.028048,0.239475,0.239475,0.143090,0.448862,0.087743,-0.012973,inf,nan,0.000000,-0.012973,-0.012973,-0.012973,-0.130382,-0.265572,-0.012972,-0.130382,-0.265572,-0.000000,0.004146,3.071548,10,4
1780631166.713510,nmpc_dc,-3.228792,-16.151452,0.735541,3.002010,1.579518,-3.383764,-14.551453,0.000000,45.000000,3.810975,-0.883710,-0.077890,1,5.237067,0.434997,0.379548,0.249774,0.249774,0.620000,0.028260,0.249746,0.249746,0.144061,0.447679,0.082228,-0.018771,inf,nan,0.000000,-0.018771,-0.018771,-0.018771,-0.093585,-0.056509,-0.018769,-0.093584,-0.056508,-0.000000,0.005584,3.090807,10,4
1780631166.831774,nmpc_dc,-3.136183,-15.855670,1.116638,2.913639,1.590364,-3.383766,-14.255671,0.000000,45.000000,-0.784918,-1.203645,-0.077351,1,10.609105,0.417361,0.321078,0.205457,0.205457,0.620000,0.028722,0.205451,0.205451,0.145550,0.445728,0.089515,-0.021622,inf,nan,0.000000,-0.021622,-0.021622,-0.021622,-0.117784,-0.074600,-0.017629,-0.117784,-0.074600,-0.000000,0.004675,3.120284,10,4
1780631166.902366,nmpc_dc,-3.028444,-15.570324,1.038147,2.793275,1.674422,-3.383767,-13.970326,0.000000,45.000000,-3.166738,-2.091022,-0.085873,1,8.819564,0.362645,0.271543,0.164411,0.164411,0.620000,0.028117,0.164410,0.164410,0.138499,0.453384,0.043333,-0.079594,inf,nan,0.000000,-0.079594,-0.079594,-0.079594,-0.067994,-0.049002,-0.011045,-0.067994,-0.043530,-0.000000,0.071062,2.979955,10,4
1780631167.008721,nmpc_dc,-2.940463,-15.301452,0.721473,2.584172,1.786899,-3.383768,-13.701454,0.000000,45.000000,-7.389588,2.622812,-0.099700,1,7.354039,0.341934,0.269888,0.166778,0.166778,0.895233,0.026556,0.166778,0.166778,0.123901,0.744777,0.196271,0.084524,inf,nan,0.000000,0.084524,0.084524,0.084524,-0.034152,0.037856,0.084524,-0.034152,0.037856,-0.000000,0.000000,2.682996,10,4
1780631167.102805,nmpc_dc,-2.905263,-15.029921,-0.017486,2.846454,1.615008,-3.383769,-13.429922,0.000000,45.000000,0.501528,3.449130,-0.083790,1,4.249437,0.440394,0.497496,0.383327,0.383327,0.710257,0.027851,0.383245,0.383245,0.131884,0.550521,0.091263,-0.020875,inf,nan,0.000000,-0.020875,-0.020875,-0.020875,-0.128293,-0.091656,-0.017937,-0.128293,-0.091656,-0.000000,0.002938,2.846507,7,4
1780631167.270180,nmpc_dc,-2.904504,-14.728030,0.032667,3.191367,1.788206,-3.383770,-13.128031,0.000000,45.000000,2.278523,-7.462671,-1.389326,0,46.214357,0.369243,0.260699,0.145598,0.145598,0.742961,0.030356,0.145598,0.145598,0.149168,0.563436,-0.112249,-0.233990,inf,nan,0.000000,-0.233990,-0.233990,-0.233990,-0.204077,-0.032682,-0.014511,-0.184148,0.029531,-0.074703,0.240000,3.191534,10,4
1780631167.307030,nmpc_dc,-2.889845,-14.446206,0.260519,2.445100,1.804391,-3.383771,-12.846208,0.000000,45.000000,2.170021,0.043222,-0.417407,1,13.988632,0.336205,0.226316,0.117252,0.117252,0.819515,0.025481,0.117252,0.117252,0.113179,0.680855,-0.116872,-0.216312,inf,nan,0.000000,-0.216312,-0.216312,-0.216312,-0.198165,-0.074062,-0.017209,-0.150771,0.042799,-0.000000,0.225008,2.458939,10,4
1780631167.414076,nmpc_dc,-2.852943,-14.201480,0.477521,2.449422,1.829361,-3.383772,-12.601482,0.000000,45.000000,-6.684414,3.381682,-0.174460,1,13.487115,0.537396,0.489480,0.384914,0.384914,1.028894,0.025945,0.384914,0.384914,0.114913,0.888036,0.505861,0.393613,inf,nan,0.000000,0.393613,0.393613,0.393613,0.062776,-0.199685,0.393614,0.062776,-0.199685,-0.000000,0.000000,2.495535,6,4
1780631167.503243,nmpc_dc,-2.838613,-13.939630,-0.190920,2.787590,1.643590,-3.383773,-12.339632,0.000000,45.000000,-4.511668,2.131964,-0.092359,1,10.585822,0.947533,0.994725,0.881123,0.881123,0.941688,0.027940,0.783483,0.783483,0.129312,0.784436,0.758146,0.652081,inf,nan,0.000000,0.652081,0.652081,0.652081,0.145184,-0.048333,0.652082,0.145184,-0.048333,-0.000000,0.000000,2.794120,4,4
1780631167.610048,nmpc_dc,-2.880263,-13.650211,-0.642087,3.000786,1.676904,-3.383774,-12.050213,0.000000,45.000000,-3.183288,1.029855,-0.074884,1,8.403681,0.377623,0.287219,0.180317,0.180317,0.934413,0.029588,0.180317,0.180317,0.142947,0.761877,0.080416,-0.019196,inf,nan,0.000000,-0.019196,-0.019196,-0.019196,-0.146453,-0.009657,-0.019196,-0.146452,-0.009657,-0.000000,0.000000,3.068712,10,4
1780631167.703320,nmpc_dc,-2.960388,-13.344983,-0.960416,3.103772,1.739580,-3.383775,-11.744985,0.000000,45.000000,0.252366,0.551344,-0.076845,1,7.191264,0.333496,0.265143,0.139872,0.139872,0.998621,0.030472,0.139872,0.139872,0.152103,0.816045,0.163900,0.058121,inf,nan,0.000000,0.058121,0.058121,0.058121,-0.066791,0.079749,0.058122,-0.066790,0.079750,-0.000000,0.000000,3.248969,10,4
1780631167.820656,nmpc_dc,-3.055168,-13.031849,-0.935179,3.158906,1.790867,-3.383777,-11.431850,0.000000,45.000000,1.243281,0.270572,-0.082427,1,7.037703,0.339560,0.268136,0.161884,0.161884,1.199297,0.030366,0.161884,0.161884,0.154438,1.014494,0.306599,0.182402,inf,nan,0.000000,0.182402,0.182402,0.182402,0.155010,0.100954,0.182402,0.155011,0.100954,-0.000000,0.000000,3.294427,10,4
1780631167.912893,nmpc_dc,-3.142470,-12.714605,-0.810851,3.185963,1.781302,-3.383778,-11.114606,0.000000,45.000000,1.543607,0.129325,-0.082253,1,3.568871,0.351500,0.311363,0.205977,0.205977,1.221594,0.029988,0.205977,0.205977,0.154083,1.037523,0.313707,0.208129,inf,nan,0.000000,0.208129,0.208129,0.208129,0.218752,0.102849,0.208130,0.218752,0.102849,-0.000000,0.000000,3.287528,10,4
1780631168.018246,nmpc_dc,-3.215837,-12.395363,-0.656490,3.198896,1.745588,-3.383779,-10.795363,0.000000,45.000000,1.534506,0.061283,-0.077793,1,3.787336,0.535504,0.505516,0.398902,0.398902,1.177059,0.029620,0.398902,0.398902,0.152955,0.994484,0.501796,0.390467,inf,nan,0.000000,0.390467,0.390467,0.390467,0.296397,0.023889,0.390467,0.296397,0.023890,-0.000000,0.000000,3.265565,10,4
1780631168.109602,nmpc_dc,-3.273813,-12.075167,-0.503040,3.205024,1.704678,-3.383780,-10.475167,0.000000,45.000000,1.369052,0.028956,-0.071725,1,3.414291,0.739482,0.696215,0.591177,0.591177,1.068494,0.029349,0.591176,0.591176,0.151862,0.887283,0.700376,0.595331,inf,nan,0.000000,0.595331,0.595331,0.595331,0.223782,-0.075672,0.595332,0.223782,-0.075671,-0.000000,0.000000,3.244261,10,4
1780631168.216077,nmpc_dc,-3.317272,-11.754519,-0.366135,3.207920,1.667319,-3.383782,-10.154520,0.000000,45.000000,-0.896134,-0.610887,-0.065680,1,5.467749,0.749605,0.654188,0.540940,0.540940,0.672421,0.029179,0.487410,0.487410,0.151068,0.492174,0.094124,-0.017763,inf,nan,0.000000,-0.017763,-0.017763,-0.017763,-0.129663,-0.046991,-0.017753,-0.129663,-0.046990,-0.000000,0.000010,3.228746,10,4
1780631168.309624,nmpc_dc,-3.358366,-11.436782,-0.455748,3.146831,1.642387,-3.383783,-9.836782,0.000000,45.000000,0.573746,-0.074996,-0.061032,1,3.376715,0.501125,0.411484,0.304495,0.304495,0.797260,0.028776,0.304494,0.304494,0.148564,0.619920,0.090897,-0.018021,inf,nan,0.000000,-0.018021,-0.018021,-0.018021,-0.134400,0.008445,-0.018018,-0.134400,0.008447,-0.000000,0.000003,3.179662,10,4
1780631168.418072,nmpc_dc,-3.401072,-11.122474,-0.398373,3.139331,1.611166,-3.383784,-9.522474,0.000000,45.000000,1.965542,0.310309,-0.056080,1,5.216367,0.440648,0.432597,0.326651,0.326651,0.887408,0.028659,0.326651,0.326651,0.147793,0.710956,0.314658,0.203983,inf,nan,0.000000,0.203983,0.203983,0.203983,-0.023165,0.042861,0.203983,-0.023165,0.042861,-0.000000,0.000000,3.164507,10,4
1780631168.505457,nmpc_dc,-3.431082,-10.806989,-0.201819,3.170362,1.588662,-3.383786,-9.206989,0.000000,45.000000,1.465146,0.201582,-0.052031,1,6.182036,0.416557,0.403564,0.293904,0.293904,0.952074,0.028765,0.293904,0.293904,0.148417,0.774892,0.284519,0.181420,inf,nan,0.000000,0.181420,0.181420,0.181420,-0.010156,0.046162,0.181420,-0.010156,0.046162,-0.000000,0.000000,3.176779,10,4
1780631168.618627,nmpc_dc,-3.443938,-10.488945,-0.055305,3.190520,1.565766,-3.383787,-8.888945,0.000000,45.000000,0.891591,0.103910,-0.048193,1,7.168107,0.385129,0.436488,0.327633,0.327633,0.871132,0.028882,0.327633,0.327633,0.149141,0.693108,0.345822,0.242079,inf,nan,0.000000,0.242079,0.242079,0.242079,0.114969,-0.028152,0.242079,0.114969,-0.028152,-0.000000,0.000000,3.191000,10,4
1780631168.712381,nmpc_dc,-3.445010,-10.169373,0.033854,3.200911,1.549007,-3.383788,-8.569373,0.000000,45.000000,0.462168,0.050430,-0.045099,1,3.420910,0.360241,0.290772,0.187616,0.187616,0.967071,0.028961,0.187616,0.187616,0.149656,0.788455,0.329870,0.215844,inf,nan,0.000000,0.215844,0.215844,0.215844,0.121340,-0.106530,0.215844,0.121341,-0.106530,-0.000000,0.000000,3.201091,10,4
1780631168.834447,nmpc_dc,-3.439314,-9.849030,0.080071,3.205954,1.540265,-3.383789,-8.249030,0.000000,45.000000,0.173927,0.024018,-0.043085,1,11.223389,0.593865,0.540256,0.423395,0.423395,1.034640,0.029002,0.423395,0.423395,0.149955,0.855684,0.461403,0.356206,inf,nan,0.000000,0.356206,0.356206,0.356206,0.051392,0.074863,0.356207,0.051392,0.074864,-0.000000,0.000000,3.206954,10,4
1780631168.918122,nmpc_dc,-3.430437,-9.528314,0.097464,3.208356,1.538032,-3.383791,-7.928314,0.000000,45.000000,-2.528110,0.095819,-0.042080,1,6.404383,0.498835,0.536196,0.424608,0.424608,0.715049,0.029018,0.424033,0.424033,0.150102,0.535929,0.080142,-0.019280,inf,nan,0.000000,-0.019280,-0.019280,-0.019280,-0.133442,-0.129202,-0.019172,-0.133441,-0.129202,-0.000000,0.000108,3.209836,10,4
1780631169.013829,nmpc_dc,-3.433332,-9.207000,-0.155347,3.217938,1.539578,-3.383792,-7.607000,0.000000,45.000000,0.464429,0.016014,-0.041709,1,3.562256,0.420115,0.335427,0.230495,0.230495,0.846474,0.029111,0.230495,0.230495,0.150707,0.666656,0.081369,-0.018928,inf,nan,0.000000,-0.018928,-0.018928,-0.018928,-0.139245,0.054079,-0.018927,-0.139245,0.054079,-0.000000,0.000001,3.221686,10,4
1780631169.100527,nmpc_dc,-3.446544,-8.885126,-0.108904,3.219540,1.539871,-3.383793,-7.285126,0.000000,45.000000,1.077315,-0.038877,-0.041381,1,5.471686,0.544649,0.533069,0.423382,0.423382,1.034786,0.029118,0.423382,0.423382,0.150692,0.854976,0.417992,0.314121,inf,nan,0.000000,0.314121,0.314121,0.314121,0.033387,0.081007,0.314122,0.033387,0.081007,-0.000000,0.000000,3.221381,10,4
1780631169.227484,nmpc_dc,-3.452048,-8.563366,-0.001172,3.215652,1.535313,-3.383794,-6.963366,0.000000,45.000000,0.694267,-0.025755,-0.040538,1,11.715113,0.427067,0.453427,0.345862,0.345862,0.988256,0.029079,0.345862,0.345862,0.150399,0.808779,0.382084,0.274349,inf,nan,0.000000,0.274349,0.274349,0.274349,0.075605,-0.013730,0.274350,0.075605,-0.013729,-0.000000,0.000000,3.215652,10,4
1780631169.298668,nmpc_dc,-3.448694,-8.241930,0.068254,3.213076,1.531393,-3.383796,-6.641930,0.000000,45.000000,0.327360,-0.013339,-0.039640,1,3.233825,0.445818,0.521541,0.404965,0.404965,0.876834,0.029062,0.404964,0.404964,0.150304,0.697469,0.420191,0.316647,inf,nan,0.000000,0.316647,0.316647,0.316647,0.131597,-0.084359,0.316647,0.131598,-0.084359,-0.000000,0.000000,3.213801,10,4
1780631169.408257,nmpc_dc,-3.440232,-7.920689,0.100990,3.211742,1.530767,-3.383797,-6.320689,0.000000,45.000000,0.079026,-0.006478,-0.039093,1,3.116939,0.422482,0.354846,0.251482,0.251482,1.325803,0.029051,0.251482,0.251482,0.150280,1.146472,0.391567,0.279842,inf,nan,0.000000,0.279842,0.279842,0.279842,0.334328,0.095397,0.279842,0.334328,0.095397,-0.000000,0.000000,3.213330,10,4
1780631169.501207,nmpc_dc,-3.429737,-7.599547,0.108893,3.211095,1.533389,-3.383798,-5.999547,0.000000,45.000000,-0.068226,-0.003092,-0.038992,1,3.099390,0.667007,0.596870,0.488692,0.488692,0.868218,0.029041,0.488666,0.488666,0.150260,0.688916,0.591367,0.487550,inf,nan,0.000000,0.487550,0.487550,0.487550,0.076733,-0.188127,0.487550,0.076734,-0.188126,-0.000000,0.000000,3.212940,10,4
1780631169.629502,nmpc_dc,-3.419189,-7.278453,0.102070,3.210785,1.538180,-3.383799,-5.678453,0.000000,45.000000,-0.113989,-0.906824,-0.676810,0,29.666043,0.967735,0.889034,0.781990,0.781990,0.620000,0.029032,0.440735,0.440735,0.150233,0.440735,-0.094822,-0.211833,inf,nan,0.000000,-0.211833,-0.211833,-0.211833,-0.157381,-0.098600,-0.134461,-0.130549,-0.097683,-0.126502,0.088937,3.212407,10,4
1780631169.724216,nmpc_dc,-3.409552,-6.961909,0.090671,3.120103,1.544804,-3.383801,-5.361909,0.000000,45.000000,0.367374,-7.991560,-0.195104,1,25.477656,0.834765,0.757851,0.640260,0.640260,0.620000,0.028336,0.446024,0.446024,0.145608,0.446056,-0.096100,-0.216306,inf,nan,0.000000,-0.216306,-0.216306,-0.216306,-0.208358,-0.118166,-0.010308,-0.129524,-0.066595,-0.000000,0.218694,3.121420,10,4
1780631169.820631,nmpc_dc,-3.398648,-6.689856,0.127409,2.320947,1.506232,-3.383802,-5.089856,0.000000,45.000000,-0.405655,3.346920,-0.069220,1,4.962344,0.632241,0.621945,0.512184,0.512184,0.986372,0.023125,0.512184,0.512184,0.106863,0.856384,0.468376,0.365007,inf,nan,0.000000,0.365007,0.365007,0.365007,0.052367,0.047178,0.365007,0.052367,0.047179,-0.000000,0.000001,2.324441,10,4
1780631169.926492,nmpc_dc,-3.387936,-6.441027,0.086843,2.655639,1.518665,-3.383803,-4.841027,0.000000,45.000000,-4.453449,5.201769,-0.038638,1,23.795321,0.372872,0.274955,0.154976,0.154976,0.715719,0.025112,0.154976,0.154976,0.122647,0.567960,-0.115014,-0.235425,inf,nan,0.000000,-0.235425,-0.235425,-0.235425,-0.204908,-0.047021,-0.007619,-0.179369,0.060153,-0.000000,0.240000,2.657059,10,4
1780631170.003997,nmpc_dc,-3.401519,-6.149454,-0.358502,3.175816,1.349254,-3.383804,-4.549454,0.000000,45.000000,1.413787,0.545741,-0.012319,1,6.167374,0.630908,0.651874,0.539986,0.539986,0.994317,0.028899,0.539984,0.539984,0.149395,0.816023,0.443405,0.335227,inf,nan,0.000000,0.335227,0.335227,0.335227,0.007407,0.082994,0.335227,0.007408,0.082994,-0.000000,0.000000,3.195987,2,4
1780631170.098995,nmpc_dc,-3.430300,-5.829144,-0.217123,3.230390,1.474546,-3.383805,-4.229144,0.000000,45.000000,1.484399,-0.047157,-0.019282,1,5.291096,inf,inf,inf,inf,inf,0.029233,inf,inf,0.151525,inf,inf,inf,inf,nan,0.000000,inf,inf,inf,inf,inf,inf,inf,inf,-0.000000,0.000000,3.237679,0,4
1780631170.202607,nmpc_dc,-3.444590,-5.506341,-0.068683,3.225674,1.512124,-3.383806,-3.906340,0.000000,45.000000,0.958087,-0.070863,-0.024991,1,5.167670,0.362591,0.341977,0.222447,0.222447,0.937812,0.029156,0.222447,0.222447,0.150948,0.757708,0.188874,0.081003,inf,nan,0.000000,0.081003,0.081003,0.081003,-0.058646,0.076558,0.081003,-0.058646,0.076558,-0.000000,0.000000,3.226406,3,4
1780631170.308795,nmpc_dc,-3.446668,-5.184127,0.027126,3.218588,1.523257,-3.383808,-3.584127,0.000000,45.000000,0.511633,-0.041198,-0.027470,1,7.866724,0.361313,0.253861,0.144256,0.144256,0.861757,0.029098,0.144256,0.144256,0.150555,0.682104,0.330732,0.198854,inf,nan,0.000000,0.198854,0.198854,0.198854,0.099075,-0.064283,0.198854,0.099075,-0.064283,-0.000000,0.000000,3.218702,10,4
1780631170.426961,nmpc_dc,-3.441397,-4.862475,0.078289,3.214468,1.527704,-3.383809,-3.262474,0.000000,45.000000,0.203827,-0.020653,-0.028398,1,4.426656,0.336873,0.283742,0.179756,0.179756,0.782854,0.029068,0.179756,0.179756,0.150387,0.603399,0.103755,-0.006292,inf,nan,0.000000,-0.006292,-0.006292,-0.006292,-0.123101,-0.172069,-0.006292,-0.123100,-0.172068,-0.000000,0.000000,3.215422,10,4
1780631170.511742,nmpc_dc,-3.432549,-4.541131,0.098672,3.212403,1.531591,-3.383810,-2.941131,0.000000,45.000000,-4.951238,1.193102,-0.028871,1,3.622453,0.357479,0.270721,0.165243,0.165243,0.866946,0.029051,0.165243,0.165243,0.150310,0.687585,0.084953,-0.022054,inf,nan,0.000000,-0.022054,-0.022054,-0.022054,-0.160124,0.060879,-0.018078,-0.160123,0.060879,-0.000000,0.003975,3.213918,10,4
1780631170.656134,nmpc_dc,-3.447438,-4.213925,-0.396452,3.331713,1.494259,-3.383812,-2.613925,0.000000,45.000000,-1.168427,-0.942910,-0.501246,0,29.979756,0.437372,0.496325,0.382486,0.382486,0.620000,0.030175,0.377873,0.377873,0.157576,0.432248,-0.127698,-0.238121,inf,nan,0.000000,-0.238121,-0.238121,-0.238121,-0.189642,-0.153128,-0.046089,-0.123576,-0.152841,-0.049228,0.233289,3.355218,10,4
1780631170.756796,nmpc_dc,-3.492926,-3.885468,-0.513295,3.237422,1.526023,-3.383813,-2.285468,0.000000,45.000000,0.619418,-2.737821,-0.510132,0,29.486039,0.440814,0.458262,0.329868,0.329868,0.620000,0.029611,0.329199,0.329199,0.153586,0.436803,-0.123900,-0.250039,inf,nan,0.000000,-0.250039,-0.250039,-0.250039,-0.177772,-0.109716,-0.010041,-0.136268,-0.070358,-0.049242,0.239998,3.277861,10,4
1780631170.835622,nmpc_dc,-3.541158,-3.575415,-0.451353,2.963640,1.491541,-3.383814,-1.975415,0.000000,45.000000,-0.033974,-5.747727,-0.138306,1,17.376035,0.351009,0.263851,0.141263,0.141263,0.735974,0.027585,0.141263,0.141263,0.139391,0.568998,-0.134200,-0.239133,inf,nan,0.000000,-0.239133,-0.239133,-0.239133,-0.203267,-0.054195,-0.008833,-0.165137,0.019997,-0.000000,0.240000,2.997813,10,4
1780631170.926377,nmpc_dc,-3.586463,-3.307790,-0.454750,2.388867,1.452647,-3.383815,-1.707789,0.000000,45.000000,5.656854,-5.656854,-0.040223,1,9.647943,0.344958,0.249736,0.134954,0.134954,0.799717,0.024003,0.134954,0.134954,0.111896,0.663818,0.039270,-0.067079,inf,nan,0.000000,-0.067079,-0.067079,-0.067079,-0.123709,0.025307,-0.018551,-0.123709,0.038232,-0.000000,0.051236,2.431766,10,4
1780631171.037386,nmpc_dc,-3.603654,-3.097187,0.110935,1.823182,1.223590,-3.383816,-1.497187,0.000000,45.000000,1.891679,5.732304,0.009496,1,7.053003,0.585344,0.538135,0.433527,0.433527,1.143569,0.020958,0.433527,0.433527,0.084270,1.038341,0.549853,0.441888,inf,nan,0.000000,0.441888,0.441888,0.441888,0.296277,-0.084694,0.441888,0.296277,-0.084694,-0.000000,0.000000,1.826554,10,4
1780631171.100394,nmpc_dc,-3.583102,-2.886208,0.300103,2.396412,1.372342,-3.383817,-1.286207,0.000000,45.000000,0.585365,4.045444,0.005669,1,5.955230,0.359125,0.393929,0.288214,0.288214,0.970511,0.023898,0.288214,0.288214,0.111112,0.835502,0.293406,0.180463,inf,nan,0.000000,0.180463,0.180463,0.180463,0.029031,-0.045181,0.180463,0.029031,-0.045181,-0.000000,0.000000,2.415130,10,4
1780631171.202616,nmpc_dc,-3.550165,-2.626339,0.358639,2.800957,1.410946,-3.383818,-1.026339,0.000000,45.000000,-0.066232,2.122644,0.000497,1,3.381299,0.361995,0.408244,0.299211,0.299211,1.104319,0.026389,0.299211,0.299211,0.130769,0.947162,0.321995,0.219517,inf,nan,0.000000,0.219517,0.219517,0.219517,0.113455,0.084196,0.219518,0.113456,0.084197,-0.000000,0.000000,2.823824,10,4
1780631171.298875,nmpc_dc,-3.514632,-2.335630,0.352016,3.013221,1.434505,-3.383819,-0.735630,0.000000,45.000000,-0.402407,1.035608,-0.003364,1,3.141970,0.334553,0.225947,0.113795,0.113795,1.202062,0.027795,0.113795,0.113795,0.141189,1.033078,0.295120,0.184821,inf,nan,0.000000,0.184821,0.184821,0.184821,0.281723,0.088829,0.184821,0.281723,0.088830,-0.000000,0.000000,3.033713,10,4
1780631171.428958,nmpc_dc,-3.481443,-2.029130,0.311775,3.116782,1.459371,-3.383820,-0.429130,0.000000,45.000000,-0.544733,0.494042,-0.007016,1,4.169808,0.494232,0.392983,0.279756,0.279756,1.346716,0.028476,0.279756,0.279756,0.146161,1.172079,0.454232,0.348217,inf,nan,0.000000,0.348217,0.348217,0.348217,0.359522,0.110507,0.348217,0.359522,0.110507,-0.000000,0.000000,3.132337,10,4
1780631171.517646,nmpc_dc,-3.452989,-1.714982,0.257302,3.166186,1.484431,-3.383821,-0.114982,0.000000,45.000000,-0.567100,0.233953,-0.010613,1,3.764870,0.753740,0.685413,0.570367,0.570367,1.490627,0.028780,0.570367,0.570367,0.148409,1.313438,0.715147,0.607963,inf,nan,0.000000,0.607963,0.607963,0.607963,0.435671,0.117341,0.607964,0.435672,0.117342,-0.000000,0.000000,3.176624,10,4
1780631171.627890,nmpc_dc,-3.430094,-1.397193,0.200592,3.189582,1.506978,-3.383823,0.202807,0.000000,45.000000,-1.185656,0.082079,-0.013898,1,5.373201,1.007734,0.923757,0.812479,0.812479,0.620000,0.028910,0.441700,0.441700,0.149390,0.441700,0.080461,-0.019051,inf,nan,0.000000,-0.019051,-0.019051,-0.019051,-0.105288,-0.117142,-0.019050,-0.105287,-0.117142,-0.000000,0.000002,3.195883,10,4
1780631171.715156,nmpc_dc,-3.415963,-1.077825,0.082027,3.197789,1.525822,-3.383824,0.522175,0.000000,45.000000,-1.118883,-0.022793,-0.016683,1,3.956649,0.784732,0.700101,0.585509,0.585509,0.620000,0.028926,0.441349,0.441349,0.149541,0.441533,0.081163,-0.019005,inf,nan,0.000000,-0.019005,-0.019005,-0.019005,-0.126498,-0.052255,-0.019004,-0.126498,-0.052254,-0.000000,0.000001,3.198841,10,4
1780631171.830361,nmpc_dc,-3.413355,-0.758160,-0.029862,3.195510,1.540175,-3.383825,0.841840,0.000000,45.000000,-1.879622,0.011551,-0.018835,1,8.259995,0.496571,0.408296,0.301690,0.301690,0.620000,0.028900,0.301479,0.301479,0.149378,0.441722,0.080845,-0.018623,inf,nan,0.000000,-0.018623,-0.018623,-0.018623,-0.133055,-0.071264,-0.018011,-0.133054,-0.071263,-0.000000,0.000612,3.195650,10,4
1780631171.911488,nmpc_dc,-3.425739,-0.438551,-0.217824,3.196665,1.547498,-3.383827,1.161449,0.000000,45.000000,-2.060449,-0.116920,-0.020050,1,3.664392,0.369760,0.299454,0.196257,0.196257,0.620000,0.028971,0.196252,0.196252,0.149808,0.441221,0.081932,-0.018104,inf,nan,0.000000,-0.018104,-0.018104,-0.018104,-0.096779,-0.036846,-0.017331,-0.096778,-0.036846,-0.000000,0.000773,3.204078,10,4
1780631172.033949,nmpc_dc,-3.457824,-0.119469,-0.423869,3.184973,1.549358,-3.383828,1.480531,0.000000,45.000000,1.380257,0.284261,-0.020428,1,13.801170,0.426789,0.340200,0.234535,0.234535,0.731236,0.029064,0.234535,0.234535,0.150266,0.551906,0.086599,-0.015561,inf,nan,0.000000,-0.015561,-0.015561,-0.015561,-0.119047,0.035651,-0.015561,-0.119046,0.035651,-0.000000,0.000001,3.213054,10,4
1780631172.113009,nmpc_dc,-3.493309,0.200449,-0.285843,3.213399,1.540381,-3.383829,1.800450,0.000000,45.000000,2.347864,0.008600,-0.019414,1,5.477577,0.339456,0.277320,0.164875,0.164875,0.879908,0.029207,0.164875,0.164875,0.150932,0.699769,0.119057,0.012219,inf,nan,0.000000,0.012219,0.012219,0.012219,-0.086625,0.054028,0.012220,-0.086625,0.054028,-0.000000,0.000000,3.226088,10,4
1780631172.226259,nmpc_dc,-3.510154,0.521832,-0.051057,3.214259,1.522510,-3.383830,2.121833,0.000000,45.000000,1.528621,-0.015995,-0.017091,1,5.009027,0.436737,0.447586,0.340587,0.340587,1.132777,0.029145,0.340587,0.340587,0.150348,0.953284,0.399939,0.293195,inf,nan,0.000000,0.293195,0.293195,0.293195,0.181997,0.066897,0.293196,0.181998,0.066897,-0.000000,0.000000,3.214665,10,4
1780631172.314171,nmpc_dc,-3.507617,0.843178,0.101805,3.212660,1.507028,-3.383832,2.443179,0.000000,45.000000,0.765767,-0.010747,-0.014714,1,3.715290,0.372590,0.337898,0.231857,0.231857,1.278643,0.029137,0.231857,0.231857,0.150328,1.099177,0.333752,0.230116,inf,nan,0.000000,0.230116,0.230116,0.230116,0.305616,0.107201,0.230116,0.305617,0.107201,-0.000000,0.000000,3.214272,10,4
1780631172.432819,nmpc_dc,-3.493607,1.164391,0.178382,3.211585,1.499980,-3.383833,2.764391,0.000000,45.000000,0.243606,-0.005582,-0.013258,1,3.811710,0.357660,0.313530,0.208652,0.208652,1.372906,0.029134,0.208652,0.208652,0.150444,1.193328,0.320070,0.214703,inf,nan,0.000000,0.214703,0.214703,0.214703,0.310438,0.122966,0.214703,0.310438,0.122966,-0.000000,0.000000,3.216535,10,4
1780631172.514831,nmpc_dc,-3.474551,1.485521,0.202743,3.211027,1.501282,-3.383834,3.085522,0.000000,45.000000,0.320565,-0.306602,-0.012951,1,3.986258,0.563300,0.477860,0.372029,0.372029,0.620000,0.029116,0.369531,0.369531,0.150489,0.440395,0.080128,-0.019251,inf,nan,0.000000,-0.019251,-0.019251,-0.019251,-0.058456,-0.235784,-0.019249,-0.058455,-0.235783,-0.000000,0.000002,3.217421,10,4
1780631172.628870,nmpc_dc,-3.452674,1.805091,0.234799,3.180367,1.507356,-3.383835,3.405091,0.000000,45.000000,2.364691,-1.652014,-0.013452,1,11.712792,0.857761,0.763740,0.651485,0.651485,0.620000,0.028875,0.442066,0.442066,0.149040,0.442085,0.080030,-0.020652,inf,nan,0.000000,-0.020652,-0.020652,-0.020652,-0.078386,-0.238487,-0.018321,-0.078385,-0.238486,-0.000000,0.002332,3.189022,10,4
1780631172.716929,nmpc_dc,-3.417371,2.114867,0.471268,3.015165,1.481998,-3.383837,3.714868,0.000000,45.000000,6.201910,-1.493582,-0.010755,1,6.934053,0.879795,0.775946,0.663014,0.663014,0.620000,0.027823,0.450065,0.450065,0.142095,0.450081,0.079048,-0.020380,inf,nan,0.000000,-0.020380,-0.020380,-0.020380,-0.114306,-0.064247,-0.018869,-0.114306,-0.064247,-0.000000,0.002272,3.051773,10,4
1780631172.831978,nmpc_dc,-3.339234,2.408916,1.091459,2.865807,1.465052,-3.383838,4.008916,0.000000,45.000000,5.239863,0.055306,-0.008133,1,7.002345,0.573875,0.471999,0.356863,0.356863,0.666819,0.027938,0.356645,0.356645,0.142842,0.496039,0.075527,-0.025956,inf,nan,0.000000,-0.025956,-0.025956,-0.025956,-0.131495,-0.021135,-0.018406,-0.131494,-0.021135,-0.000000,0.007550,3.066616,10,4
1780631172.913809,nmpc_dc,-3.203889,2.695773,1.615445,2.871338,1.548050,-3.383839,4.295773,0.000000,45.000000,2.713717,-1.970066,-0.016496,1,6.725517,0.359850,0.251432,0.141649,0.141649,0.644684,0.029876,0.141649,0.141649,0.154446,0.460363,0.079128,-0.030844,inf,nan,0.000000,-0.030844,-0.030844,-0.030844,-0.142192,-0.123513,-0.018925,-0.142192,-0.123513,-0.000000,0.013262,3.294578,10,4
1780631173.042403,nmpc_dc,-3.028776,2.973057,1.886817,2.674331,1.568766,-3.383840,4.573055,0.000000,45.000000,-7.978362,-0.587995,-0.020736,1,10.532433,0.364794,0.372539,0.259696,0.259696,0.620000,0.030314,0.259638,0.259638,0.153333,0.436353,0.080277,-0.020146,inf,nan,0.000000,-0.020146,-0.020146,-0.020146,-0.082583,-0.140126,-0.019221,-0.082583,-0.140126,-0.000000,0.001882,3.272938,10,4
1780631173.113326,nmpc_dc,-2.879986,3.237550,1.088981,2.615532,1.671755,-3.383841,4.837548,0.000000,45.000000,-7.462061,-2.884032,-0.032878,1,7.419252,0.392889,0.443509,0.334996,0.334996,0.620000,0.027922,0.334649,0.334649,0.131228,0.460849,0.076793,-0.023069,inf,nan,0.000000,-0.023069,-0.023069,-0.023069,-0.084846,-0.161734,-0.019177,-0.084846,-0.161734,-0.000000,0.004037,2.833176,10,4
1780631173.212579,nmpc_dc,-2.808398,3.484683,0.342775,2.327128,1.845755,-3.383842,5.084681,0.000000,45.000000,-7.115667,3.656130,-0.054648,1,13.707327,0.348988,0.384927,0.273405,0.273405,1.123308,0.025432,0.273405,0.273405,0.108161,0.989715,0.308988,0.199426,inf,nan,0.000000,0.199426,0.199426,0.199426,0.124438,0.083957,0.199426,0.124438,0.083957,-0.000000,0.000000,2.352237,4,4
1780631173.339795,nmpc_dc,-2.809699,3.735676,-0.368792,2.692741,1.639176,-3.383843,5.335674,0.000000,45.000000,-7.881769,1.370299,-0.037225,1,27.230135,0.348574,0.355165,0.223967,0.223967,0.716032,0.027647,0.223967,0.223967,0.125593,0.562792,-0.125287,-0.234512,inf,nan,0.000000,-0.234512,-0.234512,-0.234512,-0.264425,-0.184039,-0.012164,-0.144424,-0.064039,-0.000000,0.240000,2.717879,10,4
1780631173.428158,nmpc_dc,-2.885987,4.011802,-1.156969,2.829771,1.642093,-3.383844,5.611800,0.000000,45.000000,6.133840,5.135758,-0.032970,1,11.228579,0.364959,0.293338,0.182292,0.182292,0.620000,0.029466,0.182290,0.182290,0.142366,0.448168,0.015313,-0.100358,inf,nan,0.000000,-0.100358,-0.100358,-0.100358,-0.174433,-0.183911,-0.018615,-0.168944,-0.183911,-0.000000,0.088638,3.057153,10,4
1780631173.506636,nmpc_dc,-2.971015,4.320458,-0.543585,3.343347,1.951723,-3.383845,5.920456,0.000000,45.000000,-0.802242,-0.202911,-0.065409,1,14.484631,inf,inf,inf,inf,inf,0.031516,inf,inf,0.159237,inf,inf,inf,inf,nan,0.000000,inf,inf,inf,inf,inf,inf,inf,inf,-0.000000,0.000001,3.387249,0,4
1780631173.613121,nmpc_dc,-3.029385,4.653778,-0.623809,3.323056,1.880653,-3.383847,6.253777,0.000000,45.000000,-0.448572,-0.514891,-0.065342,1,12.954702,inf,inf,inf,inf,inf,0.031175,inf,inf,0.158918,inf,inf,inf,inf,nan,0.000000,inf,inf,inf,inf,inf,inf,inf,inf,-0.000000,0.000000,3.381100,0,4
1780631173.707306,nmpc_dc,-3.094008,4.983509,-0.668666,3.271567,1.832388,-3.383848,6.583508,0.000000,45.000000,-5.656854,-5.656854,-0.059650,1,12.676148,0.332655,0.281891,0.166785,0.166785,0.693734,0.030566,0.166785,0.166785,0.156748,0.506420,0.030171,-0.070566,inf,nan,0.000000,-0.070566,-0.070566,-0.070566,-0.125706,0.025586,-0.010920,-0.125705,0.035560,-0.000000,0.063591,3.339201,4,4
1780631173.831324,nmpc_dc,-3.189159,5.282382,-1.234352,2.705882,1.989645,-3.383849,6.882381,0.000000,45.000000,3.319117,1.814024,-0.074989,1,6.703889,0.387794,0.294805,0.177112,0.177112,1.469357,0.027501,0.177112,0.177112,0.138208,1.303648,0.357306,0.242388,inf,nan,0.000000,0.242388,0.242388,0.242388,0.356956,0.138381,0.242388,0.356956,0.138381,-0.000000,0.000000,2.974125,10,4
1780631173.904482,nmpc_dc,-3.295999,5.562040,-0.902440,2.887284,1.856622,-3.383850,7.162040,0.000000,45.000000,3.473340,1.571391,-0.063838,1,11.044108,0.330481,0.360251,0.247745,0.247745,1.155739,0.027671,0.247745,0.247745,0.140753,0.987315,0.294437,0.188453,inf,nan,0.000000,0.188453,0.188453,0.188453,0.144413,0.096853,0.188454,0.144414,0.096854,-0.000000,0.000000,3.025030,2,4
1780631174.029555,nmpc_dc,-3.368876,5.858625,-0.555106,3.044423,1.763224,-3.383851,7.458625,0.000000,45.000000,2.592263,0.855583,-0.050470,1,13.585356,0.362441,0.340266,0.232124,0.232124,0.863407,0.028133,0.232124,0.232124,0.144253,0.691020,0.327926,0.219939,inf,nan,0.000000,0.219939,0.219939,0.219939,0.160090,-0.059766,0.219939,0.160090,-0.059766,-0.000000,0.000000,3.094617,5,4
1780631174.108998,nmpc_dc,-3.411425,6.167346,-0.295879,3.129981,1.678386,-3.383853,7.767346,0.000000,45.000000,1.754197,0.421890,-0.037566,1,4.885684,0.372898,0.286816,0.181836,0.181836,0.941973,0.028506,0.181836,0.181836,0.146749,0.766718,0.342800,0.226655,inf,nan,0.000000,0.226655,0.226655,0.226655,0.199843,-0.094580,0.226656,0.199844,-0.094579,-0.000000,0.000000,3.143935,10,4
1780631174.223260,nmpc_dc,-3.432242,6.482453,-0.120460,3.172170,1.616037,-3.383854,8.082453,0.000000,45.000000,1.097812,0.201956,-0.027310,1,4.932915,0.417268,0.325853,0.218105,0.218105,1.036819,0.028748,0.218105,0.218105,0.148299,0.859772,0.380965,0.274602,inf,nan,0.000000,0.274602,0.274602,0.274602,0.229717,-0.007082,0.274603,0.229718,-0.007081,-0.000000,0.000000,3.174457,10,4
1780631174.308845,nmpc_dc,-3.438799,6.800680,-0.010679,3.192366,1.576761,-3.383855,8.400680,0.000000,45.000000,0.619484,0.095712,-0.020294,1,3.377669,0.582862,0.554044,0.440030,0.440030,0.620000,0.028889,0.421145,0.421145,0.149212,0.441899,0.103914,-0.003236,inf,nan,0.000000,-0.003236,-0.003236,-0.003236,-0.053260,-0.149570,-0.003236,-0.053259,-0.149569,-0.000000,0.000000,3.192384,10,4
1780631174.427989,nmpc_dc,-3.436770,7.120395,0.051270,3.201937,1.555279,-3.383856,8.720395,0.000000,45.000000,0.310430,-0.864136,-0.016070,1,6.258190,0.803928,0.851302,0.719677,0.719677,0.620000,0.028964,0.441314,0.441314,0.149720,0.441316,0.097190,-0.010857,inf,nan,0.000000,-0.010857,-0.010857,-0.010857,-0.055003,-0.159124,-0.009771,-0.055002,-0.159123,-0.000000,0.001087,3.202347,10,4
1780631174.509308,nmpc_dc,-3.430091,7.436268,0.082313,3.115523,1.542674,-3.383858,9.036268,0.000000,45.000000,0.085673,-2.625198,-0.013564,1,4.798787,0.857853,0.875185,0.760236,0.760236,0.620000,0.028310,0.446325,0.446325,0.145365,0.446326,0.096544,-0.009524,inf,nan,0.000000,-0.009524,-0.009524,-0.009524,-0.072338,-0.173272,-0.007818,-0.072338,-0.173272,-0.000000,0.001943,3.116611,10,4
1780631174.635681,nmpc_dc,-3.421431,7.734694,0.090880,2.853004,1.537872,-3.383859,9.334695,0.000000,45.000000,-0.264572,-5.363892,-0.012328,1,7.713484,0.783151,0.673377,0.558957,0.558957,0.620000,0.026427,0.460376,0.460376,0.132275,0.461298,0.091024,-0.012649,inf,nan,0.000000,-0.012649,-0.012649,-0.012649,-0.078340,-0.026107,-0.010086,-0.078340,-0.026107,-0.000000,0.003041,2.854451,10,4
1780631174.711300,nmpc_dc,-3.413666,7.993175,0.064423,2.316614,1.549537,-3.383860,9.593175,0.000000,45.000000,6.383042,-4.822528,-0.013210,1,10.751952,0.471983,0.361966,0.252855,0.252855,0.712694,0.023091,0.252854,0.252854,0.106540,0.583063,0.069025,-0.030372,inf,nan,0.000000,-0.030372,-0.030372,-0.030372,-0.099107,-0.007302,-0.018822,-0.099107,-0.007302,-0.000000,0.011551,2.317510,10,4
1780631174.820484,nmpc_dc,-3.375308,8.200724,0.702727,1.834362,1.334070,-3.383861,9.800724,0.000000,45.000000,-2.714868,5.745500,0.010115,1,5.051279,1.208461,1.196563,1.087495,1.087495,1.546113,0.021271,1.087495,1.087495,0.090399,1.434443,1.169023,1.063443,inf,nan,0.000000,1.063443,1.063443,1.063443,0.425122,0.053719,1.063443,0.425122,0.053720,-0.000000,0.000000,1.964359,10,4
1780631174.902590,nmpc_dc,-3.318610,8.412888,0.431240,2.408912,1.301276,-3.383862,10.012888,0.000000,45.000000,2.142031,3.563238,0.019481,1,7.375432,0.354795,0.294738,0.191330,0.191330,0.754548,0.023854,0.191330,0.191330,0.112624,0.618070,0.078417,-0.021912,inf,nan,0.000000,-0.021912,-0.021912,-0.021912,-0.100940,-0.046641,-0.018237,-0.100939,-0.046641,-0.000000,0.003675,2.447207,5,4
1780631175.008428,nmpc_dc,-3.264776,8.671595,0.645443,2.765235,1.539236,-3.383863,10.271595,0.000000,45.000000,-3.764499,2.244871,-0.004195,1,8.699391,inf,inf,inf,inf,inf,0.026408,inf,inf,0.131543,inf,inf,inf,inf,nan,0.000000,inf,inf,inf,inf,inf,inf,inf,inf,-0.000000,0.000001,2.839564,0,4
1780631175.103682,nmpc_dc,-3.219054,8.959343,0.268993,2.989723,1.518514,-3.383864,10.559342,0.000000,45.000000,-2.945504,1.149111,-0.007851,1,7.536064,0.365898,0.399137,0.293244,0.293244,0.794164,0.027629,0.293244,0.293244,0.139590,0.626944,0.330346,0.223727,inf,nan,0.000000,0.223727,0.223727,0.223727,0.088296,-0.064180,0.223728,0.088296,-0.064179,-0.000000,0.000000,3.001799,10,4
1780631175.220050,nmpc_dc,-3.206882,9.264061,-0.025557,3.104634,1.569097,-3.383865,10.864060,0.000000,45.000000,-1.684758,0.556509,-0.014223,1,5.741197,0.373012,0.380825,0.266966,0.266966,0.882554,0.028411,0.266966,0.266966,0.144764,0.709379,0.336518,0.229942,inf,nan,0.000000,0.229942,0.229942,0.229942,0.047102,-0.038195,0.229943,0.047103,-0.038194,-0.000000,0.000000,3.104739,10,4
1780631175.312213,nmpc_dc,-3.217862,9.577307,-0.194033,3.160284,1.619670,-3.383866,11.177306,0.000000,45.000000,-0.744178,0.264850,-0.021232,1,3.957726,0.333849,0.243356,0.121866,0.121866,1.005813,0.028849,0.121866,0.121866,0.147881,0.829083,0.297260,0.171538,inf,nan,0.000000,0.171538,0.171538,0.171538,0.121546,0.079977,0.171538,0.121547,0.079977,-0.000000,0.000000,3.166235,10,4
1780631175.425121,nmpc_dc,-3.240986,9.894659,-0.268451,3.186770,1.647241,-3.383867,11.494659,0.000000,45.000000,-0.137054,0.125320,-0.025851,1,4.239420,0.391476,0.429276,0.318779,0.318779,1.149975,0.029046,0.318779,0.318779,0.149501,0.971428,0.360192,0.248620,inf,nan,0.000000,0.248620,0.248620,0.248620,0.191507,0.099107,0.248620,0.191507,0.099107,-0.000000,0.000000,3.198057,10,4
1780631175.515553,nmpc_dc,-3.268516,10.213963,-0.282156,3.199301,1.654003,-3.383869,11.813963,0.000000,45.000000,-5.874149,-2.098701,-0.027575,1,5.874004,0.501914,0.478558,0.370827,0.370827,0.620000,0.029105,0.368452,0.368452,0.150198,0.440697,0.080021,-0.020789,inf,nan,0.000000,-0.020789,-0.020789,-0.020789,-0.102823,-0.217068,-0.019250,-0.102823,-0.217067,-0.000000,0.002463,3.211719,10,4
1780631175.635146,nmpc_dc,-3.326102,10.523400,-0.869571,2.989431,1.722331,-3.383870,12.123399,0.000000,45.000000,2.903087,0.823315,-0.035295,1,12.188631,0.672706,0.613641,0.509601,0.509601,1.214785,0.028293,0.509601,0.509601,0.145199,1.041293,0.640226,0.524241,inf,nan,0.000000,0.524241,0.524241,0.524241,0.276249,0.019940,0.524241,0.276249,0.019940,-0.000000,0.000000,3.113335,10,4
1780631175.726960,nmpc_dc,-3.398544,10.826459,-0.579262,3.071763,1.674808,-3.383871,12.426459,0.000000,45.000000,-4.307224,-3.995969,-0.031824,1,26.386776,0.371591,0.275167,0.162775,0.162775,0.620000,0.028367,0.162774,0.162774,0.145835,0.445798,-0.124890,-0.230582,inf,nan,0.000000,-0.230582,-0.230582,-0.230582,-0.212381,-0.072945,-0.015198,-0.168895,0.032300,-0.000000,0.240000,3.125903,10,4
1780631175.820516,nmpc_dc,-3.478006,11.113656,-1.009985,2.672166,1.758414,-3.383872,12.713656,0.000000,45.000000,5.656855,5.656854,-0.039855,1,7.151818,0.387119,0.291960,0.178683,0.178683,0.841398,0.026490,0.178683,0.178683,0.132385,0.682523,-0.012037,-0.122540,inf,nan,0.000000,-0.122540,-0.122540,-0.122540,-0.208396,0.051642,-0.012793,-0.196268,0.051643,-0.000000,0.119503,2.856666,10,4
1780631175.908031,nmpc_dc,-3.550721,11.409157,-0.444299,3.237851,1.860591,-3.383873,13.009157,0.000000,45.000000,-0.137464,0.635293,-0.052733,1,6.276637,0.537342,0.481021,0.377099,0.377099,0.702037,0.029638,0.376902,0.376902,0.153089,0.519310,0.092443,-0.016854,inf,nan,0.000000,-0.016854,-0.016854,-0.016854,-0.121786,-0.026112,-0.016331,-0.121785,-0.026112,-0.000000,0.000523,3.268193,6,4
1780631176.013160,nmpc_dc,-3.595838,11.736118,-0.458046,3.301381,1.643450,-3.383875,13.336119,0.000000,45.000000,3.910862,-0.355532,-0.031948,1,9.682952,inf,inf,inf,inf,inf,0.030263,inf,inf,0.156427,inf,inf,inf,inf,nan,0.000000,inf,inf,inf,inf,inf,inf,inf,inf,-0.000000,0.000000,3.333005,0,4
1780631176.105062,nmpc_dc,-3.622088,12.064479,-0.066959,3.265827,1.524015,-3.383876,13.664480,0.000000,45.000000,2.713511,-0.272323,-0.013540,1,8.800340,0.718644,0.753762,0.641178,0.641178,1.163908,0.029813,0.641178,0.641178,0.153003,0.981091,0.678644,0.571262,inf,nan,0.000000,0.571262,0.571262,0.571262,0.172726,0.093772,0.571262,0.172726,0.093773,-0.000000,0.000000,3.266514,3,4
1780631176.215967,nmpc_dc,-3.615216,12.389700,0.204392,3.238595,1.468623,-3.383877,13.989701,0.000000,45.000000,1.357622,-0.145172,-0.002820,1,6.692420,0.342835,0.237478,0.125942,0.125942,1.063897,0.029624,0.125942,0.125942,0.151902,0.882370,0.266158,0.164115,inf,nan,0.000000,0.164115,0.164115,0.164115,0.039957,0.090504,0.164115,0.039958,0.090505,-0.000000,0.000000,3.245038,10,4
1780631176.312027,nmpc_dc,-3.587989,12.712833,0.340154,3.224078,1.446194,-3.383879,14.312834,0.000000,45.000000,0.410340,-0.071157,0.002321,1,6.087310,0.327917,0.313708,0.203443,0.203443,1.215276,0.029523,0.203443,0.203443,0.151745,1.034008,0.288508,0.182670,inf,nan,0.000000,0.182670,0.182670,0.182670,0.233815,0.107118,0.182671,0.233815,0.107118,-0.000000,0.000000,3.241972,10,4
1780631176.433233,nmpc_dc,-3.551922,13.034885,0.381188,3.216962,1.444857,-3.383880,14.634886,0.000000,45.000000,-0.164410,-0.033999,0.003737,1,5.536645,0.495348,0.425560,0.316216,0.316216,1.356386,0.029417,0.316216,0.316216,0.151617,1.175353,0.461773,0.333947,inf,nan,0.000000,0.333947,0.333947,0.333947,0.314216,0.123255,0.333947,0.314217,0.123255,-0.000000,0.000000,3.239468,10,4
1780631176.504754,nmpc_dc,-3.514625,13.356412,0.364747,3.213562,1.456657,-3.383881,14.956412,0.000000,45.000000,-0.466929,-0.016111,0.002782,1,3.367834,0.693981,0.633398,0.526913,0.526913,1.506293,0.029303,0.526913,0.526913,0.151347,1.325643,0.654162,0.548824,inf,nan,0.000000,0.548824,0.548824,0.548824,0.414198,0.139311,0.548825,0.414198,0.139311,-0.000000,0.000000,3.234196,10,4
1780631176.663174,nmpc_dc,-3.480485,13.677687,0.318054,3.211951,1.474883,-3.383882,15.277688,0.000000,45.000000,-5.045577,-6.208232,0.000541,1,32.494808,0.877646,0.768798,0.656449,0.656449,0.620000,0.029202,0.439771,0.439771,0.151013,0.439785,-0.109796,-0.226661,inf,nan,0.000000,-0.226661,-0.226661,-0.226661,-0.217078,-0.119262,-0.005891,-0.118371,-0.085801,-0.000000,0.240000,3.227660,10,4
1780631176.711113,nmpc_dc,-3.480485,13.677687,0.318054,3.211951,1.474883,-3.383882,15.277688,0.000000,45.000000,0.903483,-7.948819,-0.000046,1,9.047423,0.880561,0.771675,0.659080,0.659080,0.620000,0.029202,0.439772,0.439772,0.151013,0.439785,-0.101032,-0.224244,inf,nan,0.000000,-0.224244,-0.224244,-0.224244,-0.239386,-0.121517,-0.007569,-0.147336,-0.086920,-0.000000,0.237895,3.227660,10,4
1780631176.816726,nmpc_dc,-3.444162,13.959138,0.408402,2.417069,1.374611,-3.383884,15.559139,0.000000,45.000000,-1.207935,2.923456,0.010726,1,5.347777,1.206070,1.111731,0.999047,0.999047,1.766102,0.023874,0.999047,0.999047,0.112819,1.629409,1.173450,1.060654,inf,nan,0.000000,1.060654,1.060654,1.060654,0.553711,0.166320,1.060655,0.553711,0.166321,-0.000000,0.000001,2.451330,10,4
1780631176.935252,nmpc_dc,-3.409362,14.215463,0.287609,2.709415,1.418978,-3.383885,15.815463,0.000000,45.000000,-1.757125,-7.423689,-0.160043,0,26.750892,0.358409,0.253351,0.142298,0.142298,0.620000,0.025553,0.142298,0.142298,0.125921,0.468526,-0.144208,-0.249600,inf,nan,0.000000,-0.249600,-0.249600,-0.249600,-0.207639,-0.055105,-0.016316,-0.177834,0.087514,-0.013595,0.240000,2.724637,10,4
1780631177.031667,nmpc_dc,-3.389386,14.449286,0.111897,1.967046,1.584770,-3.383885,16.049286,0.000000,45.000000,-0.580030,4.960635,-0.051205,1,8.202373,1.654448,1.564212,1.454548,1.454548,2.012299,0.021298,1.454548,1.454548,0.090662,1.900338,1.617004,1.508693,inf,nan,0.000000,1.508693,1.508693,1.508693,0.652238,0.199132,1.508693,0.652238,0.199132,-0.000000,0.000000,1.970226,10,4
1780631177.132385,nmpc_dc,-3.381097,14.670793,0.053894,2.463110,1.546448,-3.383886,16.270793,0.000000,45.000000,0.952974,-4.919073,-0.357729,0,34.082654,0.366466,0.315790,0.199085,0.199085,0.679392,0.023924,0.199085,0.199085,0.113404,0.542065,-0.067562,-0.183610,inf,nan,0.000000,-0.183610,-0.183610,-0.183610,-0.130324,-0.056354,-0.012327,-0.089667,-0.021341,-0.000371,0.178460,2.463699,4,4
1780631177.213315,nmpc_dc,-3.370943,14.892509,0.149191,1.971202,1.510147,-3.383887,16.492509,0.000000,45.000000,-0.705784,5.130800,-0.089884,1,11.332110,2.045125,1.948197,1.832389,1.832389,2.277442,0.021331,1.832389,1.832389,0.090959,2.165152,2.005375,1.899376,inf,nan,0.000000,1.899376,1.899376,1.899376,0.782591,0.238114,1.899376,0.782591,0.238114,-0.000000,0.000000,1.976840,6,4
1780631177.315707,nmpc_dc,-3.359553,15.115283,0.078613,2.484282,1.504481,-3.383888,16.715283,0.000000,45.000000,5.656854,-5.656854,-0.021698,1,23.225432,0.341831,0.235346,0.124728,0.124728,0.779570,0.024057,0.124728,0.124728,0.114438,0.641075,0.052641,-0.057778,inf,nan,0.000000,-0.057778,-0.057778,-0.057778,-0.137388,0.012518,-0.007654,-0.137028,0.019171,-0.000000,0.056049,2.485526,2,4
1780631177.415388,nmpc_dc,-3.323407,15.335427,0.644298,1.918597,1.307128,-3.383889,16.935427,0.000000,45.000000,-2.972730,5.308753,0.016949,1,14.474136,0.344437,0.343061,0.230633,0.230633,1.396099,0.021579,0.230633,0.230633,0.093077,1.281443,0.306237,0.201805,inf,nan,0.000000,0.201805,0.201805,0.201805,0.199574,0.134574,0.201806,0.199574,0.134574,-0.000000,0.000000,2.023891,1,4
1780631177.500920,nmpc_dc,-3.273841,15.553831,0.347025,2.449472,1.313726,-3.383890,17.153830,0.000000,45.000000,-2.744513,3.778004,0.025783,1,8.874689,inf,inf,inf,inf,inf,0.024063,inf,inf,0.113888,inf,inf,inf,inf,nan,0.000000,inf,inf,inf,inf,inf,inf,inf,inf,-0.000000,0.000000,2.473932,0,4
1780631177.617396,nmpc_dc,-3.252861,15.817668,0.072574,2.827273,1.390921,-3.383891,17.417668,0.000000,45.000000,-1.695928,1.985676,0.019450,1,9.809404,0.333611,0.329370,0.212794,0.212794,1.165379,0.026350,0.212794,0.212794,0.130984,1.008044,0.294291,0.191336,inf,nan,0.000000,0.191336,0.191336,0.191336,0.276235,-0.029130,0.191336,0.276235,-0.029129,-0.000000,0.000000,2.828204,10,4
1780631177.704101,nmpc_dc,-3.254083,16.110324,-0.097019,3.025840,1.500547,-3.383892,17.710323,0.000000,45.000000,-0.853264,0.969270,0.005805,1,5.829720,0.339743,0.250696,0.144485,0.144485,1.253288,0.027748,0.144485,0.144485,0.140872,1.084668,0.300505,0.182707,inf,nan,0.000000,0.182707,0.182707,0.182707,0.246721,0.112239,0.182708,0.246722,0.112240,-0.000000,0.000000,3.027395,10,4
1780631177.832254,nmpc_dc,-3.268051,16.417754,-0.182346,3.122767,1.575191,-3.383893,18.017754,0.000000,45.000000,-0.286641,0.462471,-0.005772,1,6.664258,0.459698,0.371122,0.262877,0.262877,1.406681,0.028469,0.262877,0.262877,0.145945,1.232266,0.423341,0.315842,inf,nan,0.000000,0.315842,0.315842,0.315842,0.362886,0.129521,0.315842,0.362887,0.129521,-0.000000,0.000000,3.128087,10,4
1780631177.907940,nmpc_dc,-3.287719,16.732343,-0.211010,3.169014,1.611208,-3.383894,18.332343,0.000000,45.000000,0.058437,0.219015,-0.012552,1,3.451684,0.743518,0.649146,0.536533,0.536533,1.515089,0.028805,0.536533,0.536533,0.148379,1.337905,0.703527,0.599358,inf,nan,0.000000,0.599358,0.599358,0.599358,0.478533,0.082820,0.599358,0.478534,0.082820,-0.000000,0.000000,3.176032,10,4
1780631178.017120,nmpc_dc,-3.308528,17.050340,-0.205166,3.190916,1.622158,-3.383896,18.650339,0.000000,45.000000,0.243813,0.103458,-0.015358,1,5.325697,1.046883,0.949128,0.833702,0.833702,1.012843,0.028946,0.814257,0.814257,0.149473,0.834425,0.958027,0.853249,inf,nan,0.000000,0.853249,0.853249,0.853249,0.201580,-0.217404,0.853249,0.201580,-0.217403,-0.000000,0.000000,3.197505,10,4
1780631178.113855,nmpc_dc,-3.327826,17.369949,-0.180785,3.201262,1.620034,-3.383897,18.969948,0.000000,45.000000,0.321417,0.048828,-0.015730,1,3.746902,1.357468,1.255074,1.139655,1.139655,0.771556,0.028997,0.592634,0.592634,0.149925,0.592634,0.508168,0.395907,inf,nan,0.000000,0.395907,0.395907,0.395907,0.085163,-0.049350,0.395908,0.085164,-0.049350,-0.000000,0.000000,3.206362,10,4
1780631178.225828,nmpc_dc,-3.344297,17.690319,-0.148643,3.206144,1.612339,-3.383898,19.290319,0.000000,45.000000,0.331283,0.023041,-0.014885,1,4.080729,1.235339,1.206036,1.099410,1.099410,0.761502,0.029012,0.582400,0.582400,0.150089,0.582400,0.466054,0.362730,inf,nan,0.000000,0.362730,0.362730,0.362730,0.049373,-0.059689,0.362731,0.049373,-0.059688,-0.000000,0.000000,3.209588,10,4
1780631178.307431,nmpc_dc,-3.357505,18.011048,-0.115515,3.208449,1.603143,-3.383900,19.611048,0.000000,45.000000,0.302601,0.010874,-0.013576,1,3.414983,1.078614,1.092002,0.974288,0.974288,0.772882,0.029014,0.593731,0.593731,0.150137,0.593731,0.470564,0.366944,inf,nan,0.000000,0.366944,0.366944,0.366944,0.025926,-0.081261,0.366945,0.025926,-0.081261,-0.000000,0.000000,3.210527,10,4
1780631178.418180,nmpc_dc,-3.367543,18.331948,-0.085255,3.209536,1.594437,-3.383901,19.931948,0.000000,45.000000,0.255521,0.005135,-0.012214,1,6.143208,0.906479,0.857409,0.752981,0.752981,0.852238,0.029012,0.671389,0.671389,0.150144,0.673081,0.467485,0.364040,inf,nan,0.000000,0.364040,0.364040,0.364040,0.016627,0.008479,0.364041,0.016627,0.008479,-0.000000,0.000000,3.210668,10,4
1780631178.510668,nmpc_dc,-3.374791,18.652927,-0.059703,3.210049,1.587060,-3.383902,20.252927,0.000000,45.000000,0.203102,0.002423,-0.010992,1,3.452799,0.687709,0.669820,0.564372,0.564372,0.871775,0.029010,0.564053,0.564053,0.150141,0.692623,0.465045,0.361783,inf,nan,0.000000,0.361783,0.361783,0.361783,0.016058,-0.043323,0.361783,0.016058,-0.043322,-0.000000,0.000000,3.210605,10,4
1780631178.624242,nmpc_dc,-3.379746,18.973944,-0.039392,3.210292,1.581247,-3.383903,20.573944,0.000000,45.000000,0.153125,0.001142,-0.009983,1,4.370487,0.556324,0.571681,0.459583,0.459583,0.851030,0.029009,0.459566,0.459566,0.150137,0.671884,0.461313,0.358071,inf,nan,0.000000,0.358071,0.358071,0.358071,0.068980,-0.055853,0.358072,0.068980,-0.055852,-0.000000,0.000000,3.210533,10,4
1780631178.709181,nmpc_dc,-3.382920,19.294979,-0.024080,3.210406,1.576929,-3.383905,20.894979,0.000000,45.000000,0.109655,0.000536,-0.009197,1,3.385280,0.500393,0.565279,0.445059,0.445059,0.780213,0.029009,0.444938,0.444938,0.150136,0.601068,0.434443,0.331362,inf,nan,0.000000,0.331362,0.331362,0.331362,0.059466,-0.118367,0.331363,0.059467,-0.118366,-0.000000,0.000000,3.210496,10,4
1780631178.827179,nmpc_dc,-3.384779,19.616022,-0.013114,3.210460,1.573895,-3.383906,21.216022,0.000000,45.000000,0.074264,0.000253,-0.008611,1,4.535827,0.566100,0.580119,0.467394,0.467394,0.784181,0.029009,0.467164,0.467164,0.150135,0.605037,0.428670,0.325264,inf,nan,0.000000,0.325264,0.325264,0.325264,0.029565,-0.120323,0.325265,0.029565,-0.120322,-0.000000,0.000000,3.210486,10,4
1780631178.905257,nmpc_dc,-3.385719,19.937069,-0.005688,3.210485,1.571891,-3.383907,21.537069,0.000000,45.000000,0.046981,0.000114,-0.008191,1,3.333455,0.730140,0.687448,0.582224,0.582224,0.620000,0.029009,0.440654,0.440654,0.150135,0.440856,0.214710,0.103114,inf,nan,0.000000,0.103114,0.103114,0.103114,-0.003212,-0.127096,0.103115,-0.003211,-0.127096,-0.000000,0.000000,3.210490,10,4
1780631179.028378,nmpc_dc,-3.386053,20.258118,-0.000990,3.210496,1.570666,-3.383908,21.858119,0.000000,45.000000,-0.319928,0.017166,-0.007927,1,10.370958,0.723596,0.691116,0.584193,0.584193,0.620000,0.029009,0.440667,0.440667,0.150136,0.440856,0.081232,-0.018348,inf,nan,0.000000,-0.018348,-0.018348,-0.018348,-0.068633,-0.128970,-0.018348,-0.068633,-0.128970,-0.000000,0.000000,3.210496,10,4
1780631179.124376,nmpc_dc,-3.387752,20.579254,-0.032983,3.212213,1.569944,-3.383910,22.179254,0.000000,45.000000,-1.721664,-0.264270,-0.007705,1,6.557408,0.560166,0.550615,0.440474,0.440474,0.620000,0.029023,0.420805,0.420805,0.150232,0.440745,0.088975,-0.013490,inf,nan,0.000000,-0.013490,-0.013490,-0.013490,-0.074725,-0.122038,-0.013489,-0.074725,-0.122037,-0.000000,0.000004,3.212382,10,4
1780631179.216425,nmpc_dc,-3.399659,20.899154,-0.205149,3.185786,1.573737,-3.361609,22.497497,0.000000,45.000000,-1.463497,-0.103239,-0.008012,1,4.442757,0.454978,0.500521,0.391447,0.391447,0.638591,0.028845,0.389008,0.389008,0.149212,0.460534,0.088685,-0.014433,inf,nan,0.000000,-0.014433,-0.014433,-0.014433,-0.097866,-0.137076,-0.014431,-0.097866,-0.137075,-0.000000,0.000002,3.192384,10,4
1780631179.308068,nmpc_dc,-3.427491,21.217216,-0.351499,3.175462,1.560823,-3.314615,22.812069,0.000000,45.000000,-0.648472,-0.544849,-0.006631,1,4.043467,0.421501,0.339896,0.235325,0.235325,0.759207,0.028864,0.235324,0.235324,0.149338,0.581005,0.107921,-0.005343,inf,nan,0.000000,-0.005343,-0.005343,-0.005343,-0.105421,0.019669,-0.003709,-0.105420,0.020486,-0.000000,0.001634,3.194857,10,4
1780631179.429772,nmpc_dc,-3.465883,21.532038,-0.416346,3.120977,1.531153,-3.268101,23.123436,0.000000,45.000000,2.945118,0.378321,-0.003009,1,6.621141,0.336018,0.298834,0.192581,0.192581,0.839102,0.028612,0.192581,0.192581,0.146986,0.663504,0.084554,-0.017924,inf,nan,0.000000,-0.017924,-0.017924,-0.017924,-0.092040,0.026314,-0.017923,-0.092040,0.026315,-0.000000,0.000001,3.148625,10,4
1780631179.504729,nmpc_dc,-3.492792,21.846028,-0.121834,3.158809,1.502434,-3.221709,23.433979,0.000000,45.000000,3.177149,0.150673,0.001039,1,8.996663,0.330094,0.278702,0.173724,0.173724,0.840624,0.028860,0.173724,0.173724,0.147623,0.664142,0.150859,0.046259,inf,nan,0.000000,0.046259,0.046259,0.046259,-0.075053,-0.048907,0.046260,-0.075053,-0.048906,-0.000000,0.000000,3.161158,8,4
1780631179.614480,nmpc_dc,-3.489090,22.162662,0.195881,3.173877,1.463075,-3.174927,23.747139,0.000000,45.000000,2.168039,0.035685,0.006330,1,8.099618,0.335119,0.325478,0.214861,0.214861,0.870723,0.029094,0.214861,0.214861,0.148577,0.693051,0.294959,0.192750,inf,nan,0.000000,0.192750,0.192750,0.192750,0.046740,-0.083009,0.192751,0.046741,-0.083008,-0.000000,0.000000,3.179915,10,4
1780631179.709512,nmpc_dc,-3.458662,22.480228,0.412685,3.177445,1.422573,-3.129853,24.048863,0.000000,45.000000,1.260111,-0.129918,0.012023,1,4.999866,0.390187,0.337163,0.233225,0.233225,0.947787,0.029017,0.233225,0.233225,0.149811,0.768960,0.360073,0.247706,inf,nan,0.000000,0.247706,0.247706,0.247706,0.090880,-0.161851,0.247706,0.090880,-0.161851,-0.000000,0.000000,3.204133,10,4
1780631179.819870,nmpc_dc,-3.411093,22.797323,0.538696,3.164453,1.391724,-3.082478,24.365987,0.000000,45.000000,0.630649,-0.084460,0.016728,1,4.253900,0.441461,0.440180,0.334611,0.334611,0.954513,0.029061,0.334611,0.334611,0.150109,0.775342,0.455626,0.350146,inf,nan,0.000000,0.350146,0.350146,0.350146,0.095055,0.034812,0.350146,0.095056,0.034813,-0.000000,0.000000,3.209978,10,4
1780631179.906328,nmpc_dc,-3.354070,23.113346,0.601761,3.156007,1.376894,-3.035054,24.683444,0.000000,45.000000,0.217793,-0.030774,0.019413,1,3.463133,0.531011,0.640285,0.526455,0.526455,0.829209,0.029072,0.526077,0.526077,0.150256,0.649880,0.552149,0.448066,inf,nan,0.000000,0.448066,0.448066,0.448066,0.110400,-0.050966,0.448066,0.110401,-0.050966,-0.000000,0.000000,3.212864,10,4
1780631180.026659,nmpc_dc,-3.292805,23.428793,0.623540,3.152930,1.373320,-2.987621,25.000957,0.000000,45.000000,-0.033184,0.005337,0.020348,1,4.151657,0.585906,0.634053,0.520405,0.520405,0.874664,0.029067,0.520342,0.520342,0.150314,0.695283,0.537892,0.433606,inf,nan,0.000000,0.433606,0.433606,0.433606,0.082079,-0.029792,0.433607,0.082079,-0.029792,-0.000000,0.000000,3.213996,10,4
1780631180.112213,nmpc_dc,-3.230617,23.744112,0.620221,3.153464,1.376479,-2.940187,25.318481,0.000000,45.000000,-0.168767,0.025321,0.020108,1,3.653600,0.650884,0.654425,0.538985,0.538985,0.969306,0.029054,0.538980,0.538980,0.150308,0.789944,0.494974,0.389821,inf,nan,0.000000,0.389821,0.389821,0.389821,0.066483,-0.019895,0.389821,0.066483,-0.019894,-0.000000,0.000000,3.213877,10,4
1780631180.239699,nmpc_dc,-3.169438,24.059585,0.603345,3.155996,1.383033,-2.892752,25.636007,0.000000,45.000000,-0.226476,0.033875,0.019205,1,14.467252,0.458390,0.405840,0.301768,0.301768,0.869783,0.029040,0.301768,0.301768,0.150271,0.690472,0.236310,0.128099,inf,nan,0.000000,0.128099,0.128099,0.128099,-0.074427,-0.002670,0.128099,-0.074427,-0.002669,-0.000000,0.000000,3.213150,10,4
1780631180.311190,nmpc_dc,-3.110236,24.375354,0.580697,3.159383,1.390760,-2.845318,25.953534,0.000000,45.000000,-0.235084,0.035132,0.018015,1,3.737872,0.446343,0.503545,0.390467,0.390467,0.791586,0.029028,0.390455,0.390455,0.150228,0.612330,0.407634,0.303144,inf,nan,0.000000,0.303144,0.303144,0.303144,0.043215,-0.152371,0.303144,0.043215,-0.152370,-0.000000,0.000000,3.212306,10,4
1780631180.440141,nmpc_dc,-3.053342,24.691468,0.557189,3.162896,1.398322,-2.797883,26.271061,0.000000,45.000000,4.414062,-1.503117,0.016750,1,11.443322,0.331676,0.342502,0.231569,0.231569,0.620000,0.029020,0.231550,0.231550,0.150192,0.440788,0.080486,-0.019505,inf,nan,0.000000,-0.019505,-0.019505,-0.019505,-0.111257,-0.179641,-0.019105,-0.111257,-0.179641,-0.000000,0.000725,3.211600,10,4
1780631180.503631,nmpc_dc,-2.975553,25.000242,0.998595,3.012585,1.375406,-2.751064,26.584461,0.000000,45.000000,-2.100754,0.624819,0.018851,1,3.102748,0.377081,0.327037,0.222570,0.222570,0.717532,0.028728,0.222569,0.222569,0.148264,0.540540,0.266833,0.158303,inf,nan,0.000000,0.158303,0.158303,0.158303,-0.006428,-0.063566,0.158303,-0.006428,-0.063566,-0.000000,0.000001,3.173777,10,4
1780631180.627820,nmpc_dc,-2.886197,25.304625,0.788520,3.075067,1.399611,-2.704635,26.895257,0.000000,45.000000,5.656860,-5.656848,0.016620,1,9.858590,0.383834,0.296555,0.181934,0.181934,0.724102,0.028753,0.181934,0.181934,0.148304,0.547045,0.082251,-0.018492,inf,nan,0.000000,-0.018492,-0.018492,-0.018492,-0.134707,-0.039556,-0.018490,-0.134707,-0.039554,-0.000000,0.023762,3.174555,10,4
1780631180.711919,nmpc_dc,-2.779061,25.583847,1.354206,2.509382,1.210152,-2.661494,27.184039,0.000000,45.000000,-4.538103,2.687996,0.036555,1,5.198214,0.820486,0.732527,0.607877,0.607877,0.802016,0.026491,0.600635,0.600635,0.132129,0.643397,0.174644,0.067724,inf,nan,0.000000,0.067724,0.067724,0.067724,-0.088220,-0.069096,0.067724,-0.088219,-0.069096,-0.000000,0.000000,2.851468,10,4
1780631180.829781,nmpc_dc,-2.666331,25.848225,0.900395,2.778181,1.297364,-2.620401,27.459119,0.000000,45.000000,-3.929454,2.218538,0.031838,1,8.109614,0.407224,0.427030,0.304677,0.304677,0.816188,0.027116,0.304677,0.304677,0.135538,0.653534,0.352989,0.249564,inf,nan,0.000000,0.249564,0.249564,0.249564,0.074098,-0.064353,0.249564,0.074098,-0.064353,-0.000000,0.000000,2.920446,8,4
1780631180.909052,nmpc_dc,-2.595938,26.137136,0.507450,3.000035,1.371062,-2.576646,27.752009,0.000000,45.000000,-2.376645,1.233837,0.022430,1,6.778504,0.356677,0.303078,0.199066,0.199066,0.817144,0.028062,0.199066,0.199066,0.141637,0.647444,0.171731,0.064820,inf,nan,0.000000,0.064820,0.064820,0.064820,-0.079218,-0.058752,0.064820,-0.079217,-0.058752,-0.000000,0.000000,3.042649,10,4
1780631181.032819,nmpc_dc,-2.557077,26.443309,0.269785,3.123419,1.450063,-2.531058,28.057177,0.000000,45.000000,-1.144786,0.603028,0.011331,1,11.156541,0.332583,0.256679,0.153163,0.153163,0.855382,0.028728,0.153163,0.153163,0.146298,0.680355,0.297144,0.173596,inf,nan,0.000000,0.173596,0.173596,0.173596,0.109218,-0.052395,0.173596,0.109219,-0.052394,-0.000000,0.000000,3.135048,10,4
1780631181.100176,nmpc_dc,-2.535822,26.758666,0.155307,3.183722,1.501184,-2.484512,28.368756,0.000000,45.000000,-0.318578,0.254190,0.002917,1,3.364812,0.336871,0.327731,0.213347,0.213347,0.927022,0.029060,0.213347,0.213347,0.148963,0.748999,0.295972,0.188142,inf,nan,0.000000,0.188142,0.188142,0.188142,0.139878,-0.079939,0.188142,0.139879,-0.079939,-0.000000,0.000000,3.187507,10,4
1780631181.221829,nmpc_dc,-2.521884,27.078309,0.123449,3.209141,1.521130,-2.437499,28.683458,0.000000,45.000000,0.179658,0.071076,-0.001377,1,3.762253,0.417442,0.355211,0.243496,0.243496,1.028421,0.029170,0.243496,0.243496,0.150188,0.849063,0.384924,0.269196,inf,nan,0.000000,0.269196,0.269196,0.269196,0.149164,-0.109607,0.269196,0.149164,-0.109606,-0.000000,0.000000,3.211514,10,4
1780631181.307435,nmpc_dc,-2.508641,27.399578,0.141415,3.216248,1.519705,-2.390264,28.999649,0.000000,45.000000,0.440198,-0.019494,-0.002287,1,3.396726,0.595455,0.622586,0.513067,0.513067,1.157390,0.029170,0.513067,0.513067,0.150588,0.977633,0.615350,0.511253,inf,nan,0.000000,0.511253,0.511253,0.511253,0.148084,0.098785,0.511253,0.148085,0.098785,-0.000000,0.000000,3.219356,10,4
1780631181.425027,nmpc_dc,-2.492299,27.721106,0.185434,3.214299,1.507228,-2.342923,29.316546,0.000000,45.000000,0.540550,-0.058918,-0.001141,1,4.431097,0.657575,0.706810,0.594850,0.594850,0.667052,0.029130,0.486665,0.486665,0.150603,0.487320,0.169379,0.067677,inf,nan,0.000000,0.067677,0.067677,0.067677,-0.076607,-0.197076,0.067677,-0.076607,-0.197076,-0.000000,0.000000,3.219643,10,4
1780631181.504482,nmpc_dc,-2.471053,28.042241,0.239489,3.208407,1.490758,-2.295533,29.633775,0.000000,45.000000,0.541027,-0.070516,0.000946,1,3.206105,0.759263,0.725008,0.603270,0.603270,0.712970,0.029086,0.531024,0.531024,0.150485,0.533399,0.190771,0.081268,inf,nan,0.000000,0.081268,0.081268,0.081268,-0.095677,-0.071895,0.081269,-0.095677,-0.071895,-0.000000,0.000000,3.217333,10,4
1780631181.640079,nmpc_dc,-2.444398,28.362729,0.293592,3.201355,1.474265,-2.248119,29.951162,0.000000,45.000000,0.485805,-0.067706,0.003258,1,6.317382,0.529701,0.462128,0.358041,0.358041,0.784444,0.029053,0.358035,0.358035,0.150355,0.605037,0.178989,0.074939,inf,nan,0.000000,0.074939,0.074939,0.074939,-0.104112,0.024102,0.074939,-0.104112,0.024103,-0.000000,0.000000,3.214790,10,4
1780631181.704566,nmpc_dc,-2.412610,28.682526,0.342173,3.194585,1.459669,-2.200694,30.268623,0.000000,45.000000,0.405266,-0.058245,0.005404,1,3.251977,0.380733,0.356994,0.249234,0.249234,0.878856,0.029031,0.249234,0.249234,0.150256,0.699568,0.231340,0.123821,inf,nan,0.000000,0.123821,0.123821,0.123821,-0.042961,0.026986,0.123822,-0.042961,0.026987,-0.000000,0.000000,3.212858,10,4
1780631181.821329,nmpc_dc,-2.376367,29.001693,0.382699,3.188760,1.447703,-2.153264,30.586119,0.000000,45.000000,0.318942,-0.046564,0.007210,1,4.458635,0.340693,0.383746,0.273958,0.273958,0.836926,0.029019,0.273958,0.273958,0.150194,0.657713,0.290267,0.187812,inf,nan,0.000000,0.187812,0.187812,0.187812,0.048803,-0.023878,0.187813,0.048804,-0.023878,-0.000000,0.000000,3.211643,10,4
1780631181.905432,nmpc_dc,-2.336502,29.320337,0.414593,3.184104,1.438451,-2.105831,30.903632,0.000000,45.000000,0.238260,-0.035086,0.008622,1,3.358629,0.351562,0.358395,0.245333,0.245333,0.807856,0.029013,0.245333,0.245333,0.150160,0.628683,0.311588,0.201102,inf,nan,0.000000,0.201102,0.201102,0.201102,0.080947,-0.040037,0.201103,0.080947,-0.040037,-0.000000,0.000000,3.210982,10,4
1780631182.044587,nmpc_dc,-2.293851,29.638572,0.438419,3.180595,1.431667,-2.058397,31.221153,0.000000,45.000000,0.169025,-0.025009,0.009659,1,7.094071,0.408508,0.384374,0.272947,0.272947,0.909593,0.029010,0.272947,0.272947,0.150144,0.730438,0.358035,0.245813,inf,nan,0.000000,0.245813,0.245813,0.245813,0.064575,0.014966,0.245813,0.064575,0.014966,-0.000000,0.000000,3.210669,10,4
1780631182.109440,nmpc_dc,-2.249164,29.956506,0.455322,3.178094,1.426955,-2.010963,31.538677,0.000000,45.000000,0.113244,-0.016804,0.010369,1,3.368099,0.382471,0.431468,0.313777,0.313777,0.904366,0.029009,0.313777,0.313777,0.150138,0.725219,0.347445,0.235942,inf,nan,0.000000,0.235942,0.235942,0.235942,0.110196,-0.032285,0.235942,0.110197,-0.032284,-0.000000,0.000000,3.210545,10,4
1780631182.229873,nmpc_dc,-2.203066,30.274231,0.466646,3.176414,1.423880,-1.963528,31.856202,0.000000,45.000000,0.070669,-0.010504,0.010815,1,4.707290,0.436100,0.457471,0.343387,0.343387,0.845197,0.029009,0.343387,0.343387,0.150136,0.666052,0.399265,0.293250,inf,nan,0.000000,0.293250,0.293250,0.293250,0.041071,-0.143331,0.293251,0.041072,-0.143331,-0.000000,0.000000,3.210508,10,4
1780631182.314722,nmpc_dc,-2.156048,30.591820,0.473713,3.175363,1.422033,-1.916094,32.173729,0.000000,45.000000,-5.971297,-0.594415,0.011030,1,5.855366,0.625672,0.595647,0.476668,0.476668,0.620000,0.029009,0.433679,0.433679,0.150136,0.440855,0.086320,-0.019702,inf,nan,0.000000,-0.019702,-0.019702,-0.019702,-0.108308,-0.108985,-0.018391,-0.108308,-0.108985,-0.000000,0.001573,3.210504,10,4
1780631182.433135,nmpc_dc,-2.138533,30.906385,-0.123416,3.115922,1.487176,-1.869745,32.483986,0.000000,45.000000,-6.583254,-4.545412,0.003950,1,7.701184,0.573363,0.522040,0.404166,0.404166,0.620000,0.028316,0.398265,0.398265,0.145453,0.446231,0.082360,-0.024725,inf,nan,0.000000,-0.024725,-0.024725,-0.024725,-0.094965,-0.046863,-0.017570,-0.094964,-0.046863,-0.000000,0.007693,3.118365,10,4
1780631182.513286,nmpc_dc,-2.183791,31.195250,-0.781742,2.661381,1.678267,-1.828522,32.759932,0.000000,45.000000,-5.656855,-5.656854,-0.018682,1,5.858345,0.345032,0.239891,0.128867,0.128867,0.783749,0.025967,0.128867,0.128867,0.128319,0.629463,0.053324,-0.045565,inf,nan,0.000000,-0.045565,-0.045565,-0.045565,-0.136887,0.020515,-0.018609,-0.136887,0.022361,-0.000000,0.026955,2.773818,10,4
1780631182.628742,nmpc_dc,-2.290249,31.433104,-1.347427,2.095695,1.747608,-1.796089,32.977037,0.000000,45.000000,7.147095,3.594306,-0.031770,1,8.781214,0.758974,0.706988,0.602597,0.602597,1.551691,0.024531,0.602597,0.602597,0.114721,1.412440,0.726901,0.614860,inf,nan,0.000000,0.614860,0.614860,0.614860,0.325295,0.123222,0.614860,0.325295,0.123223,-0.000000,0.000000,2.491485,10,4
1780631182.709584,nmpc_dc,-2.389257,31.660645,-0.632718,2.455126,1.679275,-1.765000,33.185143,0.000000,45.000000,0.908217,4.131882,-0.027372,1,6.999980,0.373360,0.434186,0.306637,0.306637,0.683554,0.025353,0.306630,0.306630,0.116807,0.541393,0.087864,-0.014831,inf,nan,0.000000,-0.014831,-0.014831,-0.014831,-0.098089,-0.112769,-0.009402,-0.098089,-0.112769,-0.000000,0.005430,2.535345,9,4
1780631182.817150,nmpc_dc,-2.447987,31.926817,-0.541896,2.868314,1.415412,-1.727387,33.436922,0.000000,45.000000,-4.740407,-1.823912,0.002675,1,14.143808,0.376934,0.275637,0.162764,0.162764,0.792263,0.028423,0.162764,0.162764,0.135469,0.628371,0.072601,-0.033088,inf,nan,0.000000,-0.033088,-0.033088,-0.033088,-0.125643,0.040489,-0.018148,-0.125641,0.048122,-0.000000,0.015265,2.919054,1,4
1780631182.907112,nmpc_dc,-2.525879,32.204528,-1.015937,2.685923,1.368658,-1.688507,33.697190,0.000000,45.000000,7.906314,1.220735,0.015193,1,14.100967,1.542989,1.576713,1.464000,1.464000,1.886930,0.028936,1.463997,1.463997,0.133123,1.724871,1.456138,1.349260,inf,nan,0.000000,1.349260,1.349260,1.349260,0.370990,0.180076,1.349260,0.370991,0.180076,-0.000000,0.000000,2.871639,1,4
1780631183.013724,nmpc_dc,-2.587941,32.479224,-0.225305,2.807996,1.389220,-1.649721,33.956820,0.000000,45.000000,7.961431,0.784616,0.015986,1,7.766736,0.365129,0.404261,0.291239,0.291239,1.017649,0.029436,0.291239,0.291239,0.130435,0.857779,0.328198,0.219796,inf,nan,0.000000,0.219796,0.219796,0.219796,0.096734,0.063530,0.219796,0.096734,0.063530,-0.000000,0.000000,2.817021,3,4
1780631183.106546,nmpc_dc,-2.570664,32.763947,0.570838,2.886458,1.358483,-1.607738,34.237852,0.000000,45.000000,6.642451,0.374404,0.019457,1,5.438243,0.353162,0.349157,0.237434,0.237434,1.165154,0.030537,0.237434,0.237434,0.136626,0.997991,0.314279,0.210831,inf,nan,0.000000,0.210831,0.210831,0.210831,0.200392,0.078568,0.210831,0.200393,0.078569,-0.000000,0.000000,2.942362,10,4
1780631183.222447,nmpc_dc,-2.480368,33.054465,1.235083,2.923898,1.292363,-1.563314,34.535223,0.000000,45.000000,3.186007,0.238352,0.027400,1,5.402394,0.369933,0.320407,0.216203,0.216203,1.319170,0.031808,0.216203,0.216203,0.148278,1.139084,0.336071,0.227786,inf,nan,0.000000,0.227786,0.227786,0.227786,0.288905,0.116694,0.227787,0.288905,0.116694,-0.000000,0.000000,3.174053,10,4
1780631183.323500,nmpc_dc,-2.340930,33.348047,1.553684,2.947734,1.182113,-1.517370,34.842771,0.000000,45.000000,0.678699,0.246706,0.041216,1,5.527124,0.420971,0.338921,0.234460,0.234460,1.459602,0.032255,0.234460,0.234460,0.156382,1.270966,0.382940,0.278305,inf,nan,0.000000,0.278305,0.278305,0.278305,0.366463,0.136292,0.278306,0.366464,0.136293,-0.000000,0.000000,3.332126,10,4
1780631183.470272,nmpc_dc,-2.182168,33.644053,1.621553,2.972404,1.121619,-1.470650,35.155516,0.000000,45.000000,-0.809352,0.286906,0.050994,1,13.405648,0.583774,0.548511,0.438576,0.438576,1.590623,0.031898,0.438576,0.438576,0.159170,1.399556,0.610487,0.497483,inf,nan,0.000000,0.497483,0.497483,0.497483,0.459688,0.151689,0.497483,0.459689,0.151689,-0.000000,0.000000,3.385945,10,4
1780631183.507779,nmpc_dc,-2.024060,33.942728,1.540618,3.001095,1.127464,-1.423554,35.470775,0.000000,45.000000,-1.550957,0.310291,0.052475,1,3.198362,0.899424,0.860257,0.744365,0.744365,0.765354,0.031177,0.575578,0.575578,0.158520,0.575656,0.403982,0.291522,inf,nan,0.000000,0.291522,0.291522,0.291522,-0.001405,-0.214022,0.291523,-0.001405,-0.214022,-0.000000,0.000000,3.373437,10,4
1780631183.633807,nmpc_dc,-1.877753,34.244389,1.385523,3.032124,1.170485,-1.376279,35.787230,0.000000,45.000000,-1.800428,0.306092,0.047824,1,4.892873,0.980723,0.896681,0.790279,0.790279,0.862411,0.030443,0.674995,0.674995,0.156463,0.675505,0.421688,0.313719,inf,nan,0.000000,0.313719,0.313719,0.313719,-0.011802,-0.004750,0.313719,-0.011802,-0.004750,-0.000000,0.000000,3.333684,10,4
1780631183.716381,nmpc_dc,-1.748202,34.549132,1.205480,3.062733,1.223875,-1.328920,36.104251,0.000000,45.000000,-3.767117,0.154507,0.040542,1,5.779833,0.718816,0.662970,0.558799,0.558799,0.620000,0.029862,0.435470,0.435470,0.154284,0.435854,0.079243,-0.020025,inf,nan,0.000000,-0.020025,-0.020025,-0.020025,-0.088217,-0.132820,-0.019236,-0.088217,-0.132819,-0.000000,0.000789,3.291431,10,4
1780631183.832531,nmpc_dc,-1.646490,34.856178,0.828768,3.078184,1.302129,-1.281832,36.419457,0.000000,45.000000,-4.405349,0.409114,0.029939,1,6.266528,0.485467,0.494862,0.380860,0.380860,0.620000,0.028944,0.377690,0.377690,0.148978,0.442078,0.078628,-0.020787,inf,nan,0.000000,-0.020787,-0.020787,-0.020787,-0.102597,-0.196095,-0.019185,-0.102597,-0.196095,-0.000000,0.001601,3.187800,10,4
1780631183.903729,nmpc_dc,-1.585640,35.166042,0.388233,3.119095,1.349670,-1.235224,36.731449,0.000000,45.000000,-5.280982,-0.381169,0.021923,1,4.224755,0.419291,0.485704,0.365475,0.365475,0.620000,0.028582,0.363744,0.363744,0.146709,0.444709,0.101554,-0.006544,inf,nan,0.000000,-0.006544,-0.006544,-0.006544,-0.114004,-0.165857,-0.006542,-0.114003,-0.165856,-0.000000,0.002984,3.143164,10,4
1780631184.036134,nmpc_dc,-1.573222,35.476046,-0.139865,3.080978,1.413697,-1.189653,37.036500,0.000000,45.000000,-1.160899,0.028011,0.012775,1,9.027100,0.413796,0.322965,0.215815,0.215815,0.750874,0.028198,0.215815,0.215815,0.143725,0.578951,0.114090,0.008745,inf,nan,0.000000,0.008745,0.008745,0.008745,-0.114839,0.049084,0.012373,-0.114839,0.050898,-0.000000,0.003628,3.084151,10,4
1780631184.112689,nmpc_dc,-1.593013,35.784283,-0.255955,3.083779,1.369965,-1.145043,37.335117,0.000000,45.000000,5.038826,0.126726,0.015218,1,5.427279,0.425019,0.444494,0.335221,0.335221,1.061153,0.028428,0.335221,0.335221,0.144241,0.888484,0.387209,0.282212,inf,nan,0.000000,0.282212,0.282212,0.282212,0.108451,0.086181,0.282213,0.108451,0.086182,-0.000000,0.000001,3.094383,10,4
1780631184.219735,nmpc_dc,-1.593414,36.093295,0.247928,3.096452,1.380330,-1.099897,37.637324,0.000000,45.000000,3.674706,0.017305,0.014580,1,9.287644,0.440898,0.508675,0.397216,0.397216,1.201976,0.028659,0.397216,0.397216,0.144846,1.028471,0.422758,0.311444,inf,nan,0.000000,0.311444,0.311444,0.311444,0.193031,0.103008,0.311445,0.193032,0.103009,-0.000000,0.000000,3.106362,10,4
1780631184.298979,nmpc_dc,-1.550248,36.403027,0.615398,3.098182,1.345865,-1.053694,37.946603,0.000000,45.000000,1.967836,-0.002666,0.018080,1,5.290621,0.447895,0.520413,0.407983,0.407983,0.745887,0.029063,0.407883,0.407883,0.147498,0.569325,0.467031,0.363748,inf,nan,0.000000,0.363748,0.363748,0.363748,0.040688,-0.113461,0.363748,0.040689,-0.113460,-0.000000,0.000000,3.158710,10,4
1780631184.414069,nmpc_dc,-1.478869,36.712832,0.812182,3.097916,1.308423,-1.006865,38.260075,0.000000,45.000000,0.747115,0.029688,0.022917,1,4.216808,0.412447,0.391867,0.283613,0.283613,1.285408,0.029317,0.283613,0.283613,0.149733,1.106358,0.378062,0.269905,inf,nan,0.000000,0.269905,0.269905,0.269905,0.295810,0.031880,0.269905,0.295811,0.031880,-0.000000,0.000000,3.202612,10,4
1780631184.505633,nmpc_dc,-1.393915,37.022772,0.886893,3.100885,1.291609,-0.959720,38.575663,0.000000,45.000000,-0.362281,-0.443921,0.025781,1,3.823214,0.456684,0.366214,0.258743,0.258743,0.620000,0.029382,0.258693,0.258693,0.150888,0.439730,0.092436,-0.018059,inf,nan,0.000000,-0.018059,-0.018059,-0.018059,-0.047845,-0.306378,-0.018053,-0.047845,-0.306378,-0.000000,0.000006,3.225223,10,4
1780631184.608628,nmpc_dc,-1.307037,37.330641,0.850665,3.056492,1.296456,-0.912836,38.889506,0.000000,45.000000,-2.940043,0.075224,0.025833,1,5.425962,0.767141,0.671776,0.556524,0.556524,0.620000,0.028884,0.442377,0.442377,0.148208,0.442908,0.086574,-0.017202,inf,nan,0.000000,-0.017202,-0.017202,-0.017202,-0.088142,-0.333257,-0.017200,-0.088141,-0.333256,-0.000000,0.000234,3.172661,10,4
1780631184.704426,nmpc_dc,-1.236671,37.636666,0.556661,3.064015,1.329840,-0.866581,39.199134,0.000000,45.000000,-4.419558,0.150787,0.022017,1,5.848668,0.930167,0.821177,0.710507,0.710507,0.620000,0.028396,0.446360,0.446360,0.145241,0.446362,0.084381,-0.017858,inf,nan,0.000000,-0.017858,-0.017858,-0.017858,-0.113273,-0.062933,-0.016583,-0.113273,-0.062933,-0.000000,0.001275,3.114171,10,4
1780631184.818129,nmpc_dc,-1.203102,37.943821,0.114705,3.079094,1.367953,-0.820964,39.504489,0.000000,45.000000,-3.548928,-0.925024,0.016801,1,5.098045,0.620511,0.520884,0.408699,0.408699,0.620000,0.028174,0.402312,0.402312,0.143578,0.448248,0.080296,-0.019418,inf,nan,0.000000,-0.019418,-0.019418,-0.019418,-0.120838,-0.020873,-0.016752,-0.120838,-0.020873,-0.000000,0.002666,3.081229,10,4
1780631184.906341,nmpc_dc,-1.209376,38.247106,-0.240187,2.986591,1.398940,-0.776783,39.800236,0.000000,45.000000,0.890801,-1.976231,0.012025,1,5.279408,0.393631,0.300710,0.192438,0.192438,0.620000,0.027669,0.192435,0.192435,0.139312,0.453020,0.086260,-0.013538,inf,nan,0.000000,-0.013538,-0.013538,-0.013538,-0.116784,-0.010228,-0.013537,-0.116783,-0.010227,-0.000000,0.001730,2.996234,10,4
1780631185.022470,nmpc_dc,-1.228941,38.535884,-0.151107,2.788968,1.320901,-0.735012,40.079851,0.000000,45.000000,-0.574772,2.960741,0.019246,1,10.647484,0.441766,0.368270,0.257365,0.257365,0.620000,0.026442,0.257345,0.257345,0.129260,0.464298,0.087246,-0.020561,inf,nan,0.000000,-0.020561,-0.020561,-0.020561,-0.097451,-0.019220,-0.017992,-0.097450,-0.019219,-0.000000,0.002569,2.793059,10,4
1780631185.142127,nmpc_dc,-1.246926,38.829584,-0.208585,3.085042,1.250323,-0.692487,40.364512,0.000000,45.000000,-1.927084,-5.991516,0.120630,0,34.358599,0.368577,0.281864,0.176639,0.176639,0.620000,0.028785,0.176637,0.176637,0.144125,0.447089,0.059327,-0.039587,inf,nan,0.000000,-0.039587,-0.039587,-0.039587,-0.057887,-0.039914,-0.004553,-0.056697,-0.039891,-0.000508,0.036671,3.092086,10,4
1780631185.209592,nmpc_dc,-1.277420,39.108131,-0.401293,2.485891,1.226179,-0.652450,40.632523,0.000000,45.000000,7.202841,2.091912,0.055783,1,5.245021,0.335068,0.363642,0.239418,0.239418,1.050278,0.025252,0.239418,0.239418,0.115984,0.909042,0.296383,0.185286,inf,nan,0.000000,0.185286,0.185286,0.185286,0.115833,0.059569,0.185286,0.115833,0.059569,-0.000000,0.000000,2.518072,10,4
1780631185.297362,nmpc_dc,-1.281535,39.367179,0.318991,2.695082,1.405027,-0.614685,40.885315,0.000000,45.000000,5.066092,1.716336,0.019765,1,5.217935,0.345551,0.328601,0.219181,0.219181,0.931883,0.026710,0.219181,0.219181,0.125399,0.779775,0.195260,0.093903,inf,nan,0.000000,0.093903,0.093903,0.093903,-0.043695,0.064615,0.093904,-0.043694,0.064616,-0.000000,0.000000,2.713894,3,4
1780631185.406474,nmpc_dc,-1.224305,39.645269,0.825600,2.866715,1.386621,-0.572800,41.165697,0.000000,45.000000,2.519712,0.946578,0.012638,1,7.773452,inf,inf,inf,inf,inf,0.028465,inf,inf,0.138662,inf,inf,inf,inf,nan,0.000000,inf,inf,inf,inf,inf,inf,inf,inf,-0.000000,0.000000,2.983232,0,4
1780631185.501622,nmpc_dc,-1.129147,39.936674,1.077572,2.961373,1.300239,-0.528140,41.464645,0.000000,45.000000,0.759662,0.535622,0.020182,1,10.559071,inf,inf,inf,inf,inf,0.029440,inf,inf,0.147124,inf,inf,inf,inf,nan,0.000000,inf,inf,inf,inf,inf,inf,inf,inf,-0.000000,0.000000,3.151332,0,4
1780631185.614124,nmpc_dc,-1.017591,40.235489,1.153538,3.014936,1.247200,-0.482040,41.773239,0.000000,45.000000,-0.293113,0.354013,0.027714,1,7.399809,0.356776,0.361331,0.249374,0.249374,0.994224,0.029739,0.249374,0.249374,0.151034,0.813451,0.317434,0.214371,inf,nan,0.000000,0.214371,0.214371,0.214371,0.213713,-0.069650,0.214371,0.213713,-0.069649,-0.000000,0.000000,3.228078,10,4
1780631185.708989,nmpc_dc,-0.903703,40.538753,1.124227,3.050337,1.239877,-0.435239,42.086525,0.000000,45.000000,-0.839829,0.272459,0.030217,1,3.947437,0.386951,0.291623,0.177219,0.177219,1.317948,0.029680,0.177219,0.177219,0.152203,1.136065,0.356510,0.241444,inf,nan,0.000000,0.241444,0.241444,0.241444,0.354945,0.051485,0.241444,0.354946,0.051485,-0.000000,0.000000,3.250914,10,4
1780631185.816225,nmpc_dc,-0.795479,40.845149,1.040244,3.077583,1.260210,-0.388104,42.402047,0.000000,45.000000,-1.052301,0.226646,0.028435,1,3.544978,0.621097,0.515103,0.403612,0.403612,0.703890,0.029499,0.403167,0.403167,0.152086,0.522305,0.298553,0.193055,inf,nan,0.000000,0.193055,0.193055,0.193055,-0.025779,-0.344982,0.193056,-0.025778,-0.344982,-0.000000,0.000000,3.248634,10,4
1780631185.903400,nmpc_dc,-0.696716,41.154040,0.935014,3.100247,1.291089,-0.340810,42.718627,0.000000,45.000000,-1.059651,0.191080,0.024445,1,3.182737,0.675413,0.595031,0.489936,0.489936,0.637532,0.029318,0.448903,0.448903,0.151551,0.456664,0.199125,0.095634,inf,nan,0.000000,0.095634,0.095634,0.095634,-0.080950,-0.061983,0.095634,-0.080949,-0.061982,-0.000000,0.000000,3.238176,10,4
1780631186.011942,nmpc_dc,-0.608513,41.465020,0.829048,3.119355,1.322747,-0.293442,43.035707,0.000000,45.000000,-2.198644,0.476400,0.019844,1,4.175866,0.449338,0.399559,0.295254,0.295254,0.620000,0.029182,0.295073,0.295073,0.151012,0.439806,0.090681,-0.017185,inf,nan,0.000000,-0.017185,-0.017185,-0.017185,-0.079572,-0.097343,-0.017182,-0.079572,-0.097343,-0.000000,0.000003,3.227646,10,4
1780631186.111884,nmpc_dc,-0.536602,41.779338,0.609184,3.166995,1.350649,-0.245942,43.353672,0.000000,45.000000,-5.802936,-5.506899,0.015527,1,12.941637,0.440682,0.441256,0.334441,0.334441,0.620000,0.029141,0.333739,0.333739,0.150879,0.439980,-0.035905,-0.147393,inf,nan,0.000000,-0.147393,-0.147393,-0.147393,-0.128390,-0.075303,-0.012293,-0.062978,-0.015727,-0.000000,0.139649,3.225053,10,4
1780631186.230688,nmpc_dc,-0.504698,42.068503,0.028890,2.616306,1.622749,-0.202991,43.641186,0.000000,45.000000,2.122091,1.979637,-0.015304,1,8.133273,0.335396,0.352228,0.240509,0.240509,0.940835,0.024883,0.240509,0.240509,0.120691,0.795261,0.228757,0.125317,inf,nan,0.000000,0.125317,0.125317,0.125317,0.017839,0.005066,0.125317,0.017839,0.005066,-0.000000,0.000000,2.616465,10,4
1780631186.332420,nmpc_dc,-0.491199,42.340032,0.241100,2.814269,1.531893,-0.163018,43.908760,0.000000,45.000000,5.656854,-5.656854,-0.012997,1,27.250781,0.340519,0.232880,0.123373,0.123373,0.773990,0.026270,0.123373,0.123373,0.130806,0.616915,-0.072835,-0.183997,inf,nan,0.000000,-0.183997,-0.183997,-0.183997,-0.159613,-0.027175,-0.013772,-0.145691,0.047447,-0.000000,0.183883,2.824578,10,4
1780631186.430547,nmpc_dc,-0.438804,42.593174,0.806785,2.248584,1.216902,-0.124884,44.164033,0.000000,45.000000,-0.359170,3.584396,0.021935,1,8.136165,0.354426,0.291927,0.182366,0.182366,1.122379,0.023528,0.182366,0.182366,0.109880,0.988970,0.281212,0.170253,inf,nan,0.000000,0.170253,0.170253,0.170253,0.033002,0.099829,0.170254,0.033002,0.099830,-0.000000,0.000000,2.388939,10,4
1780631186.504658,nmpc_dc,-0.359922,42.835955,0.770868,2.607024,1.258552,-0.087685,44.413041,0.000000,45.000000,-1.024065,2.744691,0.025992,1,13.233558,inf,inf,inf,inf,inf,0.025518,inf,inf,0.125628,inf,inf,inf,inf,nan,0.000000,inf,inf,inf,inf,inf,inf,inf,inf,-0.000000,0.000000,2.718604,0,4
1780631186.613890,nmpc_dc,-0.287955,43.110380,0.668462,2.881493,1.296046,-0.046013,44.691992,0.000000,45.000000,-0.889394,1.503395,0.022785,1,12.773585,inf,inf,inf,inf,inf,0.027140,inf,inf,0.137405,inf,inf,inf,inf,nan,0.000000,inf,inf,inf,inf,inf,inf,inf,inf,-0.000000,0.000000,2.958013,0,4
1780631186.740543,nmpc_dc,-0.225556,43.406047,0.579522,3.031832,1.348075,-0.001446,44.990322,0.000000,45.000000,-0.735123,-0.753355,-0.083131,0,32.462785,0.408447,0.350878,0.245052,0.245052,0.620000,0.028074,0.245029,0.245029,0.143855,0.448071,-0.122542,-0.232833,inf,nan,0.000000,-0.232833,-0.232833,-0.232833,-0.190806,-0.174612,-0.011894,-0.158178,-0.150310,-0.004039,0.237762,3.086722,10,4
1780631186.828601,nmpc_dc,-0.171279,43.705463,0.506010,2.956497,1.398620,0.000000,45.000000,0.000000,45.000000,5.656854,-5.656854,-0.015303,1,14.492035,0.359760,0.250415,0.119236,0.119236,0.620000,0.021880,0.119235,0.119235,0.139474,0.458646,-0.111104,-0.209965,inf,nan,0.000000,-0.209965,-0.209965,-0.209965,-0.183136,-0.028240,-0.007667,-0.158439,0.003038,-0.000000,0.221215,2.999486,10,4
1780631186.910196,nmpc_dc,-0.092394,43.972829,1.071695,2.390811,1.202149,0.000000,45.000000,0.000000,45.000000,-3.508253,-1.889614,0.023142,1,4.826171,0.361471,0.365328,0.244042,0.244042,0.911399,0.015151,0.244042,0.244042,0.120862,0.775386,0.260790,0.149350,inf,nan,0.000000,0.149350,0.149350,0.149350,-0.002397,0.056122,0.149350,-0.002397,0.056122,-0.000000,0.000000,2.620021,10,4
1780631187.018238,nmpc_dc,-0.002766,44.202462,0.720870,2.201850,1.430035,0.000000,45.000000,0.000000,45.000000,-3.439476,-2.812483,0.007793,1,10.094189,0.350873,0.397581,0.290930,0.290930,0.921411,0.010576,0.290930,0.290930,0.106509,0.804326,0.320593,0.208522,inf,nan,0.000000,0.208522,0.208522,0.208522,0.102037,0.052756,0.208522,0.102037,0.052756,-0.000000,0.000000,2.316850,6,4
1780631187.106677,nmpc_dc,0.052124,44.408584,0.376922,1.920601,1.597656,0.000000,45.000000,0.000000,45.000000,-2.396431,-3.469484,-0.014346,1,13.937133,1.349240,1.271577,1.166054,1.166054,1.373569,0.006888,1.165463,1.165463,0.090080,1.276600,1.318264,1.203743,inf,nan,0.000000,1.203743,1.203743,1.203743,0.518738,0.103100,1.203743,0.518738,0.103100,-0.000000,0.000000,1.957238,2,4
1780631187.199105,nmpc_dc,0.077834,44.583297,0.137279,1.573653,1.715009,0.000000,45.000000,0.000000,45.000000,-1.483118,-3.535052,-0.032567,1,5.344534,inf,inf,inf,inf,inf,0.004162,inf,inf,0.073525,inf,inf,inf,inf,nan,0.000000,inf,inf,inf,inf,inf,inf,inf,inf,-0.000000,0.000000,1.579630,0,4
1780631187.297503,nmpc_dc,0.084146,44.722987,-0.011033,1.220148,1.803376,0.000000,45.000000,0.000000,45.000000,-0.812215,-3.215022,-0.046535,1,6.303023,0.388369,0.293142,0.179082,0.179082,0.806803,0.002331,0.179082,0.179082,0.058429,0.746042,0.354452,0.246073,inf,nan,0.000000,0.246073,0.246073,0.246073,0.168300,0.032387,0.246073,0.168300,0.032387,-0.000000,0.000000,1.220198,1,4
1780631187.419442,nmpc_dc,0.078982,44.828927,-0.092254,0.898646,1.885334,0.000000,45.000000,0.000000,45.000000,-0.355156,-2.707400,-0.058653,1,6.358383,0.341966,0.233716,0.124260,0.124260,0.695475,0.001210,0.124260,0.124260,0.045658,0.648607,0.302936,0.184825,inf,nan,0.000000,0.184825,0.184825,0.184825,0.101889,0.020431,0.184825,0.101889,0.020431,-0.000000,0.000000,0.903369,3,4
1780631187.495923,nmpc_dc,0.067981,44.905254,-0.127770,0.627906,1.982688,0.000000,45.000000,0.000000,45.000000,-0.065098,-2.147225,-0.071907,1,4.398654,0.330643,0.275274,0.155457,0.155457,0.665764,0.000581,0.155457,0.155457,0.035454,0.629730,0.290643,0.177993,inf,nan,0.000000,0.177993,0.177993,0.177993,0.076003,0.016219,0.177993,0.076003,0.016219,-0.000000,0.000000,0.640773,6,4
1780631187.610453,nmpc_dc,0.054878,44.957309,-0.134279,0.413183,2.119748,0.000000,45.000000,0.000000,45.000000,0.102349,-1.615547,-0.089684,1,6.775654,0.350571,0.283127,0.162496,0.162496,0.648247,0.000258,0.162496,0.162496,0.027678,0.620311,0.321586,0.199906,inf,nan,0.000000,0.199906,0.199906,0.199906,0.079951,0.015323,0.199907,0.079951,0.015323,-0.000000,0.000000,0.434455,4,4
1780631187.695442,nmpc_dc,0.041962,44.990549,-0.124044,0.251629,2.331356,0.000000,45.000000,0.000000,45.000000,0.184571,-1.154450,-0.116595,1,4.301692,0.353562,0.282219,0.160564,0.160564,0.633823,0.000106,0.160564,0.160564,0.022016,0.611701,0.314843,0.197393,inf,nan,0.000000,0.197393,0.197393,0.197393,0.069653,0.013337,0.197394,0.069653,0.013338,-0.000000,0.000000,0.280542,8,4
1780631187.802465,nmpc_dc,0.030480,45.009940,-0.105587,0.136184,2.661922,0.000000,45.000000,0.000000,45.000000,0.211102,-0.779981,-0.158569,1,5.170313,0.346537,0.255196,0.142152,0.142152,0.620000,0.000042,0.142152,0.142152,0.018105,0.601852,0.306263,0.188788,inf,nan,0.000000,0.188788,0.188788,0.188788,0.058046,0.010574,0.188789,0.058046,0.010574,-0.000000,0.000000,0.172321,6,4
1780631187.895630,nmpc_dc,0.020977,45.019658,-0.084477,0.058186,3.014318,0.000000,45.000000,0.000000,45.000000,0.204038,-0.492113,-0.206420,1,5.125639,0.346827,0.267056,0.154507,0.154507,0.620000,0.000018,0.154507,0.154507,0.015616,0.604366,0.294472,0.188991,inf,nan,0.000000,0.188991,0.188991,0.188991,0.054679,0.010264,0.188991,0.054679,0.010264,-0.000000,0.000000,0.102577,6,4
1780631188.024866,nmpc_dc,0.013550,45.023016,-0.064073,0.008974,-2.918375,0.000000,45.000000,0.000000,45.000000,-3.194666,1.044425,6.000000,0,27.440994,0.370982,0.298680,0.187493,0.187493,0.632824,0.000010,0.187493,0.187493,0.014275,0.618540,0.334155,0.227424,inf,nan,0.000000,0.227424,0.227424,0.227424,0.074352,0.016773,0.340215,0.190162,0.133477,-0.102402,0.120423,0.064699,2,4
1780631188.094043,nmpc_dc,-0.008831,45.029136,-0.383540,0.113417,-2.514689,0.000000,45.000000,0.000000,45.000000,1.540605,-0.684318,4.150541,1,4.305671,0.369686,0.348309,0.240121,0.240121,0.675265,0.000198,0.240121,0.240121,0.026398,0.648668,0.290339,0.179932,inf,nan,0.000000,0.179932,0.179932,0.179932,0.037060,0.014419,0.179932,0.037060,0.014419,-0.000000,0.000000,0.399958,4,4
1780631188.203795,nmpc_dc,-0.039482,45.037056,-0.229480,0.044985,-2.159733,0.000000,45.000000,0.000000,45.000000,1.486333,-0.581277,1.386419,1,7.210026,0.376845,0.359471,0.242004,0.242004,0.652869,0.000085,0.242004,0.242004,0.020321,0.632463,0.299481,0.182697,inf,nan,0.000000,0.182697,0.182697,0.182697,0.048274,0.007706,0.182697,0.048274,0.007706,-0.000000,0.000000,0.233847,5,4
1780631188.295379,nmpc_dc,-0.054998,45.038648,-0.080846,-0.013143,-1.813152,0.000000,45.000000,0.000000,45.000000,0.960671,-0.329673,0.632910,1,4.836929,0.363417,0.423409,0.297101,0.297101,0.660672,0.000037,0.297100,0.297100,0.014884,0.645751,0.266968,0.162601,inf,nan,0.000000,0.162601,0.162601,0.162601,0.043102,0.006894,0.162601,0.043102,0.006894,-0.000000,0.000000,0.081908,6,4
1780631188.404116,nmpc_dc,-0.058280,45.035685,0.015221,-0.046110,-1.467243,0.000000,45.000000,0.000000,45.000000,0.523875,-0.137996,0.402788,1,6.556092,0.411811,0.403827,0.293086,0.293086,0.647883,0.000033,0.293086,0.293086,0.013705,0.634144,0.309491,0.201109,inf,nan,0.000000,0.201109,0.201109,0.201109,0.055855,0.009474,0.201109,0.055855,0.009474,-0.000000,0.000000,0.048557,2,4
1780631188.494676,nmpc_dc,-0.054138,45.030384,0.067608,-0.059910,-1.118751,0.000000,45.000000,0.000000,45.000000,0.221545,-0.015088,0.304723,1,4.863399,0.358517,0.288789,0.185657,0.185657,0.620000,0.000035,0.185657,0.185657,0.015182,0.604783,0.259254,0.152534,inf,nan,0.000000,0.152534,0.152534,0.152534,0.042571,0.007068,0.152534,0.042571,0.007068,-0.000000,0.000000,0.090333,1,4
1780631188.596474,nmpc_dc,-0.046270,45.024318,0.089763,-0.061418,-0.784979,0.000000,45.000000,0.000000,45.000000,0.030357,0.054896,0.241909,1,4.961896,inf,inf,inf,inf,inf,0.000032,inf,inf,0.015836,inf,inf,inf,inf,nan,0.000000,inf,inf,inf,inf,inf,inf,inf,inf,-0.000000,0.000000,0.108764,0,4
1780631188.693725,nmpc_dc,-0.037141,45.018451,0.092799,-0.055929,-0.619378,0.000000,45.000000,0.000000,45.000000,-0.078821,0.088059,0.206622,1,4.400656,inf,inf,inf,inf,inf,0.000025,inf,inf,0.015822,inf,inf,inf,inf,nan,0.000000,inf,inf,inf,inf,inf,inf,inf,inf,-0.000000,0.000000,0.108349,0,4
1780631188.812794,nmpc_dc,-0.028256,45.013298,0.084916,-0.047123,-0.532259,0.000000,45.000000,0.000000,45.000000,-0.131201,0.097362,0.186990,1,10.643515,inf,inf,inf,inf,inf,0.000018,inf,inf,0.015423,inf,inf,inf,inf,nan,0.000000,inf,inf,inf,inf,inf,inf,inf,inf,-0.000000,0.000000,0.097115,0,4
1780631188.895391,nmpc_dc,-0.020420,45.009073,0.071796,-0.037387,-0.481406,0.000000,45.000000,0.000000,45.000000,-0.146698,0.092481,0.175347,1,3.816246,inf,inf,inf,inf,inf,0.000011,inf,inf,0.014850,inf,inf,inf,inf,nan,0.000000,inf,inf,inf,inf,inf,inf,inf,inf,-0.000000,0.000000,0.080947,0,4
1780631189.017907,nmpc_dc,-0.013974,45.005796,0.057127,-0.028139,-0.446551,0.000000,45.000000,0.000000,45.000000,-0.140163,0.080243,0.167517,1,12.350113,inf,inf,inf,inf,inf,0.000006,inf,inf,0.014239,inf,inf,inf,inf,nan,0.000000,inf,inf,inf,inf,inf,inf,inf,inf,-0.000000,0.000000,0.063681,0,4
1780631189.103436,nmpc_dc,-0.008962,45.003384,0.043110,-0.020114,-0.417176,0.000000,45.000000,0.000000,45.000000,-0.122094,0.065192,0.161288,1,11.262945,inf,inf,inf,inf,inf,0.000003,inf,inf,0.013671,inf,inf,inf,inf,nan,0.000000,inf,inf,inf,inf,inf,inf,inf,inf,-0.000000,0.000000,0.047572,0,4
1780631189.212219,nmpc_dc,-0.005262,45.001698,0.030901,-0.013595,-0.386259,0.000000,45.000000,0.000000,45.000000,-0.099497,0.050133,0.155331,1,9.068708,inf,inf,inf,inf,inf,0.000002,inf,inf,0.013184,inf,inf,inf,inf,nan,0.000000,inf,inf,inf,inf,inf,inf,inf,inf,-0.000000,0.000000,0.033759,0,4
1780631189.303423,nmpc_dc,-0.002669,45.000589,0.020951,-0.008582,-0.345505,0.000000,45.000000,0.000000,45.000000,-0.076722,0.036622,0.148408,1,10.787641,inf,inf,inf,inf,inf,0.000001,inf,inf,0.012794,inf,inf,inf,inf,nan,0.000000,inf,inf,inf,inf,inf,inf,inf,inf,-0.000000,0.000000,0.022641,0,4
1780631189.417689,nmpc_dc,-0.000957,44.999914,0.013279,-0.004920,-0.274980,0.000000,45.000000,0.000000,45.000000,-0.056195,0.025361,0.138048,1,13.543089,inf,inf,inf,inf,inf,0.000000,inf,inf,0.012496,inf,inf,inf,inf,nan,0.000000,inf,inf,inf,inf,inf,inf,inf,inf,-0.000000,0.000000,0.014161,0,4
1780631189.496493,nmpc_dc,0.000089,44.999549,0.007660,-0.002384,-0.074560,0.000000,45.000000,0.000000,45.000000,-0.039029,0.016508,0.112751,1,4.803786,inf,inf,inf,inf,inf,0.000000,inf,inf,0.012281,inf,inf,inf,inf,nan,0.000000,inf,inf,inf,inf,inf,inf,inf,inf,-0.000000,0.000000,0.008022,0,4
1780631189.616454,nmpc_dc,0.000660,44.999393,0.003757,-0.000733,0.275449,0.000000,45.000000,0.000000,45.000000,-0.025496,0.009901,0.067593,1,15.022932,inf,inf,inf,inf,inf,0.000000,inf,inf,0.012134,inf,inf,inf,inf,nan,0.000000,inf,inf,inf,inf,inf,inf,inf,inf,-0.000000,0.000000,0.003827,0,4
1780631189.707517,nmpc_dc,0.000908,44.999369,0.001207,0.000257,0.625453,0.000000,45.000000,0.000000,45.000000,-0.015376,0.005224,0.017761,1,14.062456,0.355856,0.360106,0.246512,0.246512,0.685872,0.000000,0.246512,0.246512,0.012043,0.673828,0.318559,0.213386,inf,nan,0.000000,0.213386,0.213386,0.213386,0.064005,0.012906,0.213387,0.064005,0.012906,-0.000000,0.000000,0.001234,1,4
1780631189.821880,nmpc_dc,0.000952,44.999421,-0.000331,0.000780,0.975454,0.000000,45.000000,0.000000,45.000000,-0.008172,0.002088,-0.032921,1,16.757199,inf,inf,inf,inf,inf,0.000000,inf,inf,0.012030,inf,inf,inf,inf,nan,0.000000,inf,inf,inf,inf,inf,inf,inf,inf,-0.000000,0.000000,0.000847,0,4
1780631189.906015,nmpc_dc,0.000878,44.999510,-0.001148,0.000988,1.325454,0.000000,45.000000,0.000000,45.000000,-0.003344,0.000137,-0.083490,1,13.233023,inf,inf,inf,inf,inf,0.000000,inf,inf,0.012053,inf,inf,inf,inf,nan,0.000000,inf,inf,inf,inf,inf,inf,inf,inf,-0.000000,0.000000,0.001515,0,4
1780631190.015028,nmpc_dc,0.000747,44.999609,-0.001482,0.001002,1.675454,0.000000,45.000000,0.000000,45.000000,-0.000325,-0.000957,-0.133708,1,14.059607,inf,inf,inf,inf,inf,0.000000,inf,inf,0.012063,inf,inf,inf,inf,nan,0.000000,inf,inf,inf,inf,inf,inf,inf,inf,-0.000000,0.000000,0.001789,0,4
1780631190.103256,nmpc_dc,0.000597,44.999705,-0.001515,0.000906,2.025454,0.000000,45.000000,0.000000,45.000000,0.001374,-0.001461,-0.183516,1,10.378985,0.331810,0.257897,0.154787,0.154787,0.620000,0.000000,0.154787,0.154787,0.012062,0.607938,0.294498,0.189595,inf,nan,0.000000,0.189595,0.189595,0.189595,0.057044,0.011422,0.189595,0.057044,0.011422,-0.000000,0.000000,0.001765,1,4
1780631190.211818,nmpc_dc,0.000452,44.999788,-0.001377,0.000760,2.375454,0.000000,45.000000,0.000000,45.000000,0.002187,-0.001596,-0.232904,1,10.435286,inf,inf,inf,inf,inf,0.000000,inf,inf,0.012055,inf,inf,inf,inf,nan,0.000000,inf,inf,inf,inf,inf,inf,inf,inf,-0.000000,0.000000,0.001573,0,4
1780631190.304715,nmpc_dc,0.000326,44.999856,-0.001159,0.000601,2.555757,0.000000,45.000000,0.000000,45.000000,0.002407,-0.001504,-0.263393,1,12.349790,inf,inf,inf,inf,inf,0.000000,inf,inf,0.012046,inf,inf,inf,inf,nan,0.000000,inf,inf,inf,inf,inf,inf,inf,inf,-0.000000,0.000000,0.001305,0,4
1780631190.417454,nmpc_dc,0.000222,44.999909,-0.000918,0.000450,2.648957,0.000000,45.000000,0.000000,45.000000,0.002280,-0.001298,-0.279477,1,12.968031,inf,inf,inf,inf,inf,0.000000,inf,inf,0.012036,inf,inf,inf,inf,nan,0.000000,inf,inf,inf,inf,inf,inf,inf,inf,-0.000000,0.000000,0.001022,0,4
1780631190.502063,nmpc_dc,0.000141,44.999947,-0.000690,0.000321,2.704818,0.000000,45.000000,0.000000,45.000000,0.001974,-0.001049,-0.287790,1,9.879664,inf,inf,inf,inf,inf,0.000000,inf,inf,0.012027,inf,inf,inf,inf,nan,0.000000,inf,inf,inf,inf,inf,inf,inf,inf,-0.000000,0.000000,0.000761,0,4
1780631190.617232,nmpc_dc,0.000082,44.999974,-0.000492,0.000216,2.748142,0.000000,45.000000,0.000000,45.000000,0.001595,-0.000801,-0.292742,1,11.054460,0.360897,0.250328,0.141585,0.141585,0.620000,0.000000,0.141585,0.141585,0.012019,0.607981,0.324556,0.217884,inf,nan,0.000000,0.217884,0.217884,0.217884,0.065392,0.013077,0.217884,0.065392,0.013077,-0.000000,0.000000,0.000538,1,4
1780631190.701944,nmpc_dc,0.000041,44.999991,-0.000333,0.000136,2.795641,0.000000,45.000000,0.000000,45.000000,0.001232,-0.000586,-0.297277,1,9.813187,inf,inf,inf,inf,inf,0.000000,inf,inf,0.012013,inf,inf,inf,inf,nan,0.000000,inf,inf,inf,inf,inf,inf,inf,inf,-0.000000,0.000000,0.000359,0,4
1780631190.812065,nmpc_dc,0.000014,45.000002,-0.000210,0.000077,2.873030,0.000000,45.000000,0.000000,45.000000,0.000893,-0.000401,-0.304934,1,9.699114,0.360089,0.254496,0.143396,0.143396,0.620000,0.000000,0.143396,0.143396,0.012008,0.607992,0.324176,0.217220,inf,nan,0.000000,0.217220,0.217220,0.217220,0.065168,0.013033,0.217220,0.065168,0.013033,-0.000000,0.000000,0.000223,1,4
1780631190.902843,nmpc_dc,-0.000003,45.000008,-0.000120,0.000037,3.102454,0.000000,45.000000,0.000000,45.000000,0.000618,-0.000259,-0.329881,1,9.984356,0.345952,0.253794,0.146242,0.146242,0.627444,0.000000,0.146242,0.146242,0.012004,0.615439,0.308668,0.203587,inf,nan,0.000000,0.203587,0.203587,0.203587,0.061074,0.012214,0.203588,0.061074,0.012214,-0.000000,0.000000,0.000126,1,4
1780631191.024046,nmpc_dc,-0.000012,45.000010,-0.000059,0.000011,-2.830731,0.000000,45.000000,0.000000,45.000000,0.000401,-0.000156,2.594334,1,19.368658,0.342355,0.247768,0.137922,0.137922,0.620000,0.000000,0.137922,0.137922,0.012002,0.607998,0.302344,0.191729,inf,nan,0.000000,0.191729,0.191729,0.191729,0.057517,0.011503,0.191729,0.057517,0.011503,-0.000000,0.000000,0.000060,2,4
1780631191.096908,nmpc_dc,-0.000015,45.000010,-0.000018,-0.000005,-2.480731,0.000000,45.000000,0.000000,45.000000,0.000243,-0.000080,1.026316,1,6.551254,0.350565,0.359343,0.247036,0.247036,0.685596,0.000000,0.247036,0.247036,0.012001,0.673595,0.313306,0.208126,inf,nan,0.000000,0.208126,0.208126,0.208126,0.062436,0.012487,0.208126,0.062436,0.012487,-0.000000,0.000000,0.000019,1,4
1780631191.214862,nmpc_dc,-0.000016,45.000010,0.000006,-0.000013,-2.130731,0.000000,45.000000,0.000000,45.000000,0.000127,-0.000033,0.551715,1,10.916730,0.334269,0.339751,0.225688,0.225688,0.652605,0.000000,0.225688,0.225688,0.012000,0.640604,0.294469,0.187100,inf,nan,0.000000,0.187100,0.187100,0.187100,0.056129,0.011225,0.187100,0.056129,0.011225,-0.000000,0.000000,0.000014,2,4
1780631191.301611,nmpc_dc,-0.000015,45.000008,0.000018,-0.000016,-1.780731,0.000000,45.000000,0.000000,45.000000,0.000060,-0.000004,0.391396,1,9.532457,inf,inf,inf,inf,inf,0.000000,inf,inf,0.012001,inf,inf,inf,inf,nan,0.000000,inf,inf,inf,inf,inf,inf,inf,inf,-0.000000,0.000000,0.000024,0,4
1780631191.404738,nmpc_dc,-0.000013,45.000007,0.000024,-0.000016,-1.430731,0.000000,45.000000,0.000000,45.000000,0.000002,0.000018,0.310691,1,8.169055,0.345800,0.321988,0.214123,0.214123,0.641467,0.000000,0.214122,0.214122,0.012001,0.629466,0.308444,0.203449,inf,nan,0.000000,0.203449,0.203449,0.203449,0.061034,0.012207,0.203449,0.061034,0.012207,-0.000000,0.000000,0.000029,1,4
1780631191.500524,nmpc_dc,-0.000010,45.000005,0.000025,-0.000015,-1.080731,0.000000,45.000000,0.000000,45.000000,-0.000025,0.000025,0.250411,1,8.216186,0.359690,0.281347,0.177779,0.177779,0.625194,0.000000,0.177779,0.177779,0.012001,0.613193,0.322339,0.217217,inf,nan,0.000000,0.217217,0.217217,0.217217,0.065165,0.013033,0.217217,0.065165,0.013033,-0.000000,0.000000,0.000029,1,4
1780631191.615807,nmpc_dc,-0.000008,45.000004,0.000022,-0.000012,-0.735033,0.000000,45.000000,0.000000,45.000000,-0.000037,0.000027,0.196093,1,10.117005,0.345846,0.249640,0.134269,0.134269,0.620000,0.000000,0.134269,0.134269,0.012001,0.607999,0.308613,0.203451,inf,nan,0.000000,0.203451,0.203451,0.203451,0.061035,0.012207,0.203451,0.061035,0.012207,-0.000000,0.000000,0.000025,1,4
1780631191.706497,nmpc_dc,-0.000006,45.000003,0.000018,-0.000009,-0.568153,0.000000,45.000000,0.000000,45.000000,-0.000040,0.000025,0.163086,1,12.842752,0.331947,0.223579,0.114208,0.114208,0.620000,0.000000,0.114208,0.114208,0.012001,0.607999,0.294723,0.189684,inf,nan,0.000000,0.189684,0.189684,0.189684,0.056905,0.011381,0.189684,0.056905,0.011381,-0.000000,0.000000,0.000021,1,4
1780631191.812365,nmpc_dc,-0.000004,45.000002,0.000014,-0.000007,-0.482191,0.000000,45.000000,0.000000,45.000000,-0.000030,0.000017,0.144429,1,7.438279,inf,inf,inf,inf,inf,0.000000,inf,inf,0.012001,inf,inf,inf,inf,nan,0.000000,inf,inf,inf,inf,inf,inf,inf,inf,-0.000000,0.000000,0.000016,0,4
1780631191.905361,nmpc_dc,-0.000003,45.000001,0.000011,-0.000005,-0.432663,0.000000,45.000000,0.000000,45.000000,-0.000027,0.000014,0.133446,1,13.355995,inf,inf,inf,inf,inf,0.000000,inf,inf,0.012000,inf,inf,inf,inf,nan,0.000000,inf,inf,inf,inf,inf,inf,inf,inf,-0.000000,0.000000,0.000013,0,4
1780631192.016057,nmpc_dc,-0.000002,45.000001,0.000009,-0.000004,-0.398800,0.000000,45.000000,0.000000,45.000000,-0.000024,0.000012,0.126158,1,14.225609,inf,inf,inf,inf,inf,0.000000,inf,inf,0.012000,inf,inf,inf,inf,nan,0.000000,inf,inf,inf,inf,inf,inf,inf,inf,-0.000000,0.000000,0.000010,0,4
1780631192.105349,nmpc_dc,-0.000001,45.000000,0.000006,-0.000003,-0.369247,0.000000,45.000000,0.000000,45.000000,-0.000020,0.000009,0.120310,1,13.012650,inf,inf,inf,inf,inf,0.000000,inf,inf,0.012000,inf,inf,inf,inf,nan,0.000000,inf,inf,inf,inf,inf,inf,inf,inf,-0.000000,0.000000,0.000007,0,4
1780631192.218604,nmpc_dc,-0.000001,45.000000,0.000004,-0.000002,-0.335275,0.000000,45.000000,0.000000,45.000000,-0.000015,0.000007,0.114378,1,13.371359,inf,inf,inf,inf,inf,0.000000,inf,inf,0.012000,inf,inf,inf,inf,nan,0.000000,inf,inf,inf,inf,inf,inf,inf,inf,-0.000000,0.000000,0.000005,0,4
1780631192.306121,nmpc_dc,-0.000000,45.000000,0.000003,-0.000001,-0.282788,0.000000,45.000000,0.000000,45.000000,-0.000019,0.000009,0.106447,1,12.778166,0.331940,0.228928,0.116923,0.116923,0.620000,0.000000,0.116923,0.116923,0.012000,0.608000,0.294699,0.189693,inf,nan,0.000000,0.189693,0.189693,0.189693,0.056908,0.011382,0.189693,0.056908,0.011382,-0.000000,0.000000,0.000003,1,4
1780631192.415924,nmpc_dc,-0.000000,45.000000,0.000001,-0.000000,-0.157585,0.000000,45.000000,0.000000,45.000000,-0.000005,0.000002,0.090150,1,12.405620,inf,inf,inf,inf,inf,0.000000,inf,inf,0.012000,inf,inf,inf,inf,nan,0.000000,inf,inf,inf,inf,inf,inf,inf,inf,-0.000000,0.000000,0.000001,0,4
1780631192.505227,nmpc_dc,0.000000,45.000000,0.000000,0.000000,0.192415,0.000000,45.000000,0.000000,45.000000,-0.000002,0.000000,0.047389,1,12.909880,inf,inf,inf,inf,inf,0.000000,inf,inf,0.012000,inf,inf,inf,inf,nan,0.000000,inf,inf,inf,inf,inf,inf,inf,inf,-0.000000,0.000000,0.000000,0,4
1780631192.615731,nmpc_dc,0.000000,45.000000,0.000000,0.000000,0.542415,0.000000,45.000000,0.000000,45.000000,-0.000001,0.000000,-0.001715,1,12.591632,inf,inf,inf,inf,inf,0.000000,inf,inf,0.012000,inf,inf,inf,inf,nan,0.000000,inf,inf,inf,inf,inf,inf,inf,inf,-0.000000,0.000000,0.000000,0,4
1780631192.705662,nmpc_dc,0.000000,45.000000,0.000000,0.000000,0.892415,0.000000,45.000000,0.000000,45.000000,-0.000001,-0.000000,-0.052090,1,13.195364,inf,inf,inf,inf,inf,0.000000,inf,inf,0.012000,inf,inf,inf,inf,nan,0.000000,inf,inf,inf,inf,inf,inf,inf,inf,-0.000000,0.000000,0.000000,0,4
1780631192.817249,nmpc_dc,0.000000,45.000000,-0.000000,0.000000,1.242415,0.000000,45.000000,0.000000,45.000000,-0.000000,-0.000000,-0.102459,1,14.585453,inf,inf,inf,inf,inf,0.000000,inf,inf,0.012000,inf,inf,inf,inf,nan,0.000000,inf,inf,inf,inf,inf,inf,inf,inf,-0.000000,0.000000,0.000000,0,4
1780631192.907510,nmpc_dc,0.000000,45.000000,-0.000000,0.000000,1.592415,0.000000,45.000000,0.000000,45.000000,-0.000007,0.000004,-0.152506,1,13.556693,0.331905,0.332999,0.220012,0.220012,0.644192,0.000000,0.220012,0.220012,0.012000,0.632192,0.294593,0.189689,inf,nan,0.000000,0.189689,0.189689,0.189689,0.056907,0.011381,0.189689,0.056907,0.011381,-0.000000,0.000000,0.000000,1,4
1780631193.026072,nmpc_dc,0.000000,45.000000,-0.000001,0.000000,1.942415,0.000000,45.000000,0.000000,45.000000,0.000003,-0.000002,-0.202151,1,16.302506,inf,inf,inf,inf,inf,0.000000,inf,inf,0.012000,inf,inf,inf,inf,nan,0.000000,inf,inf,inf,inf,inf,inf,inf,inf,-0.000000,0.000000,0.000001,0,4
1780631193.104039,nmpc_dc,-0.000000,45.000000,-0.000001,0.000000,2.292415,0.000000,45.000000,0.000000,45.000000,-0.000004,0.000002,-0.251379,1,12.112763,0.341219,0.246850,0.137015,0.137015,0.620000,0.000000,0.137015,0.137015,0.012000,0.608000,0.303940,0.198900,inf,nan,0.000000,0.198900,0.198900,0.198900,0.059670,0.011934,0.198901,0.059670,0.011934,-0.000000,0.000000,0.000001,1,4
1780631193.217835,nmpc_dc,-0.000000,45.000000,-0.000001,0.000000,1.942415,0.000000,45.000000,0.000000,45.000000,0.000005,-0.000003,-0.223965,1,13.726316,inf,inf,inf,inf,inf,0.000000,inf,inf,0.012000,inf,inf,inf,inf,nan,0.000000,inf,inf,inf,inf,inf,inf,inf,inf,-0.000000,0.000000,0.000001,0,4
1780631193.306284,nmpc_dc,-0.000000,45.000000,-0.000000,0.000000,1.592415,0.000000,45.000000,0.000000,45.000000,-0.000003,0.000002,-0.177566,1,12.956903,0.338936,0.341008,0.227814,0.227814,0.648108,0.000000,0.227814,0.227814,0.012000,0.636108,0.301794,0.196579,inf,nan,0.000000,0.196579,0.196579,0.196579,0.058974,0.011795,0.196579,0.058974,0.011795,-0.000000,0.000000,0.000000,1,4
1780631193.413935,nmpc_dc,-0.000000,45.000000,-0.000001,0.000000,1.242415,0.000000,45.000000,0.000000,45.000000,0.000005,-0.000003,-0.126718,1,11.483931,inf,inf,inf,inf,inf,0.000000,inf,inf,0.012000,inf,inf,inf,inf,nan,0.000000,inf,inf,inf,inf,inf,inf,inf,inf,-0.000000,0.000000,0.000001,0,4
1780631193.505599,nmpc_dc,-0.000000,45.000000,-0.000000,0.000000,0.892415,0.000000,45.000000,0.000000,45.000000,0.000004,-0.000002,-0.075084,1,13.117002,inf,inf,inf,inf,inf,0.000000,inf,inf,0.012000,inf,inf,inf,inf,nan,0.000000,inf,inf,inf,inf,inf,inf,inf,inf,-0.000000,0.000000,0.000000,0,4
1780631193.631512,nmpc_dc,-0.000000,45.000000,0.000000,-0.000000,0.542415,0.000000,45.000000,0.000000,45.000000,0.000002,-0.000001,-0.023585,1,16.484673,inf,inf,inf,inf,inf,0.000000,inf,inf,0.012000,inf,inf,inf,inf,nan,0.000000,inf,inf,inf,inf,inf,inf,inf,inf,-0.000000,0.000000,0.000000,0,4
1780631193.707584,nmpc_dc,-0.000000,45.000000,0.000000,-0.000000,0.192415,0.000000,45.000000,0.000000,45.000000,-0.000007,0.000003,0.027551,1,14.060104,0.331948,0.260617,0.157580,0.157580,0.638247,0.000000,0.157580,0.157580,0.012000,0.626247,0.294720,0.189696,inf,nan,0.000000,0.189696,0.189696,0.189696,0.056909,0.011382,0.189696,0.056909,0.011382,-0.000000,0.000000,0.000000,1,4
1780631193.813482,nmpc_dc,-0.000000,45.000000,-0.000000,0.000000,-0.157585,0.000000,45.000000,0.000000,45.000000,0.000003,-0.000001,0.078268,1,12.406249,inf,inf,inf,inf,inf,0.000000,inf,inf,0.012000,inf,inf,inf,inf,nan,0.000000,inf,inf,inf,inf,inf,inf,inf,inf,-0.000000,0.000000,0.000000,0,4
1780631193.904841,nmpc_dc,-0.000000,45.000000,0.000000,-0.000000,-0.331194,0.000000,45.000000,0.000000,45.000000,0.000002,-0.000001,0.109349,1,12.459839,inf,inf,inf,inf,inf,0.000000,inf,inf,0.012000,inf,inf,inf,inf,nan,0.000000,inf,inf,inf,inf,inf,inf,inf,inf,-0.000000,0.000000,0.000000,0,4
1780631194.013289,nmpc_dc,-0.000000,45.000000,0.000000,-0.000000,-0.408533,0.000000,45.000000,0.000000,45.000000,0.000001,-0.000001,0.124841,1,10.841518,inf,inf,inf,inf,inf,0.000000,inf,inf,0.012000,inf,inf,inf,inf,nan,0.000000,inf,inf,inf,inf,inf,inf,inf,inf,-0.000000,0.000000,0.000000,0,4
1780631194.103482,nmpc_dc,-0.000000,45.000000,0.000000,-0.000000,-0.442852,0.000000,45.000000,0.000000,45.000000,0.000000,-0.000000,0.131651,1,11.174377,inf,inf,inf,inf,inf,0.000000,inf,inf,0.012000,inf,inf,inf,inf,nan,0.000000,inf,inf,inf,inf,inf,inf,inf,inf,-0.000000,0.000000,0.000000,0,4
1780631194.207035,nmpc_dc,-0.000000,45.000000,0.000000,-0.000000,-0.457933,0.000000,45.000000,0.000000,45.000000,-0.000000,0.000000,0.134152,1,8.688790,inf,inf,inf,inf,inf,0.000000,inf,inf,0.012000,inf,inf,inf,inf,nan,0.000000,inf,inf,inf,inf,inf,inf,inf,inf,-0.000000,0.000000,0.000000,0,4
1780631194.306600,nmpc_dc,-0.000000,45.000000,0.000000,-0.000000,-0.464396,0.000000,45.000000,0.000000,45.000000,-0.000001,0.000000,0.134621,1,14.121996,inf,inf,inf,inf,inf,0.000000,inf,inf,0.012000,inf,inf,inf,inf,nan,0.000000,inf,inf,inf,inf,inf,inf,inf,inf,-0.000000,0.000000,0.000000,0,4
1780631194.414791,nmpc_dc,-0.000000,45.000000,0.000000,-0.000000,-0.466966,0.000000,45.000000,0.000000,45.000000,-0.000001,0.000000,0.134156,1,12.251686,inf,inf,inf,inf,inf,0.000000,inf,inf,0.012000,inf,inf,inf,inf,nan,0.000000,inf,inf,inf,inf,inf,inf,inf,inf,-0.000000,0.000000,0.000000,0,4
1780631194.504278,nmpc_dc,-0.000000,45.000000,0.000000,-0.000000,-0.467721,0.000000,45.000000,0.000000,45.000000,-0.000007,0.000004,0.133262,1,11.346273,0.350445,0.240156,0.131644,0.131644,0.620000,0.000000,0.131644,0.131644,0.012000,0.608000,0.313085,0.208074,inf,nan,0.000000,0.208074,0.208074,0.208074,0.062422,0.012484,0.208074,0.062422,0.012485,-0.000000,0.000000,0.000000,1,4
1780631194.609719,nmpc_dc,-0.000000,45.000000,-0.000000,0.000000,-0.467522,0.000000,45.000000,0.000000,45.000000,0.000002,-0.000001,0.132163,1,10.299562,inf,inf,inf,inf,inf,0.000000,inf,inf,0.012000,inf,inf,inf,inf,nan,0.000000,inf,inf,inf,inf,inf,inf,inf,inf,-0.000000,0.000000,0.000001,0,4
1780631194.696976,nmpc_dc,-0.000000,45.000000,-0.000000,0.000000,-0.468738,0.000000,45.000000,0.000000,45.000000,0.000002,-0.000001,0.131174,1,5.446478,inf,inf,inf,inf,inf,0.000000,inf,inf,0.012000,inf,inf,inf,inf,nan,0.000000,inf,inf,inf,inf,inf,inf,inf,inf,-0.000000,0.000000,0.000000,0,4
1780631194.821028,nmpc_dc,-0.000000,45.000000,-0.000000,0.000000,-0.470613,0.000000,45.000000,0.000000,45.000000,-0.000006,0.000003,0.130291,1,13.865602,0.331951,0.221595,0.113209,0.113209,0.620000,0.000000,0.113209,0.113209,0.012000,0.608000,0.294728,0.189697,inf,nan,0.000000,0.189697,0.189697,0.189697,0.056909,0.011382,0.189697,0.056909,0.011382,-0.000000,0.000000,0.000000,1,4
1780631194.905300,nmpc_dc,-0.000000,45.000000,-0.000001,0.000000,-0.471921,0.000000,45.000000,0.000000,45.000000,0.000004,-0.000002,0.129377,1,12.776933,inf,inf,inf,inf,inf,0.000000,inf,inf,0.012000,inf,inf,inf,inf,nan,0.000000,inf,inf,inf,inf,inf,inf,inf,inf,-0.000000,0.000000,0.000001,0,4
1780631195.015589,nmpc_dc,-0.000000,45.000000,-0.000000,0.000000,-0.472372,0.000000,45.000000,0.000000,45.000000,0.000003,-0.000002,0.128369,1,11.983703,inf,inf,inf,inf,inf,0.000000,inf,inf,0.012000,inf,inf,inf,inf,nan,0.000000,inf,inf,inf,inf,inf,inf,inf,inf,-0.000000,0.000000,0.000000,0,4
1780631195.099868,nmpc_dc,-0.000000,45.000000,0.000000,-0.000000,-0.472270,0.000000,45.000000,0.000000,45.000000,0.000002,-0.000001,0.127283,1,8.153337,inf,inf,inf,inf,inf,0.000000,inf,inf,0.012000,inf,inf,inf,inf,nan,0.000000,inf,inf,inf,inf,inf,inf,inf,inf,-0.000000,0.000000,0.000000,0,4
1780631195.215526,nmpc_dc,-0.000000,45.000000,0.000000,-0.000000,-0.472043,0.000000,45.000000,0.000000,45.000000,0.000001,-0.000000,0.126172,1,14.988733,inf,inf,inf,inf,inf,0.000000,inf,inf,0.012000,inf,inf,inf,inf,nan,0.000000,inf,inf,inf,inf,inf,inf,inf,inf,-0.000000,0.000000,0.000000,0,4
1780631195.303978,nmpc_dc,-0.000000,45.000000,0.000000,-0.000000,-0.471800,0.000000,45.000000,0.000000,45.000000,0.000000,-0.000000,0.125059,1,12.004067,inf,inf,inf,inf,inf,0.000000,inf,inf,0.012000,inf,inf,inf,inf,nan,0.000000,inf,inf,inf,inf,inf,inf,inf,inf,-0.000000,0.000000,0.000000,0,4
1780631195.414796,nmpc_dc,-0.000000,45.000000,0.000000,-0.000000,-0.471551,0.000000,45.000000,0.000000,45.000000,-0.000008,0.000004,0.123952,1,7.909948,0.331938,0.221595,0.113209,0.113209,0.620000,0.000000,0.113209,0.113209,0.012000,0.608000,0.294691,0.189694,inf,nan,0.000000,0.189694,0.189694,0.189694,0.056908,0.011382,0.189694,0.056908,0.011382,-0.000000,0.000000,0.000000,1,4
1780631195.508965,nmpc_dc,-0.000000,45.000000,-0.000000,0.000000,-0.471276,0.000000,45.000000,0.000000,45.000000,0.000003,-0.000001,0.122852,1,15.807531,inf,inf,inf,inf,inf,0.000000,inf,inf,0.012000,inf,inf,inf,inf,nan,0.000000,inf,inf,inf,inf,inf,inf,inf,inf,-0.000000,0.000000,0.000000,0,4
1780631195.617995,nmpc_dc,-0.000000,45.000000,-0.000000,0.000000,-0.471089,0.000000,45.000000,0.000000,45.000000,0.000002,-0.000001,0.121769,1,12.013127,inf,inf,inf,inf,inf,0.000000,inf,inf,0.012000,inf,inf,inf,inf,nan,0.000000,inf,inf,inf,inf,inf,inf,inf,inf,-0.000000,0.000000,0.000000,0,4
1780631195.702748,nmpc_dc,-0.000000,45.000000,0.000000,-0.000000,-0.471041,0.000000,45.000000,0.000000,45.000000,-0.000006,0.000003,0.120713,1,9.826203,0.331945,0.221595,0.113209,0.113209,0.620000,0.000000,0.113209,0.113209,0.012000,0.608000,0.294711,0.189696,inf,nan,0.000000,0.189696,0.189696,0.189696,0.056909,0.011382,0.189696,0.056909,0.011382,-0.000000,0.000000,0.000000,1,4
1780631195.818978,nmpc_dc,-0.000000,45.000000,-0.000001,0.000000,-0.471010,0.000000,45.000000,0.000000,45.000000,0.000004,-0.000002,0.119672,1,14.709187,inf,inf,inf,inf,inf,0.000000,inf,inf,0.012000,inf,inf,inf,inf,nan,0.000000,inf,inf,inf,inf,inf,inf,inf,inf,-0.000000,0.000000,0.000001,0,4
1780631195.901055,nmpc_dc,-0.000000,45.000000,-0.000000,0.000000,-0.470979,0.000000,45.000000,0.000000,45.000000,0.000003,-0.000002,0.118642,1,8.942599,inf,inf,inf,inf,inf,0.000000,inf,inf,0.012000,inf,inf,inf,inf,nan,0.000000,inf,inf,inf,inf,inf,inf,inf,inf,-0.000000,0.000000,0.000000,0,4
1780631196.016241,nmpc_dc,-0.000000,45.000000,0.000000,-0.000000,-0.470953,0.000000,45.000000,0.000000,45.000000,-0.000006,0.000003,0.117621,1,12.307787,0.331946,0.221595,0.113209,0.113209,0.620000,0.000000,0.113209,0.113209,0.012000,0.608000,0.294715,0.189696,inf,nan,0.000000,0.189696,0.189696,0.189696,0.056909,0.011382,0.189696,0.056909,0.011382,-0.000000,0.000000,0.000000,1,4
1780631196.107506,nmpc_dc,-0.000000,45.000000,-0.000000,0.000000,-0.470909,0.000000,45.000000,0.000000,45.000000,-0.000003,0.000002,0.116608,1,14.077650,0.341235,0.230886,0.122438,0.122438,0.620000,0.000000,0.122438,0.122438,0.012000,0.608000,0.303989,0.198902,inf,nan,0.000000,0.198902,0.198902,0.198902,0.059671,0.011934,0.198902,0.059671,0.011934,-0.000000,0.000000,0.000000,1,4
1780631196.212531,nmpc_dc,-0.000000,45.000000,-0.000001,0.000000,-0.470865,0.000000,45.000000,0.000000,45.000000,0.000006,-0.000003,0.115602,1,10.506491,inf,inf,inf,inf,inf,0.000000,inf,inf,0.012000,inf,inf,inf,inf,nan,0.000000,inf,inf,inf,inf,inf,inf,inf,inf,-0.000000,0.000000,0.000001,0,4
1780631196.301439,nmpc_dc,-0.000000,45.000000,-0.000000,0.000000,-0.470848,0.000000,45.000000,0.000000,45.000000,-0.000003,0.000002,0.114608,1,8.353172,0.331948,0.221596,0.113209,0.113209,0.620000,0.000000,0.113209,0.113209,0.012000,0.608000,0.294719,0.189697,inf,nan,0.000000,0.189697,0.189697,0.189697,0.056909,0.011382,0.189697,0.056909,0.011382,-0.000000,0.000000,0.000000,1,4
1780631196.419090,nmpc_dc,-0.000000,45.000000,-0.000000,0.000000,-0.470839,0.000000,45.000000,0.000000,45.000000,-0.000002,0.000001,0.113624,1,12.992519,0.341236,0.230885,0.122437,0.122437,0.620000,0.000000,0.122437,0.122437,0.012000,0.608000,0.303991,0.198902,inf,nan,0.000000,0.198902,0.198902,0.198902,0.059671,0.011934,0.198902,0.059671,0.011934,-0.000000,0.000000,0.000001,1,4
1780631196.508500,nmpc_dc,-0.000000,45.000000,-0.000001,0.000000,-0.470827,0.000000,45.000000,0.000000,45.000000,0.000007,-0.000003,0.112649,1,15.267602,inf,inf,inf,inf,inf,0.000000,inf,inf,0.012000,inf,inf,inf,inf,nan,0.000000,inf,inf,inf,inf,inf,inf,inf,inf,-0.000000,0.000000,0.000001,0,4
1780631196.613011,nmpc_dc,-0.000000,45.000000,0.000000,-0.000000,-0.470820,0.000000,45.000000,0.000000,45.000000,-0.000002,0.000001,0.111683,1,8.643200,0.341238,0.230887,0.122439,0.122439,0.620000,0.000000,0.122439,0.122439,0.012000,0.608000,0.303994,0.198904,inf,nan,0.000000,0.198904,0.198904,0.198904,0.059671,0.011934,0.198904,0.059671,0.011934,-0.000000,0.000000,0.000000,1,4
1780631196.700980,nmpc_dc,-0.000000,45.000000,-0.000000,0.000000,-0.470811,0.000000,45.000000,0.000000,45.000000,-0.000002,0.000001,0.110725,1,8.602357,0.341236,0.230885,0.122437,0.122437,0.620000,0.000000,0.122437,0.122437,0.012000,0.608000,0.303992,0.198902,inf,nan,0.000000,0.198902,0.198902,0.198902,0.059670,0.011934,0.198902,0.059671,0.011934,-0.000000,0.000000,0.000000,1,4
1780631196.814334,nmpc_dc,-0.000001,45.000000,-0.000000,0.000000,-0.470799,0.000000,45.000000,0.000000,45.000000,0.000006,-0.000003,0.109774,1,10.071375,inf,inf,inf,inf,inf,0.000000,inf,inf,0.012000,inf,inf,inf,inf,nan,0.000000,inf,inf,inf,inf,inf,inf,inf,inf,-0.000000,0.000000,0.000000,0,4
1780631196.900488,nmpc_dc,-0.000001,45.000000,0.000000,-0.000000,-0.470790,0.000000,45.000000,0.000000,45.000000,0.000004,-0.000002,0.108833,1,8.502113,inf,inf,inf,inf,inf,0.000000,inf,inf,0.012000,inf,inf,inf,inf,nan,0.000000,inf,inf,inf,inf,inf,inf,inf,inf,-0.000000,0.000000,0.000000,0,4
1780631197.021095,nmpc_dc,-0.000000,45.000000,0.000001,-0.000000,-0.470780,0.000000,45.000000,0.000000,45.000000,0.000002,-0.000001,0.107899,1,8.366448,inf,inf,inf,inf,inf,0.000000,inf,inf,0.012000,inf,inf,inf,inf,nan,0.000000,inf,inf,inf,inf,inf,inf,inf,inf,-0.000000,0.000000,0.000001,0,4
1780631197.095367,nmpc_dc,-0.000000,45.000000,0.000001,-0.000000,-0.470760,0.000000,45.000000,0.000000,45.000000,0.000000,-0.000000,0.106972,1,5.478842,inf,inf,inf,inf,inf,0.000000,inf,inf,0.012000,inf,inf,inf,inf,nan,0.000000,inf,inf,inf,inf,inf,inf,inf,inf,-0.000000,0.000000,0.000001,0,4
1780631197.218590,nmpc_dc,-0.000000,45.000000,0.000001,-0.000000,-0.470724,0.000000,45.000000,0.000000,45.000000,-0.000001,0.000000,0.106051,1,13.412645,inf,inf,inf,inf,inf,0.000000,inf,inf,0.012000,inf,inf,inf,inf,nan,0.000000,inf,inf,inf,inf,inf,inf,inf,inf,-0.000000,0.000000,0.000001,0,4
1780631197.300076,nmpc_dc,-0.000000,45.000000,0.000001,-0.000000,-0.470665,0.000000,45.000000,0.000000,45.000000,-0.000008,0.000004,0.105135,1,8.868548,0.341239,0.230886,0.122438,0.122438,0.620000,0.000000,0.122438,0.122438,0.012000,0.608000,0.303999,0.198903,inf,nan,0.000000,0.198903,0.198903,0.198903,0.059671,0.011934,0.198903,0.059671,0.011934,-0.000000,0.000000,0.000001,1,4
1780631197.412392,nmpc_dc,-0.000000,45.000000,-0.000000,0.000000,-0.470573,0.000000,45.000000,0.000000,45.000000,0.000002,-0.000001,0.104222,1,11.494275,inf,inf,inf,inf,inf,0.000000,inf,inf,0.012000,inf,inf,inf,inf,nan,0.000000,inf,inf,inf,inf,inf,inf,inf,inf,-0.000000,0.000000,0.000000,0,4
1780631197.500009,nmpc_dc,-0.000000,45.000000,0.000000,-0.000000,-0.470474,0.000000,45.000000,0.000000,45.000000,0.000002,-0.000001,0.103315,1,8.274428,inf,inf,inf,inf,inf,0.000000,inf,inf,0.012000,inf,inf,inf,inf,nan,0.000000,inf,inf,inf,inf,inf,inf,inf,inf,-0.000000,0.000000,0.000000,0,4
1780631197.608382,nmpc_dc,-0.000000,45.000000,0.000000,-0.000000,-0.470404,0.000000,45.000000,0.000000,45.000000,0.000001,-0.000000,0.102419,1,7.858507,inf,inf,inf,inf,inf,0.000000,inf,inf,0.012000,inf,inf,inf,inf,nan,0.000000,inf,inf,inf,inf,inf,inf,inf,inf,-0.000000,0.000000,0.000000,0,4
1780631197.701727,nmpc_dc,-0.000000,45.000000,0.000000,-0.000000,-0.470330,0.000000,45.000000,0.000000,45.000000,0.000000,-0.000000,0.101531,1,9.496835,inf,inf,inf,inf,inf,0.000000,inf,inf,0.012000,inf,inf,inf,inf,nan,0.000000,inf,inf,inf,inf,inf,inf,inf,inf,-0.000000,0.000000,0.000000,0,4
1780631197.814522,nmpc_dc,-0.000000,45.000000,0.000000,-0.000000,-0.470229,0.000000,45.000000,0.000000,45.000000,-0.000000,0.000000,0.100647,1,12.000219,inf,inf,inf,inf,inf,0.000000,inf,inf,0.012000,inf,inf,inf,inf,nan,0.000000,inf,inf,inf,inf,inf,inf,inf,inf,-0.000000,0.000000,0.000000,0,4
1780631197.901887,nmpc_dc,-0.000000,45.000000,0.000000,-0.000000,-0.470079,0.000000,45.000000,0.000000,45.000000,-0.000008,0.000004,0.099765,1,9.055734,0.331957,0.221594,0.113208,0.113208,0.620000,0.000000,0.113208,0.113208,0.012000,0.608000,0.294749,0.189697,inf,nan,0.000000,0.189697,0.189697,0.189697,0.056909,0.011382,0.189697,0.056909,0.011382,-0.000000,0.000000,0.000000,1,4
1780631198.008179,nmpc_dc,-0.000000,45.000000,-0.000000,0.000000,-0.469850,0.000000,45.000000,0.000000,45.000000,0.000002,-0.000001,0.098880,1,8.509012,inf,inf,inf,inf,inf,0.000000,inf,inf,0.012000,inf,inf,inf,inf,nan,0.000000,inf,inf,inf,inf,inf,inf,inf,inf,-0.000000,0.000000,0.000001,0,4
1780631198.097512,nmpc_dc,-0.000000,45.000000,-0.000000,0.000000,-0.469681,0.000000,45.000000,0.000000,45.000000,0.000002,-0.000001,0.098007,1,5.383861,inf,inf,inf,inf,inf,0.000000,inf,inf,0.012000,inf,inf,inf,inf,nan,0.000000,inf,inf,inf,inf,inf,inf,inf,inf,-0.000000,0.000000,0.000000,0,4
1780631198.209503,nmpc_dc,-0.000000,45.000000,0.000000,-0.000000,-0.469640,0.000000,45.000000,0.000000,45.000000,-0.000006,0.000003,0.097156,1,8.169643,0.331963,0.221595,0.113209,0.113209,0.620000,0.000000,0.113209,0.113209,0.012000,0.608000,0.294767,0.189698,inf,nan,0.000000,0.189698,0.189698,0.189698,0.056909,0.011382,0.189698,0.056910,0.011382,-0.000000,0.000000,0.000000,1,4
1780631198.299027,nmpc_dc,-0.000000,45.000000,-0.000001,0.000000,-0.469606,0.000000,45.000000,0.000000,45.000000,0.000004,-0.000002,0.096317,1,7.831414,inf,inf,inf,inf,inf,0.000000,inf,inf,0.012000,inf,inf,inf,inf,nan,0.000000,inf,inf,inf,inf,inf,inf,inf,inf,-0.000000,0.000000,0.000001,0,4
1780631198.418231,nmpc_dc,-0.000000,45.000000,-0.000000,0.000000,-0.469570,0.000000,45.000000,0.000000,45.000000,0.000003,-0.000002,0.095487,1,14.449582,inf,inf,inf,inf,inf,0.000000,inf,inf,0.012000,inf,inf,inf,inf,nan,0.000000,inf,inf,inf,inf,inf,inf,inf,inf,-0.000000,0.000000,0.000000,0,4
1780631198.503298,nmpc_dc,-0.000000,45.000000,0.000000,-0.000000,-0.469541,0.000000,45.000000,0.000000,45.000000,0.000002,-0.000001,0.094664,1,10.190781,inf,inf,inf,inf,inf,0.000000,inf,inf,0.012000,inf,inf,inf,inf,nan,0.000000,inf,inf,inf,inf,inf,inf,inf,inf,-0.000000,0.000000,0.000000,0,4
1780631198.599794,nmpc_dc,-0.000000,45.000000,0.000000,-0.000000,-0.469497,0.000000,45.000000,0.000000,45.000000,0.000001,-0.000000,0.093847,1,5.211963,inf,inf,inf,inf,inf,0.000000,inf,inf,0.012000,inf,inf,inf,inf,nan,0.000000,inf,inf,inf,inf,inf,inf,inf,inf,-0.000000,0.000000,0.000000,0,4
1780631198.703860,nmpc_dc,-0.000000,45.000000,0.000000,-0.000000,-0.469426,0.000000,45.000000,0.000000,45.000000,0.000000,-0.000000,0.093034,1,11.358995,inf,inf,inf,inf,inf,0.000000,inf,inf,0.012000,inf,inf,inf,inf,nan,0.000000,inf,inf,inf,inf,inf,inf,inf,inf,-0.000000,0.000000,0.000000,0,4
1780631198.816040,nmpc_dc,-0.000000,45.000000,0.000000,-0.000000,-0.469319,0.000000,45.000000,0.000000,45.000000,-0.000007,0.000004,0.092223,1,11.611601,0.341256,0.230886,0.122438,0.122438,0.620000,0.000000,0.122438,0.122438,0.012000,0.608000,0.304051,0.198905,inf,nan,0.000000,0.198905,0.198905,0.198905,0.059672,0.011934,0.198905,0.059672,0.011934,-0.000000,0.000000,0.000000,1,4
1780631198.902977,nmpc_dc,-0.000000,45.000000,-0.000000,0.000000,-0.469159,0.000000,45.000000,0.000000,45.000000,0.000002,-0.000001,0.091412,1,10.835652,inf,inf,inf,inf,inf,0.000000,inf,inf,0.012000,inf,inf,inf,inf,nan,0.000000,inf,inf,inf,inf,inf,inf,inf,inf,-0.000000,0.000000,0.000000,0,4
1780631199.009619,nmpc_dc,-0.000000,45.000000,-0.000000,0.000000,-0.469024,0.000000,45.000000,0.000000,45.000000,0.000002,-0.000001,0.090608,1,7.992559,inf,inf,inf,inf,inf,0.000000,inf,inf,0.012000,inf,inf,inf,inf,nan,0.000000,inf,inf,inf,inf,inf,inf,inf,inf,-0.000000,0.000000,0.000000,0,4
1780631199.095849,nmpc_dc,-0.000000,45.000000,0.000000,-0.000000,-0.468967,0.000000,45.000000,0.000000,45.000000,0.000001,-0.000001,0.089821,1,5.727059,inf,inf,inf,inf,inf,0.000000,inf,inf,0.012000,inf,inf,inf,inf,nan,0.000000,inf,inf,inf,inf,inf,inf,inf,inf,-0.000000,0.000000,0.000000,0,4
1780631199.208760,nmpc_dc,-0.000000,45.000000,0.000000,-0.000000,-0.468914,0.000000,45.000000,0.000000,45.000000,0.000001,-0.000000,0.089043,1,7.180444,inf,inf,inf,inf,inf,0.000000,inf,inf,0.012000,inf,inf,inf,inf,nan,0.000000,inf,inf,inf,inf,inf,inf,inf,inf,-0.000000,0.000000,0.000000,0,4
1780631199.300263,nmpc_dc,-0.000000,45.000000,0.000000,-0.000000,-0.468831,0.000000,45.000000,0.000000,45.000000,0.000000,-0.000000,0.088269,1,8.038357,inf,inf,inf,inf,inf,0.000000,inf,inf,0.012000,inf,inf,inf,inf,nan,0.000000,inf,inf,inf,inf,inf,inf,inf,inf,-0.000000,0.000000,0.000000,0,4
1780631199.405018,nmpc_dc,-0.000000,45.000000,0.000000,-0.000000,-0.468700,0.000000,45.000000,0.000000,45.000000,-0.000000,0.000000,0.087495,1,5.879140,inf,inf,inf,inf,inf,0.000000,inf,inf,0.012000,inf,inf,inf,inf,nan,0.000000,inf,inf,inf,inf,inf,inf,inf,inf,-0.000000,0.000000,0.000000,0,4
1780631199.499305,nmpc_dc,-0.000000,45.000000,0.000000,-0.000000,-0.468499,0.000000,45.000000,0.000000,45.000000,-0.000000,0.000000,0.086720,1,8.084769,inf,inf,inf,inf,inf,0.000000,inf,inf,0.012000,inf,inf,inf,inf,nan,0.000000,inf,inf,inf,inf,inf,inf,inf,inf,-0.000000,0.000000,0.000000,0,4
1780631199.615748,nmpc_dc,-0.000000,45.000000,0.000000,-0.000000,-0.468192,0.000000,45.000000,0.000000,45.000000,-0.000000,0.000000,0.085936,1,10.924012,inf,inf,inf,inf,inf,0.000000,inf,inf,0.012000,inf,inf,inf,inf,nan,0.000000,inf,inf,inf,inf,inf,inf,inf,inf,-0.000000,0.000000,0.000000,0,4
1780631199.701148,nmpc_dc,-0.000000,45.000000,0.000000,-0.000000,-0.467710,0.000000,45.000000,0.000000,45.000000,-0.000007,0.000004,0.085138,1,8.706679,0.341187,0.230897,0.122443,0.122443,0.620000,0.000000,0.122443,0.122443,0.012000,0.608000,0.303843,0.198895,inf,nan,0.000000,0.198895,0.198895,0.198895,0.059669,0.011934,0.198896,0.059669,0.011934,-0.000000,0.000000,0.000000,1,4
1780631199.813797,nmpc_dc,-0.000000,45.000000,-0.000001,0.000000,-0.466924,0.000000,45.000000,0.000000,45.000000,0.000003,-0.000001,0.084307,1,10.229147,inf,inf,inf,inf,inf,0.000000,inf,inf,0.012000,inf,inf,inf,inf,nan,0.000000,inf,inf,inf,inf,inf,inf,inf,inf,-0.000000,0.000000,0.000001,0,4
1780631199.900547,nmpc_dc,-0.000000,45.000000,-0.000000,0.000000,-0.468972,0.000000,45.000000,0.000000,45.000000,0.000003,-0.000001,0.083782,1,8.671686,inf,inf,inf,inf,inf,0.000000,inf,inf,0.012000,inf,inf,inf,inf,nan,0.000000,inf,inf,inf,inf,inf,inf,inf,inf,-0.000000,0.000000,0.000000,0,4
1780631200.016344,nmpc_dc,-0.000000,45.000000,-0.000000,0.000000,-0.471188,0.000000,45.000000,0.000000,45.000000,0.000002,-0.000001,0.083355,1,11.106343,inf,inf,inf,inf,inf,0.000000,inf,inf,0.012000,inf,inf,inf,inf,nan,0.000000,inf,inf,inf,inf,inf,inf,inf,inf,-0.000000,0.000000,0.000000,0,4
1780631200.100187,nmpc_dc,-0.000000,45.000000,0.000000,-0.000000,-0.472515,0.000000,45.000000,0.000000,45.000000,0.000001,-0.000000,0.082859,1,8.455654,inf,inf,inf,inf,inf,0.000000,inf,inf,0.012000,inf,inf,inf,inf,nan,0.000000,inf,inf,inf,inf,inf,inf,inf,inf,-0.000000,0.000000,0.000000,0,4
1780631200.215036,nmpc_dc,-0.000000,45.000000,0.000000,-0.000000,-0.473216,0.000000,45.000000,0.000000,45.000000,0.000000,-0.000000,0.082280,1,12.471828,inf,inf,inf,inf,inf,0.000000,inf,inf,0.012000,inf,inf,inf,inf,nan,0.000000,inf,inf,inf,inf,inf,inf,inf,inf,-0.000000,0.000000,0.000000,0,4
1780631200.301783,nmpc_dc,-0.000000,45.000000,0.000000,-0.000000,-0.473538,0.000000,45.000000,0.000000,45.000000,-0.000000,0.000000,0.081644,1,8.825018,inf,inf,inf,inf,inf,0.000000,inf,inf,0.012000,inf,inf,inf,inf,nan,0.000000,inf,inf,inf,inf,inf,inf,inf,inf,-0.000000,0.000000,0.000000,0,4
1780631200.420476,nmpc_dc,-0.000000,45.000000,0.000000,-0.000000,-0.473614,0.000000,45.000000,0.000000,45.000000,-0.000007,0.000004,0.080970,1,14.679104,0.341200,0.230886,0.122438,0.122438,0.620000,0.000000,0.122438,0.122438,0.012000,0.608000,0.303884,0.198897,inf,nan,0.000000,0.198897,0.198897,0.198897,0.059669,0.011934,0.198897,0.059669,0.011934,-0.000000,0.000000,0.000000,1,4
1780631200.497647,nmpc_dc,-0.000000,45.000000,-0.000001,0.000000,-0.473498,0.000000,45.000000,0.000000,45.000000,-0.000004,0.000002,0.080270,1,5.582718,0.341201,0.230885,0.122437,0.122437,0.620000,0.000000,0.122437,0.122437,0.012000,0.608000,0.303888,0.198896,inf,nan,0.000000,0.198896,0.198896,0.198896,0.059669,0.011934,0.198897,0.059669,0.011934,-0.000000,0.000000,0.000001,1,4
1780631200.611201,nmpc_dc,-0.000000,45.000000,-0.000001,0.000000,-0.473362,0.000000,45.000000,0.000000,45.000000,-0.000002,0.000001,0.079566,1,11.219203,0.331914,0.221595,0.113208,0.113208,0.620000,0.000000,0.113208,0.113208,0.012000,0.608000,0.294620,0.189690,inf,nan,0.000000,0.189690,0.189690,0.189690,0.056907,0.011381,0.189690,0.056907,0.011382,-0.000000,0.000000,0.000001,1,4
1780631200.705825,nmpc_dc,-0.000000,45.000000,-0.000001,0.000001,-0.473356,0.000000,45.000000,0.000000,45.000000,0.000007,-0.000004,0.078879,1,13.276527,inf,inf,inf,inf,inf,0.000000,inf,inf,0.012000,inf,inf,inf,inf,nan,0.000000,inf,inf,inf,inf,inf,inf,inf,inf,-0.000000,0.000000,0.000001,0,4
1780631200.809567,nmpc_dc,-0.000000,45.000000,-0.000000,0.000000,-0.473378,0.000000,45.000000,0.000000,45.000000,0.000006,-0.000003,0.078204,1,7.794074,inf,inf,inf,inf,inf,0.000000,inf,inf,0.012000,inf,inf,inf,inf,nan,0.000000,inf,inf,inf,inf,inf,inf,inf,inf,-0.000000,0.000000,0.000000,0,4
1780631200.891669,nmpc_dc,-0.000000,45.000000,0.000000,-0.000000,-0.473386,0.000000,45.000000,0.000000,45.000000,0.000003,-0.000002,0.077536,1,3.108306,inf,inf,inf,inf,inf,0.000000,inf,inf,0.012000,inf,inf,inf,inf,nan,0.000000,inf,inf,inf,inf,inf,inf,inf,inf,-0.000000,0.000000,0.000000,0,4
1780631200.994301,nmpc_dc,-0.000000,45.000000,0.000000,-0.000000,-0.473371,0.000000,45.000000,0.000000,45.000000,-0.000006,0.000003,0.076870,1,3.130403,0.341205,0.230887,0.122439,0.122439,0.620000,0.000000,0.122439,0.122439,0.012000,0.608000,0.303894,0.198899,inf,nan,0.000000,0.198899,0.198899,0.198899,0.059670,0.011934,0.198899,0.059670,0.011934,-0.000000,0.000000,0.000000,1,4
1780631201.092102,nmpc_dc,-0.000000,45.000000,-0.000000,0.000000,-0.473335,0.000000,45.000000,0.000000,45.000000,-0.000004,0.000002,0.076207,1,3.167469,0.331913,0.221593,0.113207,0.113207,0.620000,0.000000,0.113207,0.113207,0.012000,0.608000,0.294620,0.189689,inf,nan,0.000000,0.189689,0.189689,0.189689,0.056907,0.011381,0.189689,0.056907,0.011381,-0.000000,0.000000,0.000000,1,4
1780631201.226729,nmpc_dc,-0.000000,45.000000,-0.000001,0.000000,-0.473292,0.000000,45.000000,0.000000,45.000000,0.000005,-0.000003,0.075548,1,16.295964,inf,inf,inf,inf,inf,0.000000,inf,inf,0.012000,inf,inf,inf,inf,nan,0.000000,inf,inf,inf,inf,inf,inf,inf,inf,-0.000000,0.000000,0.000001,0,4
1780631201.304066,nmpc_dc,-0.000000,45.000000,-0.000000,0.000000,-0.473269,0.000000,45.000000,0.000000,45.000000,0.000004,-0.000002,0.074897,1,12.293285,inf,inf,inf,inf,inf,0.000000,inf,inf,0.012000,inf,inf,inf,inf,nan,0.000000,inf,inf,inf,inf,inf,inf,inf,inf,-0.000000,0.000000,0.000000,0,4
1780631201.413720,nmpc_dc,-0.000000,45.000000,0.000000,-0.000000,-0.473255,0.000000,45.000000,0.000000,45.000000,-0.000005,0.000003,0.074253,1,9.557735,0.331916,0.221595,0.113209,0.113209,0.620000,0.000000,0.113209,0.113209,0.012000,0.608000,0.294624,0.189691,inf,nan,0.000000,0.189691,0.189691,0.189691,0.056907,0.011381,0.189691,0.056907,0.011382,-0.000000,0.000000,0.000000,1,4
1780631201.499285,nmpc_dc,-0.000000,45.000000,-0.000000,0.000000,-0.473231,0.000000,45.000000,0.000000,45.000000,0.000004,-0.000002,0.073614,1,7.825442,inf,inf,inf,inf,inf,0.000000,inf,inf,0.012000,inf,inf,inf,inf,nan,0.000000,inf,inf,inf,inf,inf,inf,inf,inf,-0.000000,0.000000,0.000000,0,4
1780631201.602522,nmpc_dc,-0.000000,45.000000,0.000000,-0.000000,-0.473202,0.000000,45.000000,0.000000,45.000000,0.000003,-0.000001,0.072979,1,7.331484,inf,inf,inf,inf,inf,0.000000,inf,inf,0.012000,inf,inf,inf,inf,nan,0.000000,inf,inf,inf,inf,inf,inf,inf,inf,-0.000000,0.000000,0.000000,0,4
