time_s,controller,x,y,vx,vy,yaw,ref_x,ref_y,goal_x,goal_y,ux,uy,alpha,feasible,solve_ms,clearance_m,d_lower_min,c_body,barrier,gamma_ref,recovery_energy,recoverable_margin,h_R,dynamic_reserve,recoverability_delta,pred_min_d_lower,pred_min_c_body,pred_min_gamma,pred_max_recovery_energy,pred_max_dynamic_reserve,pred_min_delta,pred_min_h_R,pred_min_psi0,pred_min_psi1,pred_min_psi2,pred_min_psi0_constraint,pred_min_psi1_constraint,pred_min_psi2_constraint,solver_constraint_margin,max_safety_slack,speed_mps,obstacle_count,guide_points
1780645170.411245,proposed,0.000000,-50.000000,0.000000,0.000000,1.570800,0.000000,-48.400000,0.000000,45.000000,-0.000000,7.999991,-0.171059,1,14.910781,1.224457,1.194907,1.078548,1.078548,1.916564,0.016640,1.078548,1.078548,0.012000,1.887924,1.194907,1.078548,1.904617,0.016640,0.117688,1.778431,1.078548,1.078548,0.520487,0.456993,1.056140,0.509431,0.449857,-0.000000,0.000001,0.000000,10,2
1780645170.511117,proposed,0.000000,-50.000000,0.000000,0.000000,1.570800,0.000000,-48.400000,0.000000,45.000000,-0.000001,7.999992,-0.212729,1,13.941663,1.224987,1.195439,1.079015,1.079015,1.916746,0.016640,1.079015,1.079015,0.012000,1.888106,1.195439,1.079015,1.905089,0.016640,0.117688,1.778728,1.079015,1.079015,0.520763,0.457215,1.056417,0.509588,0.449982,-0.000000,0.000001,0.000000,10,2
1780645170.597270,proposed,0.000000,-50.000000,0.000000,0.000000,1.570800,0.000000,-48.400000,0.000000,45.000000,-0.000000,7.999992,-0.221785,1,13.887948,1.224127,1.194528,1.078139,1.078139,1.911079,0.016640,1.078139,1.078139,0.012000,1.882439,1.194528,1.078139,1.900423,0.016640,0.117688,1.773474,1.078139,1.078139,0.520456,0.457055,1.055770,0.509326,0.449804,-0.000000,0.000001,0.000000,10,2
1780645170.701207,proposed,-0.000000,-49.960000,-0.000000,0.799999,1.570799,0.000000,-48.360000,0.000000,45.000000,-0.000000,7.999980,-0.222627,1,12.212459,1.263022,1.233131,1.117127,1.117127,1.930737,0.017408,1.117127,1.117127,0.041600,1.871729,1.233131,1.117127,1.920713,0.017408,0.115913,1.796094,1.117127,1.117127,0.614834,0.553429,1.094574,0.603527,0.545866,-0.000000,0.000000,0.799999,10,2
1780645170.851055,proposed,-0.000000,-49.840000,-0.000000,1.599997,1.570798,0.000000,-48.240000,0.000000,45.000000,-0.000001,7.751392,-0.221376,1,25.096349,1.720431,1.680911,1.576258,1.576258,0.894786,0.019712,0.800674,0.800674,0.074400,0.800674,0.696496,0.585158,0.875488,0.019712,0.121923,0.751396,0.585148,0.585148,0.199121,0.117754,0.562557,0.194874,0.125540,-0.000000,0.000000,1.599997,10,0
1780645170.973825,proposed,-0.000000,-49.840000,-0.000000,1.599997,1.570798,-0.000000,-48.240000,0.000000,45.000000,-0.000003,7.732496,-0.219642,1,15.229591,2.288462,2.255403,2.141995,2.141995,0.908295,0.019712,0.814184,0.814184,0.074400,0.814184,0.711295,0.600391,0.890875,0.019712,0.121870,0.765247,0.600381,0.600381,0.205452,0.123574,0.584288,0.197401,0.123538,-0.000000,0.000000,1.599997,10,2
1780645171.012688,proposed,-0.000000,-49.641244,-0.000000,2.375136,1.570798,-0.000000,-48.041244,0.000000,45.000000,-0.000002,4.290504,-0.217799,1,15.930025,2.015059,2.063073,1.949245,1.949245,0.822598,0.023410,0.689956,0.689956,0.109233,0.689956,0.538685,0.431849,0.804012,0.023410,0.129805,0.669446,0.431849,0.431849,0.143432,0.091004,0.415696,0.135343,0.090934,-0.000000,0.000000,2.375136,10,2
1780645171.081975,proposed,-0.000000,-49.382277,-0.000000,2.804187,1.570797,-0.000000,-47.782277,0.000000,45.000000,-0.000011,2.126757,-0.215875,1,11.654241,1.658920,1.628347,1.513476,1.513476,0.655150,0.026076,0.499269,0.499269,0.129805,0.499269,0.278496,0.171301,0.630255,0.026076,0.140344,0.489898,0.171301,0.171301,0.055554,0.028550,0.155288,0.047544,0.028549,-0.000000,0.000000,2.804187,10,2
1780645171.198117,proposed,-0.000000,-49.091225,-0.000001,3.016862,1.570796,-0.000000,-47.491225,0.000000,45.000000,0.000007,1.019746,-0.214129,1,12.647856,2.118830,2.086801,1.972165,1.972165,1.734810,0.027562,1.566904,1.566904,0.140344,1.566904,2.086801,1.972165,1.734672,0.027562,0.145477,1.566651,1.566651,1.566651,0.704854,0.510400,1.550507,0.697509,0.505978,-0.000000,0.000000,3.016862,10,2
1780645171.312086,proposed,-0.000000,-48.784440,-0.000001,3.118837,1.570796,-0.000000,-47.184440,0.000000,45.000000,0.000006,0.483718,-0.212320,1,18.306303,2.244643,2.206786,2.085596,2.085596,1.811706,0.028313,1.637916,1.637916,0.145477,1.637916,2.206786,2.085596,1.811688,0.028313,0.147930,1.637916,1.637916,1.637916,0.740121,0.535331,1.637768,0.739056,0.535285,-0.000000,0.000000,3.118837,10,2
1780645171.389986,proposed,-0.000000,-48.470138,-0.000000,3.167209,1.570796,-0.000000,-46.870138,0.000000,45.000000,0.000004,0.228631,-0.210505,1,11.401317,2.250062,2.209963,2.093910,2.093910,1.902677,0.028677,1.726070,1.726070,0.147930,1.726070,2.209963,2.093910,1.902677,0.028677,0.149094,1.726070,1.726070,1.726070,0.781388,0.564320,1.725680,0.780215,0.564200,-0.000000,0.000000,3.167209,10,2
1780645171.504575,proposed,-0.000000,-48.152274,0.000000,3.190072,1.570796,-0.000000,-46.552274,0.000000,45.000000,0.000002,0.107933,-0.208701,1,12.345515,2.278570,2.240993,2.126780,2.126780,2.007568,0.028852,1.829621,1.829621,0.149094,1.829622,2.240993,2.126780,2.007568,0.028852,0.149644,1.829622,1.829621,1.829621,0.828748,0.597518,1.828750,0.827363,0.597251,-0.000000,0.000000,3.190072,10,2
1780645171.595116,proposed,-0.000000,-47.832727,0.000000,3.200865,1.570796,-0.000000,-46.232727,0.000000,45.000000,0.000001,0.050932,-0.206920,1,12.281405,2.341664,2.304409,2.192198,2.192198,1.366176,0.028935,1.187597,1.187597,0.149644,1.187597,1.683717,1.574378,1.366176,0.028935,0.149904,1.187597,1.187597,1.187597,0.540504,0.395918,1.187061,0.539268,0.395754,-0.000000,0.000000,3.200865,10,2
1780645171.702176,proposed,-0.000000,-47.512386,0.000000,3.205958,1.570796,-0.000000,-45.912386,0.000000,45.000000,-0.000000,0.024031,-0.205151,1,12.046157,2.428061,2.418502,2.310224,2.310224,1.260565,0.028974,1.081687,1.081687,0.149904,1.081687,1.484564,1.373323,1.260565,0.028974,0.150027,1.081687,1.081687,1.081687,0.493226,0.362932,1.074984,0.489243,0.360856,-0.000000,0.000000,3.205958,10,2
1780645171.793708,proposed,-0.000000,-47.191670,0.000000,3.208362,1.570796,-0.000000,-45.591670,0.000000,45.000000,-0.000000,0.011338,-0.203391,1,11.607251,2.435475,2.399957,2.292052,2.292052,1.202230,0.028992,1.023212,1.023212,0.150027,1.023212,1.368548,1.256263,1.202230,0.028992,0.150084,1.023212,1.023212,1.023212,0.467337,0.344946,1.017726,0.463866,0.343204,-0.000000,0.000000,3.208362,10,2
1780645171.906569,proposed,-0.000000,-46.870777,0.000000,3.209495,1.570796,-0.000000,-45.270777,0.000000,45.000000,-0.000000,0.005349,-0.201626,1,13.117612,2.195225,2.157646,2.051717,2.051717,1.179922,0.029001,1.000837,1.000837,0.150084,1.000837,1.309613,1.187330,1.178310,0.029001,0.150112,1.000837,1.000837,1.000837,0.457186,0.337587,0.995576,0.453714,0.335767,-0.000000,0.000000,3.209495,10,2
1780645171.990777,proposed,-0.000000,-46.549800,0.000000,3.210030,1.570796,-0.000000,-44.949800,0.000000,45.000000,-0.000000,0.002524,-0.199871,1,11.448959,1.979800,1.941134,1.836282,1.836282,1.191127,0.029005,1.012010,1.012010,0.150112,1.012010,1.273496,1.160648,1.167898,0.029005,0.150125,1.012010,1.012010,1.012010,0.460483,0.338596,1.000702,0.454202,0.334796,-0.000000,0.000000,3.210030,10,2
1780645172.105198,proposed,-0.000000,-46.228785,0.000000,3.210283,1.570796,-0.000000,-44.628785,0.000000,45.000000,-0.000000,0.001191,-0.198147,1,11.942556,1.818390,1.778959,1.674294,1.674294,1.205166,0.029007,1.026034,1.026034,0.150125,1.026034,1.276375,1.167854,1.170772,0.029007,0.150131,1.026034,1.026034,1.026034,0.464715,0.340624,1.018643,0.460335,0.338243,-0.000000,0.000000,3.210283,10,2
1780645172.194156,proposed,-0.000000,-45.907751,0.000000,3.210402,1.570796,-0.000000,-44.307751,0.000000,45.000000,-0.000002,0.000562,-0.196450,1,11.662080,1.645290,1.604962,1.499418,1.499418,1.176279,0.029008,0.997141,0.997141,0.150131,0.997141,1.244157,1.136151,1.139620,0.029008,0.150134,0.997141,0.997141,0.997141,0.450129,0.330162,0.996015,0.448887,0.329987,-0.000000,0.000000,3.210402,10,2
1780645172.309278,proposed,0.000000,-45.586708,0.000000,3.210458,1.570796,-0.000000,-43.986708,0.000000,45.000000,-0.000005,0.000262,-0.194757,1,13.265324,1.551537,1.512796,1.403014,1.403014,1.034284,0.029008,0.855142,0.855142,0.150134,0.855142,0.949483,0.842837,1.001738,0.029008,0.150135,0.855142,0.842257,0.842257,0.346902,0.231789,0.825498,0.338772,0.231818,-0.000000,0.000000,3.210458,10,2
1780645172.403794,proposed,0.000000,-45.265661,-0.000000,3.210484,1.570796,-0.000000,-43.665661,0.000000,45.000000,-0.000007,0.000121,-0.193072,1,13.697583,1.510809,1.472859,1.359780,1.359780,0.948897,0.029009,0.769754,0.769754,0.150135,0.769754,0.804508,0.692707,0.909682,0.029009,0.150136,0.769754,0.692631,0.692631,0.283118,0.191534,0.653688,0.262932,0.183436,-0.000000,0.000000,3.210484,10,2
1780645172.503075,proposed,-0.000000,-44.944612,-0.000001,3.210496,1.570796,-0.000000,-43.344612,0.000000,45.000000,-0.000007,0.000051,-0.191407,1,12.800340,1.498414,1.460376,1.342986,1.342986,0.844680,0.029009,0.665536,0.665536,0.150136,0.665536,0.566512,0.454161,0.816185,0.029009,0.150136,0.665536,0.454160,0.454160,0.162829,0.106519,0.431635,0.155013,0.106580,-0.000000,0.000000,3.210496,10,2
1780645172.590496,proposed,-0.000000,-44.623562,-0.000002,3.210501,1.570796,-0.000000,-43.023562,0.000000,45.000000,-0.000016,0.000018,-0.189689,1,11.957297,1.536087,1.499652,1.392969,1.392969,0.736785,0.029009,0.557641,0.557641,0.150136,0.557641,0.387762,0.284014,0.698744,0.029009,0.150136,0.557641,0.284014,0.284014,0.101041,0.067316,0.264913,0.091691,0.066220,-0.000000,0.000000,3.210501,10,2
1780645172.706703,proposed,-0.000000,-44.302511,-0.000003,3.210503,1.570796,-0.000000,-42.702511,0.000000,45.000000,-0.000037,0.000001,-0.187885,1,12.041479,1.301111,1.262625,1.157879,1.157879,0.667637,0.029009,0.488493,0.488493,0.150136,0.488493,0.259685,0.156569,0.627345,0.029009,0.150136,0.488493,0.156569,0.156569,0.047369,0.030784,0.135357,0.040185,0.031321,-0.000000,0.000000,3.210503,10,2
1780645172.794876,proposed,-0.000001,-43.981461,-0.000007,3.210503,1.570796,-0.006823,-42.387757,0.000000,45.000000,-0.065061,-0.372983,0.203984,1,15.096550,1.109616,1.069334,0.964566,0.964566,0.620000,0.028878,0.440986,0.440986,0.150136,0.440986,0.163823,0.060633,0.620000,0.028878,0.150136,0.440986,0.060633,0.060633,0.007159,-0.002538,0.043999,0.000003,0.002551,-0.000000,0.000000,3.210503,10,2
1780645172.912199,proposed,-0.000327,-43.662276,-0.006513,3.173205,1.573407,-0.046346,-42.106004,0.000000,45.000000,-0.588767,-0.270281,0.562604,1,21.308170,0.943245,0.903558,0.795981,0.795981,0.620000,0.027840,0.443925,0.443925,0.148236,0.443925,0.190148,0.081501,0.620000,0.027840,0.148236,0.443925,0.081501,0.081501,0.006732,-0.008076,0.067367,0.008289,0.000000,-0.000000,0.000000,3.173212,10,2
1780645172.989700,proposed,-0.003922,-43.346307,-0.065390,3.146177,1.589830,-0.129957,-41.854676,0.000000,45.000000,-0.876873,-0.700057,-0.005615,1,11.994367,0.717422,0.678394,0.574337,0.574337,0.635603,0.026449,0.461698,0.461698,0.146897,0.462257,0.233592,0.125398,0.635603,0.026449,0.146897,0.462257,0.125398,0.125398,0.017704,0.007725,0.116864,0.017387,0.010878,-0.000000,0.000000,3.146856,10,2
1780645173.104939,proposed,-0.014845,-43.035189,-0.153077,3.076171,1.631864,-0.280685,-41.618264,0.000000,45.000000,-1.754463,-1.087067,-0.152514,1,13.508190,0.570008,0.531483,0.422678,0.422678,0.745399,0.024893,0.422549,0.422549,0.143515,0.576991,0.306715,0.198038,0.745399,0.024893,0.143515,0.576991,0.198038,0.198038,0.052067,0.026359,0.191308,0.054010,0.032801,-0.000000,0.000000,3.079977,10,2
1780645173.188652,proposed,-0.038926,-42.733007,-0.328523,2.967464,1.716355,-0.370012,-41.284964,0.000000,45.000000,-1.622887,-0.356481,-0.197507,1,11.947813,0.493472,0.459012,0.343315,0.343315,0.878331,0.025038,0.343315,0.343315,0.138780,0.714512,0.348260,0.242928,0.878331,0.025038,0.138780,0.714512,0.242928,0.242928,0.068057,0.081227,0.236811,0.069775,0.081785,-0.000000,0.000000,2.985594,10,2
1780645173.309712,proposed,-0.079892,-42.438043,-0.490812,2.931816,1.760684,-0.395977,-40.894635,0.000000,45.000000,-0.758935,0.706205,-0.212293,1,13.423772,0.456252,0.421915,0.302430,0.302430,1.047283,0.026737,0.302430,0.302430,0.138133,0.882413,0.399788,0.286750,1.047283,0.026737,0.142280,0.882413,0.286750,0.286750,0.120414,0.117129,0.279647,0.119852,0.119247,-0.000000,0.000001,2.972616,10,2
1780645173.383164,proposed,-0.132768,-42.141331,-0.566706,3.002437,1.762059,-0.397787,-40.499317,0.000000,45.000000,0.097869,1.351033,-0.214750,1,11.706675,0.497535,0.468069,0.341850,0.341850,1.234778,0.029185,0.341850,0.341850,0.142280,1.063313,0.468069,0.341850,1.234778,0.029185,0.148916,1.061820,0.341850,0.341850,0.185119,0.232001,0.325376,0.189282,0.231396,-0.000000,0.000000,3.055451,10,2
1780645173.501101,proposed,-0.188949,-41.834332,-0.556919,3.137540,1.749389,-0.317446,-40.105149,0.000000,45.000000,1.334970,1.576295,-0.212597,1,12.543527,0.477993,0.459251,0.345941,0.345941,1.394126,0.031728,0.345941,0.345941,0.148916,1.213482,0.459251,0.345941,1.393842,0.031728,0.155873,1.211809,0.345941,0.345941,0.287997,0.338304,0.341354,0.288087,0.337454,-0.000000,0.000000,3.186584,10,2
1780645173.587774,proposed,-0.237966,-41.512697,-0.423422,3.295169,1.713586,-0.116182,-39.827071,0.000000,45.000000,3.064820,0.505574,-0.206792,1,11.797673,0.607517,0.581934,0.477727,0.477727,1.487060,0.031810,0.477727,0.477727,0.155873,1.299378,0.581934,0.477727,1.486190,0.031810,0.157191,1.299378,0.477727,0.477727,0.426832,0.421129,0.476394,0.425408,0.420443,-0.000000,0.000000,3.322262,10,2
1780645173.702697,proposed,-0.264985,-41.180652,-0.116940,3.345727,1.607924,-0.021101,-39.557225,0.000000,45.000000,2.922177,-0.353494,-0.192507,1,13.014709,0.847978,0.809345,0.704994,0.704994,1.607507,0.030967,0.704994,0.704994,0.157191,1.419349,0.809345,0.704994,1.607125,0.030967,0.157191,1.419349,0.704994,0.704994,0.559859,0.484033,0.704668,0.558835,0.483999,-0.000000,0.000000,3.347770,10,2
1780645173.788686,proposed,-0.262068,-40.847846,0.175278,3.310377,1.500942,-0.002660,-39.243971,0.000000,45.000000,1.752571,-0.435417,-0.176036,1,12.025151,1.111465,1.073552,0.968376,0.968376,1.627983,0.030345,0.968376,0.968376,0.155499,1.442138,1.073552,0.968376,1.627983,0.030345,0.155499,1.442138,0.968376,0.968376,0.693850,0.468242,0.966560,0.691621,0.468460,-0.000000,0.000000,3.315015,10,2
1780645173.909117,proposed,-0.235777,-40.518986,0.350535,3.266836,1.447141,-0.000000,-38.918986,0.000000,45.000000,0.676053,-0.282827,-0.164935,1,15.230897,1.375904,1.339748,1.233095,1.233095,1.703773,0.029955,1.233094,1.233094,0.153983,1.519834,1.339748,1.233095,1.703773,0.029955,0.153983,1.519834,1.233094,1.233094,0.730790,0.487321,1.229324,0.727510,0.489152,-0.000000,0.000000,3.285588,10,2
1780645173.989360,proposed,-0.197343,-40.193716,0.418140,3.238553,1.433300,-0.000000,-38.593716,0.000000,45.000000,-0.047446,-0.145790,-0.159600,1,12.274532,1.649223,1.615252,1.506508,1.506508,1.795313,0.029689,1.505821,1.505821,0.152948,1.612676,1.615252,1.506508,1.795313,0.029689,0.152948,1.612676,1.505821,1.505821,0.755131,0.516739,1.501040,0.752925,0.515892,-0.000000,0.000000,3.265435,10,2
1780645174.102262,proposed,-0.155766,-39.870590,0.413396,3.223974,1.441471,-0.000000,-38.270590,0.000000,45.000000,-0.451197,-0.070754,-0.158138,1,12.164064,1.930854,1.899241,1.787421,1.787421,1.905123,0.029476,1.720577,1.720577,0.152175,1.723472,1.899241,1.787421,1.905123,0.029476,0.152175,1.723472,1.720577,1.720577,0.787123,0.568470,1.719487,0.786230,0.568213,-0.000000,0.000000,3.250370,10,2
1780645174.184565,proposed,-0.116683,-39.548546,0.368276,3.216899,1.459775,-0.000000,-37.948546,0.000000,45.000000,-0.629438,-0.033696,-0.158739,1,12.090512,2.227801,2.197985,2.083021,2.083021,1.438071,0.029309,1.257225,1.257225,0.151537,1.257225,1.698910,1.588049,1.413414,0.029309,0.151537,1.257225,1.257225,1.257225,0.568140,0.413383,1.257225,0.567141,0.413384,-0.000000,0.000000,3.237910,10,2
1780645174.305201,proposed,-0.083002,-39.227025,0.305332,3.213529,1.481381,-0.000000,-37.627025,0.000000,45.000000,-0.663450,-0.015948,-0.160225,1,12.721705,2.456925,2.421287,2.306002,2.306002,1.276802,0.029189,1.096584,1.096584,0.151030,1.096584,1.384871,1.274289,1.253015,0.029189,0.151030,1.096584,1.096584,1.096584,0.495700,0.362654,1.093031,0.492992,0.361402,-0.000000,0.000000,3.228002,10,2
1780645174.390674,proposed,-0.055786,-38.905752,0.238987,3.211934,1.502474,-0.000000,-37.305752,0.000000,45.000000,-0.613925,-0.007535,-0.161865,1,12.809047,2.539346,2.500203,2.389969,2.389969,1.144675,0.029109,0.964904,0.964904,0.150663,0.964904,1.131798,1.021388,1.118062,0.029109,0.150663,0.964904,0.964904,0.964904,0.433283,0.290006,0.947645,0.406931,0.275234,-0.000000,0.000000,3.220813,10,2
1780645174.502201,proposed,-0.034957,-38.584596,0.177595,3.211181,1.521125,-0.000000,-36.984596,0.000000,45.000000,-0.523205,-0.003560,-0.163270,1,11.825914,2.358446,2.328158,2.214111,2.214111,0.991395,0.029060,0.811915,0.811915,0.150421,0.811915,0.829246,0.718832,0.969062,0.029060,0.150421,0.811915,0.718808,0.718808,0.275573,0.180764,0.691664,0.264798,0.179895,-0.000000,0.000000,3.216088,10,2
1780645174.590987,proposed,-0.019814,-38.263496,0.125274,3.210825,1.536546,-0.000000,-36.663496,0.000000,45.000000,-0.419012,-0.001684,-0.164241,1,12.427403,2.069299,2.037307,1.925994,1.925994,0.892189,0.029033,0.712879,0.712879,0.150277,0.712879,0.639569,0.529530,0.863543,0.029033,0.150277,0.712879,0.529529,0.529529,0.193122,0.126611,0.504895,0.184482,0.126541,-0.000000,0.000000,3.213268,10,2
1780645174.702119,proposed,-0.009382,-37.942422,0.083373,3.210656,1.548621,-0.000000,-36.342422,0.000000,45.000000,-0.318101,-0.000802,-0.164701,1,12.959375,1.790680,1.756624,1.647927,1.647927,0.762800,0.029019,0.583582,0.583582,0.150199,0.583582,0.416896,0.302606,0.726162,0.029019,0.150199,0.583476,0.302606,0.302606,0.101361,0.065436,0.285994,0.093445,0.065437,-0.000000,0.000000,3.211739,10,2
1780645174.789944,proposed,-0.002635,-37.621360,0.051563,3.210576,1.557609,-0.000000,-36.021360,0.000000,45.000000,-0.229417,-0.000379,-0.164605,1,13.407833,1.532015,1.495156,1.387689,1.387689,0.695591,0.029013,0.516418,0.516418,0.150161,0.516418,0.302486,0.199201,0.637634,0.029013,0.150161,0.514681,0.199201,0.199201,0.074882,0.040973,0.183154,0.066885,0.042329,-0.000000,0.000000,3.210990,10,2
1780645174.901427,proposed,0.001374,-37.300304,0.028621,3.210538,1.563961,-0.000000,-35.700304,0.000000,45.000000,-0.156641,-0.000169,-0.164184,1,13.596120,1.277553,1.241072,1.134696,1.134696,0.699946,0.029010,0.520792,0.520792,0.150144,0.520792,0.344999,0.236468,0.661009,0.029010,0.150144,0.520792,0.236468,0.236468,0.070410,0.032248,0.224441,0.066871,0.032978,-0.000000,0.000000,3.210666,10,2
1780645174.972598,proposed,0.003453,-36.979251,0.012957,3.210521,1.568194,-0.019166,-35.399909,0.000000,45.000000,-0.270879,-0.184063,-0.163603,1,11.580584,1.010341,0.976219,0.867954,0.867954,0.735425,0.028586,0.556701,0.556701,0.150138,0.556702,0.393083,0.281680,0.735425,0.028586,0.150138,0.556702,0.281680,0.281680,0.074810,0.018457,0.273637,0.072049,0.018645,-0.000000,0.000000,3.210547,10,2
1780645175.108283,proposed,0.003395,-36.659120,-0.014131,3.192115,1.578018,-0.078364,-35.117718,0.000000,45.000000,-0.685949,-0.454145,-0.163625,1,16.597278,0.758345,0.720027,0.615552,0.615552,0.847782,0.027715,0.611701,0.611701,0.149200,0.670867,0.434706,0.322157,0.847782,0.027715,0.149200,0.670867,0.322157,0.322157,0.079000,0.069968,0.318041,0.079069,0.069831,-0.000000,0.000000,3.192146,10,2
1780645175.193739,proposed,-0.001448,-36.342179,-0.082726,3.146701,1.606323,-0.177051,-34.825604,0.000000,45.000000,-1.248575,-0.494026,-0.165690,1,12.783176,0.568487,0.528999,0.422490,0.422490,0.995115,0.027041,0.422490,0.422490,0.146944,0.821131,0.447925,0.339034,0.995115,0.027041,0.146944,0.821131,0.339034,0.339034,0.106664,0.153046,0.336927,0.105786,0.152987,-0.000000,0.000000,3.147788,10,2
1780645175.303760,proposed,-0.015964,-36.029979,-0.207583,3.097298,1.655356,-0.273283,-34.475247,0.000000,45.000000,-1.464555,0.062133,-0.170466,1,13.042589,0.508429,0.468172,0.361508,0.361508,1.162909,0.027706,0.361508,0.361508,0.144739,0.990464,0.468172,0.361508,1.162909,0.027706,0.145720,0.990464,0.361508,0.361508,0.171643,0.199132,0.361359,0.170621,0.199138,-0.000000,0.000000,3.104246,10,2
1780645175.401129,proposed,-0.044045,-35.719938,-0.354039,3.103511,1.695394,-0.307230,-34.085665,0.000000,45.000000,-0.882950,0.784920,-0.174916,1,18.799136,0.517124,0.476833,0.370003,0.370003,1.321196,0.029519,0.370003,0.370003,0.145720,1.145957,0.476833,0.370003,1.321196,0.029519,0.150243,1.145957,0.370003,0.370003,0.243623,0.306683,0.369453,0.241748,0.303561,-0.000000,0.000000,3.123640,10,2
1780645175.501564,proposed,-0.083863,-35.405663,-0.442334,3.182003,1.707566,-0.111239,-33.745454,0.000000,45.000000,1.653169,0.721935,-0.176224,1,13.151228,0.579124,0.539413,0.433498,0.433498,1.450790,0.030306,0.433498,0.433498,0.150243,1.270241,0.539413,0.433498,1.450790,0.030306,0.152975,1.270241,0.433498,0.433498,0.384945,0.396692,0.433432,0.383905,0.396636,-0.000000,0.000000,3.212601,10,2
1780645175.574597,proposed,-0.119831,-35.083853,-0.277017,3.254197,1.651781,-0.034502,-33.453632,0.000000,45.000000,2.114193,0.129617,-0.169344,1,11.306329,0.763816,0.724664,0.620583,0.620583,1.572801,0.030122,0.620583,0.620583,0.152975,1.389704,0.724664,0.620583,1.572801,0.030122,0.153070,1.389704,0.620583,0.620583,0.515661,0.470653,0.620499,0.514585,0.470584,-0.000000,0.000000,3.265966,10,2
1780645175.705817,proposed,-0.136962,-34.757785,-0.065597,3.267159,1.580863,-0.005499,-33.150631,0.000000,45.000000,1.621343,-0.177983,-0.158813,1,13.010687,1.029504,0.991855,0.886392,0.886392,1.734656,0.029716,0.886392,0.886392,0.153070,1.551870,0.991855,0.886392,1.734656,0.029716,0.153070,1.551870,0.886392,0.886392,0.661414,0.509620,0.886081,0.660083,0.509400,-0.000000,0.000000,3.267817,10,2
1780645175.779729,proposed,-0.135415,-34.431959,0.096537,3.249360,1.528584,-0.000000,-32.831959,0.000000,45.000000,0.899723,-0.185866,-0.149468,1,15.892291,1.308859,1.273625,1.166248,1.166248,1.904497,0.029440,1.166248,1.166248,0.152197,1.722860,1.273625,1.166248,1.904497,0.029440,0.152197,1.722860,1.166248,1.166248,0.802572,0.566999,1.165507,0.800825,0.566460,-0.000000,0.000000,3.250794,10,2
1780645175.905432,proposed,-0.121262,-34.107952,0.186509,3.230774,1.504173,-0.000000,-32.507952,0.000000,45.000000,0.319941,-0.103955,-0.143498,1,12.304984,1.605643,1.572535,1.462820,1.462820,2.021548,0.029303,1.462820,1.462820,0.151447,1.840798,1.572535,1.462820,2.021548,0.029303,0.151447,1.840798,1.462820,1.462820,0.878538,0.603643,1.460795,0.874656,0.602851,-0.000000,0.000000,3.236153,10,2
1780645175.984415,proposed,-0.101012,-33.785395,0.218503,3.220378,1.498937,-0.000000,-32.185395,0.000000,45.000000,-0.046115,-0.051641,-0.140510,1,12.092711,1.866323,1.834923,1.722806,1.722806,1.879796,0.029209,1.689083,1.689083,0.151019,1.699569,1.834923,1.722806,1.816411,0.029209,0.151019,1.697243,1.689083,1.689083,0.768247,0.545153,1.680318,0.760561,0.541871,-0.000000,0.000000,3.227782,10,2
1780645176.104188,proposed,-0.079392,-33.463615,0.213892,3.215214,1.503807,-0.000000,-31.863615,0.000000,45.000000,-0.245780,-0.024778,-0.139394,1,15.798753,2.151127,2.121178,2.006590,2.006590,1.907554,0.029141,1.727672,1.727672,0.150740,1.727674,2.121178,2.006590,1.848385,0.029141,0.150740,1.725041,1.725041,1.725041,0.774822,0.555777,1.708627,0.767272,0.551047,-0.000000,0.000000,3.222321,10,2
1780645176.182017,proposed,-0.059232,-33.142218,0.189314,3.212736,1.513481,-0.000000,-31.542218,0.000000,45.000000,-0.331284,-0.011756,-0.139276,1,16.060033,2.443932,2.414923,2.293813,2.293813,1.958807,0.029092,1.779181,1.779181,0.150535,1.779181,2.414923,2.293813,1.898764,0.029092,0.150535,1.776226,1.776226,1.776226,0.797676,0.571737,1.758399,0.789635,0.566874,-0.000000,0.000000,3.218309,10,2
1780645176.309302,proposed,-0.041957,-32.821003,0.156185,3.211560,1.524746,-0.000000,-31.221003,0.000000,45.000000,-0.344537,-0.005557,-0.139582,1,15.823847,2.460032,2.423711,2.308623,2.308623,2.020049,0.029058,1.840608,1.840608,0.150384,1.840608,2.423711,2.308623,1.963703,0.029058,0.150384,1.837754,1.837754,1.837754,0.825419,0.591293,1.818037,0.816461,0.585730,-0.000000,0.000000,3.215356,10,2
1780645176.391340,proposed,-0.028061,-32.499874,0.121732,3.211005,1.535717,-0.000000,-30.899874,0.000000,45.000000,-0.316368,-0.002623,-0.139952,1,14.336187,2.530681,2.493307,2.380812,2.380812,1.601731,0.029036,1.422416,1.422416,0.150279,1.422416,2.030722,1.922924,1.533011,0.029036,0.150279,1.419345,1.419345,1.419345,0.637017,0.458576,1.415636,0.635277,0.458041,-0.000000,0.000000,3.213311,10,2
1780645176.492145,proposed,-0.017470,-32.178787,0.090095,3.210742,1.545401,-0.000000,-30.578787,0.000000,45.000000,-0.268150,-0.001238,-0.140201,1,14.277114,2.620041,2.580652,2.466656,2.466656,1.584894,0.029022,1.405659,1.405659,0.150213,1.405659,2.003939,1.898402,1.514443,0.029022,0.150213,1.404783,1.404783,1.404783,0.631671,0.454255,1.401652,0.630234,0.453937,-0.000000,0.000000,3.212006,10,2
1780645176.591223,proposed,-0.009801,-31.857719,0.063280,3.210619,1.553380,-0.000000,-30.257719,0.000000,45.000000,-0.213794,-0.000584,-0.140232,1,13.888032,2.518877,2.478795,2.372464,2.372464,1.591810,0.029015,1.412621,1.412621,0.150174,1.412621,2.039159,1.934437,1.529100,0.029015,0.150174,1.412621,1.412621,1.412621,0.640685,0.460823,1.411276,0.639238,0.460557,-0.000000,0.000000,3.211242,10,2
1780645176.707313,proposed,-0.004542,-31.536660,0.041900,3.210560,1.559597,-0.000000,-29.936660,0.000000,45.000000,-0.161641,-0.000276,-0.140018,1,13.479963,2.383399,2.344160,2.235226,2.235226,1.610858,0.029011,1.431693,1.431693,0.150153,1.431693,2.094311,1.984436,1.565987,0.029011,0.150153,1.431693,1.431693,1.431693,0.654845,0.474230,1.430370,0.653312,0.473935,-0.000000,0.000000,3.210834,10,2
1780645176.788187,proposed,-0.001160,-31.215605,0.025736,3.210533,1.564197,-0.000000,-29.615605,0.000000,45.000000,-0.116086,-0.000134,-0.139594,1,13.058541,2.273412,2.236890,2.123508,2.123508,1.104248,0.029010,0.925095,0.925095,0.150143,0.925095,1.069546,0.956625,1.084485,0.029010,0.150143,0.925095,0.925095,0.925095,0.396981,0.261178,0.909063,0.370424,0.246734,-0.000000,0.000000,3.210636,10,2
1780645176.908195,proposed,0.000833,-30.894553,0.014128,3.210519,1.567429,-0.000000,-29.294553,0.000000,45.000000,-0.078881,-0.000068,-0.138949,1,15.495465,2.217250,2.178395,2.064640,2.064640,0.964956,0.029009,0.785808,0.785808,0.150138,0.785808,0.792007,0.678471,0.941469,0.029009,0.150138,0.785808,0.678456,0.678456,0.258428,0.169904,0.637496,0.241499,0.165293,-0.000000,0.000000,3.210550,10,2
1780645176.985804,proposed,0.001852,-30.573501,0.006240,3.210513,1.569567,-0.000000,-28.973501,0.000000,45.000000,-0.050141,-0.000039,-0.138132,1,12.774144,2.027656,1.997428,1.883279,1.883279,0.828883,0.029009,0.649737,0.649737,0.150137,0.649737,0.521656,0.408670,0.807010,0.029009,0.150137,0.649656,0.408670,0.408670,0.139483,0.089640,0.382512,0.128849,0.088021,-0.000000,0.000000,3.210519,10,2
1780645177.103055,proposed,0.002225,-30.252450,0.001226,3.210509,1.570880,-0.000000,-28.652450,0.000000,45.000000,-0.029066,-0.000033,-0.137138,1,11.711525,1.741739,1.710051,1.598400,1.598400,0.703754,0.029009,0.524609,0.524609,0.150136,0.524609,0.287349,0.178085,0.667801,0.029009,0.150136,0.522071,0.178085,0.178085,0.044554,0.025629,0.159886,0.036186,0.025389,-0.000000,0.000000,3.210509,10,2
1780645177.187935,proposed,0.002202,-29.931399,-0.001681,3.210505,1.571599,-0.000000,-28.331399,0.000000,45.000000,-0.014399,-0.026883,-0.146223,1,11.951535,1.459950,1.426308,1.317273,1.317273,0.648412,0.029009,0.469267,0.469267,0.150136,0.469267,0.183111,0.078459,0.620000,0.029009,0.150136,0.464446,0.078459,0.078459,0.021064,0.008805,0.061813,0.013957,0.008056,-0.000000,0.000000,3.210506,10,2
1780645177.307212,proposed,0.001962,-29.610483,-0.003121,3.207817,1.571918,-0.000629,-28.011472,0.000000,45.000000,-1.155586,-0.565637,0.922555,1,14.409072,1.200145,1.163471,1.052513,1.052513,0.652000,0.028968,0.473034,0.473034,0.149999,0.473034,0.295256,0.185837,0.639566,0.028968,0.149999,0.473034,0.185837,0.185837,0.047719,-0.000752,0.173262,0.044271,0.000000,-0.000000,0.000001,3.207819,10,2
1780645177.403604,proposed,-0.004128,-29.292530,-0.118679,3.151253,1.578890,-0.024166,-27.727030,0.000000,45.000000,-1.334525,-0.569577,1.216723,1,20.757725,0.925692,0.892230,0.783324,0.783324,0.703895,0.027866,0.528792,0.528792,0.147233,0.528795,0.364028,0.253480,0.703895,0.027866,0.147233,0.528795,0.253480,0.253480,0.065168,-0.002708,0.244730,0.063742,0.000000,-0.000000,0.000003,3.153487,10,2
1780645177.503499,proposed,-0.022668,-28.980252,-0.252132,3.094296,1.589086,-0.083713,-27.465365,0.000000,45.000000,0.474922,-0.285120,0.187643,1,12.985887,0.690659,0.652585,0.547970,0.547970,0.812855,0.026507,0.546911,0.546911,0.144755,0.641593,0.386595,0.273997,0.812855,0.026507,0.144755,0.641593,0.273997,0.273997,0.059260,0.058185,0.268686,0.061307,0.058070,-0.000000,0.000000,3.104551,10,2
1780645177.587784,proposed,-0.045507,-28.672248,-0.204640,3.065784,1.599728,-0.298308,-27.245952,0.000000,45.000000,-1.307574,-0.926219,-0.071971,1,11.997983,0.519427,0.484180,0.378499,0.378499,0.969835,0.024968,0.378499,0.378499,0.143143,0.801724,0.411391,0.301310,0.969835,0.024968,0.143143,0.801724,0.301310,0.301310,0.093135,0.151464,0.294232,0.096503,0.149340,-0.000000,0.000000,3.072606,10,2
1780645177.726791,proposed,-0.072509,-28.370301,-0.335397,2.973162,1.691415,-0.393343,-26.842974,0.000000,45.000000,-1.467367,0.336529,-0.146432,1,14.462527,0.472878,0.451519,0.344621,0.344621,1.154126,0.026574,0.344621,0.344621,0.139101,0.988451,0.451519,0.344621,1.154126,0.026574,0.141766,0.988451,0.344621,0.344621,0.167886,0.195032,0.334720,0.165361,0.196564,-0.000000,0.000001,2.992020,10,2
1780645177.791329,proposed,-0.113385,-28.071302,-0.482134,3.006815,1.730760,-0.393010,-26.396851,0.000000,45.000000,-0.460975,1.592680,-0.168333,1,12.447362,0.498784,0.458717,0.351743,0.351743,1.152271,0.029861,0.351743,0.351743,0.141766,0.980644,0.458717,0.351743,1.123949,0.029861,0.150102,0.980644,0.351743,0.351743,0.243231,0.307402,0.341744,0.244413,0.306420,-0.000000,0.000001,3.045224,10,2
1780645177.895951,proposed,-0.163904,-27.762657,-0.528231,3.166083,1.730422,-0.206792,-26.053628,0.000000,45.000000,1.928079,1.288274,-0.172667,1,12.199684,0.476269,0.498404,0.391516,0.391516,1.064400,0.031361,0.391516,0.391516,0.150102,0.882937,0.498404,0.391516,1.014243,0.031361,0.155340,0.882937,0.391516,0.391516,0.359000,0.257238,0.389891,0.357911,0.257227,-0.000000,0.000000,3.209846,10,2
1780645177.988083,proposed,-0.207086,-27.439608,-0.335423,3.294910,1.679108,-0.073258,-25.777578,0.000000,45.000000,2.826161,0.274863,-0.167065,1,12.078424,0.601726,0.659166,0.555174,0.555174,1.146090,0.031234,0.555174,0.555174,0.155340,0.959515,0.659166,0.555174,1.079133,0.031234,0.155901,0.959515,0.555174,0.555174,0.421065,0.284880,0.554575,0.416051,0.284854,-0.000000,0.000000,3.311939,10,2
1780645178.093125,proposed,-0.226498,-27.108742,-0.052807,3.322396,1.582466,-0.014088,-25.492127,0.000000,45.000000,2.339191,-0.327974,-0.154091,1,12.475555,0.836522,0.893882,0.789087,0.789087,1.451324,0.030530,0.789087,0.789087,0.155901,1.264893,0.893882,0.789087,1.382720,0.030530,0.155901,1.264858,0.789087,0.789087,0.598923,0.390853,0.788648,0.586104,0.386828,-0.000000,0.000000,3.322816,10,2
1780645178.194099,proposed,-0.220083,-26.778143,0.181112,3.289599,1.500215,-0.000639,-25.177108,0.000000,45.000000,1.326813,-0.366567,-0.140908,1,12.851359,1.126757,1.154078,1.048067,1.048067,1.693888,0.030000,1.048067,1.048067,0.154446,1.509442,1.154078,1.048067,1.629043,0.030000,0.154446,1.507897,1.048067,1.048067,0.704335,0.466565,1.047648,0.699030,0.465519,-0.000000,0.000000,3.294581,10,2
1780645178.307600,proposed,-0.195338,-26.451016,0.313793,3.252942,1.461019,-0.000000,-24.851016,0.000000,45.000000,0.446889,-0.215969,-0.132443,1,12.896664,1.399423,1.417154,1.309382,1.309382,1.705022,0.029704,1.309366,1.309366,0.153082,1.522236,1.417154,1.309382,1.648012,0.029704,0.153082,1.520225,1.309366,1.309366,0.697939,0.458579,1.308984,0.692150,0.456987,-0.000000,0.000000,3.268042,10,2
1780645178.389729,proposed,-0.161724,-26.126801,0.358482,3.231345,1.453787,-0.000000,-24.526801,0.000000,45.000000,-0.117148,-0.108760,-0.128694,1,12.228361,1.646848,1.607164,1.490497,1.490497,1.584673,0.029494,1.401659,1.401659,0.152216,1.402963,1.607164,1.490497,1.539883,0.029494,0.152216,1.401559,1.400846,1.400846,0.629933,0.455350,1.394693,0.627228,0.454721,-0.000000,0.000000,3.251169,10,2
1780645178.510379,proposed,-0.126461,-25.804211,0.346767,3.220469,1.462870,-0.000000,-24.204211,0.000000,45.000000,-0.421707,-0.052408,-0.127902,1,16.465708,1.463870,1.524678,1.410327,1.410327,1.227663,0.029334,1.046731,1.046731,0.151597,1.046731,1.270128,1.165622,1.164340,0.029334,0.151597,1.046731,1.046731,1.046731,0.476243,0.345233,1.045685,0.474702,0.344745,-0.000000,0.000000,3.239085,10,2
1780645178.588451,proposed,-0.093893,-25.482426,0.304597,3.215229,1.479241,-0.000000,-23.882426,0.000000,45.000000,-0.547536,-0.024901,-0.128670,1,12.291224,1.551997,1.553871,1.444450,1.444450,1.279527,0.029214,1.099200,1.099200,0.151113,1.099200,1.356874,1.250464,1.212341,0.029214,0.151113,1.099200,1.099200,1.099200,0.495868,0.359121,1.092690,0.492498,0.357430,-0.000000,0.000000,3.229624,10,2
1780645178.704629,proposed,-0.066171,-25.161027,0.249843,3.212738,1.497725,-0.000000,-23.561027,0.000000,45.000000,-0.560884,-0.011776,-0.130051,1,13.476637,1.547228,1.507014,1.402067,1.402067,1.269018,0.029129,1.089143,1.089143,0.150746,1.089143,1.334108,1.228570,1.199699,0.029129,0.150746,1.089143,1.089143,1.089143,0.490318,0.355112,1.078674,0.485584,0.352536,-0.000000,0.000000,3.222439,10,2
1780645178.784256,proposed,-0.043991,-24.839812,0.193754,3.211561,1.515430,-0.000000,-23.239812,0.000000,45.000000,-0.510473,-0.005560,-0.131490,1,12.236385,1.669364,1.647833,1.534201,1.534201,1.258554,0.029075,1.078992,1.078992,0.150488,1.078992,1.340782,1.233167,1.197082,0.029075,0.150488,1.078992,1.078992,1.078992,0.490561,0.355543,1.067806,0.483128,0.350877,-0.000000,0.000000,3.217400,10,2
1780645178.891146,proposed,-0.027168,-24.518684,0.142707,3.211005,1.530901,-0.000000,-22.918684,0.000000,45.000000,-0.429924,-0.002624,-0.132691,1,12.620051,1.574111,1.538569,1.424217,1.424217,1.243757,0.029042,1.064391,1.064391,0.150323,1.064391,1.287926,1.183324,1.177196,0.029042,0.150323,1.064391,1.064391,1.064391,0.482808,0.349779,1.058008,0.477352,0.346529,-0.000000,0.000000,3.214174,10,2
1780645178.990769,proposed,-0.015047,-24.197597,0.099715,3.210742,1.543569,-0.000000,-22.597597,0.000000,45.000000,-0.340980,-0.001238,-0.133522,1,11.912078,1.520626,1.481276,1.368671,1.368671,1.245420,0.029024,1.066168,1.066168,0.150227,1.066169,1.280713,1.173307,1.172939,0.029024,0.150227,1.065432,1.065431,1.065431,0.479039,0.346988,1.058222,0.475333,0.345217,-0.000000,0.000000,3.212290,10,2
1780645179.108533,proposed,-0.006781,-23.876529,0.065617,3.210619,1.553397,-0.000000,-22.276529,0.000000,45.000000,-0.256555,-0.000585,-0.133949,1,14.399826,1.501553,1.467320,1.344972,1.344972,1.160633,0.029015,0.981442,0.981442,0.150176,0.981442,1.179156,1.064053,1.095799,0.029015,0.150176,0.977117,0.977117,0.977117,0.437323,0.318944,0.974576,0.436080,0.318767,-0.000000,0.000000,3.211289,10,2
1780645179.196437,proposed,-0.001502,-23.555470,0.039961,3.210560,1.560645,-0.000000,-21.955470,0.000000,45.000000,-0.183334,-0.000276,-0.133978,1,17.704030,1.507545,1.469442,1.340921,1.340921,1.133482,0.029011,0.954319,0.954319,0.150152,0.954319,1.122937,1.015259,1.058067,0.029011,0.150152,0.950565,0.950564,0.950564,0.425689,0.306897,0.948108,0.424499,0.306681,-0.000000,0.000000,3.210809,10,2
1780645179.303870,proposed,0.001578,-23.234415,0.021628,3.210533,1.565714,-0.000000,-21.634415,0.000000,45.000000,-0.123868,-0.000130,-0.133673,1,16.724299,1.505556,1.465418,1.339738,1.339738,1.128478,0.029010,0.949328,0.949328,0.150141,0.949328,1.134743,1.030190,1.058278,0.029010,0.150141,0.949328,0.949328,0.949328,0.431230,0.312383,0.948956,0.430102,0.312273,-0.000000,0.000000,3.210605,10,2
1780645179.398104,proposed,0.003121,-22.913362,0.009241,3.210520,1.569052,-0.000000,-21.313362,0.000000,45.000000,-0.078153,-0.000061,-0.133106,1,14.563635,1.514009,1.474520,1.347787,1.347787,1.145596,0.029009,0.966449,0.966449,0.150137,0.966449,1.193232,1.085383,1.104664,0.029009,0.150137,0.966449,0.966449,0.966449,0.447426,0.329485,0.966086,0.446267,0.329390,-0.000000,0.000000,3.210533,10,2
1780645179.506653,proposed,0.003655,-22.592311,0.001426,3.210514,1.571084,-0.000000,-20.992311,0.000000,45.000000,-0.044769,-0.000028,-0.132339,1,13.634856,1.480422,1.443022,1.331147,1.331147,1.190715,0.029009,1.011569,1.011569,0.150136,1.011569,1.229103,1.115012,1.181870,0.029009,0.150136,1.011569,1.011569,1.011569,0.468886,0.347040,1.011244,0.467737,0.346897,-0.000000,0.000000,3.210514,10,2
1780645179.591793,proposed,0.003573,-22.271260,-0.003051,3.210511,1.572182,-0.000000,-20.671260,0.000000,45.000000,-0.021658,-0.000013,-0.131428,1,12.828283,1.356987,1.334863,1.221999,1.221999,1.267090,0.029009,1.087684,1.087684,0.150136,1.087945,1.250993,1.139192,1.267090,0.029009,0.150136,1.087945,1.087684,1.087684,0.498040,0.361781,1.087281,0.496784,0.361585,-0.000000,0.000000,3.210512,10,2
1780645179.710881,proposed,0.003160,-21.950209,-0.005217,3.210509,1.572648,-0.000899,-20.350364,0.000000,45.000000,-0.014630,-0.001387,-0.130418,1,14.230455,1.318497,1.278556,1.166596,1.166596,1.363796,0.029006,1.154417,1.154417,0.150136,1.184654,1.268076,1.152268,1.363796,0.029006,0.150136,1.184654,1.146873,1.146873,0.511944,0.401952,1.140585,0.510052,0.402025,-0.000000,0.000000,3.210514,10,2
1780645179.790444,proposed,0.002565,-21.629165,-0.006680,3.210371,1.573025,-0.001788,-20.029097,0.000000,45.000000,-0.010228,0.001111,-0.129371,1,12.167292,1.302683,1.272366,1.153463,1.153463,1.478470,0.029009,1.153290,1.153290,0.150130,1.299331,1.272366,1.153463,1.478470,0.029009,0.150135,1.299331,1.153290,1.153290,0.555310,0.454919,1.149502,0.554283,0.454746,-0.000000,0.000000,3.210378,10,2
1780645179.905969,proposed,0.001846,-21.308122,-0.007703,3.210482,1.573296,-0.000087,-19.708100,0.000000,45.000000,0.016204,0.000392,-0.128303,1,21.564785,1.319335,1.293047,1.180470,1.180470,1.595509,0.029009,1.180463,1.180463,0.150135,1.416365,1.293047,1.180470,1.539962,0.029009,0.150137,1.416365,1.180463,1.180463,0.623654,0.466434,1.176870,0.622510,0.465097,-0.000000,0.000000,3.210491,10,2
1780645179.990821,proposed,0.001157,-20.987072,-0.006082,3.210521,1.572586,-0.000000,-19.387072,0.000000,45.000000,0.017917,-0.000028,-0.127129,1,13.044281,1.382510,1.365924,1.255897,1.255897,1.181601,0.029009,1.002451,1.002451,0.150137,1.002455,1.213078,1.099229,1.107346,0.029009,0.150137,0.997145,0.997145,0.997145,0.445797,0.324088,0.995027,0.444747,0.324050,-0.000000,0.000000,3.210527,10,2
1780645180.110895,proposed,0.000638,-20.666020,-0.004291,3.210518,1.571999,-0.000000,-19.066020,0.000000,45.000000,0.014712,-0.000047,-0.125949,1,12.899995,1.532048,1.491941,1.386002,1.386002,1.159100,0.029009,0.979955,0.979955,0.150137,0.979955,1.171039,1.063830,1.078821,0.029009,0.150137,0.978325,0.978325,0.978325,0.439350,0.318268,0.969079,0.435756,0.316097,-0.000000,0.000000,3.210521,10,2
1780645180.188713,proposed,0.000283,-20.344968,-0.002820,3.210513,1.571557,-0.000000,-18.744968,0.000000,45.000000,0.011106,-0.000027,-0.124796,1,11.865712,1.702648,1.667880,1.550205,1.550205,1.160821,0.029009,0.981675,0.981675,0.150137,0.981675,1.210944,1.106166,1.098897,0.029009,0.150137,0.981675,0.981675,0.981675,0.451879,0.327334,0.975364,0.448576,0.325946,-0.000000,0.000000,3.210515,10,2
1780645180.302886,proposed,0.000056,-20.023917,-0.001709,3.210511,1.571236,-0.000000,-18.423917,0.000000,45.000000,0.007921,-0.000014,-0.123677,1,15.088944,1.574417,1.534739,1.427673,1.427673,1.193156,0.029009,1.014011,1.014011,0.150136,1.014011,1.264106,1.154448,1.161352,0.029009,0.150136,1.014011,1.014011,1.014011,0.470671,0.346555,1.009001,0.467448,0.345438,-0.000000,0.000000,3.210511,10,2
1780645180.395654,proposed,-0.000075,-19.702866,-0.000917,3.210509,1.571013,-0.000000,-18.102866,0.000000,45.000000,0.005335,-0.000006,-0.122586,1,11.957167,1.466417,1.429813,1.317176,1.317176,1.261190,0.029009,1.082037,1.082037,0.150136,1.082045,1.307603,1.193146,1.257809,0.029009,0.150136,1.082045,1.082037,1.082037,0.501138,0.369892,1.077393,0.497720,0.367126,-0.000000,0.000000,3.210510,10,2
1780645180.507786,proposed,-0.000140,-19.381815,-0.000383,3.210509,1.570868,-0.000000,-17.781815,0.000000,45.000000,0.003352,-0.000003,-0.121517,1,13.101755,1.422524,1.384852,1.271760,1.271760,1.348656,0.029009,1.168725,1.168725,0.150136,1.169511,1.340871,1.228796,1.348656,0.029009,0.150136,1.169511,1.168725,1.168725,0.535280,0.395956,1.166555,0.533393,0.395395,-0.000000,0.000000,3.210509,10,2
1780645180.595927,proposed,-0.000162,-19.060764,-0.000048,3.210508,1.570780,-0.000000,-17.460764,0.000000,45.000000,0.001907,-0.000001,-0.120465,1,13.093695,1.406516,1.369298,1.250355,1.250355,1.466153,0.029009,1.243364,1.243364,0.150136,1.287008,1.369298,1.250355,1.466153,0.029009,0.150136,1.287008,1.243364,1.243364,0.574654,0.447362,1.229847,0.571292,0.444211,-0.000000,0.000000,3.210508,10,2
1780645180.705659,proposed,-0.000157,-18.739713,0.000142,3.210508,1.570734,-0.000000,-17.139713,0.000000,45.000000,0.000910,-0.000001,-0.119424,1,12.021981,1.463531,1.424851,1.312210,1.312210,1.588253,0.029009,1.311264,1.311264,0.150136,1.409108,1.424851,1.312210,1.588253,0.029009,0.150136,1.409108,1.311264,1.311264,0.669235,0.483475,1.309412,0.662159,0.479479,-0.000000,0.000000,3.210508,10,2
1780645180.793869,proposed,-0.000138,-18.418663,0.000233,3.210508,1.570714,-0.000000,-16.818663,0.000000,45.000000,0.000264,-0.000001,-0.118399,1,12.594299,1.504221,1.465796,1.355663,1.355663,1.694069,0.029009,1.355555,1.355555,0.150136,1.514924,1.465796,1.355663,1.694069,0.029009,0.150136,1.514924,1.355555,1.355555,0.736150,0.512019,1.334057,0.730104,0.511359,-0.000000,0.000000,3.210508,10,2
1780645180.908260,proposed,-0.000114,-18.097612,0.000260,3.210508,1.570712,-0.000000,-16.497612,0.000000,45.000000,-0.000122,-0.000000,-0.117384,1,12.265361,1.618121,1.578071,1.471969,1.471969,1.813023,0.029009,1.471870,1.471870,0.150136,1.633878,1.578071,1.471969,1.813023,0.029009,0.150136,1.633878,1.471870,1.471870,0.777200,0.530190,1.447045,0.776039,0.533721,-0.000000,0.000000,3.210508,10,2
1780645180.997751,proposed,-0.000088,-17.776561,0.000248,3.210508,1.570719,-0.000000,-16.176561,0.000000,45.000000,-0.000323,-0.000000,-0.116380,1,13.028284,1.743648,1.703542,1.598609,1.598609,1.944349,0.029009,1.598526,1.598526,0.150136,1.765204,1.703542,1.598609,1.944349,0.029009,0.150136,1.765204,1.598526,1.598526,0.832388,0.565184,1.570346,0.823848,0.560936,-0.000000,0.000000,3.210508,10,2
1780645181.102166,proposed,-0.000065,-17.455510,0.000215,3.210508,1.570731,-0.000000,-15.855510,0.000000,45.000000,-0.000401,-0.000000,-0.115385,1,13.075571,1.923665,1.884827,1.780065,1.780065,2.066808,0.029009,1.779411,1.779411,0.150136,1.887663,1.884827,1.780065,2.066808,0.029009,0.150136,1.887663,1.779411,1.779411,0.884430,0.607888,1.759473,0.872710,0.601320,-0.000000,0.000000,3.210508,10,2
1780645181.195061,proposed,-0.000046,-17.134459,0.000175,3.210508,1.570745,-0.000000,-15.534459,0.000000,45.000000,-0.000403,-0.000000,-0.114399,1,12.253477,2.142528,2.104648,1.999072,1.999072,2.192516,0.029009,1.985532,1.985532,0.150136,2.013371,2.104648,1.999072,2.192516,0.029009,0.150136,2.013371,1.985532,1.985532,0.934358,0.660307,1.960796,0.928651,0.653227,-0.000000,0.000000,3.210508,10,2
1780645181.317178,proposed,-0.000030,-16.813409,0.000135,3.210508,1.570757,-0.000000,-15.213409,0.000000,45.000000,-0.000362,0.000000,-0.113414,1,16.440788,2.393595,2.355231,2.248682,2.248682,1.822821,0.029009,1.643676,1.643676,0.150136,1.643676,2.355231,2.248682,1.740070,0.029009,0.150136,1.639887,1.639887,1.639887,0.735865,0.525462,1.637888,0.734866,0.525463,-0.000000,0.000000,3.210508,10,2
1780645181.392286,proposed,-0.000018,-16.492358,0.000099,3.210508,1.570769,-0.000000,-14.892358,0.000000,45.000000,-0.000303,0.000000,-0.112440,1,11.900442,2.611952,2.573452,2.468393,2.468393,1.821003,0.029009,1.641858,1.641858,0.150136,1.641858,2.447291,2.337297,1.740015,0.029009,0.150136,1.641858,1.641858,1.641858,0.740173,0.527391,1.641195,0.739173,0.527392,-0.000000,0.000000,3.210508,10,2
1780645181.510944,proposed,-0.000010,-16.171307,0.000069,3.210508,1.570778,-0.000000,-14.571307,0.000000,45.000000,-0.000238,0.000000,-0.111476,1,14.675160,2.846141,2.808363,2.681488,2.681488,1.833756,0.029009,1.654611,1.654611,0.150136,1.654611,2.491038,2.384115,1.761702,0.029009,0.150136,1.654611,1.654611,1.654611,0.752942,0.536867,1.652450,0.751187,0.536309,-0.000000,0.000000,3.210508,10,2
1780645181.597524,proposed,-0.000004,-15.850256,0.000045,3.210508,1.570784,-0.000000,-14.250256,0.000000,45.000000,-0.000178,0.000000,-0.110526,1,14.128864,2.794432,2.758015,2.643580,2.643580,1.597821,0.029009,1.418676,1.418676,0.150136,1.418676,2.005978,1.893788,1.524898,0.029009,0.150136,1.411888,1.411888,1.411888,0.631616,0.453929,1.405147,0.628499,0.452371,-0.000000,0.000000,3.210508,10,2
1780645181.713176,proposed,-0.000001,-15.529205,0.000027,3.210508,1.570789,-0.000000,-13.929205,0.000000,45.000000,-0.000126,0.000000,-0.109579,1,14.072307,2.739258,2.701023,2.585860,2.585860,1.367562,0.029009,1.188417,1.188417,0.150136,1.188417,1.709636,1.598091,1.367562,0.029009,0.150136,1.188417,1.188417,1.188417,0.549298,0.406555,1.187856,0.548068,0.406391,-0.000000,0.000000,3.210508,10,2
1780645181.802320,proposed,0.000001,-15.208154,0.000014,3.210508,1.570793,-0.000000,-13.608154,0.000000,45.000000,-0.000085,0.000000,-0.108634,1,17.483537,2.593261,2.553053,2.446748,2.446748,1.273399,0.029009,1.094254,1.094254,0.150136,1.094254,1.481440,1.374087,1.267673,0.029009,0.150136,1.094254,1.094254,1.094254,0.507991,0.377585,1.094006,0.506884,0.377501,-0.000000,0.000000,3.210508,10,2
1780645181.910112,proposed,0.000002,-14.887104,0.000006,3.210508,1.570795,-0.000000,-13.287104,0.000000,45.000000,-0.000053,-0.000000,-0.107697,1,12.930891,2.441672,2.401707,2.289154,2.289154,1.201384,0.029009,1.022239,1.022239,0.150136,1.022239,1.284941,1.180130,1.168595,0.029009,0.150136,1.022239,1.022239,1.022239,0.476049,0.345175,1.022136,0.474999,0.345080,-0.000000,0.000000,3.210508,10,2
1780645181.993183,proposed,0.000003,-14.566053,0.000001,3.210508,1.570797,-0.000000,-12.966053,0.000000,45.000000,-0.000028,-0.000001,-0.106765,1,12.109073,2.219026,2.183081,2.075485,2.075485,1.160205,0.029009,0.981060,0.981060,0.150136,0.981060,1.141764,1.036778,1.098435,0.029009,0.150136,0.981060,0.981060,0.981060,0.445305,0.304851,0.981019,0.437240,0.304803,-0.000000,0.000000,3.210508,10,2
1780645182.105389,proposed,0.000003,-14.245002,-0.000002,3.210508,1.570797,-0.000000,-12.645002,0.000000,45.000000,-0.000011,-0.000001,-0.105847,1,13.150453,1.974286,1.936431,1.830861,1.830861,1.145356,0.029009,0.966211,0.966211,0.150136,0.966211,1.070025,0.960366,1.064848,0.029009,0.150136,0.966211,0.956679,0.956679,0.414796,0.286129,0.940610,0.406772,0.286118,-0.000000,0.000000,3.210508,10,2
1780645182.194873,proposed,0.000002,-13.923951,-0.000003,3.210508,1.570798,-0.000000,-12.323951,0.000000,45.000000,0.000000,-0.000000,-0.104945,1,12.094236,1.749273,1.710344,1.605657,1.605657,1.143832,0.029009,0.964687,0.964687,0.150136,0.964687,1.069826,0.955638,1.058688,0.029009,0.150136,0.961687,0.951774,0.951774,0.421420,0.292598,0.935742,0.414407,0.292585,-0.000000,0.000000,3.210508,10,2
1780645182.298692,proposed,0.000002,-13.602901,-0.000003,3.210508,1.570798,-0.000000,-12.002901,0.000000,45.000000,0.000005,0.000001,-0.104054,1,12.555153,1.561777,1.521749,1.416752,1.416752,1.158757,0.029009,0.979612,0.979612,0.150136,0.979612,1.103529,0.994054,1.077183,0.029009,0.150136,0.972510,0.972510,0.972510,0.433723,0.303900,0.970495,0.432716,0.303892,-0.000000,0.000000,3.210508,10,2
1780645182.394843,proposed,0.000002,-13.281850,-0.000003,3.210508,1.570798,-0.000000,-11.681850,0.000000,45.000000,0.000005,0.000002,-0.103171,1,12.093213,1.406889,1.370054,1.262367,1.262367,1.197396,0.029009,1.018245,1.018245,0.150136,1.018251,1.135389,1.030925,1.130579,0.029009,0.150136,1.010841,1.010764,1.010764,0.450730,0.320099,1.008754,0.449725,0.320094,-0.000000,0.000000,3.210508,10,2
1780645182.490959,proposed,0.000001,-12.960799,-0.000002,3.210508,1.570797,0.000295,-11.360900,0.000000,45.000000,0.002634,-0.000897,-0.102294,1,12.853211,1.277521,1.275289,1.160819,1.160819,1.262547,0.029007,1.081563,1.081563,0.150136,1.083404,1.167921,1.063338,1.211347,0.029007,0.150136,1.077029,1.056554,1.056554,0.467329,0.324391,1.051163,0.465317,0.324382,-0.000000,0.000000,3.210508,10,2
1780645182.592598,proposed,0.000014,-12.639753,0.000261,3.210418,1.570696,0.003048,-11.040128,0.000000,45.000000,0.026069,-0.003015,-0.101400,1,11.901246,1.225267,1.228579,1.115680,1.115680,1.351626,0.029000,1.112014,1.112014,0.150132,1.172494,1.201781,1.093211,1.287836,0.029000,0.150132,1.168880,1.091258,1.091258,0.479650,0.350310,1.086976,0.478120,0.350700,-0.000000,0.000000,3.210418,10,2
1780645182.708925,proposed,0.000171,-12.318726,0.002868,3.210117,1.569707,0.003275,-10.718425,0.000000,45.000000,0.016887,0.004193,-0.100416,1,12.127638,1.223918,1.227483,1.113107,1.113107,1.376890,0.029012,1.111668,1.111668,0.150116,1.197761,1.227483,1.113107,1.291740,0.029012,0.150138,1.197761,1.111668,1.111668,0.509590,0.389682,1.110061,0.508517,0.387697,-0.000000,0.000000,3.210118,10,2
1780645182.793481,proposed,0.000542,-11.997693,0.004557,3.210536,1.569240,0.001016,-10.397378,0.000000,45.000000,-0.014731,0.002994,-0.099475,1,12.008967,1.238372,1.257860,1.143609,1.143609,1.402401,0.029016,1.141901,1.141901,0.150138,1.223247,1.257860,1.143609,1.330145,0.029016,0.150153,1.223247,1.141901,1.141901,0.573131,0.400786,1.141019,0.565184,0.399994,-0.000000,0.000000,3.210539,10,2
1780645182.906937,proposed,0.000924,-11.676625,0.003084,3.210836,1.569933,-0.000000,-10.076625,0.000000,45.000000,-0.023027,-0.001229,-0.098677,1,12.396471,1.322583,1.347363,1.239020,1.239020,1.439558,0.029011,1.227949,1.227949,0.150153,1.260393,1.347363,1.239020,1.390370,0.029011,0.150153,1.260393,1.227949,1.227949,0.599968,0.418683,1.227105,0.591934,0.418420,-0.000000,0.000000,3.210837,10,2
1780645182.993109,proposed,0.001117,-11.355547,0.000781,3.210713,1.570726,-0.000000,-9.755547,0.000000,45.000000,-0.015151,-0.001001,-0.097933,1,12.451545,1.469526,1.491947,1.386720,1.386720,1.501842,0.029010,1.319798,1.319798,0.150147,1.322685,1.491947,1.386720,1.471547,0.029010,0.150147,1.322685,1.319798,1.319798,0.613652,0.443568,1.319008,0.612214,0.443447,-0.000000,0.000000,3.210713,10,2
1780645183.104734,proposed,0.001120,-11.034481,-0.000734,3.210613,1.571149,-0.000000,-9.434481,0.000000,45.000000,-0.007853,-0.000540,-0.097168,1,12.994721,1.647809,1.679149,1.572760,1.572760,1.582099,0.029010,1.402873,1.402873,0.150142,1.402948,1.679149,1.572760,1.569919,0.029010,0.150142,1.402948,1.402873,1.402873,0.647802,0.474009,1.398842,0.644996,0.472587,-0.000000,0.000000,3.210613,10,2
1780645183.188219,proposed,0.001007,-10.713422,-0.001520,3.210559,1.571340,-0.000000,-9.113422,0.000000,45.000000,-0.002814,-0.000265,-0.096377,1,11.825144,1.829126,1.791375,1.670131,1.670131,1.682946,0.029009,1.503714,1.503714,0.150139,1.503798,1.791375,1.670131,1.682946,0.029009,0.150139,1.503798,1.503714,1.503714,0.692394,0.507364,1.497967,0.688938,0.505612,-0.000000,0.000000,3.210559,10,2
1780645183.313439,proposed,0.000841,-10.392368,-0.001801,3.210532,1.571387,-0.000000,-8.792368,0.000000,45.000000,0.000294,-0.000127,-0.095554,1,15.288544,1.857609,1.818220,1.705040,1.705040,1.188537,0.029009,1.009391,1.009391,0.150137,1.009391,1.207610,1.102152,1.130787,0.029009,0.150137,1.009391,1.009391,1.009391,0.470223,0.326808,1.009391,0.464851,0.326809,-0.000000,0.000000,3.210533,10,2
1780645183.392905,proposed,0.000662,-10.071315,-0.001772,3.210519,1.571351,-0.000000,-8.471315,0.000000,45.000000,0.001991,-0.000061,-0.094729,1,13.198592,1.912686,1.876100,1.762890,1.762890,1.159055,0.029009,0.979909,0.979909,0.150137,0.979909,1.100841,0.990330,1.078707,0.029009,0.150137,0.979909,0.979909,0.979909,0.426430,0.292578,0.961656,0.414509,0.289431,-0.000000,0.000000,3.210520,10,2
1780645183.505314,proposed,0.000495,-9.750264,-0.001572,3.210513,1.571274,-0.000000,-8.150264,0.000000,45.000000,0.002726,-0.000029,-0.093910,1,13.424492,1.852046,1.813426,1.708389,1.708389,1.158467,0.029009,0.979322,0.979322,0.150136,0.979322,1.090603,0.977049,1.072394,0.029009,0.150136,0.978868,0.972088,0.972088,0.431264,0.298106,0.934468,0.410675,0.290219,-0.000000,0.000000,3.210514,10,2
1780645183.594527,proposed,0.000351,-9.429212,-0.001300,3.210510,1.571181,-0.000000,-7.829212,0.000000,45.000000,0.002852,-0.000013,-0.093100,1,12.225998,1.656322,1.616503,1.511769,1.511769,1.166403,0.029009,0.987258,0.987258,0.150136,0.987258,1.115817,1.006292,1.079888,0.029009,0.150136,0.980818,0.980818,0.980818,0.437826,0.308984,0.960191,0.426819,0.300199,-0.000000,0.000000,3.210511,10,2
1780645183.710319,proposed,0.000236,-9.108161,-0.001015,3.210509,1.571090,-0.000000,-7.508161,0.000000,45.000000,0.002627,-0.000005,-0.092297,1,18.035630,1.475978,1.440001,1.333552,1.333552,1.189909,0.029009,1.010763,1.010763,0.150136,1.010764,1.142069,1.037383,1.111606,0.029009,0.150136,1.002294,1.002286,1.002286,0.446366,0.318492,0.987237,0.439466,0.313231,-0.000000,0.000000,3.210509,10,2
1780645183.795080,proposed,0.000147,-8.787111,-0.000752,3.210509,1.571010,-0.000000,-7.187111,0.000000,45.000000,0.002229,-0.000001,-0.091501,1,12.173581,1.373983,1.339174,1.227267,1.227267,1.233375,0.029009,1.054163,1.054163,0.150136,1.054230,1.190087,1.085216,1.169037,0.029009,0.150136,1.045847,1.045557,1.045557,0.465767,0.334895,1.036114,0.462035,0.327247,-0.000000,0.000000,3.210509,10,2
1780645183.914535,proposed,0.000083,-8.466060,-0.000529,3.210508,1.570943,0.000911,-6.866238,0.000000,45.000000,0.009893,-0.001587,-0.090713,1,18.118992,1.314699,1.274947,1.163084,1.163084,1.312227,0.029005,1.124512,1.124512,0.150136,1.133085,1.218810,1.111844,1.262572,0.029005,0.150136,1.125855,1.101267,1.101267,0.490902,0.343520,1.083285,0.479267,0.335121,-0.000000,0.000000,3.210508,10,2
1780645183.981060,proposed,0.000080,-8.145017,0.000460,3.210350,1.570578,0.002153,-6.544995,0.000000,45.000000,0.017168,0.000775,-0.089899,1,11.650459,1.303435,1.270071,1.148333,1.148333,1.410795,0.029008,1.146827,1.146827,0.150128,1.231659,1.252309,1.140511,1.372293,0.029008,0.150132,1.225801,1.139102,1.139102,0.508348,0.398457,1.123039,0.499186,0.385057,-0.000000,0.000000,3.210350,10,2
1780645184.105460,proposed,0.000212,-7.823978,0.002177,3.210427,1.569986,0.000612,-6.223866,0.000000,45.000000,-0.004809,0.001415,-0.089037,1,12.979487,1.326709,1.287735,1.173852,1.173852,1.391905,0.029011,1.167335,1.167335,0.150132,1.212763,1.287735,1.173852,1.312109,0.029011,0.150139,1.212763,1.167335,1.167335,0.550847,0.395783,1.149653,0.543212,0.395783,-0.000000,0.000000,3.210428,10,2
1780645184.204245,proposed,0.000405,-7.502928,0.001696,3.210569,1.570294,-0.000000,-5.902928,0.000000,45.000000,-0.011502,-0.000163,-0.088287,1,12.585816,1.371091,1.335590,1.221208,1.221208,1.387925,0.029009,1.194517,1.194517,0.150139,1.208776,1.335590,1.221208,1.300687,0.029009,0.150139,1.208776,1.194517,1.194517,0.550956,0.387054,1.183640,0.550739,0.385879,-0.000000,0.000000,3.210569,10,2
1780645184.312783,proposed,0.000517,-7.181872,0.000546,3.210553,1.570710,-0.000000,-5.581872,0.000000,45.000000,-0.007899,-0.000210,-0.087580,1,14.373694,1.489739,1.450324,1.342448,1.342448,1.357472,0.029009,1.178233,1.178233,0.150138,1.178324,1.450324,1.342448,1.268978,0.029009,0.150138,1.175191,1.175190,1.175190,0.527162,0.376981,1.167666,0.523393,0.375202,-0.000000,0.000000,3.210553,10,2
1780645184.391462,proposed,0.000533,-6.860818,-0.000244,3.210532,1.570935,-0.000000,-5.260818,0.000000,45.000000,-0.004256,-0.000120,-0.086870,1,12.708871,1.635200,1.594803,1.489659,1.489659,1.379575,0.029009,1.200428,1.200428,0.150137,1.200429,1.523482,1.411425,1.293888,0.029009,0.150137,1.192627,1.192627,1.192627,0.532391,0.382463,1.184834,0.528665,0.380703,-0.000000,0.000000,3.210532,10,2
1780645184.512284,proposed,0.000487,-6.539765,-0.000669,3.210520,1.571042,-0.000000,-4.939765,0.000000,45.000000,-0.001686,-0.000060,-0.086150,1,14.075038,1.790867,1.763123,1.643901,1.643901,1.392627,0.029009,1.213481,1.213481,0.150137,1.213481,1.523735,1.418974,1.318251,0.029009,0.150137,1.204371,1.204371,1.204371,0.536956,0.386893,1.200475,0.535109,0.386339,-0.000000,0.000000,3.210520,10,2
1780645184.601373,proposed,0.000412,-6.218714,-0.000838,3.210514,1.571074,-0.000000,-4.618714,0.000000,45.000000,-0.000072,-0.000029,-0.085425,1,20.287203,1.722063,1.718282,1.603912,1.603912,1.466120,0.029009,1.286974,1.286974,0.150136,1.286975,1.601169,1.496409,1.404675,0.029009,0.150136,1.278305,1.278304,1.278304,0.570468,0.411280,1.273845,0.568389,0.410564,-0.000000,0.000000,3.210514,10,2
1780645184.703813,proposed,0.000327,-5.897662,-0.000845,3.210511,1.571063,-0.000000,-4.297662,0.000000,45.000000,0.000831,-0.000014,-0.084698,1,12.762229,1.673345,1.676548,1.558802,1.558802,1.538301,0.029009,1.359129,1.359129,0.150136,1.359156,1.631573,1.525090,1.488866,0.029009,0.150136,1.351516,1.351473,1.351473,0.603951,0.435607,1.347361,0.602021,0.434997,-0.000000,0.000000,3.210511,10,2
1780645184.802377,proposed,0.000247,-5.576611,-0.000762,3.210509,1.571029,-0.000000,-3.976611,0.000000,45.000000,0.001246,-0.000007,-0.083972,1,18.441812,1.671743,1.656771,1.538572,1.538572,1.624108,0.029009,1.443904,1.443904,0.150136,1.444963,1.649008,1.538046,1.584473,0.029009,0.150136,1.438545,1.437680,1.437680,0.643533,0.464629,1.433029,0.641680,0.464212,-0.000000,0.000000,3.210509,10,2
1780645184.906051,proposed,0.000177,-5.255560,-0.000638,3.210509,1.570986,-0.000000,-3.655560,0.000000,45.000000,0.001348,-0.000003,-0.083249,1,13.273302,1.692526,1.689104,1.575863,1.575863,1.736381,0.029009,1.545253,1.545253,0.150136,1.557236,1.689104,1.575863,1.703687,0.029009,0.150136,1.551924,1.545253,1.545253,0.699340,0.501296,1.534186,0.701020,0.500346,-0.000000,0.000000,3.210509,10,2
1780645184.985131,proposed,0.000120,-4.934510,-0.000503,3.210508,1.570942,-0.000000,-3.334510,0.000000,45.000000,0.001265,-0.000002,-0.082531,1,12.141352,1.780635,1.777116,1.665320,1.665320,1.859891,0.029009,1.652200,1.652200,0.150136,1.680746,1.777116,1.665320,1.832406,0.029009,0.150136,1.676348,1.652200,1.652200,0.765662,0.538164,1.633190,0.765486,0.535704,-0.000000,0.000000,3.210508,10,2
1780645185.108109,proposed,0.000076,-4.613459,-0.000376,3.210508,1.570903,-0.000000,-3.013459,0.000000,45.000000,0.001089,-0.000001,-0.081818,1,13.364625,1.881296,1.882942,1.775632,1.775632,1.986785,0.029009,1.767566,1.767566,0.150136,1.807640,1.882942,1.775632,1.963748,0.029009,0.150136,1.804165,1.767566,1.767566,0.825791,0.576444,1.753702,0.823073,0.574149,-0.000000,0.000000,3.210508,10,2
1780645185.200010,proposed,0.000044,-4.292408,-0.000267,3.210508,1.570871,-0.000000,-2.692408,0.000000,45.000000,0.000879,-0.000000,-0.081113,1,16.689799,2.028086,2.023399,1.918137,1.918137,2.117171,0.029009,1.906581,1.906581,0.150136,1.938026,2.023399,1.918137,2.097695,0.029009,0.150136,1.935374,1.906581,1.906581,0.885346,0.619370,1.895727,0.882455,0.617344,-0.000000,0.000000,3.210508,10,2
1780645185.312160,proposed,0.000021,-3.971357,-0.000180,3.210508,1.570845,-0.000000,-2.371357,0.000000,45.000000,0.000672,-0.000000,-0.080393,1,16.032299,2.191938,2.217606,2.112856,2.112856,1.565278,0.029009,1.386133,1.386133,0.150136,1.386133,2.000535,1.895716,1.539229,0.029009,0.150136,1.386133,1.386133,1.386133,0.641909,0.464478,1.386007,0.640853,0.464434,-0.000000,0.000000,3.210508,10,2
1780645185.391482,proposed,0.000007,-3.650306,-0.000112,3.210508,1.570826,-0.000000,-2.050306,0.000000,45.000000,0.000488,0.000000,-0.079695,1,12.695474,2.361382,2.325244,2.218331,2.218331,1.491194,0.029009,1.312049,1.312049,0.150136,1.312049,1.821579,1.715566,1.447160,0.029009,0.150136,1.312049,1.312049,1.312049,0.608999,0.436303,1.311873,0.607919,0.436263,-0.000000,0.000000,3.210508,10,2
1780645185.509923,proposed,-0.000002,-3.329256,-0.000064,3.210508,1.570812,-0.000000,-1.729256,0.000000,45.000000,0.000336,0.000000,-0.079008,1,14.696669,2.554818,2.519741,2.411849,2.411849,1.439317,0.029009,1.260172,1.260172,0.150136,1.260172,1.684050,1.575086,1.376996,0.029009,0.150136,1.260172,1.260172,1.260172,0.584521,0.415220,1.259415,0.583217,0.415068,-0.000000,0.000000,3.210508,10,2
1780645185.588564,proposed,-0.000007,-3.008205,-0.000030,3.210508,1.570803,-0.000000,-1.408205,0.000000,45.000000,0.000217,0.000000,-0.078330,1,12.168458,2.589915,2.554832,2.449557,2.449557,1.423285,0.029009,1.244140,1.244140,0.150136,1.244140,1.623604,1.510156,1.346687,0.029009,0.150136,1.244140,1.244140,1.244140,0.573042,0.406674,1.241395,0.571209,0.406062,-0.000000,0.000000,3.210508,10,2
1780645185.710641,proposed,-0.000009,-2.687154,-0.000008,3.210508,1.570797,-0.000000,-1.087154,0.000000,45.000000,0.000129,0.000000,-0.077660,1,16.568747,2.381271,2.342122,2.237346,2.237346,1.411162,0.029009,1.232017,1.232017,0.150136,1.232017,1.572800,1.459321,1.323825,0.029009,0.150136,1.232017,1.232017,1.232017,0.558068,0.396257,1.225307,0.555533,0.395121,-0.000000,0.000000,3.210508,10,2
1780645185.794522,proposed,-0.000009,-2.366103,0.000005,3.210508,1.570794,-0.000000,-0.766103,0.000000,45.000000,0.000067,-0.000000,-0.077004,1,12.606793,2.217194,2.177070,2.072001,2.072001,1.349788,0.029009,1.170643,1.170643,0.150136,1.170643,1.582076,1.462842,1.326328,0.029009,0.150136,1.170173,1.170173,1.170173,0.526319,0.385165,1.157203,0.520313,0.381582,-0.000000,0.000000,3.210508,10,2
1780645185.911295,proposed,-0.000008,-2.045052,0.000011,3.210508,1.570792,-0.000000,-0.445052,0.000000,45.000000,0.000025,-0.000001,-0.076366,1,16.330527,2.077597,2.037588,1.931234,1.931234,1.198727,0.029009,1.019582,1.019582,0.150136,1.019582,1.317736,1.211039,1.185766,0.029009,0.150136,1.018515,1.018515,1.018515,0.457745,0.337189,1.012067,0.454653,0.335632,-0.000000,0.000000,3.210508,10,2
1780645185.997914,proposed,-0.000007,-1.724002,0.000014,3.210508,1.570792,-0.000000,-0.124002,0.000000,45.000000,-0.000002,-0.000003,-0.075727,1,13.697304,1.961724,1.922652,1.813163,1.813163,1.087424,0.029009,0.908279,0.908279,0.150136,0.908279,1.065222,0.960824,1.068588,0.029009,0.150136,0.905438,0.905438,0.905438,0.404336,0.268696,0.903265,0.396201,0.268593,-0.000000,0.000000,3.210508,10,2
1780645186.099595,proposed,-0.000005,-1.402951,0.000014,3.210508,1.570792,-0.000000,0.197049,0.000000,45.000000,-0.000016,-0.000003,-0.075090,1,13.487724,1.871408,1.835699,1.720566,1.720566,1.036179,0.029009,0.857034,0.857034,0.150136,0.857034,0.982873,0.876828,1.018493,0.029009,0.150136,0.854689,0.854689,0.854689,0.361096,0.238716,0.835500,0.340280,0.230689,-0.000000,0.000000,3.210508,10,2
1780645186.205378,proposed,-0.000004,-1.081900,0.000012,3.210507,1.570793,-0.000000,0.518100,0.000000,45.000000,-0.000024,-0.000007,-0.074465,1,20.869362,1.841417,1.801434,1.687793,1.687793,0.907065,0.029009,0.727920,0.727920,0.150136,0.727920,0.718603,0.614381,0.889082,0.029009,0.150136,0.725225,0.614376,0.614376,0.239956,0.161838,0.582018,0.225616,0.157733,-0.000000,0.000000,3.210507,10,2
1780645186.309432,proposed,-0.000003,-0.760849,0.000010,3.210507,1.570793,-0.000000,0.839151,0.000000,45.000000,-0.000032,-0.000012,-0.073857,1,14.625803,1.852218,1.818445,1.693236,1.693236,0.774960,0.029009,0.595815,0.595815,0.150136,0.595815,0.450104,0.345149,0.746980,0.029009,0.150136,0.590139,0.345149,0.345149,0.122735,0.081189,0.323540,0.112943,0.080043,-0.000000,0.000000,3.210507,10,2
1780645186.405024,proposed,-0.000002,-0.439799,0.000006,3.210506,1.570794,-0.000000,1.160201,0.000000,45.000000,-0.000050,-0.000016,-0.073241,1,15.694162,1.659479,1.641778,1.529038,1.529038,0.701370,0.029009,0.522225,0.522225,0.150136,0.522225,0.294486,0.179284,0.647223,0.029009,0.150136,0.512042,0.179284,0.179284,0.056910,0.035623,0.160738,0.048106,0.036059,-0.000000,0.000000,3.210506,10,2
1780645186.511099,proposed,-0.000002,-0.118748,0.000001,3.210504,1.570795,-0.000000,1.481252,0.000000,45.000000,-0.049172,-0.009427,-0.045672,1,17.151742,1.387596,1.357265,1.243651,1.243651,0.683067,0.029009,0.503922,0.503922,0.150136,0.503922,0.235752,0.123291,0.620000,0.029009,0.150136,0.496535,0.123291,0.123291,0.039216,-0.000688,0.094785,0.032715,0.000002,-0.000000,0.000000,3.210504,10,2
1780645186.585016,proposed,-0.000247,0.202255,-0.004916,3.209561,1.570800,-0.002596,1.797524,0.000000,45.000000,-0.778808,-0.223138,0.425752,1,11.662173,1.123669,1.091187,0.980937,0.980937,0.675144,0.028903,0.496152,0.496152,0.150088,0.496152,0.225073,0.110902,0.620000,0.028903,0.150088,0.494077,0.110902,0.110902,0.039032,0.000184,0.089848,0.032536,0.000001,-0.000000,0.000001,3.209565,10,2
1780645186.703771,proposed,-0.004633,0.522095,-0.082797,3.187247,1.573401,-0.023669,2.087652,0.000000,45.000000,-0.083395,-0.238187,0.163483,1,12.493564,0.875905,0.839863,0.733425,0.733425,0.658843,0.028132,0.481702,0.481702,0.149005,0.481706,0.192631,0.084127,0.620000,0.028132,0.149005,0.474644,0.084127,0.084127,0.021624,0.001873,0.065224,0.013764,0.000004,-0.000000,0.000000,3.188323,10,2
1780645186.799580,proposed,-0.013330,0.839629,-0.091136,3.163429,1.578867,-0.085896,2.345172,0.000000,45.000000,-0.248207,-0.650313,-0.017664,1,13.992968,0.688245,0.648994,0.545019,0.545019,0.664795,0.026786,0.486289,0.486289,0.147805,0.490204,0.221849,0.108627,0.620000,0.026786,0.147805,0.485444,0.108627,0.108627,0.036267,0.018398,0.082677,0.026534,0.021798,-0.000000,0.000000,3.164741,10,2
1780645186.917214,proposed,-0.023684,1.152721,-0.115957,3.098397,1.602707,-0.248424,2.570711,0.000000,45.000000,-1.505765,-1.172483,-0.065467,1,15.396681,0.554869,0.516848,0.407533,0.407533,0.749348,0.024934,0.407464,0.407464,0.144554,0.579860,0.340878,0.225336,0.650679,0.024934,0.144554,0.579181,0.225336,0.225336,0.092524,0.063014,0.210377,0.089214,0.066117,-0.000000,0.000000,3.100567,10,2
1780645186.988148,proposed,-0.042809,1.456698,-0.266533,2.981149,1.688234,-0.349238,2.886032,0.000000,45.000000,-1.659696,-0.590322,-0.086191,1,12.175543,0.544165,0.509359,0.393519,0.393519,0.775851,0.024640,0.393505,0.393505,0.139152,0.612059,0.396743,0.293195,0.726360,0.024640,0.139152,0.612059,0.293195,0.293195,0.118910,0.076832,0.283893,0.121144,0.077169,-0.000000,0.000000,2.993040,10,2
1780645187.117408,proposed,-0.077761,1.751861,-0.432503,2.922117,1.745101,-0.391071,3.267817,0.000000,45.000000,-0.995797,0.487118,-0.096995,1,18.073228,0.533362,0.508235,0.384969,0.384969,0.755152,0.026047,0.384948,0.384948,0.137203,0.591902,0.310683,0.195902,0.678131,0.026047,0.140406,0.591902,0.195902,0.195902,0.058485,0.020854,0.178357,0.049945,0.020854,-0.000000,0.000001,2.953951,10,2
1780645187.198734,proposed,-0.125990,2.046508,-0.532083,2.970829,1.755228,-0.399763,3.632753,0.000000,45.000000,-0.151570,0.978088,-0.100230,1,12.008443,0.546069,0.510401,0.385358,0.385358,0.757202,0.027773,0.385335,0.385335,0.140406,0.589023,0.312892,0.202943,0.675157,0.027773,0.145387,0.587221,0.202943,0.202943,0.078456,0.035126,0.181715,0.069522,0.032165,-0.000000,0.000000,3.018101,10,2
1780645187.307625,proposed,-0.179956,2.348482,-0.547240,3.068638,1.748027,-0.399994,3.946251,0.000000,45.000000,0.457930,0.683552,-0.099668,1,12.660288,0.561228,0.521468,0.402399,0.402399,0.789088,0.028568,0.402382,0.402382,0.145387,0.615133,0.375222,0.262915,0.697273,0.028568,0.148419,0.602117,0.262915,0.262915,0.100296,0.058111,0.244295,0.086054,0.048772,-0.000000,0.000000,3.117051,10,2
1780645187.393002,proposed,-0.232390,2.658763,-0.501447,3.136993,1.729322,-0.233270,4.281073,0.000000,45.000000,2.252594,0.576533,-0.096886,1,11.778940,0.593940,0.554831,0.446834,0.446834,0.924418,0.029218,0.446833,0.446833,0.148419,0.746781,0.503468,0.399687,0.860855,0.029218,0.149935,0.734697,0.399687,0.399687,0.162578,0.106452,0.378684,0.141331,0.090275,-0.000000,0.000000,3.176818,10,2
1780645187.503374,proposed,-0.271272,2.975345,-0.276187,3.194646,1.651780,0.013751,4.531065,0.000000,45.000000,3.934288,-0.280552,-0.086985,1,11.969092,0.648973,0.613207,0.481324,0.481324,0.724422,0.028598,0.478488,0.478488,0.149935,0.545889,0.431166,0.318500,0.724422,0.028598,0.149935,0.545889,0.318500,0.318500,0.108136,0.059399,0.308310,0.110476,0.067821,-0.000000,0.000000,3.206562,10,2
1780645187.599060,proposed,-0.279219,3.293407,0.117242,3.166591,1.506468,0.155353,4.847228,0.000000,45.000000,3.646577,-0.237471,-0.068184,1,13.164631,0.637763,0.603905,0.485993,0.485993,0.828550,0.028970,0.485906,0.485906,0.148009,0.651571,0.443829,0.336079,0.828550,0.028970,0.148559,0.651571,0.336079,0.336079,0.102689,0.053723,0.328343,0.106970,0.061771,-0.000000,0.000000,3.168761,10,2
1780645187.709455,proposed,-0.249262,3.608879,0.481899,3.142844,1.405663,-0.068996,5.218839,0.000000,45.000000,-0.258895,0.371213,-0.052124,1,12.974833,0.614918,0.575832,0.456599,0.456599,1.058628,0.029191,0.456599,0.456599,0.148559,0.880878,0.494423,0.382522,1.058628,0.029191,0.150238,0.880878,0.382522,0.382522,0.131392,0.172614,0.374519,0.135820,0.170746,-0.000000,0.000000,3.179575,10,2
1780645187.796500,proposed,-0.202367,3.925019,0.456010,3.179965,1.434097,-0.193812,5.612456,0.000000,45.000000,-1.967516,0.942348,-0.050904,1,12.650856,0.574506,0.550364,0.438818,0.438818,1.272118,0.030893,0.438818,0.438818,0.150238,1.090987,0.550364,0.438818,1.272118,0.030893,0.153925,1.090987,0.438818,0.438818,0.228170,0.271789,0.423680,0.224467,0.272020,-0.000000,0.000000,3.212495,10,2
1780645187.909717,proposed,-0.166603,4.247728,0.259258,3.274200,1.490042,-0.200543,5.993563,0.000000,45.000000,-1.601309,1.087214,-0.056371,1,13.781899,0.568790,0.529346,0.420098,0.420098,1.441036,0.032764,0.420098,0.420098,0.153925,1.254347,0.529346,0.420098,1.441036,0.032764,0.159088,1.254347,0.420098,0.420098,0.320753,0.380749,0.411433,0.320124,0.378833,-0.000000,0.000000,3.284448,10,2
1780645187.995370,proposed,-0.148684,4.580584,0.099127,3.382921,1.527891,-0.094352,6.272557,0.000000,45.000000,-0.076676,0.135760,-0.061498,1,13.358574,0.675725,0.635650,0.530385,0.530385,1.551867,0.032372,0.530385,0.530385,0.159088,1.360407,0.635650,0.530385,1.551867,0.032372,0.159782,1.360407,0.530385,0.530385,0.469351,0.471828,0.524904,0.466591,0.469503,-0.000000,0.000000,3.384373,10,2
1780645188.106983,proposed,-0.139155,4.919555,0.091460,3.396497,1.533721,-0.026192,6.553770,0.000000,45.000000,0.594411,-0.510614,-0.063026,1,13.072808,0.868729,0.830575,0.725840,0.725840,1.674196,0.031296,0.725840,0.725840,0.159782,1.483118,0.830575,0.725840,1.674196,0.031296,0.159782,1.483118,0.725840,0.725840,0.605637,0.502857,0.722578,0.602510,0.500445,-0.000000,0.000000,3.397729,10,2
1780645188.200551,proposed,-0.127037,5.256651,0.150901,3.345436,1.513078,-0.001173,6.858766,0.000000,45.000000,0.495990,-0.618562,-0.060738,1,13.155825,1.152880,1.117545,1.010337,1.010337,1.003177,0.030245,0.815655,0.815655,0.157246,0.815687,0.844643,0.734366,0.909342,0.030245,0.157246,0.812503,0.734045,0.734045,0.322072,0.222080,0.716883,0.313823,0.222447,-0.000000,0.000000,3.348838,10,2
1780645188.302799,proposed,-0.109467,5.588102,0.200500,3.283580,1.498451,-0.000000,7.188102,0.000000,45.000000,0.122350,-0.370949,-0.058183,1,12.519037,1.436842,1.403959,1.287370,1.287370,0.922545,0.029704,0.738646,0.738646,0.154195,0.738646,0.692186,0.582128,0.834180,0.029704,0.154195,0.731693,0.582106,0.582106,0.252516,0.174734,0.546403,0.238279,0.164660,-0.000000,0.000000,3.289695,10,2
1780645188.382724,proposed,-0.088805,5.914605,0.212735,3.246485,1.500113,-0.000000,7.514605,0.000000,45.000000,-0.144140,-0.187634,-0.057329,1,13.474601,1.339777,1.300475,1.192290,1.192290,0.936634,0.029393,0.754908,0.754908,0.152333,0.754908,0.730468,0.617432,0.847630,0.029393,0.152333,0.754908,0.617388,0.617388,0.265674,0.182897,0.591810,0.251935,0.171809,-0.000000,0.000000,3.253447,10,2
1780645188.511847,proposed,-0.068252,6.238316,0.198321,3.227721,1.508764,-0.007549,7.834964,0.000000,45.000000,-0.350530,-0.120383,-0.057677,1,13.144869,1.195983,1.155873,1.049206,1.049206,0.981779,0.029143,0.801304,0.801304,0.151327,0.801309,0.788112,0.683843,0.928407,0.029143,0.151327,0.801309,0.683822,0.683822,0.282562,0.190039,0.660033,0.271115,0.172687,-0.000000,0.000000,3.233808,10,2
1780645188.603051,proposed,-0.050173,6.560486,0.163268,3.215683,1.522473,-0.038261,8.146406,0.000000,45.000000,-0.645057,-0.157439,-0.058892,1,14.575643,1.052800,1.013906,0.904687,0.904687,1.068975,0.028790,0.876338,0.876338,0.150612,0.889573,0.848582,0.740428,1.042273,0.028790,0.150612,0.889573,0.740405,0.740405,0.300354,0.204921,0.717125,0.290803,0.211570,-0.000000,0.000000,3.219825,10,2
1780645188.709322,proposed,-0.037071,6.881267,0.098762,3.199939,1.546076,-0.068731,8.468442,0.000000,45.000000,-0.768986,-0.079164,-0.061404,1,13.287978,0.987107,0.947467,0.834326,0.834326,1.187109,0.028680,0.834262,0.834262,0.149675,1.008754,0.889159,0.776847,1.182272,0.028680,0.149675,1.008754,0.776843,0.776843,0.317999,0.278962,0.755356,0.314611,0.278291,-0.000000,0.000000,3.201463,10,2
1780645188.796721,proposed,-0.031040,7.200865,0.021863,3.192023,1.571273,-0.054479,8.801519,0.000000,45.000000,-0.363738,0.081926,-0.064398,1,15.475377,0.962630,0.925058,0.810976,0.810976,1.308596,0.028885,0.810976,0.810976,0.149197,1.130514,0.925058,0.810976,1.308596,0.028885,0.149613,1.130514,0.810976,0.810976,0.381933,0.349328,0.803457,0.379134,0.347668,-0.000000,0.000000,3.192098,10,2
1780645188.913746,proposed,-0.030672,7.520477,-0.014510,3.200215,1.578743,-0.056327,9.134929,0.000000,45.000000,-0.191493,0.180589,-0.065556,1,13.425706,0.965116,0.925167,0.814753,0.814753,1.446345,0.029236,0.814753,0.814753,0.149613,1.267496,0.925167,0.814753,1.446345,0.029236,0.150542,1.267496,0.814753,0.814753,0.455735,0.425645,0.798587,0.455139,0.424169,-0.000000,0.000000,3.200248,10,2
1780645188.994580,proposed,-0.033081,7.841401,-0.033660,3.218274,1.582751,-0.025333,9.454032,0.000000,45.000000,0.203999,0.091633,-0.065863,1,12.627307,1.019040,0.981063,0.870830,0.870830,1.575609,0.029334,0.870830,0.870830,0.150542,1.395733,0.981063,0.870830,1.575609,0.029334,0.151003,1.395733,0.870830,0.870830,0.553061,0.481732,0.864439,0.551247,0.480681,-0.000000,0.000000,3.218450,10,2
1780645189.110707,proposed,-0.035427,8.163687,-0.013260,3.227438,1.573727,-0.003629,9.766353,0.000000,45.000000,0.357443,-0.044497,-0.064536,1,12.749734,1.152760,1.112435,1.007132,1.007132,1.711637,0.029202,1.007132,1.007132,0.151003,1.531432,1.112435,1.007132,1.711637,0.029202,0.151003,1.531432,1.007132,1.007132,0.665422,0.524629,1.005032,0.663036,0.523792,-0.000000,0.000000,3.227465,10,2
1780645189.189161,proposed,-0.034966,8.486208,0.022485,3.222988,1.561052,-0.000000,10.086208,0.000000,45.000000,0.238550,-0.058748,-0.062411,1,11.591723,1.351449,1.312422,1.207900,1.207900,1.866830,0.029114,1.207900,1.207900,0.150778,1.686938,1.312422,1.207900,1.866830,0.029114,0.150778,1.686938,1.207900,1.207900,0.790515,0.563404,1.203458,0.787205,0.562817,-0.000000,0.000000,3.223066,10,2
1780645189.309216,proposed,-0.031524,8.808213,0.046340,3.217113,1.554257,-0.000000,10.408213,0.000000,45.000000,0.093055,-0.033744,-0.060735,1,13.514441,1.584569,1.546894,1.441194,1.441194,1.644240,0.029069,1.430785,1.430785,0.150491,1.464680,1.546894,1.441194,1.644240,0.029069,0.150491,1.464680,1.430785,1.430785,0.693886,0.491283,1.427273,0.693018,0.490462,-0.000000,0.000000,3.217447,10,2
1780645189.393273,proposed,-0.026425,9.129756,0.055645,3.213739,1.552487,-0.000000,10.729756,0.000000,45.000000,-0.004628,-0.016882,-0.059732,1,12.353711,1.833408,1.798186,1.690618,1.690618,1.504838,0.029042,1.325470,1.325470,0.150326,1.325470,1.798186,1.690618,1.504838,0.029042,0.150326,1.325470,1.325470,1.325470,0.613692,0.452363,1.324760,0.612380,0.452105,-0.000000,0.000000,3.214220,10,2
1780645189.522456,proposed,-0.020884,9.451045,0.055182,3.212051,1.553475,-0.000000,11.051045,0.000000,45.000000,-0.059287,-0.008118,-0.059204,1,14.064742,2.115782,2.084819,1.975039,1.975039,1.396742,0.029027,1.217475,1.217475,0.150239,1.217475,1.700433,1.595659,1.382343,0.029027,0.150239,1.217475,1.217475,1.217475,0.566524,0.414236,1.215868,0.564793,0.413722,-0.000000,0.000000,3.212525,10,2
1780645189.601035,proposed,-0.015662,9.772210,0.049254,3.211239,1.555829,-0.000000,11.372210,0.000000,45.000000,-0.083597,-0.003855,-0.058947,1,14.452874,2.389357,2.363225,2.251380,2.251380,1.290167,0.029019,1.110956,1.110956,0.150193,1.110956,1.462840,1.356862,1.258258,0.029019,0.150193,1.110956,1.110956,1.110956,0.519867,0.375917,1.109750,0.518299,0.375607,-0.000000,0.000000,3.211616,10,2
1780645189.709923,proposed,-0.011155,10.093314,0.040894,3.210853,1.558682,-0.000000,11.693314,0.000000,45.000000,-0.088467,-0.001823,-0.058814,1,13.391584,2.533069,2.499075,2.389707,2.389707,1.211213,0.029014,1.032032,1.032032,0.150167,1.032032,1.271123,1.161731,1.158512,0.029014,0.150167,1.032032,1.032032,1.032032,0.484884,0.341876,1.030076,0.482972,0.341255,-0.000000,0.000000,3.211114,10,2
1780645189.788382,proposed,-0.007508,10.414391,0.032047,3.210671,1.561513,-0.000000,12.014391,0.000000,45.000000,-0.082046,-0.000861,-0.058711,1,12.036251,2.272343,2.236638,2.129394,2.129394,1.166846,0.029012,0.987681,0.987681,0.150153,0.987681,1.141370,1.025353,1.092158,0.029012,0.150153,0.987681,0.987681,0.987681,0.441329,0.302355,0.982431,0.430560,0.300077,-0.000000,0.000000,3.210831,10,2
1780645189.912541,proposed,-0.004713,10.735453,0.023843,3.210585,1.564039,-0.000000,12.335453,0.000000,45.000000,-0.070033,-0.000408,-0.058605,1,14.305465,2.030606,1.992917,1.887115,1.887115,1.087379,0.029010,0.908224,0.908224,0.150145,0.908224,1.061920,0.935670,1.057160,0.029010,0.150145,0.903063,0.903063,0.903063,0.402935,0.276739,0.895391,0.388432,0.271773,-0.000000,0.000000,3.210673,10,2
1780645189.990596,proposed,-0.002679,11.056510,0.016839,3.210544,1.566136,-0.000000,12.656510,0.000000,45.000000,-0.056166,-0.000196,-0.058461,1,13.514229,1.791425,1.752729,1.647938,1.647938,0.977081,0.029009,0.797931,0.797931,0.150140,0.797931,0.845711,0.740297,0.939821,0.029009,0.150140,0.789657,0.740229,0.740229,0.306989,0.210101,0.713475,0.294058,0.206766,-0.000000,0.000000,3.210588,10,2
1780645190.117460,proposed,-0.001276,11.377563,0.011223,3.210524,1.567779,-0.000000,12.977563,0.000000,45.000000,-0.042693,-0.000096,-0.058230,1,15.165034,1.596682,1.556727,1.451943,1.451943,0.891407,0.029009,0.712260,0.712260,0.150138,0.712260,0.676779,0.564305,0.838998,0.029009,0.150138,0.703769,0.564297,0.564297,0.234369,0.159902,0.525801,0.213910,0.152757,-0.000000,0.000000,3.210544,10,2
1780645190.201160,proposed,-0.000367,11.698615,0.006953,3.210515,1.569000,-0.000000,13.298615,0.000000,45.000000,-0.030832,-0.000049,-0.057926,1,15.629267,1.406769,1.379695,1.272853,1.272853,0.819443,0.029009,0.640297,0.640297,0.150137,0.640297,0.519884,0.406738,0.755323,0.029009,0.150137,0.628353,0.406737,0.406737,0.165073,0.114236,0.385047,0.156212,0.113646,-0.000000,0.000000,3.210522,10,2
1780645190.310395,proposed,0.000174,12.019666,0.003870,3.210510,1.569862,0.000020,13.619659,0.000000,45.000000,-0.020915,-0.000088,-0.057525,1,13.953322,1.301126,1.276659,1.162913,1.162913,0.804729,0.029009,0.625584,0.625584,0.150136,0.625584,0.455002,0.345515,0.706478,0.029009,0.150136,0.619586,0.345514,0.345514,0.142212,0.079369,0.328836,0.137234,0.083082,-0.000000,0.000000,3.210512,10,2
1780645190.390047,proposed,0.000457,12.340717,0.001779,3.210501,1.570429,0.000987,13.937727,0.000000,45.000000,-0.004772,-0.026616,-0.057002,1,12.718827,1.167947,1.129207,1.022732,1.022732,0.736681,0.028947,0.557599,0.557599,0.150136,0.557599,0.371002,0.265973,0.690894,0.028947,0.150136,0.557599,0.265972,0.265972,0.068030,0.025072,0.245932,0.058491,0.024767,-0.000000,0.000000,3.210502,10,2
1780645190.512680,proposed,0.000611,12.661634,0.001301,3.207839,1.570450,-0.020564,14.240048,0.000000,45.000000,-0.213563,-0.145264,0.250918,1,21.768889,0.977049,0.936741,0.831537,0.831537,0.702374,0.028545,0.523829,0.523829,0.150000,0.523829,0.211050,0.095884,0.620000,0.028545,0.150000,0.523829,0.095884,0.095884,0.010375,-0.000245,0.078374,0.001957,0.000003,-0.000000,0.000000,3.207840,10,2
1780645190.595225,proposed,-0.000327,12.981692,-0.020055,3.193313,1.578339,-0.067302,14.545651,0.000000,45.000000,-0.243280,-0.422835,1.448817,1,16.755801,0.812988,0.772886,0.667353,0.667353,0.663169,0.028165,0.485692,0.485692,0.149262,0.485742,0.181430,0.070344,0.620000,0.028165,0.149262,0.485742,0.070344,0.070344,0.014509,0.000468,0.036591,0.000004,0.000001,-0.000000,0.000001,3.193376,10,2
1780645190.721977,proposed,-0.003549,13.298909,-0.044383,3.151029,1.598832,-0.110967,14.849440,0.000000,45.000000,-0.331573,-0.741435,2.168311,1,19.872597,0.714639,0.678633,0.565668,0.565668,0.632171,0.027619,0.456788,0.456788,0.147124,0.457427,0.163608,0.053490,0.620000,0.027619,0.147124,0.457427,0.053490,0.053490,0.008988,-0.001005,0.019544,0.000002,0.000001,-0.000000,0.000001,3.151342,10,2
1780645190.802956,proposed,-0.009645,13.610305,-0.077540,3.076886,1.624229,-0.073458,15.132097,0.000000,45.000000,-0.119752,-0.746903,0.374686,1,18.134054,0.683793,0.646916,0.524402,0.524402,0.666641,0.026447,0.487575,0.487575,0.143408,0.496786,0.153962,0.043986,0.620000,0.026447,0.143408,0.492883,0.043986,0.043986,0.003861,-0.005580,0.026466,0.001864,0.000005,-0.000000,0.000000,3.077863,10,2
1780645190.901061,proposed,-0.017998,13.914259,-0.089515,3.002196,1.619083,0.139671,15.329502,0.000000,45.000000,1.792802,-0.777188,0.018874,1,10.564978,0.480169,0.439639,0.335518,0.335518,0.789970,0.024006,0.335517,0.335517,0.139677,0.626288,0.306570,0.202849,0.703512,0.024006,0.139677,0.621199,0.202849,0.202849,0.074386,0.049114,0.179850,0.064952,0.046108,-0.000000,0.000001,3.003530,10,2
1780645190.991505,proposed,-0.017985,14.210592,0.089765,2.924477,1.518555,0.349158,15.615430,0.000000,45.000000,3.006784,-0.527162,-0.059315,1,12.405830,0.427520,0.387718,0.280675,0.280675,0.901249,0.023977,0.280675,0.280675,0.135806,0.741465,0.352695,0.239226,0.846308,0.023977,0.135806,0.734066,0.239226,0.239226,0.097701,0.071276,0.220915,0.091470,0.065268,-0.000000,0.000000,2.925854,10,2
1780645191.105299,proposed,0.006025,14.500404,0.390443,2.871761,1.405857,0.391239,16.017147,0.000000,45.000000,1.924440,0.722425,-0.066237,1,14.737915,0.437418,0.398326,0.272765,0.272765,1.024993,0.025997,0.272765,0.272765,0.134435,0.864561,0.369868,0.262064,1.001972,0.025997,0.139558,0.854946,0.262064,0.262064,0.112043,0.085893,0.243901,0.103079,0.086425,-0.000000,0.000001,2.898181,10,2
1780645191.206701,proposed,0.054691,14.791192,0.582887,2.944003,1.379164,0.394741,16.455841,0.000000,45.000000,0.586374,1.813250,-0.064641,1,20.673243,0.415742,0.379058,0.268082,0.268082,1.225357,0.029572,0.268082,0.268082,0.139558,1.056228,0.379058,0.268082,1.211816,0.029572,0.149115,1.044684,0.268082,0.268082,0.211336,0.217823,0.251185,0.201824,0.222178,-0.000000,0.000001,3.001152,10,2
1780645191.300610,proposed,0.115912,15.094659,0.641525,3.125328,1.378068,0.378094,16.825216,0.000000,45.000000,-0.468262,1.677548,-0.063713,1,11.765760,0.457999,0.419690,0.310098,0.310098,1.342183,0.032128,0.310098,0.310098,0.149115,1.160940,0.419690,0.310098,1.335748,0.032128,0.157117,1.154082,0.310098,0.310098,0.223505,0.308370,0.293128,0.229669,0.306662,-0.000000,0.000000,3.190491,10,2
1780645191.407178,proposed,0.177723,15.415579,0.594698,3.293083,1.389238,0.157358,17.116820,0.000000,45.000000,-2.856492,0.661548,-0.064289,1,21.895808,0.592398,0.552258,0.447276,0.447276,1.437330,0.032253,0.447276,0.447276,0.157117,1.247960,0.552258,0.447276,1.434696,0.032253,0.158520,1.247960,0.447276,0.447276,0.380363,0.397728,0.441401,0.381063,0.397137,-0.000000,0.000000,3.346350,10,2
1780645191.501982,proposed,0.222911,15.748196,0.309049,3.359238,1.483322,0.045213,17.389720,0.000000,45.000000,-3.169735,-0.240519,-0.074265,1,12.074107,0.815920,0.776848,0.672696,0.672696,1.558759,0.031376,0.672696,0.672696,0.158520,1.368863,0.776848,0.672696,1.555576,0.031376,0.158520,1.368863,0.672696,0.672696,0.519885,0.472042,0.669503,0.518892,0.469416,-0.000000,0.000000,3.373424,10,2
1780645191.595353,proposed,0.237967,16.082917,-0.007924,3.335186,1.596042,0.005777,17.690251,0.000000,45.000000,-2.271657,-0.506226,-0.088556,1,12.268481,1.047192,1.008933,0.904154,0.904154,1.697794,0.030492,0.904154,0.904154,0.156541,1.510762,1.008933,0.904154,1.692639,0.030492,0.156541,1.510762,0.904154,0.904154,0.640617,0.497250,0.902553,0.638841,0.494343,-0.000000,0.000000,3.335195,10,2
1780645191.708337,proposed,0.225816,16.413904,-0.235090,3.284563,1.667879,-0.000000,18.013904,0.000000,45.000000,-1.138877,-0.366850,-0.099382,1,12.971791,1.287071,1.249869,1.143968,1.143968,1.855231,0.029984,1.143968,1.143968,0.154363,1.670884,1.249869,1.143968,1.848863,0.029984,0.154363,1.670884,1.143968,1.143968,0.763635,0.553832,1.142869,0.761455,0.547844,-0.000000,0.000000,3.292966,10,2
1780645191.791978,proposed,0.196613,16.740526,-0.348978,3.247878,1.694335,-0.000000,18.340526,0.000000,45.000000,-0.287911,-0.193512,-0.104332,1,11.962004,1.547432,1.512590,1.404759,1.404759,2.020732,0.029696,1.404759,1.404759,0.153006,1.838030,1.512590,1.404759,2.014228,0.029696,0.153006,1.838030,1.404759,1.404759,0.865926,0.583780,1.403220,0.856086,0.579876,-0.000000,0.000000,3.266573,10,2
1780645191.899544,proposed,0.160275,17.064347,-0.377769,3.228527,1.694142,-0.000000,18.664347,0.000000,45.000000,0.227634,-0.094559,-0.104878,1,12.658739,1.818009,1.785377,1.674995,1.674995,2.183346,0.029486,1.674995,1.674995,0.152185,2.001675,1.785377,1.674995,2.177332,0.029486,0.152185,2.001675,1.674995,1.674995,0.938668,0.644439,1.672790,0.926922,0.633493,-0.000000,0.000000,3.250553,10,2
1780645192.001373,proposed,0.123637,17.386726,-0.355005,3.219071,1.680946,-0.000000,18.986726,0.000000,45.000000,0.491756,-0.045133,-0.102905,1,22.605650,2.105979,2.075292,1.961980,1.961980,2.348625,0.029325,1.961959,1.961959,0.151572,2.167728,2.075292,1.961980,2.341406,0.029325,0.151572,2.167728,1.961959,1.961959,0.995817,0.668935,1.958401,0.982666,0.663398,-0.000000,0.000000,3.238587,10,2
1780645192.116168,proposed,0.090595,17.708408,-0.305830,3.214558,1.662325,-0.000000,19.308408,0.000000,45.000000,0.587663,-0.021376,-0.099705,1,13.328764,2.406866,2.377898,2.261637,2.261637,1.516051,0.029206,1.335761,1.335761,0.151085,1.335761,1.789532,1.676704,1.439474,0.029206,0.151085,1.335761,1.335761,1.335761,0.613060,0.435867,1.335203,0.611639,0.435646,-0.000000,0.000000,3.229073,10,2
1780645192.188971,proposed,0.062950,18.029757,-0.247063,3.212420,1.642706,-0.000000,19.629757,0.000000,45.000000,0.580257,-0.010098,-0.096132,1,12.790056,2.454257,2.414412,2.308482,2.308482,1.524295,0.029123,1.344454,1.344454,0.150718,1.344454,1.790397,1.676719,1.437787,0.029123,0.150718,1.344454,1.344454,1.344454,0.607879,0.432022,1.343969,0.606522,0.431792,-0.000000,0.000000,3.221907,10,2
1780645192.316714,proposed,0.041145,18.350948,-0.189038,3.211411,1.624535,-0.000000,19.950948,0.000000,45.000000,0.516345,-0.004766,-0.092646,1,13.957964,2.292100,2.252021,2.145742,2.145742,1.538918,0.029070,1.359383,1.359383,0.150466,1.359383,1.825234,1.711375,1.449848,0.029070,0.150466,1.354397,1.354397,1.354397,0.606737,0.433082,1.351920,0.605490,0.432935,-0.000000,0.000000,3.216969,10,2
1780645192.384088,proposed,0.024823,18.672066,-0.137403,3.210934,1.608988,-0.000000,20.272066,0.000000,45.000000,0.427710,-0.002249,-0.089491,1,12.387861,2.167932,2.128825,2.019401,2.019401,1.565915,0.029039,1.386569,1.386569,0.150308,1.386569,1.863869,1.756235,1.483369,0.029039,0.150308,1.377841,1.377841,1.377841,0.615228,0.440787,1.375490,0.614066,0.440686,-0.000000,0.000000,3.213872,10,2
1780645192.517069,proposed,0.013221,18.993148,-0.094632,3.210709,1.596456,-0.000000,20.593148,0.000000,45.000000,0.334514,-0.001061,-0.086767,1,14.567472,2.090626,2.055298,1.939783,1.939783,1.612262,0.029022,1.433022,1.433022,0.150218,1.433022,1.911505,1.806189,1.541737,0.029022,0.150218,1.423720,1.423720,1.423720,0.635558,0.456099,1.421485,0.634454,0.456032,-0.000000,0.000000,3.212103,10,2
1780645192.583803,proposed,0.005431,19.314213,-0.061181,3.210603,1.586865,-0.000000,20.914213,0.000000,45.000000,0.248398,-0.000501,-0.084488,1,12.209994,2.055062,2.015075,1.900921,1.900921,1.679677,0.029014,1.500492,1.500492,0.150171,1.500492,1.956496,1.848765,1.620955,0.029014,0.150171,1.491781,1.491781,1.491781,0.666511,0.478669,1.489564,0.665417,0.478607,-0.000000,0.000000,3.211186,10,2
1780645192.713382,proposed,0.000555,19.635271,-0.036341,3.210553,1.579887,-0.000000,21.235271,0.000000,45.000000,0.175082,-0.000236,-0.082619,1,15.043757,2.051680,2.016965,1.893101,1.893101,1.725280,0.029011,1.546120,1.546120,0.150149,1.546120,1.996209,1.882665,1.690113,0.029011,0.150149,1.540515,1.540515,1.540515,0.690149,0.497194,1.538389,0.689085,0.497119,-0.000000,0.000000,3.210758,10,2
1780645192.803774,proposed,-0.002204,19.956325,-0.018833,3.210529,1.575076,-0.000000,21.556325,0.000000,45.000000,0.116414,-0.000111,-0.081101,1,19.848033,2.069889,2.030068,1.916353,1.916353,1.612906,0.029009,1.433757,1.433757,0.150140,1.433757,2.030068,1.916353,1.574995,0.029009,0.150140,1.427321,1.427321,1.427321,0.638755,0.460981,1.417319,0.634304,0.458711,-0.000000,0.000000,3.210584,10,2
1780645192.878977,proposed,-0.003505,20.277378,-0.007191,3.210518,1.571964,-0.000000,21.877378,0.000000,45.000000,0.071910,-0.000053,-0.079862,1,12.013229,2.153302,2.117724,2.002664,2.002664,1.519945,0.029009,1.340799,1.340799,0.150137,1.340799,1.875149,1.761500,1.473057,0.029009,0.150137,1.333044,1.333044,1.333044,0.595604,0.429976,1.318999,0.589379,0.426540,-0.000000,0.000000,3.210526,10,2
1780645192.998673,proposed,-0.003865,20.598429,-0.000000,3.210513,1.570117,-0.000000,22.198429,0.000000,45.000000,0.039841,-0.000025,-0.078837,1,15.727548,2.250741,2.211725,2.101951,2.101951,1.430498,0.029009,1.251353,1.251353,0.150136,1.251353,1.702351,1.587223,1.379096,0.029009,0.150136,1.243105,1.243105,1.243105,0.554861,0.401128,1.228943,0.548202,0.396896,-0.000000,0.000000,3.210513,10,2
1780645193.105910,proposed,-0.003666,20.919480,0.003984,3.210510,1.569162,-0.000000,22.519480,0.000000,45.000000,0.017967,-0.000012,-0.077969,1,15.857075,2.389481,2.349626,2.242461,2.242461,1.358333,0.029009,1.179188,1.179188,0.150136,1.179188,1.552151,1.438804,1.294931,0.029009,0.150137,1.169673,1.169673,1.169673,0.521120,0.376427,1.162135,0.517582,0.374498,-0.000000,0.000000,3.210513,10,2
1780645193.182565,proposed,-0.003177,21.240531,0.005780,3.210509,1.568801,-0.000000,22.840531,0.000000,45.000000,0.003995,-0.000005,-0.077208,1,11.995684,2.399422,2.360677,2.255007,2.255007,1.326091,0.029009,1.146945,1.146945,0.150137,1.146945,1.476184,1.365346,1.247347,0.029009,0.150137,1.137058,1.137058,1.137058,0.506238,0.364709,1.129247,0.502732,0.362753,-0.000000,0.000000,3.210514,10,2
1780645193.312875,proposed,-0.002579,21.561582,0.006180,3.210509,1.568806,-0.000000,23.161582,0.000000,45.000000,-0.004157,-0.000003,-0.076520,1,12.373967,2.184808,2.158836,2.053989,2.053989,1.316089,0.029009,1.136944,1.136944,0.150137,1.136944,1.451151,1.340034,1.225092,0.029009,0.150137,1.130523,1.130523,1.130523,0.505204,0.361723,1.124767,0.502970,0.360549,-0.000000,0.000000,3.210515,10,2
1780645193.386272,proposed,-0.001982,21.882633,0.005764,3.210508,1.569014,-0.000000,23.482633,0.000000,45.000000,-0.008245,-0.000001,-0.075876,1,12.139209,2.000904,1.983230,1.877331,1.877331,1.315615,0.029009,1.136470,1.136470,0.150136,1.136470,1.469931,1.356625,1.228175,0.029009,0.150136,1.136470,1.136470,1.136470,0.517350,0.367417,1.133241,0.515617,0.366947,-0.000000,0.000000,3.210513,10,2
1780645193.491820,proposed,-0.001447,22.203684,0.004940,3.210508,1.569313,-0.000000,23.803684,0.000000,45.000000,-0.009660,-0.000001,-0.075259,1,13.250902,1.858218,1.850502,1.741715,1.741715,1.341251,0.029009,1.162106,1.162106,0.150136,1.162106,1.520539,1.415881,1.270759,0.029009,0.150136,1.162106,1.162106,1.162106,0.539243,0.382297,1.159965,0.537449,0.381806,-0.000000,0.000000,3.210512,10,2
1780645193.593540,proposed,-0.001001,22.524735,0.003974,3.210508,1.569631,-0.000000,24.124735,0.000000,45.000000,-0.009448,-0.000000,-0.074657,1,12.351651,1.742606,1.751048,1.637521,1.637521,1.392443,0.029009,1.213298,1.213298,0.150136,1.213298,1.576385,1.468123,1.342071,0.029009,0.150136,1.213298,1.213298,1.213298,0.564971,0.403528,1.211428,0.563136,0.403092,-0.000000,0.000000,3.210511,10,2
1780645193.714646,proposed,-0.000651,22.845785,0.003029,3.210508,1.569928,-0.000000,24.445785,0.000000,45.000000,-0.008357,-0.000000,-0.074064,1,14.544243,1.679802,1.685475,1.571950,1.571950,1.238919,0.029009,1.059774,1.059774,0.150136,1.059774,1.456906,1.349688,1.238919,0.029009,0.150136,1.059774,1.059774,1.059774,0.492473,0.368411,1.056755,0.490206,0.367538,-0.000000,0.000000,3.210510,10,2
1780645193.791291,proposed,-0.000390,23.166836,0.002193,3.210508,1.570182,-0.000000,24.766836,0.000000,45.000000,-0.006890,-0.000001,-0.073460,1,12.847901,1.658068,1.670621,1.551859,1.551859,1.114826,0.029009,0.935681,0.935681,0.150136,0.935681,1.187069,1.081800,1.114826,0.029009,0.150136,0.935681,0.935681,0.935681,0.438289,0.316414,0.929278,0.434328,0.312382,-0.000000,0.000000,3.210509,10,2
1780645193.901546,proposed,-0.000205,23.487887,0.001504,3.210508,1.570386,-0.000000,25.087887,0.000000,45.000000,-0.005366,-0.000003,-0.072843,1,14.855074,1.675304,1.667260,1.552260,1.552260,1.016916,0.029009,0.837771,0.837771,0.150136,0.837771,0.944076,0.839695,0.989658,0.029009,0.150136,0.837771,0.837771,0.837771,0.330674,0.211428,0.812517,0.316737,0.207023,-0.000000,0.000000,3.210508,10,2
1780645193.992815,proposed,-0.000082,23.808938,0.000968,3.210508,1.570541,-0.000000,25.408938,0.000000,45.000000,-0.003966,-0.000004,-0.072228,1,13.195214,1.711817,1.706592,1.592429,1.592429,0.955646,0.029009,0.776501,0.776501,0.150136,0.776501,0.767205,0.659486,0.899076,0.029009,0.150136,0.776501,0.659451,0.659451,0.255380,0.171186,0.623785,0.236513,0.163031,-0.000000,0.000000,3.210508,10,2
1780645194.108357,proposed,-0.000005,24.129989,0.000571,3.210507,1.570653,-0.000000,25.729989,0.000000,45.000000,-0.002779,-0.000004,-0.071622,1,12.627042,1.762786,1.728860,1.616004,1.616004,0.918673,0.029009,0.739528,0.739528,0.150136,0.739528,0.643881,0.530329,0.836424,0.029009,0.150136,0.739528,0.530326,0.530326,0.209711,0.142353,0.490732,0.193085,0.136095,-0.000000,0.000000,3.210507,10,2
1780645194.184043,proposed,0.000039,24.451039,0.000293,3.210507,1.570730,-0.000000,26.051039,0.000000,45.000000,-0.001832,-0.000001,-0.071035,1,12.902350,1.489964,1.453636,1.347068,1.347068,0.915932,0.029009,0.736787,0.736787,0.150136,0.736787,0.609117,0.498931,0.825915,0.029009,0.150136,0.734687,0.498929,0.498929,0.214383,0.129927,0.465883,0.193970,0.122338,-0.000000,0.000000,3.210507,10,2
1780645194.298452,proposed,0.000059,24.772090,0.000110,3.210507,1.570780,-0.000000,26.372090,0.000000,45.000000,-0.001120,0.000004,-0.070458,1,11.502191,1.246938,1.208430,1.103726,1.103726,0.921561,0.029009,0.742416,0.742416,0.150136,0.742416,0.632333,0.517515,0.833002,0.029009,0.150136,0.733128,0.517512,0.517512,0.214280,0.131185,0.492939,0.197097,0.118444,-0.000000,0.000000,3.210507,10,2
1780645194.393406,proposed,0.000064,25.093141,-0.000002,3.210507,1.570809,0.013162,26.682091,0.000000,45.000000,0.116622,-0.098409,-0.069880,1,12.750550,1.049574,1.009227,0.904450,0.904450,0.955927,0.028781,0.776682,0.776682,0.150136,0.777010,0.674496,0.568878,0.888960,0.028781,0.150136,0.766778,0.568873,0.568873,0.226929,0.141405,0.542715,0.209356,0.129492,-0.000000,0.000000,3.210507,10,2
1780645194.506890,proposed,0.000647,25.413699,0.011660,3.200666,1.566149,0.047261,26.987914,0.000000,45.000000,0.372239,-0.193385,-0.068786,1,11.940933,0.909033,0.870899,0.761003,0.761003,1.033215,0.028415,0.759964,0.759964,0.149635,0.855164,0.714661,0.610470,0.986701,0.028415,0.149635,0.847247,0.610467,0.610467,0.250329,0.161913,0.587488,0.235956,0.153346,-0.000000,0.000000,3.200687,10,2
1780645194.604857,proposed,0.003674,25.732799,0.048884,3.181328,1.551695,0.092520,27.308548,0.000000,45.000000,0.602408,-0.101031,-0.066499,1,16.746075,0.822329,0.805650,0.695881,0.695881,1.145199,0.028339,0.695879,0.695879,0.148668,0.968192,0.753301,0.647491,1.112885,0.028339,0.148668,0.962023,0.647490,0.647490,0.281847,0.197224,0.626298,0.272407,0.193516,-0.000000,0.000000,3.181703,10,2
1780645194.708789,proposed,0.011575,26.050427,0.109125,3.171225,1.530738,0.113142,27.652662,0.000000,45.000000,0.465644,0.186686,-0.063221,1,13.061802,0.817419,0.783282,0.670998,0.670998,1.276897,0.028836,0.670998,0.670998,0.148230,1.099831,0.783282,0.670998,1.254707,0.028836,0.149278,1.094423,0.670998,0.670998,0.312661,0.270550,0.654168,0.294602,0.279529,-0.000000,0.000000,3.173102,10,2
1780645194.802699,proposed,0.024815,26.368482,0.155689,3.189893,1.518950,0.086406,27.993409,0.000000,45.000000,-0.107434,0.327592,-0.060713,1,12.940821,0.849344,0.812115,0.700316,0.700316,1.404794,0.029427,0.700316,0.700316,0.149278,1.226089,0.812115,0.700316,1.372926,0.029427,0.150923,1.218899,0.700316,0.700316,0.381229,0.366882,0.676779,0.379145,0.368078,-0.000000,0.000000,3.193690,10,2
1780645194.913103,proposed,0.039847,26.689110,0.144946,3.222652,1.526219,0.034996,28.308121,0.000000,45.000000,-0.694702,0.140095,-0.060488,1,12.482294,0.950415,0.911117,0.803300,0.803300,1.496239,0.029526,0.803300,0.803300,0.150923,1.315790,0.911117,0.803300,1.469889,0.029526,0.151518,1.310114,0.803300,0.803300,0.491408,0.440661,0.785997,0.491831,0.440792,-0.000000,0.000000,3.225910,10,2
1780645194.984913,proposed,0.050868,27.012075,0.075476,3.236662,1.551465,0.007334,28.618384,0.000000,45.000000,-0.775107,-0.049356,-0.062795,1,12.203761,1.109050,1.068973,0.964358,0.964358,1.612857,0.029362,0.964358,0.964358,0.151518,1.431977,1.068973,0.964358,1.591051,0.029362,0.151518,1.428386,0.964358,0.964358,0.616538,0.471113,0.952544,0.612632,0.468702,-0.000000,0.000000,3.237542,10,2
1780645195.106516,proposed,0.054540,27.335495,-0.002035,3.231726,1.577357,-0.000000,28.935495,0.000000,45.000000,-0.535131,-0.097904,-0.065786,1,11.849737,1.313229,1.274706,1.169981,1.169981,1.746714,0.029192,1.169981,1.169981,0.151221,1.566301,1.274706,1.169981,1.713353,0.029192,0.151221,1.560920,1.169981,1.169981,0.731316,0.490428,1.159512,0.727013,0.491695,-0.000000,0.000000,3.231727,10,2
1780645195.188731,proposed,0.051661,27.658178,-0.055548,3.221936,1.592971,-0.000000,29.258178,0.000000,45.000000,-0.253872,-0.058101,-0.067812,1,12.055592,1.548239,1.511124,1.405071,1.405071,1.870036,0.029118,1.405069,1.405069,0.150744,1.690173,1.511124,1.405071,1.839733,0.029118,0.150744,1.684444,1.405069,1.405069,0.784292,0.535876,1.389154,0.775452,0.538186,-0.000000,0.000000,3.222415,10,2
1780645195.310664,proposed,0.044837,27.980081,-0.080935,3.216126,1.598663,-0.000000,29.580081,0.000000,45.000000,-0.059215,-0.029313,-0.068492,1,14.123601,1.803595,1.768942,1.660842,1.660842,1.954144,0.029073,1.660313,1.660313,0.150475,1.774596,1.768942,1.660842,1.942558,0.029073,0.150475,1.774596,1.660313,1.660313,0.831724,0.569268,1.625885,0.823703,0.559761,-0.000000,0.000000,3.217144,10,2
1780645195.389790,proposed,0.036447,28.301547,-0.086857,3.213195,1.598762,-0.000000,29.901547,0.000000,45.000000,0.056463,-0.014138,-0.068193,1,11.694484,2.042630,2.004247,1.882451,1.882451,0.947698,0.029047,0.768317,0.768317,0.150333,0.768317,0.745936,0.637461,0.888153,0.029047,0.150333,0.768317,0.637438,0.637438,0.243579,0.162782,0.620051,0.235071,0.162488,-0.000000,0.000000,3.214368,10,2
1780645195.502233,proposed,0.028044,28.622796,-0.081211,3.211781,1.595898,-0.000000,30.222796,0.000000,45.000000,0.114966,-0.006721,-0.067372,1,11.607218,1.770426,1.750695,1.641034,1.641034,0.924914,0.029032,0.745629,0.745629,0.150254,0.745629,0.636715,0.523602,0.837650,0.029032,0.150254,0.745629,0.523600,0.523600,0.211473,0.138245,0.505385,0.202161,0.137891,-0.000000,0.000000,3.212807,10,2
1780645195.593010,proposed,0.020498,28.943940,-0.069714,3.211109,1.591720,-0.000000,30.543940,0.000000,45.000000,0.135562,-0.003178,-0.066293,1,11.930091,1.497076,1.478593,1.371554,1.371554,0.920650,0.029022,0.741422,0.741422,0.150205,0.741422,0.627071,0.514851,0.831618,0.029022,0.150205,0.739542,0.514849,0.514849,0.209032,0.125164,0.485645,0.200979,0.124323,-0.000000,0.000000,3.211865,10,2
1780645195.710013,proposed,0.014204,29.265035,-0.056158,3.210791,1.587250,-0.000000,30.865035,0.000000,45.000000,0.133002,-0.001498,-0.065120,1,13.718159,1.236738,1.220635,1.115677,1.115677,0.925026,0.029016,0.745834,0.745834,0.150176,0.745834,0.643923,0.536010,0.843607,0.029016,0.150176,0.737338,0.536003,0.536003,0.204164,0.121318,0.506149,0.199095,0.119811,-0.000000,0.000000,3.211282,10,2
1780645195.784517,proposed,0.009253,29.586107,-0.042857,3.210641,1.583079,0.008818,31.178927,0.000000,45.000000,0.196417,-0.064658,-0.063960,1,12.304839,1.029010,1.011940,0.907357,0.907357,0.952073,0.028863,0.772793,0.772793,0.150158,0.773052,0.679783,0.573340,0.869612,0.028863,0.150158,0.763780,0.573326,0.573326,0.216280,0.132219,0.547896,0.211913,0.130248,-0.000000,0.000000,3.210927,10,2
1780645195.900276,proposed,0.005950,29.906848,-0.023216,3.204175,1.576339,0.037009,31.486201,0.000000,45.000000,0.394520,-0.160654,-0.062537,1,11.891474,0.872917,0.862354,0.753364,0.753364,0.997072,0.028540,0.750601,0.750601,0.149817,0.818714,0.720286,0.615583,0.914705,0.028540,0.149817,0.808766,0.615563,0.615563,0.238981,0.152735,0.593280,0.235625,0.151735,-0.000000,0.000000,3.204259,10,2
1780645195.994187,proposed,0.005601,30.226462,0.016236,3.188110,1.561828,0.086476,31.797196,0.000000,45.000000,0.678027,-0.173341,-0.060210,1,12.451031,0.830379,0.795578,0.685851,0.685851,1.056649,0.028277,0.685818,0.685818,0.148996,0.879376,0.759392,0.654814,0.994135,0.028277,0.148996,0.869019,0.654798,0.654798,0.277598,0.211660,0.632941,0.274355,0.196307,-0.000000,0.000000,3.188151,10,2
1780645196.110241,proposed,0.010614,30.544406,0.084039,3.170776,1.537395,0.132354,32.126952,0.000000,45.000000,0.762374,0.007860,-0.056583,1,13.006874,0.823552,0.785421,0.673827,0.673827,1.150743,0.028448,0.673826,0.673826,0.148168,0.974126,0.785421,0.673827,1.107530,0.028448,0.148358,0.964832,0.673826,0.673826,0.309359,0.253354,0.662231,0.296336,0.239367,-0.000000,0.000000,3.171889,10,2
1780645196.184408,proposed,0.022830,30.861523,0.160276,3.171562,1.513945,0.135745,32.471063,0.000000,45.000000,0.351700,0.258453,-0.052764,1,11.633528,0.848136,0.811602,0.698349,0.698349,1.259195,0.029023,0.698349,0.698349,0.148358,1.081814,0.811602,0.698349,1.228945,0.029023,0.149772,1.073664,0.698349,0.698349,0.369401,0.275324,0.685331,0.346437,0.268783,-0.000000,0.000000,3.175609,10,2
1780645196.304632,proposed,0.040616,31.179972,0.195446,3.197407,1.507667,0.097215,32.805884,0.000000,45.000000,-0.336956,0.308424,-0.050790,1,12.728201,0.936021,0.899437,0.785986,0.785986,1.374176,0.029518,0.785986,0.785986,0.149772,1.194886,0.899437,0.785986,1.353704,0.029518,0.151250,1.189101,0.785986,0.785986,0.404828,0.346171,0.753912,0.392175,0.340464,-0.000000,0.000000,3.203375,10,2
1780645196.403202,proposed,0.058476,31.501255,0.161751,3.228250,1.522184,0.044137,33.120988,0.000000,45.000000,-0.871098,0.120245,-0.051552,1,13.712147,1.033137,0.996594,0.884407,0.884407,1.489319,0.029592,0.884407,0.884407,0.151250,1.308477,0.996594,0.884407,1.473133,0.029592,0.151702,1.305259,0.884407,0.884407,0.486325,0.439501,0.851181,0.476915,0.426452,-0.000000,0.000000,3.232299,10,2
1780645196.503881,proposed,0.070296,31.824681,0.074641,3.240274,1.552839,0.005665,33.428021,0.000000,45.000000,-0.972599,-0.093323,-0.054751,1,11.977573,1.187048,1.147823,1.039479,1.039479,1.611877,0.029343,1.039479,1.039479,0.151702,1.430832,1.147823,1.039479,1.597896,0.029343,0.151702,1.429386,1.039479,1.039479,0.586907,0.474288,1.015344,0.589923,0.473874,-0.000000,0.000000,3.241134,10,2
1780645196.589250,proposed,0.072897,32.148241,-0.022619,3.230942,1.585674,-0.000000,33.748241,0.000000,45.000000,-0.622136,-0.097731,-0.058774,1,11.902833,1.344010,1.303701,1.198255,1.198255,1.754727,0.029202,1.198255,1.198255,0.151184,1.574341,1.303701,1.198255,1.741721,0.029202,0.151184,1.573110,1.198255,1.198255,0.698791,0.525819,1.188018,0.699089,0.526248,-0.000000,0.000000,3.231021,10,2
1780645196.714041,proposed,0.067524,32.470847,-0.084833,3.221169,1.603037,-0.000000,34.070847,0.000000,45.000000,-0.271727,-0.054682,-0.061294,1,14.065705,1.527423,1.487973,1.383397,1.383397,1.901066,0.029129,1.383397,1.383397,0.150738,1.721199,1.487973,1.383397,1.889375,0.029129,0.150738,1.720144,1.383397,1.383397,0.810322,0.550272,1.380627,0.807295,0.550110,-0.000000,0.000000,3.222286,10,2
1780645196.784350,proposed,0.057682,32.792690,-0.112005,3.215700,1.608629,-0.000000,34.392690,0.000000,45.000000,-0.037058,-0.027167,-0.062123,1,12.107964,1.741203,1.702900,1.597858,1.597858,2.042890,0.029086,1.597855,1.597855,0.150501,1.863303,1.702900,1.597858,2.017114,0.029086,0.150501,1.863303,1.597855,1.597855,0.876561,0.609429,1.578211,0.869073,0.606989,-0.000000,0.000000,3.217650,10,2
1780645196.904384,proposed,0.046297,33.114125,-0.115711,3.212984,1.607651,-0.000000,34.714125,0.000000,45.000000,0.098478,-0.013036,-0.061822,1,15.158310,1.984445,1.947637,1.841272,1.841272,1.985835,0.029058,1.799019,1.799019,0.150369,1.806408,1.947637,1.841272,1.931923,0.029058,0.150369,1.806408,1.799019,1.799019,0.837589,0.590140,1.787753,0.832286,0.587146,-0.000000,0.000000,3.215067,10,2
1780645196.992774,proposed,0.035218,33.435358,-0.105863,3.211680,1.603274,-0.000000,35.035358,0.000000,45.000000,0.163650,-0.006185,-0.060874,1,13.055603,2.234888,2.200138,2.092046,2.092046,1.930460,0.029039,1.751135,1.751135,0.150285,1.751135,2.200138,2.092046,1.865875,0.029039,0.150285,1.751135,1.751135,1.751135,0.807807,0.570186,1.743905,0.803253,0.567569,-0.000000,0.000000,3.213424,10,2
1780645197.106066,proposed,0.025450,33.756495,-0.089498,3.211062,1.597498,-0.000000,35.356495,0.000000,45.000000,0.182919,-0.002924,-0.059619,1,13.502181,2.485545,2.463549,2.353602,2.353602,1.898700,0.029027,1.719445,1.719445,0.150228,1.719445,2.463549,2.353602,1.822433,0.029027,0.150228,1.719445,1.719445,1.719445,0.789953,0.557568,1.713030,0.785405,0.555331,-0.000000,0.000000,3.212309,10,2
1780645197.190589,proposed,0.017415,34.077587,-0.071206,3.210769,1.591547,-0.000000,35.677587,0.000000,45.000000,0.174744,-0.001380,-0.058276,1,13.015179,2.761222,2.744401,2.632533,2.632533,1.873392,0.029019,1.694183,1.694183,0.150190,1.694183,2.466042,2.354571,1.788700,0.029019,0.150190,1.694183,1.694183,1.694183,0.771827,0.543267,1.689257,0.767863,0.541117,-0.000000,0.000000,3.211559,10,2
1780645197.304278,proposed,0.011168,34.398657,-0.053732,3.210631,1.586113,-0.000000,35.998657,0.000000,45.000000,0.152202,-0.000651,-0.056977,1,16.564311,3.002160,3.026078,2.902983,2.902983,1.871811,0.029014,1.692631,1.692631,0.150165,1.692631,2.453136,2.342278,1.782431,0.029014,0.150165,1.692631,1.692631,1.692631,0.762535,0.537514,1.685795,0.758666,0.535664,-0.000000,0.000000,3.211081,10,2
1780645197.390282,proposed,0.006556,34.719716,-0.038512,3.210566,1.581524,-0.000000,36.319716,0.000000,45.000000,0.124023,-0.000307,-0.055789,1,13.259422,2.955022,2.915731,2.806865,2.806865,1.875919,0.029011,1.696757,1.696757,0.150151,1.696757,2.465660,2.354248,1.786424,0.029011,0.150151,1.690953,1.690953,1.690953,0.757737,0.536446,1.682995,0.753826,0.534599,-0.000000,0.000000,3.210797,10,2
1780645197.510437,proposed,0.003324,35.040772,-0.026109,3.210535,1.577876,-0.000000,36.640772,0.000000,45.000000,0.095627,-0.000145,-0.054738,1,14.860018,2.836694,2.798178,2.687371,2.687371,1.881287,0.029010,1.702134,1.702134,0.150143,1.702134,2.478771,2.365052,1.795796,0.029010,0.150143,1.692247,1.692247,1.692247,0.756073,0.537293,1.686166,0.753142,0.536059,-0.000000,0.000000,3.210642,10,2
1780645197.583381,proposed,0.001192,35.361824,-0.016547,3.210521,1.575124,-0.000000,36.961824,0.000000,45.000000,0.070037,-0.000068,-0.053827,1,12.703369,2.754653,2.718967,2.603732,2.603732,1.906668,0.029009,1.727519,1.727519,0.150139,1.727519,2.510163,2.403350,1.827783,0.029009,0.150139,1.715792,1.715792,1.715792,0.765657,0.545456,1.710396,0.763112,0.544437,-0.000000,0.000000,3.210564,10,2
1780645197.701592,proposed,-0.000113,35.682876,-0.009543,3.210514,1.573153,-0.000000,37.282876,0.000000,45.000000,0.048640,-0.000032,-0.053041,1,12.986546,2.712280,2.672782,2.558478,2.558478,1.952549,0.029009,1.773403,1.773403,0.150137,1.773403,2.556511,2.451666,1.882809,0.029009,0.150137,1.761389,1.761389,1.761389,0.786017,0.560783,1.756706,0.783821,0.559993,-0.000000,0.000000,3.210528,10,2
1780645197.791357,proposed,-0.000824,36.003927,-0.004679,3.210511,1.571818,-0.000000,37.603927,0.000000,45.000000,0.031771,-0.000015,-0.052364,1,14.122782,2.696877,2.657534,2.539131,2.539131,1.943553,0.029009,1.764407,1.764407,0.150137,1.764407,2.597604,2.491534,1.908179,0.029009,0.150137,1.756592,1.756592,1.756592,0.786168,0.564502,1.754455,0.785093,0.564423,-0.000000,0.000000,3.210514,10,2
1780645197.913608,proposed,-0.001133,36.324978,-0.001502,3.210509,1.570973,-0.000000,37.924978,0.000000,45.000000,0.019150,-0.000007,-0.051768,1,14.845106,2.710688,2.672094,2.551805,2.551805,1.840872,0.029009,1.661727,1.661727,0.150136,1.661727,2.512294,2.406735,1.800297,0.029009,0.150136,1.652799,1.652799,1.652799,0.738849,0.530807,1.650800,0.737850,0.530807,-0.000000,0.000000,3.210510,10,2
1780645198.001468,proposed,-0.001187,36.646029,0.000413,3.210509,1.570486,-0.000000,38.246029,0.000000,45.000000,0.010184,-0.000003,-0.051236,1,18.161608,2.736579,2.696872,2.582437,2.582437,1.713555,0.029009,1.534410,1.534410,0.150136,1.534410,2.279351,2.174586,1.682383,0.029009,0.150136,1.527303,1.527303,1.527303,0.683377,0.493090,1.522921,0.681137,0.491975,-0.000000,0.000000,3.210509,10,2
1780645198.116388,proposed,-0.001095,36.967080,0.001432,3.210508,1.570249,-0.000000,38.567080,0.000000,45.000000,0.004167,-0.000002,-0.050748,1,14.187069,2.773597,2.737942,2.622201,2.622201,1.607482,0.029009,1.428337,1.428337,0.150136,1.428337,2.067379,1.962336,1.570226,0.029009,0.150136,1.419828,1.419828,1.419828,0.634243,0.457925,1.416960,0.632800,0.457529,-0.000000,0.000000,3.210509,10,2
1780645198.190989,proposed,-0.000931,37.288131,0.001848,3.210508,1.570173,-0.000000,38.888131,0.000000,45.000000,0.000403,-0.000001,-0.050293,1,13.274025,2.860649,2.822676,2.711307,2.711307,1.505981,0.029009,1.326836,1.326836,0.150136,1.326836,1.872581,1.765343,1.464091,0.029009,0.150136,1.318698,1.318698,1.318698,0.588939,0.425300,1.303493,0.581538,0.421378,-0.000000,0.000000,3.210509,10,2
1780645198.296602,proposed,-0.000744,37.609182,0.001889,3.210508,1.570196,-0.000000,39.209182,0.000000,45.000000,-0.001723,-0.000000,-0.049861,1,14.830360,2.843458,2.804188,2.696475,2.696475,1.377970,0.029009,1.198825,1.198825,0.150136,1.198825,1.633723,1.529102,1.346019,0.029009,0.150136,1.191360,1.191360,1.191360,0.532007,0.387065,1.182480,0.527539,0.384113,-0.000000,0.000000,3.210509,10,2
1780645198.390426,proposed,-0.000564,37.930233,0.001716,3.210508,1.570270,-0.000000,39.530233,0.000000,45.000000,-0.002724,-0.000000,-0.049448,1,12.981066,2.604640,2.566520,2.461138,2.461138,1.213973,0.029009,1.034828,1.034828,0.150136,1.034828,1.396630,1.281578,1.202130,0.029009,0.150136,1.033249,1.033249,1.033249,0.464093,0.342363,1.028166,0.461420,0.340819,-0.000000,0.000000,3.210509,10,2
1780645198.510851,proposed,-0.000406,38.251283,0.001444,3.210508,1.570366,-0.000000,39.851283,0.000000,45.000000,-0.002999,-0.000003,-0.049056,1,13.558666,2.391785,2.352847,2.248029,2.248029,1.068766,0.029009,0.889621,0.889621,0.150136,0.889621,1.093000,0.980638,1.054089,0.029009,0.150136,0.886982,0.886982,0.886982,0.397690,0.279870,0.883781,0.396083,0.278449,-0.000000,0.000000,3.210508,10,2
1780645198.587209,proposed,-0.000277,38.572334,0.001144,3.210508,1.570463,-0.000000,40.172334,0.000000,45.000000,-0.002843,-0.000007,-0.048676,1,12.533168,2.190133,2.150186,2.044047,2.044047,0.928794,0.029009,0.749649,0.749649,0.150136,0.749649,0.800959,0.692319,0.911528,0.029009,0.150136,0.746088,0.692303,0.692303,0.279308,0.189757,0.666736,0.267005,0.186851,-0.000000,0.000000,3.210508,10,2
1780645198.709610,proposed,-0.000176,38.893385,0.000860,3.210507,1.570551,-0.000000,40.493385,0.000000,45.000000,-0.002468,-0.000011,-0.048312,1,15.923852,1.970069,1.931857,1.826181,1.826181,0.801748,0.029009,0.622603,0.622603,0.150136,0.622603,0.533702,0.429164,0.776825,0.029009,0.150136,0.616138,0.429163,0.429163,0.164167,0.110915,0.401360,0.150529,0.107120,-0.000000,0.000000,3.210507,10,2
1780645198.787274,proposed,-0.000103,39.214436,0.000613,3.210506,1.570625,-0.000000,40.814436,0.000000,45.000000,-0.002024,-0.000019,-0.047979,1,11.905535,1.680272,1.651298,1.535277,1.535277,0.708852,0.029009,0.529707,0.529707,0.150136,0.529707,0.315209,0.208917,0.652873,0.029009,0.150136,0.517250,0.208917,0.208917,0.074216,0.042233,0.177275,0.057772,0.038251,-0.000000,0.000000,3.210506,10,2
1780645198.903906,proposed,-0.000052,39.535486,0.000410,3.210504,1.570684,-0.000000,41.135486,0.000000,45.000000,-0.114632,-0.050804,-0.026233,1,13.301093,1.398261,1.367601,1.254526,1.254526,0.678033,0.029009,0.498888,0.498888,0.150136,0.498888,0.225327,0.112126,0.620000,0.029009,0.150136,0.486537,0.112126,0.112126,0.038210,0.009092,0.081468,0.025200,0.000004,-0.000000,0.000001,3.210504,10,2
1780645199.006122,proposed,-0.000584,39.856282,-0.011053,3.205424,1.570789,-0.002401,41.451691,0.000000,45.000000,-0.773126,-0.173117,0.442212,1,20.357753,1.100449,1.067270,0.957897,0.957897,0.685320,0.028874,0.506567,0.506567,0.149878,0.506567,0.278539,0.169630,0.620000,0.028874,0.149878,0.506567,0.169630,0.169630,0.056411,0.009935,0.148701,0.042409,0.000000,-0.000000,0.000001,3.205443,10,2
1780645199.098443,proposed,-0.005555,40.175959,-0.088365,3.188112,1.572801,-0.033427,41.730994,0.000000,45.000000,-0.630040,-0.469961,0.483806,1,14.076844,0.842528,0.805569,0.699801,0.699801,0.744594,0.027929,0.567330,0.567330,0.149056,0.567608,0.336598,0.232899,0.724037,0.027929,0.149056,0.567608,0.232899,0.232899,0.054927,0.009675,0.213805,0.041370,0.000001,-0.000000,0.000001,3.189336,10,2
1780645199.195112,proposed,-0.017541,40.492421,-0.151369,3.141116,1.584605,-0.118141,41.986314,0.000000,45.000000,-0.271622,-0.672437,0.078325,1,14.156263,0.642626,0.602417,0.498220,0.498220,0.859409,0.026439,0.498181,0.498181,0.146790,0.686179,0.398845,0.292166,0.856239,0.026439,0.146790,0.686179,0.292166,0.292166,0.074606,0.078051,0.270106,0.060183,0.073875,-0.000000,0.000000,3.144761,10,2
1780645199.307238,proposed,-0.034036,40.803170,-0.178532,3.073872,1.616055,-0.287516,42.262490,0.000000,45.000000,-1.485741,-0.697144,-0.027024,1,15.087788,0.531742,0.496008,0.383442,0.383442,1.023221,0.025637,0.383442,0.383442,0.143468,0.854116,0.456804,0.344089,1.023221,0.025637,0.143468,0.854116,0.344089,0.344089,0.133196,0.168769,0.323333,0.121858,0.172399,-0.000000,0.000000,3.079052,10,2
1780645199.406382,proposed,-0.059318,41.107071,-0.327106,3.004158,1.694003,-0.397630,42.663589,0.000000,45.000000,-1.629076,0.551391,0.196159,1,23.998932,0.532987,0.498390,0.376910,0.376910,0.658276,0.027450,0.376374,0.376374,0.140597,0.490228,0.203138,0.091710,0.620000,0.027450,0.144439,0.490228,0.091710,0.091710,0.008000,0.000026,0.075711,0.000001,0.000026,-0.000000,0.000001,3.021914,10,2
1780645199.522435,proposed,-0.100174,41.410244,-0.490013,3.059297,1.731302,-0.299125,43.087948,0.000000,45.000000,0.456590,1.057762,0.889523,1,18.289584,0.543072,0.506235,0.394764,0.394764,0.652498,0.030072,0.393253,0.393253,0.144439,0.477988,0.178472,0.063898,0.620000,0.030072,0.151373,0.477988,0.063898,0.063898,0.001846,-0.005670,0.047002,0.000000,0.001909,-0.000000,0.000001,3.098291,10,2
1780645199.594870,proposed,-0.146893,41.721463,-0.444354,3.165073,1.714044,-0.125202,43.389235,0.000000,45.000000,2.200164,0.884995,0.158366,1,14.837704,0.639516,0.599480,0.494199,0.494199,0.774072,0.030341,0.493352,0.493352,0.149402,0.594329,0.293655,0.180683,0.680727,0.030341,0.152736,0.581095,0.180683,0.180683,0.044405,0.023239,0.167591,0.044679,0.023602,-0.000000,0.000001,3.196113,10,2
1780645199.707982,proposed,-0.180327,42.042395,-0.224338,3.253573,1.644943,-0.000152,43.630940,0.000000,45.000000,2.766418,-0.226541,-0.017990,1,13.448511,0.728192,0.689908,0.584445,0.584445,0.858565,0.029377,0.583326,0.583326,0.152736,0.676453,0.351023,0.247573,0.795551,0.029377,0.152736,0.667198,0.247573,0.247573,0.088869,0.052373,0.236648,0.075632,0.042930,-0.000000,0.000000,3.261298,10,2
1780645199.807043,proposed,-0.188929,42.366619,0.052304,3.230918,1.538120,0.125242,43.867294,0.000000,45.000000,2.774548,-0.992346,-0.050360,1,13.032125,0.559733,0.520773,0.412479,0.412479,0.956799,0.027810,0.412479,0.412479,0.151201,0.777788,0.395109,0.291528,0.915663,0.027810,0.151201,0.773819,0.291528,0.291528,0.107921,0.070683,0.281549,0.096953,0.063216,-0.000000,0.000000,3.231342,10,2
1780645199.915385,proposed,-0.169826,42.684750,0.329759,3.131684,1.425220,0.296371,44.175742,0.000000,45.000000,2.897615,-0.695774,-0.045877,1,12.247783,0.492197,0.453775,0.339014,0.339014,0.860654,0.027762,0.339014,0.339014,0.147005,0.685887,0.420898,0.313571,0.833699,0.027762,0.147005,0.681178,0.313571,0.313571,0.127113,0.119923,0.292136,0.115541,0.130068,-0.000000,0.000000,3.148997,10,2
1780645200.014895,proposed,-0.122362,42.994439,0.619520,3.062106,1.338319,0.297574,44.611494,0.000000,45.000000,1.208577,0.758259,-0.034971,1,17.038420,0.486429,0.451282,0.336807,0.336807,0.882922,0.029855,0.336807,0.336807,0.145746,0.707321,0.451282,0.336807,0.813195,0.029855,0.150830,0.690262,0.336807,0.336807,0.199299,0.148240,0.322847,0.193501,0.146476,-0.000000,0.000001,3.124148,10,2
1780645200.109990,proposed,-0.054367,43.304441,0.740378,3.137932,1.336920,0.145123,44.964758,0.000000,45.000000,-1.418641,0.916512,-0.031842,1,12.595343,0.595468,0.555030,0.446205,0.446205,0.984979,0.030651,0.446205,0.446205,0.150830,0.803498,0.555030,0.446205,0.894385,0.030651,0.153931,0.793409,0.446205,0.446205,0.292474,0.197042,0.421868,0.282045,0.191663,-0.000000,0.000000,3.224093,10,2
1780645200.195679,proposed,0.012578,43.622817,0.598514,3.229583,1.389340,0.051339,45.036676,0.000000,45.000000,-2.418367,-1.673613,-0.036583,1,14.328095,0.775969,0.735916,0.631624,0.631624,1.039257,0.025949,0.631614,0.631614,0.153931,0.859376,0.735916,0.631624,0.946789,0.025949,0.153931,0.859376,0.631614,0.631614,0.326396,0.201258,0.616478,0.319322,0.205440,-0.000000,0.000000,3.284574,10,2
1780645200.291267,proposed,0.060337,43.937407,0.356677,3.062222,1.516234,0.008994,45.009325,0.000000,45.000000,-2.222720,-4.171454,-0.051345,1,12.724332,1.000483,0.961256,0.856213,0.856213,0.940052,0.018891,0.775736,0.775736,0.143663,0.777498,0.698816,0.592623,0.846131,0.018891,0.143663,0.777498,0.592615,0.592615,0.244390,0.140098,0.582367,0.242273,0.140086,-0.000000,0.000000,3.082924,10,2
1780645200.393252,proposed,0.084891,44.222772,0.134405,2.645077,1.664316,-0.040041,44.978006,0.000000,45.000000,-1.876795,-5.328601,-0.070827,1,12.513958,0.959816,0.923010,0.811317,0.811317,0.952499,0.012226,0.794677,0.794677,0.122233,0.818039,0.753420,0.648531,0.866871,0.012226,0.122233,0.818039,0.648520,0.648520,0.271378,0.194345,0.617955,0.255037,0.185505,-0.000000,0.000000,2.648489,10,2
1780645200.512853,proposed,0.088948,44.460637,-0.053274,2.112217,1.828147,-0.080968,44.974250,0.000000,45.000000,-1.418314,-5.202526,-0.093081,1,13.708262,0.891663,0.861299,0.740630,0.740630,0.959891,0.007260,0.740122,0.740122,0.097112,0.855519,0.817419,0.709284,0.892369,0.007260,0.097112,0.855519,0.709195,0.709195,0.306264,0.221405,0.675578,0.291306,0.215742,-0.000000,0.000000,2.112888,10,2
1780645200.591076,proposed,0.076529,44.645846,-0.195106,1.591964,1.987000,-0.059236,44.991419,0.000000,45.000000,-0.450017,-4.380403,-0.115346,1,12.312007,0.854530,0.815787,0.704796,0.704796,0.940181,0.003983,0.704678,0.704678,0.074567,0.861631,0.815787,0.704796,0.901989,0.003983,0.074567,0.861631,0.704678,0.704678,0.318431,0.221047,0.704166,0.310159,0.220865,-0.000000,0.000000,1.603875,10,2
1780645200.709599,proposed,0.054768,44.783140,-0.240107,1.153924,2.044573,-0.058005,44.994708,0.000000,45.000000,0.027455,-3.567643,-0.126442,1,12.963507,0.847615,0.811622,0.698956,0.698956,0.935341,0.002041,0.698899,0.698899,0.056725,0.876575,0.811622,0.698956,0.896867,0.002041,0.056725,0.876575,0.698899,0.698899,0.311508,0.215792,0.698298,0.303314,0.215671,-0.000000,0.000000,1.178640,10,2
1780645200.798853,proposed,0.030895,44.880694,-0.237362,0.797160,2.105735,-0.051108,45.000694,0.000000,45.000000,0.325294,-2.738382,-0.135066,1,12.859028,0.834549,0.795015,0.688133,0.688133,0.923976,0.000967,0.688099,0.688099,0.042841,0.880168,0.795015,0.688133,0.896724,0.000967,0.042841,0.880168,0.688099,0.688099,0.307103,0.211929,0.687685,0.298951,0.211827,-0.000000,0.000000,0.831748,10,2
1780645200.907870,proposed,0.008785,44.946718,-0.204833,0.523321,2.171875,-0.044110,45.002774,0.000000,45.000000,0.462595,-2.029927,-0.143559,1,16.913184,0.845332,0.804927,0.700022,0.700022,0.917135,0.000418,0.699977,0.699977,0.032459,0.884259,0.804927,0.700022,0.895763,0.000418,0.032459,0.881620,0.699977,0.699977,0.303640,0.209057,0.695340,0.295464,0.208935,-0.000000,0.000000,0.561980,10,2
1780645201.001673,proposed,-0.009385,44.988901,-0.158573,0.320329,2.275156,-0.014974,45.001059,0.000000,45.000000,0.688954,-1.466497,-0.156012,1,12.905106,0.969358,0.989741,0.885066,0.885066,0.990330,0.000154,0.883396,0.883396,0.024829,0.965346,0.989741,0.885066,0.989171,0.000154,0.024829,0.965346,0.883396,0.883396,0.379007,0.260604,0.861802,0.368135,0.258912,-0.000000,0.000000,0.357430,10,2
1780645201.099317,proposed,-0.021798,45.013601,-0.089678,0.173679,2.127830,-0.013482,45.001278,0.000000,45.000000,0.524021,-0.991160,-0.142083,1,12.385970,1.001626,1.018054,0.913621,0.913621,0.996947,0.000047,0.910763,0.910763,0.018937,0.977963,0.965207,0.860074,0.975609,0.000047,0.018937,0.961522,0.859266,0.859266,0.368647,0.254289,0.836516,0.358393,0.252888,-0.000000,0.000000,0.195465,10,2
1780645201.197060,proposed,-0.028145,45.026013,-0.037276,0.074563,1.774365,-0.012476,45.001116,0.000000,45.000000,0.344495,-0.627382,-0.099205,1,12.132124,1.068504,1.095528,0.983089,0.983089,1.028937,0.000014,0.974746,0.974746,0.014935,1.013988,0.951478,0.835461,0.962523,0.000014,0.014935,0.948805,0.834925,0.834925,0.364238,0.253303,0.812448,0.353986,0.251830,-0.000000,0.000000,0.083361,10,2
1780645201.329843,proposed,-0.030151,45.030333,-0.002826,0.011825,1.421803,-0.030294,45.006107,0.000000,45.000000,0.037205,-0.315518,-0.049463,1,27.686541,1.015580,0.976358,0.864279,0.864279,0.975883,0.000004,0.863405,0.863405,0.012426,0.963453,0.793073,0.682876,0.885165,0.000004,0.013410,0.872212,0.682838,0.682838,0.302175,0.210485,0.665930,0.293962,0.210226,-0.000000,0.000000,0.012158,10,2
1780645201.402254,proposed,-0.030247,45.029938,0.000894,-0.019727,1.071307,-0.011808,45.001124,0.000000,45.000000,0.163064,-0.192842,0.001443,1,12.530262,1.073398,1.118651,1.004417,1.004417,1.039510,0.000008,0.993669,0.993669,0.012692,1.026810,0.954393,0.842012,0.964087,0.000009,0.013935,0.950874,0.841386,0.841386,0.374116,0.260957,0.821179,0.365517,0.259039,-0.000000,0.000000,0.019747,10,2
1780645201.504382,proposed,-0.029342,45.027001,0.017201,-0.039011,0.721294,-0.011841,45.001018,0.000000,45.000000,0.091803,-0.072787,0.052266,1,11.454025,1.023033,1.061486,0.956576,0.956576,1.015205,0.000009,0.951222,0.951222,0.013497,1.001699,0.969091,0.857876,0.970790,0.000009,0.013908,0.957545,0.857016,0.857016,0.380951,0.266177,0.838139,0.373218,0.263421,-0.000000,0.000000,0.042635,10,2
1780645201.597814,proposed,-0.027163,45.022736,0.026381,-0.046290,0.371356,-0.012209,45.000999,0.000000,45.000000,0.023002,0.006386,0.102735,1,12.239911,0.978773,1.017545,0.910133,0.910133,0.992342,0.000008,0.907632,0.907632,0.013872,0.978462,0.975366,0.864852,0.973168,0.000008,0.013894,0.959715,0.863838,0.863838,0.383874,0.267850,0.848227,0.378147,0.265386,-0.000000,0.000000,0.053280,10,2
1780645201.715397,proposed,-0.024410,45.018139,0.028681,-0.045651,0.021355,-0.012435,45.000994,0.000000,45.000000,-0.018926,0.050420,0.152806,1,14.433784,0.944515,0.996008,0.883357,0.883357,0.979841,0.000006,0.881812,0.881812,0.013894,0.965941,0.983751,0.871353,0.976221,0.000006,0.013894,0.962508,0.870219,0.870219,0.387249,0.274310,0.858368,0.382956,0.272328,-0.000000,0.000000,0.053913,10,2
1780645201.792632,proposed,-0.021637,45.013826,0.026789,-0.040609,-0.328630,-0.013813,45.001109,0.000000,45.000000,-0.050657,0.070793,0.202465,1,11.952522,0.945541,0.976759,0.865013,0.865013,0.972360,0.000004,0.863955,0.863955,0.013709,0.958647,0.976759,0.865013,0.972360,0.000004,0.013709,0.958647,0.863955,0.863955,0.391895,0.282991,0.857306,0.388657,0.281612,-0.000000,0.000000,0.048649,10,2
1780645201.902207,proposed,-0.019211,45.010119,0.021723,-0.033530,-0.678610,-0.013904,45.001077,0.000000,45.000000,-0.052972,0.073633,0.251701,1,11.635235,0.973840,0.995768,0.887222,0.887222,0.985073,0.000003,0.885772,0.885772,0.013402,0.971668,0.995768,0.887222,0.985073,0.000003,0.013402,0.971668,0.885772,0.885772,0.401015,0.275399,0.879547,0.386323,0.271252,-0.000000,0.000000,0.039952,10,2
1780645201.979613,proposed,-0.017304,45.007134,0.016426,-0.026167,-0.877368,-0.013194,45.000899,0.000000,45.000000,-0.040304,0.066168,0.284044,1,11.384436,0.993267,1.021046,0.916356,0.916356,1.000818,0.000002,0.914098,0.914098,0.013084,0.987733,1.019579,0.914473,1.000818,0.000002,0.013084,0.987733,0.912758,0.912758,0.394085,0.271805,0.881326,0.380076,0.267977,-0.000000,0.000000,0.030895,10,2
1780645202.104192,proposed,-0.015863,45.004848,0.012395,-0.019550,-0.938219,-0.013964,45.000974,0.000000,45.000000,-0.041148,0.057260,0.296937,1,11.760309,0.993482,1.020720,0.916363,0.916363,1.002032,0.000001,0.914214,0.914214,0.012812,0.989220,1.009217,0.904486,1.000734,0.000001,0.012812,0.988699,0.903025,0.903025,0.390218,0.269345,0.872440,0.376532,0.265682,-0.000000,0.000000,0.023148,10,2
1780645202.199781,proposed,-0.014829,45.003179,0.008281,-0.013824,-1.035463,-0.014037,45.001046,0.000000,45.000000,-0.032804,0.046676,0.308849,1,13.355327,0.998168,1.033659,0.929040,0.929040,1.009222,0.000000,0.926478,0.926478,0.012565,0.996657,1.000350,0.895998,0.996132,0.000000,0.012565,0.984083,0.894718,0.894718,0.387327,0.267685,0.864148,0.373630,0.263968,-0.000000,0.000000,0.016114,10,2
1780645202.301990,proposed,-0.014165,45.002030,0.005000,-0.009156,-1.134326,-0.013818,45.000958,0.000000,45.000000,-0.021581,0.034606,0.320615,1,13.180656,1.023569,1.049588,0.943736,0.943736,1.017102,0.000000,0.940543,0.940543,0.012365,1.004737,0.992517,0.888050,0.991804,0.000000,0.012365,0.979761,0.886920,0.886920,0.384770,0.266243,0.858027,0.371890,0.263076,-0.000000,0.000000,0.010433,10,2
1780645202.397695,proposed,-0.013773,45.001288,0.002842,-0.005696,-1.202346,-0.013690,45.001031,0.000000,45.000000,-0.013509,0.025608,0.328910,1,12.546587,1.018078,1.065358,0.958056,0.958056,1.024697,0.000000,0.954091,0.954091,0.012223,1.012474,0.992185,0.887417,0.991320,0.000000,0.012223,0.979279,0.886293,0.886293,0.385213,0.266774,0.855507,0.371443,0.262972,-0.000000,0.000000,0.006365,10,2
1780645202.510598,proposed,-0.013556,45.000846,0.001491,-0.003135,-1.233222,-0.036679,45.005081,0.000000,45.000000,-0.213598,0.053566,0.332242,1,12.798063,0.913281,0.874090,0.765935,0.765935,0.936954,0.000004,0.765826,0.765826,0.012122,0.924829,0.820691,0.716233,0.903296,0.000004,0.013334,0.890395,0.716168,0.716168,0.309771,0.214228,0.699492,0.301486,0.214033,-0.000000,0.000000,0.003471,10,2
1780645202.594281,proposed,-0.014475,45.000800,-0.019869,0.002222,-1.583336,-0.014109,45.001045,0.000000,45.000000,0.075364,-0.003653,0.369083,1,11.614312,1.100958,1.115707,1.004086,1.004086,1.049082,0.000000,0.996090,0.996090,0.012701,1.036381,0.959657,0.846579,0.968861,0.000000,0.012701,0.956656,0.845979,0.845979,0.371502,0.258494,0.821659,0.360328,0.256384,-0.000000,0.000000,0.019992,10,2
1780645202.709639,proposed,-0.016085,45.001004,-0.012332,0.001857,-1.233356,-0.013262,45.000917,0.000000,45.000000,0.085559,-0.009294,0.337802,1,13.720369,1.038707,1.072928,0.964739,0.964739,1.026741,0.000000,0.960096,0.960096,0.012437,1.014303,0.997129,0.892702,0.993965,0.000000,0.012437,0.981760,0.891464,0.891464,0.387461,0.268221,0.861910,0.374237,0.264800,-0.000000,0.000000,0.012471,10,2
1780645202.790471,proposed,-0.016890,45.001144,-0.003776,0.000927,-0.883395,-0.013852,45.001052,0.000000,45.000000,0.050264,-0.005629,0.289702,1,11.740317,0.985505,1.011600,0.906972,0.906972,0.996770,0.000000,0.905146,0.905146,0.012136,0.984633,1.011600,0.906972,0.996770,0.000000,0.012187,0.984633,0.905146,0.905146,0.406015,0.279810,0.899973,0.391396,0.275555,-0.000000,0.000000,0.003888,10,2
1780645202.906575,proposed,-0.017017,45.001208,0.001250,0.000364,-0.533405,-0.035542,45.005444,0.000000,45.000000,-0.166782,0.035691,0.237695,1,11.732592,0.830955,0.801590,0.686815,0.686815,0.894625,0.000002,0.686785,0.686785,0.012046,0.882577,0.801590,0.686815,0.894625,0.000003,0.013074,0.882577,0.686785,0.686785,0.319246,0.233789,0.686222,0.318007,0.233626,-0.000000,0.000000,0.001302,10,2
1780645203.003326,proposed,-0.017726,45.001423,-0.015428,0.003933,-0.883553,-0.013251,45.001080,0.000000,45.000000,0.095775,-0.017828,0.261311,1,12.940902,0.989382,1.018144,0.913517,0.913517,0.999410,0.000000,0.911404,0.911404,0.012558,0.986852,1.018144,0.913517,0.999410,0.000000,0.012558,0.986852,0.911404,0.911404,0.411307,0.283418,0.905513,0.395918,0.278621,-0.000000,0.000000,0.015922,10,2
1780645203.107490,proposed,-0.018789,45.001727,-0.005851,0.002151,-0.533584,-0.013271,45.001079,0.000000,45.000000,0.082330,-0.016665,0.227421,1,12.336754,0.958649,0.994202,0.880399,0.880399,0.982113,0.000000,0.879180,0.879180,0.012218,0.969895,0.994202,0.880399,0.982113,0.000000,0.012338,0.969895,0.879180,0.879180,0.405200,0.291142,0.872327,0.401643,0.289504,-0.000000,0.000000,0.006233,10,2
1780645203.195536,proposed,-0.018963,45.001859,0.002382,0.000484,-0.304458,-0.013779,45.000966,0.000000,45.000000,0.041794,-0.011359,0.192533,1,12.067805,0.942045,0.975252,0.863775,0.863775,0.974013,0.000000,0.862870,0.862870,0.012085,0.961928,0.975252,0.863775,0.974013,0.000000,0.012299,0.961928,0.862870,0.862870,0.390995,0.278809,0.856674,0.387734,0.277385,-0.000000,0.000000,0.002431,10,2
1780645203.314813,proposed,-0.018516,45.001851,0.006562,-0.000652,-0.230839,-0.013659,45.001021,0.000000,45.000000,0.017273,-0.005349,0.174560,1,13.209573,0.948946,0.975466,0.864939,0.864939,0.974949,0.000000,0.864022,0.864022,0.012231,0.962718,0.975466,0.864939,0.974949,0.000000,0.012299,0.962718,0.864022,0.864022,0.389110,0.276593,0.855556,0.385403,0.274890,-0.000000,0.000000,0.006594,10,2
1780645203.404478,proposed,-0.017773,45.001759,0.008289,-0.001187,-0.196898,-0.036242,45.004826,0.000000,45.000000,-0.200006,0.032185,0.165248,1,13.072332,0.824562,0.784562,0.674461,0.674461,0.888401,0.000002,0.674436,0.674436,0.012293,0.876105,0.784562,0.674461,0.888001,0.000003,0.013085,0.875582,0.674436,0.674436,0.303676,0.218572,0.672048,0.302425,0.218398,-0.000000,0.000000,0.008374,10,2
1780645203.507996,proposed,-0.017944,45.001801,-0.011711,0.002032,-0.547047,-0.013277,45.000994,0.000000,45.000000,0.078487,-0.013778,0.200000,1,12.272898,0.954295,0.995833,0.882667,0.882667,0.983684,0.000000,0.881410,0.881410,0.012416,0.971267,0.995833,0.882667,0.983684,0.000000,0.012416,0.971267,0.881410,0.881410,0.406475,0.291689,0.874631,0.402927,0.290050,-0.000000,0.000000,0.011886,10,2
1780645203.596467,proposed,-0.018723,45.001935,-0.003863,0.000654,-0.340295,-0.013005,45.001022,0.000000,45.000000,0.073985,-0.012072,0.184887,1,11.577967,0.949232,0.987912,0.875753,0.875753,0.979915,0.000000,0.874635,0.874635,0.012137,0.967777,0.987912,0.875753,0.979915,0.000000,0.012340,0.967777,0.874635,0.874635,0.397251,0.282911,0.866401,0.393180,0.280966,-0.000000,0.000000,0.003918,10,2
1780645203.708419,proposed,-0.018739,45.001940,0.003536,-0.000553,-0.240208,-0.033437,45.006068,0.000000,45.000000,-0.141041,0.038317,0.169021,1,14.622724,0.840109,0.800109,0.690041,0.690041,0.896459,0.000002,0.690009,0.690009,0.012125,0.884332,0.800109,0.689413,0.895359,0.000002,0.012868,0.882970,0.689380,0.689380,0.309875,0.221810,0.686755,0.308616,0.221641,-0.000000,0.000000,0.003579,10,2
1780645203.800383,proposed,-0.019091,45.002077,-0.010568,0.003279,0.109868,-0.033576,45.006061,0.000000,45.000000,-0.092735,0.023828,0.125858,1,12.960602,0.844702,0.815011,0.700801,0.700801,0.903343,0.000002,0.700764,0.700764,0.012388,0.890954,0.798114,0.687792,0.891488,0.000002,0.012853,0.878641,0.687756,0.687756,0.306559,0.215261,0.681063,0.304924,0.215053,-0.000000,0.000000,0.011065,10,2
1780645203.900521,proposed,-0.020611,45.002524,-0.019842,0.005661,0.459915,-0.012822,45.000987,0.000000,45.000000,0.150465,-0.037025,0.076153,1,11.779474,0.963456,1.009260,0.903449,0.903449,0.995206,0.000001,0.901706,0.901706,0.012723,0.982481,0.963608,0.852606,0.968344,0.000001,0.012723,0.955774,0.851844,0.851844,0.380991,0.266262,0.833974,0.373741,0.264358,-0.000000,0.000000,0.020634,10,2
1780645203.993096,proposed,-0.021843,45.002905,-0.004795,0.001959,0.109996,-0.013105,45.001007,0.000000,45.000000,0.110444,-0.028382,0.101333,1,11.745753,0.946070,0.992799,0.877790,0.877790,0.980436,0.000001,0.876610,0.876610,0.012181,0.968254,0.973758,0.861893,0.972341,0.000001,0.012519,0.959824,0.860981,0.860981,0.385420,0.269549,0.847395,0.380124,0.267325,-0.000000,0.000000,0.005180,10,2
1780645204.109489,proposed,-0.021771,45.002958,0.006249,-0.000879,-0.068071,-0.012639,45.000915,0.000000,45.000000,0.061908,-0.016436,0.126366,1,14.296769,0.945770,0.988498,0.877659,0.877659,0.979612,0.000001,0.876449,0.876449,0.012221,0.967390,0.983533,0.871867,0.977187,0.000001,0.012530,0.964656,0.870778,0.870778,0.389942,0.274201,0.858909,0.385522,0.272052,-0.000000,0.000000,0.006311,10,2
1780645204.199081,proposed,-0.020836,45.002788,0.012440,-0.002523,-0.151718,-0.013549,45.001011,0.000000,45.000000,0.014342,-0.005867,0.140922,1,11.709930,0.939139,0.975254,0.864986,0.864986,0.973874,0.000001,0.864026,0.864026,0.012445,0.961428,0.973385,0.862095,0.972747,0.000001,0.012498,0.960248,0.861189,0.861189,0.385975,0.272446,0.851678,0.382274,0.270744,-0.000000,0.000000,0.012693,10,2
1780645204.312703,proposed,-0.019520,45.002507,0.013874,-0.003110,-0.199834,-0.035461,45.005030,0.000000,45.000000,-0.202499,0.035836,0.148894,1,12.649627,0.827878,0.787878,0.677801,0.677801,0.889035,0.000002,0.677773,0.677773,0.012498,0.876535,0.787878,0.676775,0.888307,0.000002,0.012974,0.876081,0.676748,0.676748,0.303973,0.217627,0.674190,0.302728,0.217459,-0.000000,0.000000,0.014218,10,2
1780645204.393803,proposed,-0.019145,45.002375,-0.006376,0.000474,-0.549984,-0.013540,45.000969,0.000000,45.000000,0.062978,-0.011924,0.188068,1,11.560240,0.946708,0.991849,0.878876,0.878876,0.981162,0.000000,0.877680,0.877680,0.012224,0.968938,0.991849,0.878876,0.981162,0.000000,0.012361,0.968938,0.877680,0.877680,0.403327,0.288427,0.871672,0.400036,0.286947,-0.000000,0.000000,0.006393,10,2
1780645204.514885,proposed,-0.019468,45.002363,-0.000078,-0.000718,-0.382617,-0.013958,45.001157,0.000000,45.000000,0.054165,-0.008445,0.178428,1,19.046663,0.947456,0.973541,0.860381,0.860381,0.971931,0.000000,0.859517,0.859517,0.012025,0.959906,0.973541,0.860381,0.971931,0.000000,0.012321,0.959906,0.859517,0.859517,0.390485,0.277749,0.854015,0.387406,0.276420,-0.000000,0.000000,0.000723,10,2
1780645204.594231,proposed,-0.019205,45.002249,0.005339,-0.001563,-0.290623,-0.013538,45.000956,0.000000,45.000000,0.030856,-0.005211,0.164858,1,11.598061,0.946735,0.981931,0.870718,0.870718,0.977414,0.000000,0.869691,0.869691,0.012195,0.965219,0.981931,0.870718,0.977414,0.000000,0.012338,0.965219,0.869691,0.869691,0.392334,0.278022,0.861167,0.388287,0.276083,-0.000000,0.000000,0.005563,10,2
1780645204.707345,proposed,-0.018517,45.002066,0.008424,-0.002084,-0.254115,-0.013063,45.001079,0.000000,45.000000,0.013505,0.000069,0.156434,1,12.009904,0.951417,0.977264,0.866510,0.866510,0.975397,0.000000,0.865554,0.865554,0.012304,0.963093,0.977264,0.866384,0.975397,0.000000,0.012350,0.963093,0.865435,0.865435,0.389381,0.275566,0.857459,0.385952,0.274019,-0.000000,0.000000,0.008678,10,2
1780645204.784898,proposed,-0.017607,45.001858,0.009775,-0.002077,-0.212802,-0.013543,45.001025,0.000000,45.000000,-0.006179,0.001801,0.148827,1,11.477194,0.950499,0.977217,0.866835,0.866835,0.976433,0.000000,0.865901,0.865901,0.012350,0.964083,0.977217,0.865564,0.975985,0.000000,0.012350,0.963657,0.864656,0.864656,0.388411,0.274494,0.855402,0.384461,0.272618,-0.000000,0.000000,0.009993,10,2
1780645204.905887,proposed,-0.016660,45.001660,0.009157,-0.001897,-0.207025,-0.013625,45.001088,0.000000,45.000000,-0.014084,0.003462,0.145343,1,12.750515,0.945456,0.973152,0.862790,0.862790,0.974837,0.000000,0.861931,0.861931,0.012328,0.962510,0.973152,0.861508,0.974336,0.000000,0.012328,0.962059,0.860674,0.860674,0.386612,0.273222,0.852058,0.382912,0.271499,-0.000000,0.000000,0.009351,10,2
1780645204.979016,proposed,-0.015815,45.001487,0.007748,-0.001551,-0.195624,-0.013664,45.001014,0.000000,45.000000,-0.016301,0.002934,0.142299,1,11.373243,0.944682,0.977431,0.867128,0.867128,0.977639,0.000000,0.866225,0.866225,0.012277,0.965362,0.977431,0.865617,0.976933,0.000000,0.012277,0.964714,0.864740,0.864740,0.388316,0.274260,0.854912,0.384126,0.272228,-0.000000,0.000000,0.007902,10,2
1780645205.093198,proposed,-0.015122,45.001347,0.006118,-0.001257,-0.207015,-0.013377,45.000904,0.000000,45.000000,-0.012849,0.001856,0.141867,1,11.732118,0.933993,0.981750,0.871372,0.871372,0.979940,0.000000,0.870408,0.870408,0.012219,0.967721,0.981750,0.870337,0.979421,0.000000,0.012219,0.967248,0.869392,0.869392,0.390667,0.276004,0.859352,0.386383,0.273907,-0.000000,0.000000,0.006246,10,2
1780645205.196896,proposed,-0.014574,45.001230,0.004833,-0.001072,-0.229944,-0.014008,45.001095,0.000000,45.000000,-0.017386,0.003693,0.143346,1,11.812746,0.952833,0.970048,0.859534,0.859534,0.974399,0.000000,0.858759,0.858759,0.012173,0.962225,0.970048,0.859098,0.974113,0.000000,0.012173,0.962002,0.858329,0.858329,0.386012,0.272977,0.849877,0.382370,0.271287,-0.000000,0.000000,0.004951,10,2
1780645205.303939,proposed,-0.014178,45.001142,0.003095,-0.000703,-0.232490,-0.013610,45.001040,0.000000,45.000000,-0.009996,0.002492,0.143075,1,12.968522,0.952009,0.976323,0.865791,0.865791,0.977667,0.000000,0.864934,0.864934,0.012111,0.965556,0.976323,0.865479,0.977375,0.000000,0.012111,0.965300,0.864624,0.864624,0.388910,0.274923,0.855459,0.384973,0.273043,-0.000000,0.000000,0.003174,10,2
1780645205.396040,proposed,-0.013918,45.001084,0.002095,-0.000453,-0.202060,-0.013771,45.000977,0.000000,45.000000,-0.008744,0.001253,0.138777,1,11.823247,0.944899,0.974153,0.863803,0.863803,0.976848,0.000000,0.862981,0.862981,0.012075,0.964773,0.974153,0.862936,0.976221,0.000000,0.012075,0.964177,0.862121,0.862121,0.387482,0.273622,0.853228,0.383657,0.271812,-0.000000,0.000000,0.002144,10,2
1780645205.512046,proposed,-0.013753,45.001045,0.001221,-0.000328,-0.434342,-0.034636,45.006043,0.000000,45.000000,-0.192098,0.046069,0.162101,1,12.520438,0.834142,0.800817,0.688179,0.688179,0.897840,0.000003,0.688151,0.688151,0.012044,0.885793,0.800817,0.688179,0.897840,0.000003,0.013217,0.885793,0.688151,0.688151,0.313348,0.225171,0.687547,0.312102,0.225007,-0.000000,0.000000,0.001264,10,2
1780645205.592527,proposed,-0.014591,45.001242,-0.017989,0.004279,-0.784523,-0.014147,45.000938,0.000000,45.000000,0.069341,-0.018230,0.205037,1,11.656671,0.971202,1.002192,0.896319,0.896319,0.992648,0.000000,0.894831,0.894831,0.012648,0.980000,1.002192,0.896319,0.992648,0.000000,0.012648,0.980000,0.894831,0.894831,0.414906,0.296894,0.889166,0.411642,0.295380,-0.000000,0.000000,0.018491,10,2
1780645205.728419,proposed,-0.016043,45.001579,-0.011055,0.002456,-0.682795,-0.033819,45.006171,0.000000,45.000000,-0.104043,0.028625,0.203368,1,15.003385,0.848786,0.816714,0.706179,0.706179,0.905028,0.000002,0.706137,0.706137,0.012397,0.892629,0.816714,0.706179,0.905028,0.000002,0.013025,0.892629,0.706137,0.706137,0.326998,0.236024,0.705536,0.325752,0.235858,-0.000000,0.000000,0.011324,10,2
1780645205.796117,proposed,-0.017669,45.001968,-0.021459,0.005318,-1.032855,-0.013864,45.001034,0.000000,45.000000,0.121313,-0.029773,0.239788,1,12.108716,0.992078,1.035016,0.930415,0.930415,1.008422,0.000001,0.927640,0.927640,0.012775,0.995646,1.035016,0.930415,1.008422,0.000001,0.012775,0.995646,0.927640,0.927640,0.430671,0.298192,0.921698,0.413600,0.291861,-0.000000,0.000000,0.022109,10,2
1780645205.908230,proposed,-0.019208,45.002351,-0.009328,0.002341,-0.682918,-0.034637,45.005647,0.000000,45.000000,-0.086888,0.016728,0.209230,1,13.780927,0.845378,0.812307,0.703034,0.703034,0.901323,0.000002,0.702991,0.702991,0.012337,0.888985,0.812307,0.703034,0.901323,0.000002,0.012878,0.888985,0.702991,0.702991,0.325561,0.234664,0.702406,0.324311,0.234492,-0.000000,0.000000,0.009617,10,2
1780645205.994529,proposed,-0.020576,45.002668,-0.018017,0.004014,-1.032958,-0.013277,45.000949,0.000000,45.000000,0.138437,-0.031868,0.238386,1,11.688328,1.006964,1.043175,0.938583,0.938583,1.010843,0.000001,0.935240,0.935240,0.012647,0.998195,1.043175,0.938583,1.010843,0.000001,0.012647,0.998195,0.935240,0.935240,0.434622,0.302097,0.928711,0.417547,0.294789,-0.000000,0.000000,0.018459,10,2
1780645206.105720,proposed,-0.021685,45.002910,-0.004173,0.000827,-0.683042,-0.032304,45.006104,0.000000,45.000000,-0.065644,0.022371,0.206025,1,12.752336,0.856575,0.824630,0.713914,0.713914,0.905378,0.000001,0.713860,0.713860,0.012149,0.893228,0.824630,0.713914,0.905378,0.000001,0.012617,0.893228,0.713860,0.713860,0.328620,0.235759,0.713220,0.327356,0.235582,-0.000000,0.000000,0.004254,10,2
1780645206.209921,proposed,-0.022431,45.003105,-0.010738,0.003064,-1.033066,-0.012765,45.000967,0.000000,45.000000,0.128807,-0.030962,0.234748,1,13.016783,0.998495,1.043644,0.939036,0.939036,1.009822,0.000001,0.935556,0.935556,0.012391,0.997431,1.043644,0.939036,1.009822,0.000001,0.012612,0.997431,0.935556,0.935556,0.433519,0.303651,0.930060,0.420463,0.297059,-0.000000,0.000000,0.011166,10,2
1780645206.310817,proposed,-0.022860,45.003257,0.002143,-0.000032,-0.683138,-0.033416,45.005619,0.000000,45.000000,-0.093842,0.018848,0.202301,1,12.469295,0.851719,0.818751,0.709349,0.709349,0.902101,0.000001,0.709298,0.709298,0.012075,0.890025,0.818751,0.709349,0.902101,0.000001,0.012615,0.890025,0.709298,0.709298,0.326300,0.234063,0.708685,0.325038,0.233884,-0.000000,0.000000,0.002143,10,2
1780645206.398443,proposed,-0.023115,45.003348,-0.007241,0.001853,-1.033185,-0.032007,45.006024,0.000000,45.000000,-0.054131,0.017038,0.231020,1,13.712240,0.896876,0.857547,0.753343,0.753343,0.924042,0.000001,0.753231,0.753231,0.012262,0.911779,0.857547,0.753343,0.924042,0.000001,0.012532,0.911779,0.753231,0.753231,0.351406,0.252761,0.752586,0.350129,0.252568,-0.000000,0.000000,0.007474,10,2
1780645206.510088,proposed,-0.024110,45.003618,-0.012654,0.003557,-1.383199,-0.032386,45.005944,0.000000,45.000000,-0.021626,0.006216,0.274853,1,12.932891,0.952377,0.915033,0.804086,0.804086,0.949681,0.000001,0.803817,0.803817,0.012460,0.937220,0.915033,0.803467,0.949681,0.000001,0.012539,0.937220,0.803223,0.803223,0.352283,0.244011,0.785917,0.343694,0.243607,-0.000000,0.000000,0.013144,10,2
1780645206.606189,proposed,-0.025484,45.004005,-0.014817,0.004178,-1.733200,-0.012477,45.001103,0.000000,45.000000,0.179984,-0.043922,0.322168,1,12.841378,1.114161,1.153694,1.030882,1.030882,1.057700,0.000001,1.017334,1.017334,0.012539,1.045159,1.002149,0.897732,0.996816,0.000001,0.012824,0.984180,0.896378,0.896378,0.394024,0.273641,0.866278,0.380101,0.269608,-0.000000,0.000000,0.015395,10,2
1780645206.714919,proposed,-0.026065,45.004203,0.003182,-0.000214,-1.383334,-0.012256,45.000994,0.000000,45.000000,0.122429,-0.030945,0.293830,1,14.231205,1.065837,1.111898,0.997998,0.997998,1.038295,0.000001,0.988943,0.988943,0.012112,1.026182,1.068961,0.956136,1.027763,0.000001,0.012807,1.015275,0.952740,0.952740,0.419434,0.291109,0.918457,0.403256,0.285500,-0.000000,0.000000,0.003189,10,2
1780645206.794005,proposed,-0.025135,45.004027,0.015425,-0.003309,-1.033417,-0.013074,45.001175,0.000000,45.000000,0.048176,-0.013049,0.246743,1,11.727140,1.006445,1.030994,0.926396,0.926396,1.001986,0.000001,0.923411,0.923411,0.012553,0.989432,1.030994,0.926396,1.001986,0.000001,0.012751,0.989432,0.923411,0.923411,0.423911,0.300630,0.919568,0.421280,0.299487,-0.000000,0.000000,0.015775,10,2
1780645206.913784,proposed,-0.023352,45.003631,0.020242,-0.004613,-0.683427,-0.033885,45.005181,0.000000,45.000000,-0.180051,0.033308,0.195265,1,12.935775,0.847876,0.814282,0.705603,0.705603,0.899700,0.000001,0.705553,0.705553,0.012728,0.886971,0.814282,0.705603,0.899700,0.000001,0.012728,0.886971,0.705553,0.705553,0.321980,0.230110,0.705050,0.320760,0.229958,-0.000000,0.000000,0.020761,10,2
1780645206.996346,proposed,-0.022228,45.003336,0.002237,-0.001283,-1.033600,-0.012810,45.001041,0.000000,45.000000,0.060392,-0.012241,0.219288,1,11.754419,1.013806,1.045098,0.940498,0.940498,1.010715,0.000001,0.936987,0.936987,0.012090,0.998624,1.045098,0.940498,1.010715,0.000001,0.012538,0.998624,0.936987,0.936987,0.430449,0.305094,0.930499,0.426704,0.303187,-0.000000,0.000000,0.002579,10,2
1780645207.111190,proposed,-0.021702,45.003147,0.008276,-0.002507,-0.683616,-0.033013,45.006049,0.000000,45.000000,-0.132942,0.036060,0.185766,1,12.310727,0.852637,0.820511,0.710044,0.710044,0.903541,0.000001,0.709994,0.709994,0.012303,0.891237,0.820511,0.710044,0.903541,0.000001,0.012697,0.891237,0.709994,0.709994,0.323780,0.230811,0.709424,0.322540,0.230648,-0.000000,0.000000,0.008648,10,2
1780645207.198228,proposed,-0.021539,45.003076,-0.005018,0.001099,-1.033715,-0.013173,45.000972,0.000000,45.000000,0.086773,-0.020907,0.214328,1,12.186667,1.006368,1.040458,0.935860,0.935860,1.008856,0.000001,0.932647,0.932647,0.012180,0.996675,1.040458,0.935860,1.008856,0.000001,0.012510,0.996675,0.932647,0.932647,0.428541,0.303491,0.927153,0.425207,0.301869,-0.000000,0.000000,0.005137,10,2
1780645207.308191,proposed,-0.021607,45.003082,0.003659,-0.000991,-0.683747,-0.013470,45.001075,0.000000,45.000000,0.062759,-0.015047,0.181980,1,11.676209,0.959076,0.997356,0.889075,0.889075,0.984966,0.000000,0.887591,0.887591,0.012133,0.972833,0.997356,0.889075,0.984966,0.000001,0.012474,0.972833,0.887591,0.887591,0.403656,0.284910,0.881805,0.400274,0.283316,-0.000000,0.000000,0.003791,10,2
1780645207.375624,proposed,-0.020927,45.002907,0.009935,-0.002496,-0.440684,-0.013743,45.001071,0.000000,45.000000,0.024611,-0.006405,0.146263,1,12.502480,0.943783,0.981817,0.866909,0.866909,0.974304,0.000000,0.865900,0.865900,0.012359,0.961945,0.979292,0.866909,0.974304,0.000000,0.012453,0.961945,0.865900,0.865900,0.390070,0.274144,0.858543,0.386810,0.272647,-0.000000,0.000000,0.010244,10,2
1780645207.478920,proposed,-0.019811,45.002626,0.012396,-0.003137,-0.335911,-0.035028,45.005326,0.000000,45.000000,-0.188726,0.037497,0.124986,1,11.521488,0.828091,0.792150,0.680762,0.680762,0.890140,0.000002,0.680733,0.680733,0.012448,0.877691,0.792150,0.680098,0.889732,0.000002,0.012928,0.877229,0.680070,0.680070,0.305667,0.216363,0.677510,0.304420,0.216193,-0.000000,0.000000,0.012787,10,2
1780645207.577189,proposed,-0.019515,45.002499,-0.006476,0.000613,-0.686071,-0.013152,45.000953,0.000000,45.000000,0.071201,-0.013672,0.156993,1,13.339031,0.968045,1.003486,0.895315,0.895315,0.989131,0.000000,0.893717,0.893717,0.012228,0.976903,1.003486,0.895315,0.989131,0.000000,0.012404,0.976903,0.893717,0.893717,0.406962,0.287140,0.887427,0.403362,0.285399,-0.000000,0.000000,0.006505,10,2
1780645207.713325,proposed,-0.019806,45.002492,0.000644,-0.000754,-0.439885,-0.012930,45.001066,0.000000,45.000000,0.063750,-0.010386,0.137185,1,12.195195,0.958250,0.990284,0.875379,0.875379,0.978889,0.000000,0.874239,0.874239,0.012035,0.966854,0.988299,0.875379,0.978889,0.000000,0.012399,0.966854,0.874239,0.874239,0.394272,0.276840,0.866612,0.390633,0.275126,-0.000000,0.000000,0.000992,10,2
1780645207.798601,proposed,-0.019423,45.002365,0.007019,-0.001793,-0.310433,-0.012989,45.001065,0.000000,45.000000,0.030946,-0.004400,0.117260,1,13.450324,0.937679,0.979404,0.867850,0.867850,0.975474,0.000000,0.866853,0.866853,0.012254,0.963220,0.977924,0.865807,0.975045,0.000000,0.012389,0.962682,0.864862,0.864862,0.388705,0.272239,0.853361,0.384230,0.270629,-0.000000,0.000000,0.007244,10,2
1780645207.914039,proposed,-0.018567,45.002164,0.010113,-0.002233,-0.249316,-0.013606,45.001027,0.000000,45.000000,0.001620,-0.000550,0.104874,1,12.152650,0.942091,0.977316,0.866618,0.866618,0.975709,0.000000,0.865667,0.865667,0.012363,0.963346,0.975186,0.862437,0.974478,0.000000,0.012369,0.962146,0.861584,0.861584,0.387109,0.270954,0.847576,0.381558,0.268846,-0.000000,0.000000,0.010357,10,2
1780645207.991717,proposed,-0.017547,45.001938,0.010275,-0.002288,-0.236129,-0.013817,45.000962,0.000000,45.000000,-0.012275,0.001426,0.099669,1,12.670919,0.941054,0.974309,0.863741,0.863741,0.974883,0.000000,0.862854,0.862854,0.012369,0.962514,0.972548,0.859300,0.973433,0.000000,0.012369,0.961166,0.858505,0.858505,0.385708,0.269976,0.845028,0.380416,0.268094,-0.000000,0.000000,0.010527,10,2
1780645208.108436,proposed,-0.016581,45.001716,0.009048,-0.002145,-0.246940,-0.013814,45.001130,0.000000,45.000000,-0.016450,0.004405,0.098907,1,12.037424,0.936562,0.971250,0.860604,0.860604,0.973801,0.000000,0.859779,0.859779,0.012326,0.961476,0.969986,0.856821,0.972424,0.000000,0.012326,0.960219,0.856067,0.856067,0.384612,0.269263,0.843051,0.379560,0.267452,-0.000000,0.000000,0.009299,10,2
1780645208.179682,proposed,-0.015758,45.001524,0.007403,-0.001704,-0.226014,-0.014245,45.001062,0.000000,45.000000,-0.020623,0.003783,0.095804,1,11.492465,0.934327,0.970355,0.859877,0.859877,0.974082,0.000000,0.859082,0.859082,0.012266,0.961816,0.968824,0.855841,0.972283,0.000000,0.012266,0.960202,0.855110,0.855110,0.384216,0.268953,0.841055,0.378670,0.266905,-0.000000,0.000000,0.007597,10,2
1780645208.306648,proposed,-0.015121,45.001372,0.005341,-0.001326,-0.264647,-0.014199,45.001003,0.000000,45.000000,-0.017050,0.002880,0.098621,1,13.836873,0.942894,0.971792,0.860917,0.860917,0.974839,0.000000,0.860116,0.860116,0.012193,0.962646,0.971255,0.858439,0.973665,0.000000,0.012193,0.961580,0.857676,0.857676,0.385335,0.269957,0.844920,0.380473,0.268039,-0.000000,0.000000,0.005503,10,2
1780645208.394019,proposed,-0.014672,45.001254,0.003636,-0.001038,-0.328706,-0.013968,45.000978,0.000000,45.000000,-0.011156,0.002367,0.105667,1,11.770412,0.942212,0.978560,0.866671,0.866671,0.977860,0.000000,0.865793,0.865793,0.012132,0.965727,0.978560,0.865804,0.977434,0.000000,0.012132,0.965342,0.864941,0.864941,0.388754,0.272641,0.853115,0.384263,0.270597,-0.000000,0.000000,0.003781,10,2
1780645208.509550,proposed,-0.014365,45.001162,0.002520,-0.000801,-0.353382,-0.014124,45.001010,0.000000,45.000000,-0.009887,0.002387,0.109438,1,12.202141,0.944056,0.975898,0.863427,0.863427,0.976333,0.000000,0.862600,0.862600,0.012093,0.964240,0.975898,0.862950,0.976062,0.000000,0.012093,0.964004,0.862131,0.862131,0.387701,0.272030,0.851770,0.383707,0.270214,-0.000000,0.000000,0.002644,10,2
1780645208.595990,proposed,-0.014162,45.001094,0.001531,-0.000563,-0.467945,-0.034784,45.006213,0.000000,45.000000,-0.191232,0.048277,0.122151,1,11.550688,0.834734,0.802748,0.689313,0.689313,0.898323,0.000003,0.689284,0.689284,0.012057,0.886263,0.802748,0.689313,0.898190,0.000003,0.013205,0.885401,0.689284,0.689284,0.311187,0.220601,0.687649,0.309906,0.220411,-0.000000,0.000000,0.001631,10,2
1780645208.710604,proposed,-0.014965,45.001279,-0.017592,0.004265,-0.818129,-0.013260,45.001021,0.000000,45.000000,0.078867,-0.017595,0.162676,1,13.299047,0.967214,1.009047,0.903687,0.903687,0.995811,0.000000,0.901971,0.901971,0.012634,0.983176,1.009047,0.903687,0.995811,0.000000,0.012634,0.983176,0.901971,0.901971,0.411775,0.290539,0.896880,0.408626,0.289079,-0.000000,0.000000,0.018102,10,2
1780645208.798459,proposed,-0.016330,45.001617,-0.009705,0.002505,-0.468146,-0.013838,45.001033,0.000000,45.000000,0.071207,-0.017648,0.133660,1,11.778213,0.941622,0.982735,0.866796,0.866796,0.976673,0.000000,0.865871,0.865871,0.012351,0.964321,0.980467,0.866796,0.976673,0.000000,0.012351,0.964321,0.865871,0.865871,0.391097,0.274462,0.859897,0.387695,0.273026,-0.000000,0.000000,0.010023,10,2
1780645208.907629,proposed,-0.016944,45.001780,-0.002585,0.000741,-0.337315,-0.013697,45.000989,0.000000,45.000000,0.045754,-0.011662,0.111306,1,12.205390,0.937702,0.980517,0.868435,0.868435,0.977400,0.000000,0.867489,0.867489,0.012094,0.965306,0.978735,0.867392,0.976771,0.000000,0.012198,0.964612,0.866456,0.866456,0.389704,0.272792,0.852306,0.383833,0.270783,-0.000000,0.000000,0.002689,10,2
1780645209.007205,proposed,-0.016974,45.001795,0.001991,-0.000426,-0.283205,-0.013931,45.001022,0.000000,45.000000,0.021710,-0.005876,0.099113,1,16.186143,0.952817,0.974071,0.862955,0.862955,0.974757,0.000000,0.862097,0.862097,0.012071,0.962686,0.971064,0.859595,0.973317,0.000000,0.012179,0.961140,0.858789,0.858789,0.386078,0.270185,0.843318,0.379700,0.268277,-0.000000,0.000000,0.002036,10,2
1780645209.111520,proposed,-0.016667,45.001723,0.004162,-0.001013,-0.264282,-0.013292,45.001042,0.000000,45.000000,0.013214,-0.002011,0.093370,1,12.800191,0.930536,0.978954,0.868069,0.868069,0.977262,0.000000,0.867128,0.867128,0.012150,0.965112,0.974907,0.863450,0.975460,0.000000,0.012206,0.963268,0.862597,0.862597,0.387793,0.271379,0.845926,0.380820,0.269332,-0.000000,0.000000,0.004283,10,2
1780645209.200958,proposed,-0.016184,45.001612,0.005483,-0.001214,-0.228450,-0.035696,45.005446,0.000000,45.000000,-0.197148,0.039391,0.087434,1,11.967905,0.826710,0.786710,0.676603,0.676603,0.890733,0.000003,0.676579,0.676579,0.012197,0.878534,0.785293,0.674704,0.887044,0.000003,0.013134,0.873990,0.674680,0.674680,0.302561,0.213224,0.670409,0.301310,0.213051,-0.000000,0.000000,0.005616,10,2
1780645209.309618,proposed,-0.016622,45.001688,-0.014232,0.002725,-0.578596,-0.035476,45.005334,0.000000,45.000000,-0.119620,0.023346,0.123508,1,12.355580,0.832734,0.802002,0.689541,0.689541,0.895959,0.000003,0.689509,0.689509,0.012508,0.883449,0.802002,0.689541,0.895959,0.000003,0.013095,0.883449,0.689509,0.689509,0.313782,0.222559,0.689006,0.312560,0.222405,-0.000000,0.000000,0.014490,10,2
1780645209.380276,proposed,-0.018643,45.002077,-0.026193,0.005060,-0.928673,-0.033410,45.006054,0.000000,45.000000,-0.024279,0.014727,0.169851,1,12.426847,0.874604,0.836379,0.731705,0.731705,0.916001,0.000002,0.731634,0.731634,0.012935,0.903063,0.836379,0.731705,0.916001,0.000002,0.013030,0.903063,0.731634,0.731634,0.336130,0.238686,0.731129,0.334910,0.238534,-0.000000,0.000000,0.026678,10,2
1780645209.510859,proposed,-0.021384,45.002656,-0.028621,0.006532,-1.278677,-0.032892,45.006024,0.000000,45.000000,0.022708,0.002106,0.218465,1,11.341566,0.930499,0.891129,0.783590,0.783590,0.940787,0.000002,0.783407,0.783407,0.013030,0.927755,0.891129,0.783590,0.940787,0.000002,0.013030,0.927755,0.783407,0.783407,0.361157,0.256160,0.782872,0.359917,0.255990,-0.000000,0.000000,0.029357,10,2
1780645209.593901,proposed,-0.024132,45.003320,-0.026351,0.006743,-1.628676,-0.034672,45.004702,0.000000,45.000000,0.024791,-0.017465,0.267361,1,11.477005,0.983033,0.944301,0.831894,0.831894,0.965612,0.000002,0.831479,0.831479,0.012954,0.952656,0.909434,0.797552,0.945711,0.000002,0.012954,0.933538,0.797308,0.797308,0.353739,0.246277,0.780629,0.345433,0.246063,-0.000000,0.000000,0.027200,10,2
1780645209.709092,proposed,-0.026643,45.003907,-0.023871,0.004996,-1.978678,-0.013069,45.001053,0.000000,45.000000,0.228733,-0.048915,0.315987,1,12.453193,1.087968,1.114086,1.002231,1.002231,1.044482,0.000002,0.993500,0.993500,0.012855,1.031625,1.015686,0.909729,1.003199,0.000002,0.012903,0.990470,0.908084,0.908084,0.402592,0.280360,0.878593,0.388694,0.276279,-0.000000,0.000000,0.024389,10,2
1780645209.794542,proposed,-0.027887,45.004162,-0.000998,0.000105,-1.628763,-0.011885,45.001002,0.000000,45.000000,0.164181,-0.032298,0.288011,1,11.663754,1.118922,1.148179,1.034880,1.034880,1.057183,0.000002,1.019750,1.019750,0.012035,1.045146,1.091650,0.979985,1.039978,0.000002,0.012934,1.027378,0.975006,0.975006,0.433733,0.302287,0.939878,0.416883,0.296073,-0.000000,0.000000,0.001004,10,2
1780645209.909703,proposed,-0.027166,45.004011,0.015420,-0.003125,-1.278884,-0.012506,45.001011,0.000000,45.000000,0.074485,-0.015280,0.241051,1,11.621249,1.054543,1.084013,0.974485,0.974485,1.025598,0.000002,0.967896,0.967896,0.012551,1.013045,1.084013,0.974485,1.025598,0.000002,0.012886,1.013045,0.967896,0.967896,0.437748,0.306781,0.953840,0.428098,0.305077,-0.000000,0.000000,0.015733,10,2
1780645210.000702,proposed,-0.025251,45.003622,0.022868,-0.004653,-0.928914,-0.012327,45.001019,0.000000,45.000000,0.019210,-0.003681,0.189653,1,11.993981,1.004836,1.032149,0.927764,0.927764,1.002297,0.000002,0.924645,0.924645,0.012818,0.989477,1.032149,0.927764,1.002297,0.000002,0.012887,0.989477,0.924645,0.924645,0.416407,0.291614,0.911803,0.410624,0.289867,-0.000000,0.000000,0.023337,10,2
1780645210.123814,proposed,-0.022868,45.003139,0.024789,-0.005021,-0.578915,-0.012717,45.001008,0.000000,45.000000,-0.018183,0.003036,0.137481,1,17.592025,0.966568,1.003275,0.891409,0.891409,0.985272,0.000001,0.889778,0.889778,0.012887,0.972383,0.990857,0.885165,0.985272,0.000001,0.012887,0.972383,0.883919,0.883919,0.397463,0.278150,0.863347,0.388294,0.275990,-0.000000,0.000000,0.025293,10,2
1780645210.197051,proposed,-0.020480,45.002652,0.022971,-0.004717,-0.374289,-0.013017,45.001051,0.000000,45.000000,-0.036866,0.006916,0.101280,1,12.674676,0.955347,0.983545,0.870606,0.870606,0.976234,0.000001,0.869517,0.869517,0.012822,0.963411,0.966367,0.858078,0.973329,0.000001,0.012822,0.961224,0.857317,0.857317,0.385569,0.269878,0.836243,0.375549,0.268244,-0.000000,0.000000,0.023451,10,2
1780645210.318473,proposed,-0.018368,45.002215,0.019285,-0.004026,-0.284597,-0.032936,45.006119,0.000000,45.000000,-0.218148,0.053173,0.081816,1,15.621868,0.844308,0.804308,0.694151,0.694151,0.898528,0.000002,0.694116,0.694116,0.012690,0.885836,0.800321,0.689389,0.890262,0.000002,0.012944,0.877529,0.689357,0.689357,0.308907,0.216815,0.678172,0.305084,0.216595,-0.000000,0.000000,0.019700,10,2
1780645210.410472,proposed,-0.017530,45.002078,-0.002530,0.001292,-0.634783,-0.013869,45.001070,0.000000,45.000000,0.027404,-0.010707,0.114549,1,20.551728,0.961570,0.990211,0.880460,0.880460,0.982902,0.000000,0.879275,0.879275,0.012099,0.970803,0.986670,0.880460,0.982902,0.000000,0.012232,0.970803,0.879275,0.879275,0.396012,0.277196,0.861013,0.387112,0.275576,-0.000000,0.000000,0.002841,10,2
1780645210.509308,proposed,-0.017646,45.002153,0.000210,0.000221,-0.433444,-0.013114,45.001051,0.000000,45.000000,0.041490,-0.011603,0.100080,1,13.826664,0.934002,0.986180,0.871482,0.871482,0.978101,0.000000,0.870458,0.870458,0.012011,0.966090,0.970542,0.863221,0.975702,0.000000,0.012265,0.963517,0.862382,0.862382,0.387909,0.271509,0.841555,0.377781,0.270006,-0.000000,0.000000,0.000305,10,2
1780645210.603789,proposed,-0.017417,45.002117,0.004359,-0.000939,-0.326265,-0.036111,45.004856,0.000000,45.000000,-0.182740,0.027686,0.084151,1,12.533045,0.821695,0.786510,0.674811,0.674811,0.888336,0.000002,0.674786,0.674786,0.012156,0.876177,0.785997,0.673453,0.883003,0.000003,0.013074,0.870250,0.673428,0.673428,0.302296,0.212716,0.667774,0.300669,0.212560,-0.000000,0.000000,0.004459,10,2
1780645210.711905,proposed,-0.017895,45.002162,-0.013915,0.001829,-0.676419,-0.013602,45.000960,0.000000,45.000000,0.086242,-0.016743,0.117752,1,13.156262,0.960440,1.000661,0.892227,0.892227,0.988620,0.000000,0.890750,0.890750,0.012492,0.976128,0.997462,0.892227,0.988620,0.000000,0.012492,0.976128,0.890750,0.890750,0.401120,0.280761,0.869556,0.390616,0.278793,-0.000000,0.000000,0.014035,10,2
1780645210.799337,proposed,-0.018856,45.002261,-0.005291,0.000155,-0.454579,-0.033435,45.006083,0.000000,45.000000,-0.099887,0.032092,0.101246,1,16.095974,0.841723,0.808941,0.695985,0.695985,0.898729,0.000002,0.695949,0.695949,0.012185,0.886543,0.808941,0.695433,0.893590,0.000002,0.012844,0.881059,0.695396,0.695396,0.312624,0.219597,0.686038,0.308520,0.219392,-0.000000,0.000000,0.005293,10,2
1780645210.900125,proposed,-0.019884,45.002437,-0.015279,0.003364,-0.804626,-0.035874,45.004735,0.000000,45.000000,-0.082133,0.007955,0.134578,1,12.648219,0.852830,0.815056,0.709911,0.709911,0.904200,0.000002,0.709861,0.709861,0.012548,0.891650,0.815056,0.709911,0.904200,0.000002,0.012935,0.891650,0.709861,0.709861,0.322183,0.227325,0.709342,0.320949,0.227161,-0.000000,0.000000,0.015645,10,2
1780645210.998400,proposed,-0.021823,45.002813,-0.023493,0.004160,-1.154657,-0.034536,45.005268,0.000000,45.000000,-0.015143,0.003997,0.180160,1,14.341374,0.906898,0.866967,0.761066,0.761066,0.929112,0.000002,0.760941,0.760941,0.012836,0.916273,0.866967,0.761066,0.929112,0.000002,0.012891,0.916273,0.760941,0.760941,0.346654,0.244360,0.760422,0.345421,0.244197,-0.000000,0.000000,0.023858,10,2
1780645211.108112,proposed,-0.024248,45.003249,-0.025007,0.004559,-1.504657,-0.013013,45.000946,0.000000,45.000000,0.209933,-0.040450,0.228531,1,12.122530,1.076967,1.120600,1.008886,1.008886,1.045530,0.000002,0.998558,0.998558,0.012891,1.032638,1.112798,0.993630,1.044476,0.000002,0.012891,1.031825,0.986966,0.986966,0.442322,0.309124,0.959341,0.428585,0.304979,-0.000000,0.000000,0.025419,10,2
1780645211.192950,proposed,-0.025699,45.003503,-0.004014,0.000514,-1.154880,-0.034304,45.004736,0.000000,45.000000,-0.043027,0.005655,0.201056,1,11.549733,0.909412,0.869664,0.763298,0.763298,0.927941,0.000001,0.763161,0.763161,0.012142,0.915799,0.869664,0.763298,0.927941,0.000001,0.012479,0.915799,0.763161,0.763161,0.345241,0.242663,0.760860,0.342342,0.242514,-0.000000,0.000000,0.004047,10,2
1780645211.306225,proposed,-0.026315,45.003583,-0.008316,0.001080,-1.504884,-0.012560,45.001030,0.000000,45.000000,0.156187,-0.027100,0.231025,1,12.788148,1.083457,1.121278,1.009567,1.009567,1.044575,0.000001,0.998920,0.998920,0.012294,1.032280,1.105682,0.989859,1.042374,0.000001,0.012823,1.029772,0.983544,0.983544,0.440961,0.308245,0.958068,0.428344,0.304921,-0.000000,0.000000,0.008386,10,2
1780645211.396490,proposed,-0.026366,45.003555,0.007302,-0.001630,-1.155005,-0.012755,45.001000,0.000000,45.000000,0.100577,-0.017560,0.198928,1,11.787554,1.031077,1.059798,0.953526,0.953526,1.015254,0.000001,0.948868,0.948868,0.012262,1.002991,1.050453,0.939755,1.015254,0.000001,0.012783,1.002851,0.936776,0.936776,0.420789,0.294383,0.916100,0.410667,0.292893,-0.000000,0.000000,0.007482,10,2
1780645211.511853,proposed,-0.025133,45.003304,0.017360,-0.003386,-0.805056,-0.012423,45.001035,0.000000,45.000000,0.043713,-0.006499,0.151527,1,11.465233,0.983417,1.013711,0.908152,0.908152,0.992351,0.000001,0.905909,0.905909,0.012620,0.979729,0.993090,0.888758,0.988998,0.000001,0.012787,0.976674,0.887470,0.887470,0.398435,0.278702,0.866778,0.388337,0.277236,-0.000000,0.000000,0.017687,10,2
1780645211.597509,proposed,-0.023178,45.002933,0.021731,-0.004036,-0.459441,-0.012927,45.001034,0.000000,45.000000,-0.001871,0.000509,0.101079,1,11.990460,0.963224,0.990407,0.874776,0.874776,0.976748,0.000001,0.873544,0.873544,0.012775,0.963972,0.960113,0.849411,0.968961,0.000001,0.012775,0.956763,0.848751,0.848751,0.380704,0.266214,0.827600,0.370409,0.264614,-0.000000,0.000000,0.022103,10,2
1780645211.713675,proposed,-0.021014,45.002532,0.021544,-0.003985,-0.307516,-0.033128,45.006086,0.000000,45.000000,-0.203680,0.049386,0.071280,1,12.224639,0.844983,0.805081,0.694785,0.694785,0.897515,0.000002,0.694748,0.694748,0.012768,0.884746,0.798699,0.686143,0.886236,0.000002,0.012820,0.873574,0.686103,0.686103,0.308494,0.215870,0.669391,0.300176,0.215648,-0.000000,0.000000,0.021910,10,2
1780645211.796971,proposed,-0.019878,45.002380,0.001176,0.000953,-0.657686,-0.013508,45.001025,0.000000,45.000000,0.036174,-0.012585,0.101494,1,12.804990,0.952033,0.998395,0.889334,0.889334,0.986085,0.000000,0.887897,0.887897,0.012053,0.974032,0.977267,0.871405,0.979910,0.000000,0.012362,0.967653,0.870438,0.870438,0.390537,0.273106,0.848235,0.379767,0.271172,-0.000000,0.000000,0.001514,10,2
1780645211.916180,proposed,-0.019580,45.002413,0.004794,-0.000305,-0.411273,-0.013909,45.000990,0.000000,45.000000,0.031952,-0.012264,0.081572,1,13.313694,0.935251,0.979310,0.865287,0.865287,0.974300,0.000000,0.864339,0.864339,0.012168,0.962132,0.955826,0.842372,0.965222,0.000000,0.012332,0.953046,0.841784,0.841784,0.377423,0.263873,0.820547,0.367090,0.262245,-0.000000,0.000000,0.004803,10,2
1780645211.990137,proposed,-0.018941,45.002321,0.007989,-0.001532,-0.320256,-0.035016,45.005624,0.000000,45.000000,-0.176241,0.035296,0.066160,1,11.531127,0.832561,0.795156,0.684282,0.684282,0.892872,0.000002,0.684252,0.684252,0.012285,0.880586,0.792123,0.680214,0.882019,0.000002,0.012956,0.869328,0.680176,0.680176,0.305361,0.214046,0.663494,0.297576,0.213833,-0.000000,0.000000,0.008134,10,2
1780645212.106731,proposed,-0.019023,45.002344,-0.009635,0.001998,-0.670393,-0.035023,45.005314,0.000000,45.000000,-0.113024,0.020240,0.099998,1,13.425001,0.842534,0.809275,0.700224,0.700224,0.899826,0.000002,0.700183,0.700183,0.012345,0.887479,0.808693,0.700142,0.892502,0.000002,0.012919,0.879991,0.700100,0.700100,0.314999,0.221224,0.686320,0.307935,0.221046,-0.000000,0.000000,0.009840,10,2
1780645212.204170,proposed,-0.020552,45.002645,-0.020938,0.004022,-1.020461,-0.013380,45.001004,0.000000,45.000000,0.148303,-0.030947,0.145933,1,12.523837,1.006750,1.035638,0.931125,0.931125,1.007034,0.000001,0.928153,0.928153,0.012747,0.994286,1.019182,0.913680,1.001393,0.000001,0.012747,0.988922,0.911698,0.911698,0.408757,0.285769,0.890383,0.398366,0.284096,-0.000000,0.000000,0.021321,10,2
1780645212.300926,proposed,-0.021904,45.002893,-0.006107,0.000927,-0.670557,-0.012922,45.001005,0.000000,45.000000,0.118278,-0.023264,0.118388,1,11.927707,0.969938,0.996082,0.887457,0.887457,0.983696,0.000001,0.885986,0.885986,0.012216,0.971479,0.969285,0.862919,0.975485,0.000001,0.012538,0.963102,0.862075,0.862075,0.386257,0.269985,0.842017,0.376441,0.268716,-0.000000,0.000000,0.006177,10,2
1780645212.383467,proposed,-0.021923,45.002869,0.005720,-0.001399,-0.415737,-0.012948,45.001041,0.000000,45.000000,0.063451,-0.011828,0.083001,1,12.068784,0.960507,0.987331,0.873210,0.873210,0.976704,0.000001,0.872063,0.872063,0.012206,0.964497,0.959651,0.844446,0.966398,0.000001,0.012518,0.954116,0.843838,0.843838,0.377964,0.264160,0.822211,0.367448,0.262403,-0.000000,0.000000,0.005889,10,2
1780645212.509941,proposed,-0.021034,45.002670,0.012065,-0.002582,-0.297629,-0.013116,45.001113,0.000000,45.000000,0.021740,-0.003296,0.060765,1,11.837869,0.957158,0.977527,0.866200,0.866200,0.973867,0.000001,0.865198,0.865198,0.012432,0.961434,0.949598,0.836470,0.962556,0.000001,0.012509,0.950365,0.835944,0.835944,0.374432,0.261690,0.814086,0.363813,0.259861,-0.000000,0.000000,0.012339,10,2
1780645212.587053,proposed,-0.019719,45.002396,0.014239,-0.002911,-0.240714,-0.013197,45.001036,0.000000,45.000000,-0.003485,0.000569,0.048620,1,11.393272,0.955789,0.981706,0.871082,0.871082,0.977213,0.000001,0.870024,0.870024,0.012509,0.964703,0.953632,0.841824,0.965440,0.000001,0.012509,0.953316,0.841253,0.841253,0.376871,0.263408,0.817143,0.365243,0.260873,-0.000000,0.000000,0.014534,10,2
1780645212.703948,proposed,-0.018312,45.002107,0.013891,-0.002855,-0.221336,-0.013570,45.001091,0.000000,45.000000,-0.019692,0.003660,0.043163,1,11.917142,0.955924,0.973108,0.862661,0.862661,0.973837,0.000000,0.861772,0.861772,0.012497,0.961340,0.946229,0.834851,0.961876,0.000000,0.012497,0.949815,0.834345,0.834345,0.373834,0.261296,0.811838,0.362924,0.259263,-0.000000,0.000000,0.014181,10,2
1780645212.805792,proposed,-0.017022,45.001840,0.011922,-0.002489,-0.215756,-0.013265,45.001064,0.000000,45.000000,-0.020949,0.004408,0.040914,1,14.657749,0.943768,0.980065,0.869656,0.869656,0.978030,0.000000,0.868678,0.868678,0.012427,0.965603,0.953963,0.842738,0.965989,0.000000,0.012427,0.953948,0.842161,0.842161,0.377372,0.263776,0.818051,0.365742,0.261240,-0.000000,0.000000,0.012179,10,2
1780645212.912461,proposed,-0.015934,45.001613,0.009827,-0.002048,-0.209180,-0.014193,45.001071,0.000000,45.000000,-0.029698,0.004592,0.039374,1,12.244725,0.943075,0.970081,0.859716,0.859716,0.973925,0.000000,0.858919,0.858919,0.012352,0.961573,0.945797,0.834716,0.961814,0.000000,0.012352,0.949797,0.834212,0.834212,0.373874,0.261343,0.811062,0.362675,0.259108,-0.000000,0.000000,0.010038,10,2
1780645212.999762,proposed,-0.015100,45.001431,0.006857,-0.001589,-0.260221,-0.013902,45.001015,0.000000,45.000000,-0.022004,0.003693,0.044293,1,14.024090,0.932035,0.976838,0.866046,0.866046,0.977423,0.000000,0.865170,0.865170,0.012246,0.965176,0.954036,0.842176,0.965589,0.000000,0.012246,0.953578,0.841603,0.841603,0.377222,0.263691,0.817730,0.365697,0.261228,-0.000000,0.000000,0.007039,10,2
1780645213.109318,proposed,-0.014525,45.001291,0.004657,-0.001219,-0.300797,-0.036566,45.005091,0.000000,45.000000,-0.218663,0.039536,0.049656,1,14.579957,0.821543,0.784793,0.673714,0.673714,0.889785,0.000003,0.673691,0.673691,0.012169,0.877614,0.782571,0.671183,0.878067,0.000004,0.013272,0.865186,0.671160,0.671160,0.301000,0.211518,0.656954,0.294743,0.211334,-0.000000,0.000000,0.004814,10,2
1780645213.190276,proposed,-0.015152,45.001367,-0.017210,0.002734,-0.651005,-0.014160,45.000966,0.000000,45.000000,0.068758,-0.012729,0.088805,1,11.475194,0.947016,0.990391,0.881263,0.881263,0.984677,0.000000,0.880097,0.880097,0.012611,0.972066,0.968855,0.861186,0.974449,0.000000,0.012611,0.962239,0.860367,0.860367,0.385481,0.269425,0.838874,0.375015,0.267700,-0.000000,0.000000,0.017426,10,2
1780645213.311592,proposed,-0.016529,45.001577,-0.010334,0.001461,-0.504080,-0.013204,45.000976,0.000000,45.000000,0.080660,-0.012796,0.082028,1,11.763318,0.959173,1.000117,0.885050,0.885050,0.985675,0.000000,0.883777,0.883777,0.012366,0.973310,0.973817,0.860843,0.974640,0.000000,0.012366,0.962430,0.860038,0.860038,0.385243,0.269240,0.835474,0.373397,0.266550,-0.000000,0.000000,0.010437,10,2
1780645213.408744,proposed,-0.017159,45.001659,-0.002268,0.000182,-0.325148,-0.013378,45.001009,0.000000,45.000000,0.049820,-0.007558,0.060330,1,18.947049,0.929515,0.977812,0.865935,0.865935,0.975823,0.000000,0.865019,0.865019,0.012080,0.963744,0.952463,0.839587,0.964001,0.000000,0.012222,0.951846,0.839031,0.839031,0.375779,0.262614,0.817209,0.365167,0.260788,-0.000000,0.000000,0.002275,10,2
1780645213.506874,proposed,-0.017137,45.001639,0.002714,-0.000574,-0.239903,-0.036292,45.004818,0.000000,45.000000,-0.178916,0.030290,0.045238,1,11.869135,0.820301,0.781228,0.670804,0.670804,0.886665,0.000002,0.670781,0.670781,0.012097,0.874565,0.777700,0.666717,0.874460,0.000003,0.013099,0.861701,0.666686,0.666686,0.299568,0.209630,0.650198,0.291427,0.209477,-0.000000,0.000000,0.002774,10,2
1780645213.598194,proposed,-0.017760,45.001733,-0.015178,0.002455,-0.590031,-0.013336,45.001042,0.000000,45.000000,0.093301,-0.014776,0.079292,1,12.523398,0.963063,0.997201,0.885876,0.885876,0.985391,0.000000,0.884546,0.884546,0.012539,0.972852,0.970381,0.860168,0.974068,0.000000,0.012539,0.961750,0.859363,0.859363,0.384716,0.268817,0.836185,0.373489,0.266559,-0.000000,0.000000,0.015375,10,2
1780645213.713553,proposed,-0.018812,45.001905,-0.005847,0.000978,-0.350804,-0.013270,45.000990,0.000000,45.000000,0.082339,-0.013599,0.061254,1,12.608561,0.950931,0.986555,0.874174,0.874174,0.979172,0.000000,0.873085,0.873085,0.012208,0.966964,0.958819,0.845729,0.967166,0.000000,0.012341,0.954913,0.845110,0.845110,0.378329,0.264356,0.821185,0.366769,0.261865,-0.000000,0.000000,0.005929,10,2
1780645213.792331,proposed,-0.018985,45.001935,0.002386,-0.000382,-0.247837,-0.013194,45.000952,0.000000,45.000000,0.047177,-0.008079,0.045143,1,11.504435,0.950989,0.982828,0.872133,0.872133,0.978154,0.000000,0.871086,0.871086,0.012085,0.966069,0.953712,0.842690,0.965860,0.000000,0.012333,0.953668,0.842109,0.842109,0.377040,0.263469,0.817969,0.365383,0.260911,-0.000000,0.000000,0.002417,10,2
1780645213.915224,proposed,-0.018510,45.001856,0.007104,-0.001190,-0.203986,-0.013466,45.000999,0.000000,45.000000,0.016944,-0.002954,0.036052,1,13.107305,0.934944,0.978868,0.868527,0.868527,0.976818,0.000000,0.867552,0.867552,0.012252,0.964565,0.949981,0.839488,0.964396,0.000000,0.012314,0.952270,0.838941,0.838941,0.375702,0.262553,0.814813,0.364050,0.259998,-0.000000,0.000000,0.007203,10,2
1780645213.992512,proposed,-0.017715,45.001722,0.008799,-0.001486,-0.184305,-0.014229,45.001035,0.000000,45.000000,-0.006734,0.000256,0.031405,1,12.382384,0.934314,0.970377,0.860105,0.860105,0.973248,0.000000,0.859279,0.859279,0.012313,0.960935,0.942858,0.832498,0.960783,0.000000,0.012313,0.948727,0.832013,0.832013,0.372688,0.260466,0.808428,0.361280,0.258081,-0.000000,0.000000,0.008923,10,2
1780645214.112170,proposed,-0.016869,45.001575,0.008125,-0.001460,-0.189905,-0.013137,45.000934,0.000000,45.000000,-0.003339,0.000795,0.030652,1,12.820865,0.956019,0.982917,0.872622,0.872622,0.979650,0.000000,0.871603,0.871603,0.012289,0.967360,0.955180,0.844801,0.967188,0.000000,0.012289,0.955116,0.844206,0.844206,0.378151,0.264284,0.819675,0.366317,0.261601,-0.000000,0.000000,0.008255,10,2
1780645214.196361,proposed,-0.016073,45.001433,0.007791,-0.001380,-0.178947,-0.013507,45.001070,0.000000,45.000000,-0.011991,0.002960,0.029075,1,12.554980,0.955210,0.970695,0.860435,0.860435,0.973936,0.000000,0.859620,0.859620,0.012277,0.961659,0.944072,0.833759,0.961454,0.000000,0.012277,0.949424,0.833265,0.833265,0.373289,0.260894,0.811236,0.362579,0.258997,-0.000000,0.000000,0.007913,10,2
1780645214.306751,proposed,-0.015354,45.001310,0.006592,-0.001084,-0.157711,-0.013805,45.001071,0.000000,45.000000,-0.016373,0.002916,0.026182,1,11.481250,0.955109,0.968963,0.858713,0.858713,0.973651,0.000000,0.857938,0.857938,0.012234,0.961417,0.943256,0.833007,0.961131,0.000000,0.012234,0.949128,0.832520,0.832520,0.372992,0.260694,0.810284,0.362189,0.258732,-0.000000,0.000000,0.006681,10,2
1780645214.405817,proposed,-0.014776,45.001216,0.004955,-0.000793,-0.154884,-0.013680,45.000991,0.000000,45.000000,-0.013472,0.001740,0.024983,1,17.877420,0.943957,0.978518,0.868258,0.868258,0.978795,0.000000,0.867359,0.867359,0.012176,0.966620,0.953292,0.843036,0.966280,0.000000,0.012176,0.954278,0.842460,0.842460,0.377471,0.263830,0.817166,0.365291,0.260905,-0.000000,0.000000,0.005018,10,2
1780645214.504606,proposed,-0.014348,45.001145,0.003608,-0.000619,-0.180827,-0.013933,45.000939,0.000000,45.000000,-0.013332,0.001046,0.027348,1,11.700943,0.934261,0.976789,0.866518,0.866518,0.978196,0.000000,0.865655,0.865655,0.012128,0.966068,0.952353,0.842048,0.965714,0.000000,0.012128,0.953700,0.841480,0.841480,0.377055,0.263544,0.816673,0.365094,0.260771,-0.000000,0.000000,0.003660,10,2
1780645214.596927,proposed,-0.014054,45.001089,0.002275,-0.000514,-0.334196,-0.014322,45.000996,0.000000,45.000000,-0.013494,0.001536,0.044460,1,12.728861,0.933652,0.974331,0.862304,0.862304,0.976068,0.000000,0.861502,0.861502,0.012082,0.963986,0.950852,0.838692,0.963672,0.000000,0.012082,0.951644,0.838149,0.838149,0.375581,0.262517,0.815201,0.364454,0.260328,-0.000000,0.000000,0.002332,10,2
1780645214.707953,proposed,-0.013894,45.001045,0.000925,-0.000361,-0.684197,-0.014175,45.001133,0.000000,45.000000,-0.007632,0.002505,0.086557,1,13.365696,0.950155,0.989146,0.880884,0.880884,0.985179,0.000000,0.879774,0.879774,0.012035,0.973144,0.965019,0.856563,0.972401,0.000000,0.012035,0.960383,0.855818,0.855818,0.383432,0.267986,0.834433,0.373004,0.266286,-0.000000,0.000000,0.000993,10,2
1780645214.789364,proposed,-0.013840,45.001021,0.000162,-0.000110,-1.034198,-0.014471,45.001062,0.000000,45.000000,-0.006921,0.001040,0.134632,1,12.136591,0.993672,1.025756,0.921153,0.921153,1.005944,0.000000,0.919000,0.919000,0.012007,0.993937,0.999021,0.894562,0.991804,0.000000,0.012036,0.979779,0.893150,0.893150,0.400026,0.279550,0.872331,0.389850,0.278026,-0.000000,0.000000,0.000196,10,2
1780645214.907916,proposed,-0.013858,45.001015,-0.000530,-0.000006,-1.384198,-0.014439,45.001026,0.000000,45.000000,-0.003346,0.000202,0.183898,1,11.854183,1.054095,1.088862,0.974899,0.974899,1.033834,0.000000,0.969843,0.969843,0.012019,1.021815,1.056534,0.944555,1.017720,0.000000,0.012034,1.005703,0.941377,0.941377,0.421470,0.294495,0.920878,0.411446,0.293079,-0.000000,0.000000,0.000530,10,2
1780645214.990548,proposed,-0.013928,45.001016,-0.000865,0.000014,-1.734198,-0.014353,45.001007,0.000000,45.000000,-0.000202,-0.000128,0.233162,1,12.147303,1.091299,1.140900,1.017558,1.017558,1.057849,0.000000,1.008524,1.008524,0.012030,1.045818,1.107485,0.991812,1.043504,0.000000,0.012031,1.031496,0.985452,0.985452,0.441660,0.308703,0.959264,0.429252,0.305662,-0.000000,0.000000,0.000865,10,2
1780645215.114040,proposed,-0.014015,45.001017,-0.000885,0.000001,-2.084198,-0.034737,45.006071,0.000000,45.000000,-0.180660,0.045008,0.282114,1,11.597813,0.967717,0.929523,0.817794,0.817794,0.969883,0.000003,0.817583,0.817583,0.012031,0.957849,0.928304,0.816746,0.963747,0.000003,0.013207,0.950951,0.816529,0.816529,0.366858,0.258168,0.810651,0.364660,0.257782,-0.000000,0.000000,0.000885,10,2
1780645215.193317,proposed,-0.015007,45.001242,-0.018951,0.004502,-2.434027,-0.034539,45.006101,0.000000,45.000000,-0.103460,0.026690,0.330646,1,11.567550,0.910218,0.870186,0.764513,0.764513,0.941537,0.000003,0.764422,0.764422,0.012683,0.928851,0.870186,0.764513,0.939534,0.000003,0.013175,0.926628,0.764422,0.764422,0.344848,0.242940,0.762128,0.343327,0.242572,-0.000000,0.000000,0.019478,10,2
1780645215.312069,proposed,-0.017420,45.001825,-0.029297,0.007171,-2.783971,-0.013060,45.001015,0.000000,45.000000,0.161082,-0.037037,0.378772,1,13.352776,0.942890,1.004679,0.896636,0.896636,0.993276,0.000001,0.895143,0.895143,0.013058,0.980217,0.991004,0.886111,0.990178,0.000001,0.013058,0.977743,0.884978,0.884978,0.397461,0.278058,0.855112,0.383095,0.273570,-0.000000,0.000000,0.030162,10,2
1780645215.393056,proposed,-0.019544,45.002357,-0.013189,0.003467,-2.433835,-0.034702,45.005418,0.000000,45.000000,-0.064345,0.009088,0.350245,1,11.617255,0.897017,0.856651,0.751629,0.751629,0.930816,0.000002,0.751546,0.751546,0.012478,0.918336,0.856651,0.751629,0.930561,0.000002,0.012855,0.917723,0.751546,0.751546,0.339297,0.239013,0.749857,0.337939,0.238759,-0.000000,0.000000,0.013637,10,2
1780645215.515024,proposed,-0.021185,45.002749,-0.019623,0.004376,-2.783817,-0.033054,45.006079,0.000000,45.000000,-0.023469,0.010916,0.378987,1,11.850290,0.869998,0.833042,0.727248,0.727248,0.917151,0.000001,0.727190,0.727190,0.012705,0.904445,0.833042,0.727248,0.916723,0.000001,0.012794,0.903953,0.727190,0.727190,0.328527,0.231098,0.725259,0.326957,0.230756,-0.000000,0.000000,0.020105,10,2
1780645215.588089,proposed,-0.023264,45.003242,-0.021970,0.005468,-3.130994,-0.011952,45.001112,0.000000,45.000000,0.196513,-0.042414,0.421598,1,12.587639,0.960361,0.992072,0.879870,0.879870,0.979879,0.000001,0.878551,0.878551,0.012794,0.967083,0.970006,0.859125,0.975465,0.000001,0.012794,0.962836,0.858377,0.858377,0.385123,0.269364,0.831997,0.372319,0.265967,-0.000000,0.000000,0.022640,10,2
1780645215.710841,proposed,-0.024479,45.003576,-0.002319,0.001226,-2.780803,-0.013491,45.001038,0.000000,45.000000,0.122959,-0.031245,0.391361,1,11.925444,0.950850,1.008129,0.900099,0.900099,0.991453,0.000001,0.898369,0.898369,0.012092,0.979361,1.000414,0.895781,0.991350,0.000001,0.012648,0.978931,0.894357,0.894357,0.402183,0.281478,0.861033,0.386947,0.275808,-0.000000,0.000000,0.002623,10,2
1780645215.790474,proposed,-0.024096,45.003543,0.009977,-0.001898,-2.430724,-0.034095,45.005110,0.000000,45.000000,-0.124103,0.020038,0.343170,1,12.660440,0.894291,0.853786,0.748978,0.748978,0.925956,0.000001,0.748888,0.748888,0.012356,0.913600,0.853786,0.748978,0.925956,0.000001,0.012621,0.913600,0.748888,0.748888,0.338266,0.238995,0.747485,0.336962,0.238780,-0.000000,0.000000,0.010156,10,2
1780645215.900384,proposed,-0.023719,45.003453,-0.002433,0.000106,-2.780653,-0.012703,45.001008,0.000000,45.000000,0.099568,-0.020737,0.367029,1,11.605476,0.968114,1.007210,0.899209,0.899209,0.991015,0.000001,0.897506,0.897506,0.012085,0.978929,1.003833,0.898807,0.991015,0.000001,0.012642,0.978929,0.897193,0.897193,0.403639,0.282513,0.871758,0.392350,0.278286,-0.000000,0.000000,0.002435,10,2
1780645215.989713,proposed,-0.023464,45.003360,0.007524,-0.001968,-2.430601,-0.032345,45.006030,0.000000,45.000000,-0.105005,0.030960,0.332521,1,11.692475,0.927175,0.887265,0.781293,0.781293,0.945250,0.000001,0.781152,0.781152,0.012272,0.932977,0.887265,0.781293,0.945250,0.000001,0.012560,0.932977,0.781152,0.781152,0.354234,0.250693,0.779635,0.352525,0.250184,-0.000000,0.000000,0.007777,10,2
1780645216.109605,proposed,-0.023237,45.003318,-0.002977,0.001128,-2.780541,-0.032673,45.005976,0.000000,45.000000,-0.078747,0.021000,0.359876,1,12.369722,0.870645,0.833691,0.727895,0.727895,0.916069,0.000001,0.727835,0.727835,0.012111,0.903957,0.833691,0.727895,0.916069,0.000001,0.012556,0.903957,0.727835,0.727835,0.329883,0.233238,0.726834,0.328411,0.232895,-0.000000,0.000000,0.003183,10,2
1780645216.206312,proposed,-0.023928,45.003536,-0.010852,0.003228,-3.130100,-0.032161,45.005844,0.000000,45.000000,-0.031102,0.007816,0.402501,1,18.101507,0.845966,0.815068,0.700893,0.700893,0.899568,0.000001,0.700851,0.700851,0.012397,0.887171,0.815068,0.700893,0.899397,0.000001,0.012520,0.886888,0.700851,0.700851,0.315954,0.222207,0.697962,0.314617,0.221962,-0.000000,0.000000,0.011322,10,2
1780645216.305830,proposed,-0.025169,45.003898,-0.013962,0.004009,2.996420,-0.012749,45.001109,0.000000,45.000000,0.170234,-0.042046,-0.646519,1,14.258860,0.956171,0.990742,0.880451,0.880451,0.979158,0.000001,0.879086,0.879086,0.012509,0.966647,0.961941,0.848584,0.969471,0.000001,0.012786,0.956865,0.847946,0.847946,0.379270,0.264942,0.818131,0.365001,0.260543,-0.000000,0.000000,0.014526,10,2
1780645216.411258,proposed,-0.025714,45.004088,0.003062,-0.000195,-2.936640,-0.032928,45.006048,0.000000,45.000000,-0.065031,0.015153,0.131367,1,18.093629,0.857780,0.825374,0.715268,0.715268,0.907493,0.000000,0.715215,0.715215,0.012107,0.895385,0.824515,0.715268,0.907493,0.000000,0.012436,0.895385,0.715215,0.715215,0.322421,0.227050,0.712214,0.320859,0.226644,-0.000000,0.000000,0.003068,10,2
1780645216.513300,proposed,-0.025733,45.004145,-0.003441,0.001320,3.087969,-0.012404,45.000961,0.000000,45.000000,0.129078,-0.033073,-0.899162,1,11.559867,0.960679,0.991390,0.880340,0.880340,0.978820,0.000001,0.878982,0.878982,0.012129,0.966689,0.959564,0.846205,0.968359,0.000001,0.012782,0.955806,0.845595,0.845595,0.378007,0.264004,0.819149,0.365309,0.260716,-0.000000,0.000000,0.003686,10,2
